content_key,content_item_id,content_item_version_id,subject_key,item_type,proposed_unit,proposed_topic_code,proposed_topic_title,basis,confidence,rationale,alternative_topic_code,signal_conflict,needs_human,taxonomy_source_version,previous_topic_code,defect_class,evidence_fields_used
APSTAT-MOD3-E002,3a187fa6-d745-463a-be2b-49579aa87a84,882d7377-1634-46a9-88c8-a46680c837db,ap-statistics,frq,1,1.6,Descriptions for One Quantitative Variable Distributions,manual_semantic_review,high,Assigned to 1.6 because the manual semantic review evidence matches Descriptions for One Quantitative Variable Distributions.,,true,false,dae3c72e-82ca-4960-9552-1b034bd347e5,1.1,,stem;stimulus;rubric
APSTAT-MOD3-E005,649b4aec-efb7-4ed1-a606-6b873ed321b8,bd6662e5-ef20-4a53-8c9f-0a4010d2470c,ap-statistics,frq,5,5.2,Correlation,manual_semantic_review,high,Assigned to 5.2 because the manual semantic review evidence matches Correlation.,,true,false,dae3c72e-82ca-4960-9552-1b034bd347e5,2.2,,stem;stimulus;rubric
APSTAT-MOD3-H001-INV,d2ac22b2-f075-41df-a05d-897aa44f436b,decf1d69-0fb2-4bd6-8d71-a587a46bff57,ap-statistics,frq,1,1.12,Potential Problems with Sampling,manual_semantic_review,high,Assigned to 1.12 because the manual semantic review evidence matches Potential Problems with Sampling.,,true,false,dae3c72e-82ca-4960-9552-1b034bd347e5,4.3,,stem;stimulus;rubric
APSTAT-MOD4-H001-INV,e053bb22-4805-44ab-9003-36b2e93987ab,b045075d-724f-4248-8a3b-e0f0c68e82a0,ap-statistics,frq,1,1.13,Experimental Design,manual_semantic_review,high,Assigned to 1.13 because the manual semantic review evidence matches Experimental Design.,,true,false,dae3c72e-82ca-4960-9552-1b034bd347e5,3.12,,stem;stimulus;rubric
APSTAT-MOD4-M001,40c0226d-ff9d-4927-8c72-75b1cdbc2dd2,80a0b867-d6e6-4bf6-999c-323c357f10f1,ap-statistics,frq,1,1.13,Experimental Design,manual_semantic_review,high,Assigned to 1.13 because the manual semantic review evidence matches Experimental Design.,,true,false,dae3c72e-82ca-4960-9552-1b034bd347e5,3.12,,stem;stimulus;rubric
APSTAT-MOD4-M003,a2a8e8f7-f1f4-444f-a31d-cef8ec4d3c11,15a93acc-e093-49fc-ae64-baa0e77a2c5c,ap-statistics,frq,1,1.10,The Investigative Question Revisited and Data Collection,manual_semantic_review,high,Assigned to 1.10 because the manual semantic review evidence matches The Investigative Question Revisited and Data Collection.,,true,false,dae3c72e-82ca-4960-9552-1b034bd347e5,3.9,,stem;stimulus;rubric
APSTAT-MOD4-M004,c2f7d698-bd32-4f2e-bb91-c2119089c233,55a833f4-ab5f-4437-b36f-748038236300,ap-statistics,frq,5,5.1,Graphical Representations Between Two Quantitative Variables,manual_semantic_review,high,Assigned to 5.1 because the manual semantic review evidence matches Graphical Representations Between Two Quantitative Variables.,,true,false,dae3c72e-82ca-4960-9552-1b034bd347e5,1.1,,stem;stimulus;rubric
APSTAT-MOD5-H001-INV,c620d7d3-1a93-49ac-8d81-654c7767125f,b0d3059b-0072-44d5-8543-eb16cc79a17b,ap-statistics,frq,5,5.2,Correlation,manual_semantic_review,high,Assigned to 5.2 because the manual semantic review evidence matches Correlation.,,true,false,dae3c72e-82ca-4960-9552-1b034bd347e5,2.2,,stem;stimulus;rubric
APSTAT-MOD5-M001,6a376f40-6f50-42b9-b478-27f91cd92aa1,acf20fc2-bc25-42e9-9068-fea69c26c89c,ap-statistics,frq,1,1.7,Summary Statistics for One Quantitative Variable,manual_semantic_review,high,Assigned to 1.7 because the manual semantic review evidence matches Summary Statistics for One Quantitative Variable.,,true,false,dae3c72e-82ca-4960-9552-1b034bd347e5,1.1,,stem;stimulus;rubric
APSTAT-MOD6-H001,d070712f-9e57-4a0b-8af1-ef22b932dd3d,bf471ada-e35b-4d63-b27d-d9aba40722ca,ap-statistics,frq,4,4.10,Carrying Out a Test for the Difference Between Two Population Means,manual_semantic_review,high,Assigned to 4.10 because the manual semantic review evidence matches Carrying Out a Test for the Difference Between Two Population Means.,,true,false,dae3c72e-82ca-4960-9552-1b034bd347e5,1.10,,stem;stimulus;rubric
APSTAT-MOD6-H002-INV,a067f214-64d3-48f4-b267-c41ce5fc5e5d,c93a7c33-587b-48dc-9aaf-929e9e3cccc0,ap-statistics,frq,5,5.3,Linear Regression Models,manual_semantic_review,high,Assigned to 5.3 because the manual semantic review evidence matches Linear Regression Models.,,true,false,dae3c72e-82ca-4960-9552-1b034bd347e5,5.5,,stem;stimulus;rubric
APSTAT-MOD6-M002,5808c609-bc29-476a-a404-afa15124ebf3,0d1808ac-8b62-472d-abcb-1d7edd5184ab,ap-statistics,frq,4,4.3,Justifying a Claim Based on a Confidence Interval for a Population Mean or Population Mean Difference,manual_semantic_review,high,Assigned to 4.3 because the manual semantic review evidence matches Justifying a Claim Based on a Confidence Interval for a Population Mean or Population Mean Difference.,,true,false,dae3c72e-82ca-4960-9552-1b034bd347e5,3.10,,stem;stimulus;rubric
APSTAT-MOD7-H002-INV,7d8d53e7-8dc5-4175-b972-688ffe5f9edf,9817ead7-52af-493f-b7ef-dc30c3c4d904,ap-statistics,frq,3,3.15,Carrying Out a Chi-Square Test for Homogeneity or Independence,manual_semantic_review,high,Assigned to 3.15 because the manual semantic review evidence matches Carrying Out a Chi-Square Test for Homogeneity or Independence.,,true,false,dae3c72e-82ca-4960-9552-1b034bd347e5,3.14,,stem;stimulus;rubric
APSTAT-MOD8-M004,35c5517b-23ad-497f-8eb5-10a36b7bcc11,b7db04ce-be58-44b8-bbec-2be286e254d9,ap-statistics,frq,5,5.3,Linear Regression Models,manual_semantic_review,high,Assigned to 5.3 because the manual semantic review evidence matches Linear Regression Models.,,true,false,dae3c72e-82ca-4960-9552-1b034bd347e5,1.3,unit_misclassification,stem;stimulus;rubric
apstats-frq-u12-001,0d5cc3fa-48fa-44d6-a0c9-c8e9d6067a6e,1300dd2b-de29-4d8b-a990-376c8d3ff876,ap-statistics,frq,1,1.4,Graphical Representations for One Categorical Variable,author_topic_metadata,high,Assigned to 1.4 because the author topic metadata evidence matches Graphical Representations for One Categorical Variable.,,true,false,dae3c72e-82ca-4960-9552-1b034bd347e5,1.8,,subtopics
apstats-frq-u12-002,d49c417a-ffc9-4836-a070-bd356e021b69,2899b6c0-815c-4b54-a8a3-1f912e11d97d,ap-statistics,frq,2,2.4,Introduction to Probability,author_topic_metadata,high,Assigned to 2.4 because the author topic metadata evidence matches Introduction to Probability.,,true,false,dae3c72e-82ca-4960-9552-1b034bd347e5,2.5,,subtopics
apstats-frq-u12-003,614b65b6-f98c-4319-ae0a-b540ce47233d,f8ebd5b5-6ac8-405f-a564-bb6b0dfb0759,ap-statistics,frq,1,1.11,Random Sampling,author_topic_metadata,high,Assigned to 1.11 because the author topic metadata evidence matches Random Sampling.,,true,false,dae3c72e-82ca-4960-9552-1b034bd347e5,3.11,,subtopics
apstats-frq-u12-004,66dba214-f1d0-41ba-a52e-1e16996ce0d7,a01f2bff-79df-4a27-a7d8-39a12a4cb5df,ap-statistics,frq,1,1.6,Descriptions for One Quantitative Variable Distributions,author_topic_metadata,high,Assigned to 1.6 because the author topic metadata evidence matches Descriptions for One Quantitative Variable Distributions.,,false,false,dae3c72e-82ca-4960-9552-1b034bd347e5,1.6,,subtopics
apstats-frq-u12-005,c19e2b4d-b0f5-4944-a4d9-46840f005aab,804d26da-67ae-4acf-8ad8-dc33c2459f67,ap-statistics,frq,1,1.8,Graphical Representations of Summary Statistics for One Quantitative Variable,author_topic_metadata,high,Assigned to 1.8 because the author topic metadata evidence matches Graphical Representations of Summary Statistics for One Quantitative Variable.,,false,false,dae3c72e-82ca-4960-9552-1b034bd347e5,1.8,,subtopics
apstats-frq-u12-006,c9e06a78-dfe6-49eb-a069-5a3bf2aa1ad7,5a68fcbc-4c45-4bdc-ae2a-4acbcfaf79ac,ap-statistics,frq,2,2.1,Tabular and Graphical Representations for the Distributions of Two Categorical Variables,author_topic_metadata,high,Assigned to 2.1 because the author topic metadata evidence matches Tabular and Graphical Representations for the Distributions of Two Categorical Variables.,,false,false,dae3c72e-82ca-4960-9552-1b034bd347e5,2.1,,subtopics
apstats-frq-u12-007,fd23b590-846f-49cc-a45d-16ff3d187c67,09c01266-44ef-4639-af6e-b9f8016b8211,ap-statistics,frq,2,2.6,Conditional Probability,author_topic_metadata,high,Assigned to 2.6 because the author topic metadata evidence matches Conditional Probability.,,true,false,dae3c72e-82ca-4960-9552-1b034bd347e5,3.11,,subtopics
apstats-frq-u12-008,ee476290-e8fa-491d-ad5f-49a9e4a51f25,ff256908-1a1d-4138-a396-0f24d1e0a8e4,ap-statistics,frq,2,2.9,Parameters of Random Variables,author_topic_metadata,high,Assigned to 2.9 because the author topic metadata evidence matches Parameters of Random Variables.,,true,false,dae3c72e-82ca-4960-9552-1b034bd347e5,2.2,,subtopics
apstats-frq-u12-009,d96694c3-cce5-407b-ae36-1656d7ce1164,350a6f19-505d-476e-a513-f7cc14473966,ap-statistics,frq,2,2.10,The Binomial Distribution,author_topic_metadata,high,Assigned to 2.10 because the author topic metadata evidence matches The Binomial Distribution.,,true,false,dae3c72e-82ca-4960-9552-1b034bd347e5,1.1,,subtopics
apstats-frq-u12-010,8a42ff98-03a4-4ba2-ac27-296c1932def9,22897ba4-5b51-473d-a7dc-ea9012892f99,ap-statistics,frq,1,1.13,Experimental Design,author_topic_metadata,high,Assigned to 1.13 because the author topic metadata evidence matches Experimental Design.,,true,false,dae3c72e-82ca-4960-9552-1b034bd347e5,3.11,,subtopics
apstats-frq-u12-011,a4913da2-8e3b-4524-af90-74a5eb559735,9a053602-a9d5-4a4a-a641-afb2d8fc9f11,ap-statistics,frq,2,2.11,The Normal Distribution,author_topic_metadata,high,Assigned to 2.11 because the author topic metadata evidence matches The Normal Distribution.,,true,false,dae3c72e-82ca-4960-9552-1b034bd347e5,4.3,,subtopics
apstats-frq-u12-012,4621efff-f4e8-4fd8-ac47-0c5600406d6c,3ffe16de-35ff-46ed-ad96-6709fc159cd4,ap-statistics,frq,1,1.9,Comparisons of the Distributions for One Quantitative Variable,author_topic_metadata,high,Assigned to 1.9 because the author topic metadata evidence matches Comparisons of the Distributions for One Quantitative Variable.,,true,false,dae3c72e-82ca-4960-9552-1b034bd347e5,4.8,,subtopics
apstats-frq-u12-013,f7dbe26b-eb58-4ae1-a30a-c31b65767ee3,4b713cd8-0e04-477c-ac93-1cc73faf2315,ap-statistics,frq,1,1.12,Potential Problems with Sampling,author_topic_metadata,high,Assigned to 1.12 because the author topic metadata evidence matches Potential Problems with Sampling.,,false,false,dae3c72e-82ca-4960-9552-1b034bd347e5,1.12,,subtopics
apstats-frq-u12-014,f4ca034a-6b6b-4a24-ae04-4ffb82eef35f,f3b2730e-2ea9-4ab9-ad22-01566fa117e3,ap-statistics,frq,2,2.3,Estimating Probabilities Using Simulation,author_topic_metadata,high,Assigned to 2.3 because the author topic metadata evidence matches Estimating Probabilities Using Simulation.,,false,false,dae3c72e-82ca-4960-9552-1b034bd347e5,2.3,,subtopics
apstats-frq-u12-015,c15d8495-3926-4af0-a56d-b0ebd3901957,0838c759-dc87-4acf-ac86-06057344b531,ap-statistics,frq,2,2.5,Mutually Exclusive Events,author_topic_metadata,high,Assigned to 2.5 because the author topic metadata evidence matches Mutually Exclusive Events.,,false,false,dae3c72e-82ca-4960-9552-1b034bd347e5,2.5,,subtopics
apstats-frq-u12-016,81508254-a2e0-4906-ae6f-e7a63e0ad431,c41a14bc-0ecb-42a3-ac92-4837389d9ac5,ap-statistics,frq,2,2.8,Introduction to Random Variables and Probability Distributions,author_topic_metadata,high,Assigned to 2.8 because the author topic metadata evidence matches Introduction to Random Variables and Probability Distributions.,,false,false,dae3c72e-82ca-4960-9552-1b034bd347e5,2.8,,subtopics
apstats-frq-u12-017,dcedcb2b-3c9d-4e14-a931-79ab0e8f47dc,3de3974f-38ba-408d-abe6-69de5d0eff8c,ap-statistics,frq,1,1.3,Tabular Representation and Summary Statistics for One Categorical Variable,author_topic_metadata,high,Assigned to 1.3 because the author topic metadata evidence matches Tabular Representation and Summary Statistics for One Categorical Variable.,,false,false,dae3c72e-82ca-4960-9552-1b034bd347e5,1.3,,subtopics
apstats-frq-u12-018,b97d6604-1b56-4a08-a462-9a5b0e4af145,a115bde8-0657-4607-aa4a-4a46ed141af3,ap-statistics,frq,2,2.6,Conditional Probability,author_topic_metadata,high,Assigned to 2.6 because the author topic metadata evidence matches Conditional Probability.,,false,false,dae3c72e-82ca-4960-9552-1b034bd347e5,2.6,,subtopics
apstats-frq-u12-019,f90a9e1b-6fd9-4158-a668-f4ed22e3f8c6,1147fd77-60f7-4fb4-a485-e0100e05c21f,ap-statistics,frq,2,2.12,Sampling Distributions and the Central Limit Theorem,author_topic_metadata,high,Assigned to 2.12 because the author topic metadata evidence matches Sampling Distributions and the Central Limit Theorem.,,false,false,dae3c72e-82ca-4960-9552-1b034bd347e5,2.12,,subtopics
apstats-frq-u12-020,995aa8dd-b257-4228-a066-a045d75fcb58,3449fff0-009e-4ffc-ac1f-ef1c77c0b670,ap-statistics,frq,1,1.7,Summary Statistics for One Quantitative Variable,author_topic_metadata,high,Assigned to 1.7 because the author topic metadata evidence matches Summary Statistics for One Quantitative Variable.,,false,false,dae3c72e-82ca-4960-9552-1b034bd347e5,1.7,,subtopics
APSTATS-HDG-2026-GRAPH-003,88d04972-a32f-45c0-ba36-88f89a20e76a,3c820650-f346-41be-8d54-e22610c4f03f,ap-statistics,frq,2,2.1,Tabular and Graphical Representations for the Distributions of Two Categorical Variables,rubric_stimulus_review,high,Assigned to 2.1 because the rubric stimulus review evidence matches Tabular and Graphical Representations for the Distributions of Two Categorical Variables.,,true,false,dae3c72e-82ca-4960-9552-1b034bd347e5,1.3,generic_graph_stem,subtopics;stimulus;rubric
APSTATS-HDG-2026-GRAPH-005,247fa43c-12a1-4325-9e4a-3d2ac12ca337,51978e67-36b4-4df8-847d-7b8d7f83261d,ap-statistics,frq,5,5.1,Graphical Representations Between Two Quantitative Variables,rubric_stimulus_review,high,Assigned to 5.1 because the rubric stimulus review evidence matches Graphical Representations Between Two Quantitative Variables.,,true,false,dae3c72e-82ca-4960-9552-1b034bd347e5,5.3,generic_graph_stem,subtopics;stimulus;rubric
APSTATS-HDG-2026-GRAPH-007,417f613e-9b7d-4006-a7ad-7af2192740d7,1fc2f56e-35c3-4713-8d55-5f39fddfff46,ap-statistics,frq,1,1.8,Graphical Representations of Summary Statistics for One Quantitative Variable,rubric_stimulus_review,high,Assigned to 1.8 because the rubric stimulus review evidence matches Graphical Representations of Summary Statistics for One Quantitative Variable.,,true,false,dae3c72e-82ca-4960-9552-1b034bd347e5,1.3,generic_graph_stem,subtopics;stimulus;rubric
APSTATS-HDG-2026-GRAPH-008,778dd6fe-3743-4854-a85d-41ef92621f5b,e3c04930-1dd7-437b-959e-c80b5b60a8c2,ap-statistics,frq,2,2.1,Tabular and Graphical Representations for the Distributions of Two Categorical Variables,rubric_stimulus_review,high,Assigned to 2.1 because the rubric stimulus review evidence matches Tabular and Graphical Representations for the Distributions of Two Categorical Variables.,,true,false,dae3c72e-82ca-4960-9552-1b034bd347e5,1.3,generic_graph_stem,subtopics;stimulus;rubric
APSTATS-HDG-2026-GRAPH-010,66842193-66be-4a88-83d6-7c3ea74c727e,75e64948-636e-47d8-9326-78e74e6e2b8f,ap-statistics,frq,1,1.5,Graphical Representations for One Quantitative Variable,rubric_stimulus_review,high,Assigned to 1.5 because the rubric stimulus review evidence matches Graphical Representations for One Quantitative Variable.,,true,false,dae3c72e-82ca-4960-9552-1b034bd347e5,1.3,generic_graph_stem,subtopics;stimulus;rubric
APSTATS-HDG-2026-GRAPH-013,dabb1c22-319b-43b0-85e8-46fc2156160a,c10fd7cf-3fae-4e59-940f-6741d4412e8d,ap-statistics,frq,1,1.8,Graphical Representations of Summary Statistics for One Quantitative Variable,rubric_stimulus_review,high,Assigned to 1.8 because the rubric stimulus review evidence matches Graphical Representations of Summary Statistics for One Quantitative Variable.,,true,false,dae3c72e-82ca-4960-9552-1b034bd347e5,1.3,generic_graph_stem,subtopics;stimulus;rubric
APSTATS-HDG-2026-GRAPH-014,44955911-e8a2-4692-bbf5-a2371008e2e6,dc2a3c81-acd2-4de2-9dfd-d1e5b03eb45d,ap-statistics,frq,1,1.8,Graphical Representations of Summary Statistics for One Quantitative Variable,rubric_stimulus_review,high,Assigned to 1.8 because the rubric stimulus review evidence matches Graphical Representations of Summary Statistics for One Quantitative Variable.,,true,false,dae3c72e-82ca-4960-9552-1b034bd347e5,1.3,generic_graph_stem,subtopics;stimulus;rubric
APSTATS-HDG-2026-GRAPH-015,4089bbf4-bd0b-4fa5-ba51-74abc72743fc,1aa509c5-ade2-40fc-b5d7-49f450e356ab,ap-statistics,frq,1,1.8,Graphical Representations of Summary Statistics for One Quantitative Variable,rubric_stimulus_review,high,Assigned to 1.8 because the rubric stimulus review evidence matches Graphical Representations of Summary Statistics for One Quantitative Variable.,,true,false,dae3c72e-82ca-4960-9552-1b034bd347e5,1.3,generic_graph_stem,subtopics;stimulus;rubric
APSTATS-HDG-2026-GRAPH-016,95710146-eeba-4389-89db-a86dc33663c7,055efe27-cfbf-4252-a521-8841e7fa14d2,ap-statistics,frq,1,1.8,Graphical Representations of Summary Statistics for One Quantitative Variable,rubric_stimulus_review,high,Assigned to 1.8 because the rubric stimulus review evidence matches Graphical Representations of Summary Statistics for One Quantitative Variable.,,true,false,dae3c72e-82ca-4960-9552-1b034bd347e5,1.3,generic_graph_stem,subtopics;stimulus;rubric
APSTATS-HDG-2026-GRAPH-017,0dc051bb-9021-4fb3-a17e-29d934feb013,39617234-0fbc-4c16-ad1b-6ee50674aed7,ap-statistics,frq,1,1.8,Graphical Representations of Summary Statistics for One Quantitative Variable,rubric_stimulus_review,high,Assigned to 1.8 because the rubric stimulus review evidence matches Graphical Representations of Summary Statistics for One Quantitative Variable.,,true,false,dae3c72e-82ca-4960-9552-1b034bd347e5,1.3,generic_graph_stem,subtopics;stimulus;rubric
APSTATS-HDG-2026-GRAPH-018,e175ed67-4d5c-4580-9665-070c7e8bd014,85aa5add-d990-4f1f-a76f-ee4cd87666a9,ap-statistics,frq,2,2.1,Tabular and Graphical Representations for the Distributions of Two Categorical Variables,rubric_stimulus_review,high,Assigned to 2.1 because the rubric stimulus review evidence matches Tabular and Graphical Representations for the Distributions of Two Categorical Variables.,,true,false,dae3c72e-82ca-4960-9552-1b034bd347e5,1.3,generic_graph_stem,subtopics;stimulus;rubric
APSTATS-HDG-2026-GRAPH-019,b8e5af02-dfec-4250-a74c-9a38a8323fa2,1cbab95b-416f-49e5-bad7-8213024a7144,ap-statistics,frq,2,2.1,Tabular and Graphical Representations for the Distributions of Two Categorical Variables,rubric_stimulus_review,high,Assigned to 2.1 because the rubric stimulus review evidence matches Tabular and Graphical Representations for the Distributions of Two Categorical Variables.,,true,false,dae3c72e-82ca-4960-9552-1b034bd347e5,1.3,generic_graph_stem,subtopics;stimulus;rubric
APSTATS-HDG-2026-GRAPH-020,dfdfef1f-dd1f-43e4-a636-cb65824c2ef5,e80e66bf-111d-485e-868f-d6dd44d54f3b,ap-statistics,frq,2,2.1,Tabular and Graphical Representations for the Distributions of Two Categorical Variables,rubric_stimulus_review,high,Assigned to 2.1 because the rubric stimulus review evidence matches Tabular and Graphical Representations for the Distributions of Two Categorical Variables.,,true,false,dae3c72e-82ca-4960-9552-1b034bd347e5,1.3,generic_graph_stem,subtopics;stimulus;rubric
APSTATS-HDG-2026-GRAPH-023,2e2f5711-77bc-436d-9610-0c51b18bf9e0,20927eff-9904-40cd-b79b-02c049d828ed,ap-statistics,frq,2,2.1,Tabular and Graphical Representations for the Distributions of Two Categorical Variables,rubric_stimulus_review,high,Assigned to 2.1 because the rubric stimulus review evidence matches Tabular and Graphical Representations for the Distributions of Two Categorical Variables.,,true,false,dae3c72e-82ca-4960-9552-1b034bd347e5,1.3,generic_graph_stem,subtopics;stimulus;rubric
APSTATS-HDG-2026-GRAPH-025,ecf62b6d-7462-4724-b009-83a8a821939f,d1e6ab5c-ee1e-4f24-8f52-ab97b1c123e0,ap-statistics,frq,2,2.1,Tabular and Graphical Representations for the Distributions of Two Categorical Variables,rubric_stimulus_review,high,Assigned to 2.1 because the rubric stimulus review evidence matches Tabular and Graphical Representations for the Distributions of Two Categorical Variables.,,true,false,dae3c72e-82ca-4960-9552-1b034bd347e5,1.3,generic_graph_stem,subtopics;stimulus;rubric
APSTATS-HDG-2026-GRAPH-027,f5d5f18f-37e3-4dec-bb2c-9aa76f0fd002,47c72ae4-287a-4d31-b9d7-9ebbdd42572e,ap-statistics,frq,2,2.1,Tabular and Graphical Representations for the Distributions of Two Categorical Variables,rubric_stimulus_review,high,Assigned to 2.1 because the rubric stimulus review evidence matches Tabular and Graphical Representations for the Distributions of Two Categorical Variables.,,true,false,dae3c72e-82ca-4960-9552-1b034bd347e5,1.3,generic_graph_stem,subtopics;stimulus;rubric
APSTATS-HDG-2026-GRAPH-028,9a8bccd1-85e7-4192-a1bb-71aad94ffe4c,a18da3b9-14ed-4bde-ac39-83558ad64eb3,ap-statistics,frq,1,1.5,Graphical Representations for One Quantitative Variable,rubric_stimulus_review,high,Assigned to 1.5 because the rubric stimulus review evidence matches Graphical Representations for One Quantitative Variable.,,true,false,dae3c72e-82ca-4960-9552-1b034bd347e5,1.3,generic_graph_stem,subtopics;stimulus;rubric
APSTATS-HDG-2026-GRAPH-030,c63603c5-a620-4b06-aec0-b91d964db1f5,fc46faab-c198-484a-a39c-ba3755945580,ap-statistics,frq,1,1.5,Graphical Representations for One Quantitative Variable,rubric_stimulus_review,high,Assigned to 1.5 because the rubric stimulus review evidence matches Graphical Representations for One Quantitative Variable.,,true,false,dae3c72e-82ca-4960-9552-1b034bd347e5,1.3,generic_graph_stem,subtopics;stimulus;rubric
APSTATS-HDG-2026-GRAPH-031,b1ee175c-2ac3-4bbb-8139-761847e05c63,f3762c6e-f6c0-4c34-bb05-c2353bfe6ad3,ap-statistics,frq,1,1.5,Graphical Representations for One Quantitative Variable,rubric_stimulus_review,high,Assigned to 1.5 because the rubric stimulus review evidence matches Graphical Representations for One Quantitative Variable.,,true,false,dae3c72e-82ca-4960-9552-1b034bd347e5,1.3,generic_graph_stem,subtopics;stimulus;rubric
APSTATS-HDG-2026-GRAPH-033,ca5f0628-cd55-4293-a6d8-51a1cacb6437,26d6805b-a82d-4db8-b0b2-9a6a73a19ea6,ap-statistics,frq,5,5.1,Graphical Representations Between Two Quantitative Variables,rubric_stimulus_review,high,Assigned to 5.1 because the rubric stimulus review evidence matches Graphical Representations Between Two Quantitative Variables.,,true,false,dae3c72e-82ca-4960-9552-1b034bd347e5,5.5,generic_graph_stem,subtopics;stimulus;rubric
APSTATS-SFRQ-001,cbe1dae5-51e8-4b26-87ff-9e457f3f054e,ec218044-fa22-45a3-9371-7fce48c108e8,ap-statistics,frq,1,1.6,Descriptions for One Quantitative Variable Distributions,legacy_metadata_crosswalk,medium,Assigned to 1.6 because the legacy metadata crosswalk evidence matches Descriptions for One Quantitative Variable Distributions.,,false,false,dae3c72e-82ca-4960-9552-1b034bd347e5,1.6,,subtopics;stimulus;rubric
APSTATS-SFRQ-002,29737886-6a8a-40e6-9bb9-4825cbe52d8b,1dd34081-fec3-4055-859a-501de5407187,ap-statistics,frq,1,1.7,Summary Statistics for One Quantitative Variable,legacy_metadata_crosswalk,medium,Assigned to 1.7 because the legacy metadata crosswalk evidence matches Summary Statistics for One Quantitative Variable.,,true,false,dae3c72e-82ca-4960-9552-1b034bd347e5,2.2,,subtopics;stimulus;rubric
APSTATS-SFRQ-003,eb74b80e-3f89-430e-a5a2-741ece5451ef,bcfbc4de-a31c-4957-8137-70b589495688,ap-statistics,frq,5,5.1,Graphical Representations Between Two Quantitative Variables,legacy_metadata_crosswalk,medium,Assigned to 5.1 because the legacy metadata crosswalk evidence matches Graphical Representations Between Two Quantitative Variables.,,true,false,dae3c72e-82ca-4960-9552-1b034bd347e5,5.5,,subtopics;stimulus;rubric
APSTATS-SFRQ-004,271dbf21-91e0-423d-9c01-72dfe57a0dbf,81ce57bf-b576-4d7d-818c-d73eb2a3b952,ap-statistics,frq,5,5.4,Residuals,legacy_metadata_crosswalk,medium,Assigned to 5.4 because the legacy metadata crosswalk evidence matches Residuals.,,true,false,dae3c72e-82ca-4960-9552-1b034bd347e5,2.2,,subtopics;stimulus;rubric
APSTATS-SFRQ-005,41f14ace-afaa-4882-9902-99207ac705ac,0838c753-d383-48c5-a22f-aab1672eae4f,ap-statistics,frq,1,1.11,Random Sampling,legacy_metadata_crosswalk,medium,Assigned to 1.11 because the legacy metadata crosswalk evidence matches Random Sampling.,,false,false,dae3c72e-82ca-4960-9552-1b034bd347e5,1.11,,subtopics;stimulus;rubric
APSTATS-SFRQ-007,a1d72619-88fb-44f0-ba0c-6b541c05936b,07ef9bbb-739d-4807-9928-ef02b7d7583f,ap-statistics,frq,2,2.10,The Binomial Distribution,legacy_metadata_crosswalk,medium,Assigned to 2.10 because the legacy metadata crosswalk evidence matches The Binomial Distribution.,,true,false,dae3c72e-82ca-4960-9552-1b034bd347e5,2.8,,subtopics;stimulus;rubric
APSTATS-SFRQ-008,af56da0a-d966-4882-bafb-d47d10b0b9fd,efc05957-06a3-4b0e-8097-9926841fdaff,ap-statistics,frq,2,2.9,Parameters of Random Variables,legacy_metadata_crosswalk,medium,Assigned to 2.9 because the legacy metadata crosswalk evidence matches Parameters of Random Variables.,,true,false,dae3c72e-82ca-4960-9552-1b034bd347e5,2.8,,subtopics;stimulus;rubric
APSTATS-SFRQ-009,6117e0c1-110a-42de-b2a5-10f719c1cd5d,22c1824d-b601-4050-83ae-edb18b8e98bb,ap-statistics,frq,3,3.2,Sampling Distributions for Sample Proportions,legacy_metadata_crosswalk,medium,Assigned to 3.2 because the legacy metadata crosswalk evidence matches Sampling Distributions for Sample Proportions.,,true,false,dae3c72e-82ca-4960-9552-1b034bd347e5,1.11,,subtopics;stimulus;rubric
APSTATS-SFRQ-010,b6acbd1b-2851-400a-9761-116bb50712ef,7abbb85e-a697-4db6-bea8-b363bea8f36e,ap-statistics,frq,4,4.1,Sampling Distributions for Sample Means,legacy_metadata_crosswalk,medium,Assigned to 4.1 because the legacy metadata crosswalk evidence matches Sampling Distributions for Sample Means.,,true,false,dae3c72e-82ca-4960-9552-1b034bd347e5,1.11,,subtopics;stimulus;rubric
APSTATS-SFRQ-011,520c93a1-2eb6-4363-88dd-42b182572364,9c9ba44a-5dd0-4d74-8e92-a61791710194,ap-statistics,frq,3,3.3,Constructing a Confidence Interval for a Population Proportion,legacy_metadata_crosswalk,medium,Assigned to 3.3 because the legacy metadata crosswalk evidence matches Constructing a Confidence Interval for a Population Proportion.,,false,false,dae3c72e-82ca-4960-9552-1b034bd347e5,3.3,,subtopics;stimulus;rubric
APSTATS-SFRQ-012,f3201719-d216-4143-aa92-8d64a9c469aa,75042cc3-3d10-45ee-ba37-fc37d552f32a,ap-statistics,frq,3,3.7,Carrying Out a Test for a Population Proportion,legacy_metadata_crosswalk,medium,Assigned to 3.7 because the legacy metadata crosswalk evidence matches Carrying Out a Test for a Population Proportion.,,true,false,dae3c72e-82ca-4960-9552-1b034bd347e5,1.3,,subtopics;stimulus;rubric
APSTATS-SFRQ-013,dd0be3bd-4c02-456d-a2b9-0cd59f18e774,06881854-e997-4b97-a234-ff12ae8f7652,ap-statistics,frq,4,4.5,Carrying Out a Test for a Population Mean or Population Mean Difference,legacy_metadata_crosswalk,medium,Assigned to 4.5 because the legacy metadata crosswalk evidence matches Carrying Out a Test for a Population Mean or Population Mean Difference.,,true,false,dae3c72e-82ca-4960-9552-1b034bd347e5,3.10,,subtopics;stimulus;rubric
APSTATS-SFRQ-014,822d2c2d-81f3-4ce1-8506-661a9d94dbcc,ab3889f2-3d52-46fd-bb66-8bb0621e7ed5,ap-statistics,frq,4,4.5,Carrying Out a Test for a Population Mean or Population Mean Difference,legacy_metadata_crosswalk,medium,Assigned to 4.5 because the legacy metadata crosswalk evidence matches Carrying Out a Test for a Population Mean or Population Mean Difference.,,true,false,dae3c72e-82ca-4960-9552-1b034bd347e5,3.12,,subtopics;stimulus;rubric
APSTATS-SFRQ-016,f21ce773-4813-47a9-98fe-e89cba300512,610f6069-076d-496c-af58-0ee910308b30,ap-statistics,frq,3,3.15,Carrying Out a Chi-Square Test for Homogeneity or Independence,legacy_metadata_crosswalk,medium,Assigned to 3.15 because the legacy metadata crosswalk evidence matches Carrying Out a Chi-Square Test for Homogeneity or Independence.,,true,false,dae3c72e-82ca-4960-9552-1b034bd347e5,3.14,,subtopics;stimulus;rubric
STATS-MOD1-E001,1a5a44ca-1545-4ea0-bc50-86ac0489ff6c,500a0a0c-f82d-498c-a53d-c523624edda7,ap-statistics,frq,1,1.1,Introducing Statistics: What Can We Learn from Data?,manual_semantic_review,high,Assigned to 1.1 because the manual semantic review evidence matches Introducing Statistics: What Can We Learn from Data?.,,true,false,dae3c72e-82ca-4960-9552-1b034bd347e5,3.10,,stem;stimulus;rubric
STATS-MOD1-E002,43780d98-4cea-432e-86d7-182baf4d422c,f99d019c-6b73-4f89-bd9e-9dc731e6b5f3,ap-statistics,frq,1,1.2,Variables,manual_semantic_review,high,Assigned to 1.2 because the manual semantic review evidence matches Variables.,,true,false,dae3c72e-82ca-4960-9552-1b034bd347e5,1.3,,stem;stimulus;rubric
STATS-MOD1-E003,2d8d4d3d-1af7-4f45-b32e-93e8c9f03ce0,76ca33ec-f07a-4bf6-83f6-d45bd2fb4c7b,ap-statistics,frq,1,1.10,The Investigative Question Revisited and Data Collection,manual_semantic_review,high,Assigned to 1.10 because the manual semantic review evidence matches The Investigative Question Revisited and Data Collection.,,true,false,dae3c72e-82ca-4960-9552-1b034bd347e5,3.2,,stem;stimulus;rubric
STATS-MOD1-E005,cfabb50f-6bee-4c75-af53-7ba415dd697f,f4297ecb-da88-4422-a13a-d347231ebc68,ap-statistics,frq,1,1.1,Introducing Statistics: What Can We Learn from Data?,manual_semantic_review,high,Assigned to 1.1 because the manual semantic review evidence matches Introducing Statistics: What Can We Learn from Data?.,,false,false,dae3c72e-82ca-4960-9552-1b034bd347e5,1.1,,stem;stimulus;rubric
STATS-MOD1-M001,d2affbe0-2481-4f00-8054-d42ff6398b27,b2f2de47-2c10-4b83-bf97-89cdfd695e18,ap-statistics,frq,1,1.11,Random Sampling,manual_semantic_review,high,Assigned to 1.11 because the manual semantic review evidence matches Random Sampling.,,false,false,dae3c72e-82ca-4960-9552-1b034bd347e5,1.11,,stem;stimulus;rubric
STATS-MOD3-H006,d9fb8bc8-8534-4259-ae09-8a82243aabce,cdcd1b0e-f691-4e4e-9fa8-ac68d393cfa0,ap-statistics,frq,1,1.6,Descriptions for One Quantitative Variable Distributions,manual_semantic_review,high,Assigned to 1.6 because the manual semantic review evidence matches Descriptions for One Quantitative Variable Distributions.,,true,false,dae3c72e-82ca-4960-9552-1b034bd347e5,2.2,,stem;stimulus;rubric
STATS-MOD3-M006,0f7571c4-4327-45cf-9cc4-d9f822c8db65,8bf641e9-9524-47d4-8062-cbde41e6574e,ap-statistics,frq,2,2.11,The Normal Distribution,manual_semantic_review,high,Assigned to 2.11 because the manual semantic review evidence matches The Normal Distribution.,,true,false,dae3c72e-82ca-4960-9552-1b034bd347e5,1.3,,stem;stimulus;rubric
STATS-MOD3-M007,07edc710-16bb-4c09-b7d2-789cdc5a9926,90fdfeba-dc7f-464c-9420-06a78ddb1830,ap-statistics,frq,2,2.11,The Normal Distribution,manual_semantic_review,high,Assigned to 2.11 because the manual semantic review evidence matches The Normal Distribution.,,true,false,dae3c72e-82ca-4960-9552-1b034bd347e5,2.12,,stem;stimulus;rubric
STATS-MOD4-E005,af82b114-64dc-4161-a900-4e6de29ab303,f112c2b6-7101-4fb9-bee4-94d2c90ef8c4,ap-statistics,frq,1,1.13,Experimental Design,manual_semantic_review,high,Assigned to 1.13 because the manual semantic review evidence matches Experimental Design.,,true,false,dae3c72e-82ca-4960-9552-1b034bd347e5,3.10,,stem;stimulus;rubric
STATS-MOD4-H012,bb2c9c91-f2c9-4312-a416-e6867c3fdaf3,a52543cb-3b89-4cdf-ab6c-33698e75d9a6,ap-statistics,frq,1,1.13,Experimental Design,manual_semantic_review,high,Assigned to 1.13 because the manual semantic review evidence matches Experimental Design.,,false,false,dae3c72e-82ca-4960-9552-1b034bd347e5,1.13,,stem;stimulus;rubric
STATS-MOD4-M009,85d23dca-8f05-4e9e-9dbe-22600f8c5528,3e2d90af-711c-4c4c-a090-fed3cebd2159,ap-statistics,frq,1,1.13,Experimental Design,manual_semantic_review,high,Assigned to 1.13 because the manual semantic review evidence matches Experimental Design.,,false,false,dae3c72e-82ca-4960-9552-1b034bd347e5,1.13,,stem;stimulus;rubric
STATS-MOD9-H018,4c9180d9-3f05-4fb6-a5f5-0b1e59100ad8,b539a1fe-8edb-49ef-ae56-c5e28f9bae10,ap-statistics,frq,3,3.8,Potential Errors When Performing Tests,manual_semantic_review,high,Assigned to 3.8 because the manual semantic review evidence matches Potential Errors When Performing Tests.,,true,false,dae3c72e-82ca-4960-9552-1b034bd347e5,3.12,,stem;stimulus;rubric
apstat-4b-compare-097000,7db0ade2-21b7-4cd9-b0d9-59ad3cf3b731,de117b2d-4327-4d28-8954-b0eb7c5e7732,ap-statistics,mcq,1,1.9,Comparisons of the Distributions for One Quantitative Variable,template_prepass,high,Assigned to 1.9 because the template prepass evidence matches Comparisons of the Distributions for One Quantitative Variable.,,true,false,dae3c72e-82ca-4960-9552-1b034bd347e5,4.3,,stem;stimulus
apstat-4b-compare-097001,d16208a1-86e9-4bbf-a227-6c35f62e8843,21015db4-3a87-4d8b-932a-1750e0d497da,ap-statistics,mcq,1,1.9,Comparisons of the Distributions for One Quantitative Variable,template_prepass,high,Assigned to 1.9 because the template prepass evidence matches Comparisons of the Distributions for One Quantitative Variable.,,true,false,dae3c72e-82ca-4960-9552-1b034bd347e5,4.3,,stem;stimulus
apstat-4b-compare-097002,1aa847f3-d07e-49db-be54-141b4269649f,9b754967-a8ec-4a19-8b36-625337975149,ap-statistics,mcq,1,1.9,Comparisons of the Distributions for One Quantitative Variable,template_prepass,high,Assigned to 1.9 because the template prepass evidence matches Comparisons of the Distributions for One Quantitative Variable.,,true,false,dae3c72e-82ca-4960-9552-1b034bd347e5,4.3,,stem;stimulus
apstat-4b-compare-097003,01083ec3-5f29-4827-99ed-5c9829f39274,c878e144-64c4-40d5-acff-8168a57c20d9,ap-statistics,mcq,1,1.9,Comparisons of the Distributions for One Quantitative Variable,template_prepass,high,Assigned to 1.9 because the template prepass evidence matches Comparisons of the Distributions for One Quantitative Variable.,,true,false,dae3c72e-82ca-4960-9552-1b034bd347e5,4.3,,stem;stimulus
apstat-4b-compare-097004,9a86f050-4bb9-44d4-862c-9fca39c125c6,6e26ae67-6f89-43ac-8d5c-481dc3801839,ap-statistics,mcq,1,1.9,Comparisons of the Distributions for One Quantitative Variable,template_prepass,high,Assigned to 1.9 because the template prepass evidence matches Comparisons of the Distributions for One Quantitative Variable.,,true,false,dae3c72e-82ca-4960-9552-1b034bd347e5,4.3,,stem;stimulus
apstat-4b-compare-097005,5f38db56-d845-4f9f-b674-be833f35e082,fe1446b9-71ab-4691-80e0-9c704941d483,ap-statistics,mcq,1,1.9,Comparisons of the Distributions for One Quantitative Variable,template_prepass,high,Assigned to 1.9 because the template prepass evidence matches Comparisons of the Distributions for One Quantitative Variable.,,true,false,dae3c72e-82ca-4960-9552-1b034bd347e5,4.3,,stem;stimulus
apstat-4b-compare-097006,b9ac5ed0-6f91-435d-9a2b-1a8896e63db4,21923090-b96e-47e7-ac32-30400f021af0,ap-statistics,mcq,1,1.9,Comparisons of the Distributions for One Quantitative Variable,template_prepass,high,Assigned to 1.9 because the template prepass evidence matches Comparisons of the Distributions for One Quantitative Variable.,,true,false,dae3c72e-82ca-4960-9552-1b034bd347e5,4.3,,stem;stimulus
apstat-4b-compare-097007,495a6980-940c-49ee-918b-73ed1dee2043,087693ff-b2ab-4081-93a7-62d71a4b0617,ap-statistics,mcq,1,1.9,Comparisons of the Distributions for One Quantitative Variable,template_prepass,high,Assigned to 1.9 because the template prepass evidence matches Comparisons of the Distributions for One Quantitative Variable.,,true,false,dae3c72e-82ca-4960-9552-1b034bd347e5,4.3,,stem;stimulus
apstat-4b-compare-097008,72dd5024-8a93-4752-90c9-4099341517bc,433b2bed-e677-4ba5-abc6-fd5384a01f2c,ap-statistics,mcq,1,1.9,Comparisons of the Distributions for One Quantitative Variable,template_prepass,high,Assigned to 1.9 because the template prepass evidence matches Comparisons of the Distributions for One Quantitative Variable.,,true,false,dae3c72e-82ca-4960-9552-1b034bd347e5,4.3,,stem;stimulus
apstat-4b-compare-097009,59af95bc-6b6e-4c79-987d-fb7b0455fdbd,eff9138f-3daf-43f2-b4d4-8edff07ca79a,ap-statistics,mcq,1,1.9,Comparisons of the Distributions for One Quantitative Variable,template_prepass,high,Assigned to 1.9 because the template prepass evidence matches Comparisons of the Distributions for One Quantitative Variable.,,true,false,dae3c72e-82ca-4960-9552-1b034bd347e5,4.3,,stem;stimulus
apstat-4b-compare-097010,967902b0-913a-4f3d-9593-944b80837cd9,ecd3deab-c170-4dbe-bf03-d6a3dbe1a3f9,ap-statistics,mcq,1,1.9,Comparisons of the Distributions for One Quantitative Variable,template_prepass,high,Assigned to 1.9 because the template prepass evidence matches Comparisons of the Distributions for One Quantitative Variable.,,true,false,dae3c72e-82ca-4960-9552-1b034bd347e5,4.3,,stem;stimulus
apstat-4b-compare-097011,929b3bb8-8e75-4666-8b7e-7b035f23bbf9,837c5f75-32b2-44bc-8cd9-4fa496352a48,ap-statistics,mcq,1,1.9,Comparisons of the Distributions for One Quantitative Variable,template_prepass,high,Assigned to 1.9 because the template prepass evidence matches Comparisons of the Distributions for One Quantitative Variable.,,true,false,dae3c72e-82ca-4960-9552-1b034bd347e5,4.3,,stem;stimulus
apstat-4b-compare-097012,14480321-788c-445d-886a-4ee986b1380b,d04bdbe8-626b-4d8b-a6a1-4d6f5ac3f6a9,ap-statistics,mcq,1,1.9,Comparisons of the Distributions for One Quantitative Variable,template_prepass,high,Assigned to 1.9 because the template prepass evidence matches Comparisons of the Distributions for One Quantitative Variable.,,true,false,dae3c72e-82ca-4960-9552-1b034bd347e5,4.3,,stem;stimulus
apstat-4b-compare-097013,fde38ef5-516a-405a-9d6a-ae5c7ebf5625,44e1f18e-2033-43f0-90b4-8fb296b26705,ap-statistics,mcq,1,1.9,Comparisons of the Distributions for One Quantitative Variable,template_prepass,high,Assigned to 1.9 because the template prepass evidence matches Comparisons of the Distributions for One Quantitative Variable.,,true,false,dae3c72e-82ca-4960-9552-1b034bd347e5,4.3,,stem;stimulus
apstat-4b-compare-097014,f8b8d309-d590-453c-ba1a-de5a50422847,6470c63d-e28f-42e2-8b0a-de49e73802c6,ap-statistics,mcq,1,1.9,Comparisons of the Distributions for One Quantitative Variable,template_prepass,high,Assigned to 1.9 because the template prepass evidence matches Comparisons of the Distributions for One Quantitative Variable.,,true,false,dae3c72e-82ca-4960-9552-1b034bd347e5,4.3,,stem;stimulus
apstat-4b-compare-097015,9569b2b0-7a19-441a-ba3b-feda8f69c1eb,2b262b96-1680-4078-bca9-7943858524c6,ap-statistics,mcq,1,1.9,Comparisons of the Distributions for One Quantitative Variable,template_prepass,high,Assigned to 1.9 because the template prepass evidence matches Comparisons of the Distributions for One Quantitative Variable.,,true,false,dae3c72e-82ca-4960-9552-1b034bd347e5,4.3,,stem;stimulus
apstat-4b-compare-097016,7c2556fb-1586-4e84-87bd-549fbb32cf16,752d3dda-15b4-4a72-8c92-5f3f6e65f459,ap-statistics,mcq,1,1.9,Comparisons of the Distributions for One Quantitative Variable,template_prepass,high,Assigned to 1.9 because the template prepass evidence matches Comparisons of the Distributions for One Quantitative Variable.,,true,false,dae3c72e-82ca-4960-9552-1b034bd347e5,4.3,,stem;stimulus
apstat-4b-compare-097017,42ed8387-2e57-40fd-bd85-8b911aa08ed5,6a035556-4e62-438c-86b8-68fdd5a8f730,ap-statistics,mcq,1,1.9,Comparisons of the Distributions for One Quantitative Variable,template_prepass,high,Assigned to 1.9 because the template prepass evidence matches Comparisons of the Distributions for One Quantitative Variable.,,true,false,dae3c72e-82ca-4960-9552-1b034bd347e5,4.3,,stem;stimulus
apstat-4b-compare-097018,1e1e7327-606f-44f8-8b21-64ca4ab00343,820a644c-fb9b-450e-b4b1-bb8f099ea8fb,ap-statistics,mcq,1,1.9,Comparisons of the Distributions for One Quantitative Variable,template_prepass,high,Assigned to 1.9 because the template prepass evidence matches Comparisons of the Distributions for One Quantitative Variable.,,true,false,dae3c72e-82ca-4960-9552-1b034bd347e5,4.3,,stem;stimulus
apstat-4b-compare-097019,5005a284-5856-4f5e-a6c2-93d208d392fc,790f9018-b43a-4aa4-a086-10e08a041e37,ap-statistics,mcq,1,1.9,Comparisons of the Distributions for One Quantitative Variable,template_prepass,high,Assigned to 1.9 because the template prepass evidence matches Comparisons of the Distributions for One Quantitative Variable.,,true,false,dae3c72e-82ca-4960-9552-1b034bd347e5,4.3,,stem;stimulus
apstat-compare_stats-090000,cc470e39-255e-465c-a93f-2d6e3c325b89,5ada85fd-00be-459a-aa0d-a7b248fd6db6,ap-statistics,mcq,1,1.9,Comparisons of the Distributions for One Quantitative Variable,template_prepass,high,Assigned to 1.9 because the template prepass evidence matches Comparisons of the Distributions for One Quantitative Variable.,,true,false,dae3c72e-82ca-4960-9552-1b034bd347e5,1.7,comparison_mislabel,stem;stimulus
apstat-compare_stats-090001,499e91c6-ea09-4f5e-baff-7b07f25ee78b,eacd8919-0933-4aba-ad4f-ea80b080f513,ap-statistics,mcq,1,1.9,Comparisons of the Distributions for One Quantitative Variable,template_prepass,high,Assigned to 1.9 because the template prepass evidence matches Comparisons of the Distributions for One Quantitative Variable.,,true,false,dae3c72e-82ca-4960-9552-1b034bd347e5,1.7,comparison_mislabel,stem;stimulus
apstat-compare_stats-090002,e40f868d-5b8f-46bf-bd03-4fcc938613b5,53990e0b-a707-4fb6-aa56-4ee0b14cf087,ap-statistics,mcq,1,1.9,Comparisons of the Distributions for One Quantitative Variable,template_prepass,high,Assigned to 1.9 because the template prepass evidence matches Comparisons of the Distributions for One Quantitative Variable.,,true,false,dae3c72e-82ca-4960-9552-1b034bd347e5,1.7,comparison_mislabel,stem;stimulus
apstat-compare_stats-090003,68849543-8c77-46f6-9c44-db7e1b18163e,a16df956-a0d5-4508-bc3b-a873453356c1,ap-statistics,mcq,1,1.9,Comparisons of the Distributions for One Quantitative Variable,template_prepass,high,Assigned to 1.9 because the template prepass evidence matches Comparisons of the Distributions for One Quantitative Variable.,,true,false,dae3c72e-82ca-4960-9552-1b034bd347e5,1.7,comparison_mislabel,stem;stimulus
apstat-compare_stats-090004,a290d67d-8ae1-46c4-9eb0-c3d19e4000ad,0d95906c-9b6f-4b48-945d-98012adb308a,ap-statistics,mcq,1,1.9,Comparisons of the Distributions for One Quantitative Variable,template_prepass,high,Assigned to 1.9 because the template prepass evidence matches Comparisons of the Distributions for One Quantitative Variable.,,true,false,dae3c72e-82ca-4960-9552-1b034bd347e5,1.7,comparison_mislabel,stem;stimulus
apstat-compare_stats-090005,9cd1fc73-a3aa-42de-9a38-ed27e68de5cb,197a0c17-cd1e-411e-a635-ed7cbb9e699e,ap-statistics,mcq,1,1.9,Comparisons of the Distributions for One Quantitative Variable,template_prepass,high,Assigned to 1.9 because the template prepass evidence matches Comparisons of the Distributions for One Quantitative Variable.,,true,false,dae3c72e-82ca-4960-9552-1b034bd347e5,1.7,comparison_mislabel,stem;stimulus
apstat-compare_stats-090006,fce2322b-6c24-4427-a9b0-145cb69fd593,f0125ee2-57ca-4e4c-9091-425374494c61,ap-statistics,mcq,1,1.9,Comparisons of the Distributions for One Quantitative Variable,template_prepass,high,Assigned to 1.9 because the template prepass evidence matches Comparisons of the Distributions for One Quantitative Variable.,,true,false,dae3c72e-82ca-4960-9552-1b034bd347e5,1.7,comparison_mislabel,stem;stimulus
apstat-compare_stats-090007,501b459c-50ab-4057-8b14-e5b824dd5c2c,99b4733a-be36-4a5b-8df8-c8de49460adc,ap-statistics,mcq,1,1.9,Comparisons of the Distributions for One Quantitative Variable,template_prepass,high,Assigned to 1.9 because the template prepass evidence matches Comparisons of the Distributions for One Quantitative Variable.,,true,false,dae3c72e-82ca-4960-9552-1b034bd347e5,1.7,comparison_mislabel,stem;stimulus
apstat-compare_stats-090008,a0030be0-3d35-495a-a5cf-a64b716f2237,d82e56d5-df59-4d38-9a4c-197ea6232a35,ap-statistics,mcq,1,1.9,Comparisons of the Distributions for One Quantitative Variable,template_prepass,high,Assigned to 1.9 because the template prepass evidence matches Comparisons of the Distributions for One Quantitative Variable.,,true,false,dae3c72e-82ca-4960-9552-1b034bd347e5,1.7,comparison_mislabel,stem;stimulus
apstat-compare_stats-090009,7293fb74-a05d-4e94-8904-4436832d2103,a72cc7e4-0d91-4ab9-9938-22a46d33a202,ap-statistics,mcq,1,1.9,Comparisons of the Distributions for One Quantitative Variable,template_prepass,high,Assigned to 1.9 because the template prepass evidence matches Comparisons of the Distributions for One Quantitative Variable.,,true,false,dae3c72e-82ca-4960-9552-1b034bd347e5,1.7,comparison_mislabel,stem;stimulus
apstat-compare_stats-090010,8ed5e5cd-bc8a-4706-9a17-dc233d48f53a,e34c1593-d593-4256-967c-ef14e27e8354,ap-statistics,mcq,1,1.9,Comparisons of the Distributions for One Quantitative Variable,template_prepass,high,Assigned to 1.9 because the template prepass evidence matches Comparisons of the Distributions for One Quantitative Variable.,,true,false,dae3c72e-82ca-4960-9552-1b034bd347e5,1.7,comparison_mislabel,stem;stimulus
apstat-compare_stats-090011,f6cb6927-3342-4803-acc7-67118765b7a6,d752769b-88d3-483d-a4f1-bd08e2bf3884,ap-statistics,mcq,1,1.9,Comparisons of the Distributions for One Quantitative Variable,template_prepass,high,Assigned to 1.9 because the template prepass evidence matches Comparisons of the Distributions for One Quantitative Variable.,,true,false,dae3c72e-82ca-4960-9552-1b034bd347e5,1.7,comparison_mislabel,stem;stimulus
apstat-compare_stats-090012,40e339b1-ea48-4a3c-aa5f-59d511dbf531,d54eeaf4-4d01-401a-88af-dbe87aa213c1,ap-statistics,mcq,1,1.9,Comparisons of the Distributions for One Quantitative Variable,template_prepass,high,Assigned to 1.9 because the template prepass evidence matches Comparisons of the Distributions for One Quantitative Variable.,,true,false,dae3c72e-82ca-4960-9552-1b034bd347e5,1.7,comparison_mislabel,stem;stimulus
apstat-compare_stats-090013,99d9c4cb-b92c-4f9b-b47a-76bb3a556e2f,a8c2cad7-a3ed-4317-9b5e-e5ed5536a6d2,ap-statistics,mcq,1,1.9,Comparisons of the Distributions for One Quantitative Variable,template_prepass,high,Assigned to 1.9 because the template prepass evidence matches Comparisons of the Distributions for One Quantitative Variable.,,true,false,dae3c72e-82ca-4960-9552-1b034bd347e5,1.7,comparison_mislabel,stem;stimulus
apstat-compare_stats-090014,0f5d9a4f-cebc-40e5-8bbe-1bf54864ef3f,0b1842c0-13e2-4c73-9592-c89d3e751612,ap-statistics,mcq,1,1.9,Comparisons of the Distributions for One Quantitative Variable,template_prepass,high,Assigned to 1.9 because the template prepass evidence matches Comparisons of the Distributions for One Quantitative Variable.,,true,false,dae3c72e-82ca-4960-9552-1b034bd347e5,1.7,comparison_mislabel,stem;stimulus
apstat-compare_stats-090015,cafad641-e2b9-46a5-8204-3bf73d9c899f,d93b5c33-4ae2-4fb6-b078-8c0f6ac39862,ap-statistics,mcq,1,1.9,Comparisons of the Distributions for One Quantitative Variable,template_prepass,high,Assigned to 1.9 because the template prepass evidence matches Comparisons of the Distributions for One Quantitative Variable.,,true,false,dae3c72e-82ca-4960-9552-1b034bd347e5,1.7,comparison_mislabel,stem;stimulus
apstat-compare_stats-090016,141b84a1-8e40-4e9e-8fc7-a67565129ef2,04a62c75-c17d-4520-9b52-4c70eeb686e9,ap-statistics,mcq,1,1.9,Comparisons of the Distributions for One Quantitative Variable,template_prepass,high,Assigned to 1.9 because the template prepass evidence matches Comparisons of the Distributions for One Quantitative Variable.,,true,false,dae3c72e-82ca-4960-9552-1b034bd347e5,1.7,comparison_mislabel,stem;stimulus
apstat-compare_stats-090017,2ccbc0dc-6539-402c-b1e4-623d99db6116,6c4e6372-4014-4e0e-ae41-e7cce8010384,ap-statistics,mcq,1,1.9,Comparisons of the Distributions for One Quantitative Variable,template_prepass,high,Assigned to 1.9 because the template prepass evidence matches Comparisons of the Distributions for One Quantitative Variable.,,true,false,dae3c72e-82ca-4960-9552-1b034bd347e5,1.7,comparison_mislabel,stem;stimulus
apstat-compare_stats-090018,45e7e50e-6ccf-4054-8d06-891f05f615c5,1efffe81-d661-4a36-a4b8-470b7711bf34,ap-statistics,mcq,1,1.9,Comparisons of the Distributions for One Quantitative Variable,template_prepass,high,Assigned to 1.9 because the template prepass evidence matches Comparisons of the Distributions for One Quantitative Variable.,,true,false,dae3c72e-82ca-4960-9552-1b034bd347e5,1.7,comparison_mislabel,stem;stimulus
apstat-compare_stats-090019,16367987-197b-4fd5-848a-95ba4d8bebf0,27a89837-c175-4a62-a189-f59716f01380,ap-statistics,mcq,1,1.9,Comparisons of the Distributions for One Quantitative Variable,template_prepass,high,Assigned to 1.9 because the template prepass evidence matches Comparisons of the Distributions for One Quantitative Variable.,,true,false,dae3c72e-82ca-4960-9552-1b034bd347e5,1.7,comparison_mislabel,stem;stimulus
apstat-lsrl_predict-005000,5b23352c-c3fa-4a0c-8933-8a4b7ffaf945,1856226a-208f-4b59-bc57-7b7a0109c8ed,ap-statistics,mcq,5,5.3,Linear Regression Models,template_prepass,high,Assigned to 5.3 because the template prepass evidence matches Linear Regression Models.,,true,false,dae3c72e-82ca-4960-9552-1b034bd347e5,1.3,unit_misclassification,stem;stimulus
apstat-lsrl_predict-005001,4bb5c2f8-0ab8-4227-8f66-6b6def95b136,a84f7601-3012-4578-a09f-e6934df83a37,ap-statistics,mcq,5,5.3,Linear Regression Models,template_prepass,high,Assigned to 5.3 because the template prepass evidence matches Linear Regression Models.,,true,false,dae3c72e-82ca-4960-9552-1b034bd347e5,1.3,unit_misclassification,stem;stimulus
apstat-lsrl_predict-005002,965cf0d2-3f37-4944-ab8e-3b4a8be1b652,d73ec98d-369f-4c66-aef0-20b20bf41aa8,ap-statistics,mcq,5,5.3,Linear Regression Models,template_prepass,high,Assigned to 5.3 because the template prepass evidence matches Linear Regression Models.,,true,false,dae3c72e-82ca-4960-9552-1b034bd347e5,1.3,unit_misclassification,stem;stimulus
apstat-summary_stats-090000,f0da6014-0f5d-4ce0-a731-66063b5797a2,90a4456f-02d9-4216-8ae5-c3661e143389,ap-statistics,mcq,1,1.7,Summary Statistics for One Quantitative Variable,template_prepass,high,Assigned to 1.7 because the template prepass evidence matches Summary Statistics for One Quantitative Variable.,,false,false,dae3c72e-82ca-4960-9552-1b034bd347e5,1.7,,stem;stimulus
apstat-summary_stats-090001,2b063ad8-738a-40c8-858c-6e1c4a7204d6,80c3a0c6-1dff-45be-8ddb-89c8aefb5eed,ap-statistics,mcq,1,1.7,Summary Statistics for One Quantitative Variable,template_prepass,high,Assigned to 1.7 because the template prepass evidence matches Summary Statistics for One Quantitative Variable.,,false,false,dae3c72e-82ca-4960-9552-1b034bd347e5,1.7,,stem;stimulus
apstat-summary_stats-090002,ac4d3a6b-1d4b-47ce-a364-ce7fb95bb56a,67fbb4be-8481-4456-a8e7-747e12c69d4b,ap-statistics,mcq,1,1.7,Summary Statistics for One Quantitative Variable,template_prepass,high,Assigned to 1.7 because the template prepass evidence matches Summary Statistics for One Quantitative Variable.,,false,false,dae3c72e-82ca-4960-9552-1b034bd347e5,1.7,,stem;stimulus
apstat-summary_stats-090003,d50bc7f9-cad7-4567-9fbb-0c626fec7151,10fb964b-7793-4fc0-b0d2-d5f9ea915d9e,ap-statistics,mcq,1,1.7,Summary Statistics for One Quantitative Variable,template_prepass,high,Assigned to 1.7 because the template prepass evidence matches Summary Statistics for One Quantitative Variable.,,false,false,dae3c72e-82ca-4960-9552-1b034bd347e5,1.7,,stem;stimulus
apstat-summary_stats-090004,0433533a-5461-4bed-9e99-66713d4f6561,32a8141a-ff5e-4373-b128-f92139b99525,ap-statistics,mcq,1,1.7,Summary Statistics for One Quantitative Variable,template_prepass,high,Assigned to 1.7 because the template prepass evidence matches Summary Statistics for One Quantitative Variable.,,false,false,dae3c72e-82ca-4960-9552-1b034bd347e5,1.7,,stem;stimulus
apstat-summary_stats-090005,37735ec5-d177-4f7f-aa4b-497df871da35,3755faa1-8d5f-41db-88e8-be79db965874,ap-statistics,mcq,1,1.7,Summary Statistics for One Quantitative Variable,template_prepass,high,Assigned to 1.7 because the template prepass evidence matches Summary Statistics for One Quantitative Variable.,,false,false,dae3c72e-82ca-4960-9552-1b034bd347e5,1.7,,stem;stimulus
apstat-summary_stats-090006,f4aa7eba-a38b-466a-bf32-edfae5f5a676,48a4c16b-0bdf-4ea6-9c7e-e27a02fdfed7,ap-statistics,mcq,1,1.7,Summary Statistics for One Quantitative Variable,template_prepass,high,Assigned to 1.7 because the template prepass evidence matches Summary Statistics for One Quantitative Variable.,,false,false,dae3c72e-82ca-4960-9552-1b034bd347e5,1.7,,stem;stimulus
apstat-summary_stats-090007,3777af92-7049-4691-af15-31ec140baae7,8f244633-477f-4fff-8a97-2e37bf0a1cf2,ap-statistics,mcq,1,1.7,Summary Statistics for One Quantitative Variable,template_prepass,high,Assigned to 1.7 because the template prepass evidence matches Summary Statistics for One Quantitative Variable.,,false,false,dae3c72e-82ca-4960-9552-1b034bd347e5,1.7,,stem;stimulus
apstat-summary_stats-090008,15f3e1ba-8950-42d3-9f6b-e9ab8da30593,18ebdd19-e3b7-4f1c-9e77-bc2896dfa9b2,ap-statistics,mcq,1,1.7,Summary Statistics for One Quantitative Variable,template_prepass,high,Assigned to 1.7 because the template prepass evidence matches Summary Statistics for One Quantitative Variable.,,false,false,dae3c72e-82ca-4960-9552-1b034bd347e5,1.7,,stem;stimulus
apstat-summary_stats-090009,42668bcb-63b0-4cb7-a865-bc896e32ea55,4bab297b-73f5-41ac-994e-cc5225804803,ap-statistics,mcq,1,1.7,Summary Statistics for One Quantitative Variable,template_prepass,high,Assigned to 1.7 because the template prepass evidence matches Summary Statistics for One Quantitative Variable.,,false,false,dae3c72e-82ca-4960-9552-1b034bd347e5,1.7,,stem;stimulus
apstat-summary_stats-090010,ac4f56b6-c442-4a93-92b9-a88a3c0a1486,57dab60e-dc50-4837-a52f-ceb5a96c74d4,ap-statistics,mcq,1,1.7,Summary Statistics for One Quantitative Variable,template_prepass,high,Assigned to 1.7 because the template prepass evidence matches Summary Statistics for One Quantitative Variable.,,false,false,dae3c72e-82ca-4960-9552-1b034bd347e5,1.7,,stem;stimulus
apstat-summary_stats-090011,71469c6b-2f7f-4479-bf4e-9b1a85dbb56c,93e2faee-3b54-44ed-88b4-d0d96b0c3b4b,ap-statistics,mcq,1,1.7,Summary Statistics for One Quantitative Variable,template_prepass,high,Assigned to 1.7 because the template prepass evidence matches Summary Statistics for One Quantitative Variable.,,false,false,dae3c72e-82ca-4960-9552-1b034bd347e5,1.7,,stem;stimulus
apstat-summary_stats-090012,f290c308-8a72-48f9-9092-12b332c5d8ec,55258f94-0a49-459c-82cd-c3e8456e032e,ap-statistics,mcq,1,1.7,Summary Statistics for One Quantitative Variable,template_prepass,high,Assigned to 1.7 because the template prepass evidence matches Summary Statistics for One Quantitative Variable.,,false,false,dae3c72e-82ca-4960-9552-1b034bd347e5,1.7,,stem;stimulus
apstat-summary_stats-090013,9eac7e43-9b8b-4168-9dc2-ea5ff7e75f0a,f018ab32-66b7-445c-a846-96f042fe5e59,ap-statistics,mcq,1,1.7,Summary Statistics for One Quantitative Variable,template_prepass,high,Assigned to 1.7 because the template prepass evidence matches Summary Statistics for One Quantitative Variable.,,false,false,dae3c72e-82ca-4960-9552-1b034bd347e5,1.7,,stem;stimulus
apstat-summary_stats-090014,caab716d-74dd-4a50-8483-a99573708cd1,4acc4192-6b54-46ab-a139-613f651faa54,ap-statistics,mcq,1,1.7,Summary Statistics for One Quantitative Variable,template_prepass,high,Assigned to 1.7 because the template prepass evidence matches Summary Statistics for One Quantitative Variable.,,false,false,dae3c72e-82ca-4960-9552-1b034bd347e5,1.7,,stem;stimulus
apstat-summary_stats-090015,809d712f-5200-4ccd-8674-9a8dbd08ac3b,793df8dd-ad2f-4e33-b0ec-e85ac059d5f5,ap-statistics,mcq,1,1.7,Summary Statistics for One Quantitative Variable,template_prepass,high,Assigned to 1.7 because the template prepass evidence matches Summary Statistics for One Quantitative Variable.,,false,false,dae3c72e-82ca-4960-9552-1b034bd347e5,1.7,,stem;stimulus
apstat-summary_stats-090016,4471806c-6298-4e1d-9bab-6c56ec3eee05,328d6e57-9795-4635-9ddd-48c82d0188b3,ap-statistics,mcq,1,1.7,Summary Statistics for One Quantitative Variable,template_prepass,high,Assigned to 1.7 because the template prepass evidence matches Summary Statistics for One Quantitative Variable.,,false,false,dae3c72e-82ca-4960-9552-1b034bd347e5,1.7,,stem;stimulus
apstat-summary_stats-090017,31f9e1d9-385b-44bb-8146-b09e8a032860,fecf6f1a-9543-4bd0-8e55-d631b62a5ccc,ap-statistics,mcq,1,1.7,Summary Statistics for One Quantitative Variable,template_prepass,high,Assigned to 1.7 because the template prepass evidence matches Summary Statistics for One Quantitative Variable.,,false,false,dae3c72e-82ca-4960-9552-1b034bd347e5,1.7,,stem;stimulus
apstat-summary_stats-090018,179c9e44-82b7-46a3-8ae7-5e7715f8aeba,dd9a9b5b-5572-48a1-8ed2-159c70c65de5,ap-statistics,mcq,1,1.7,Summary Statistics for One Quantitative Variable,template_prepass,high,Assigned to 1.7 because the template prepass evidence matches Summary Statistics for One Quantitative Variable.,,false,false,dae3c72e-82ca-4960-9552-1b034bd347e5,1.7,,stem;stimulus
apstat-summary_stats-090019,9948edb0-4eb9-4cac-be09-123c88268622,cdbd7e69-8382-4548-827c-4608834e4363,ap-statistics,mcq,1,1.7,Summary Statistics for One Quantitative Variable,template_prepass,high,Assigned to 1.7 because the template prepass evidence matches Summary Statistics for One Quantitative Variable.,,false,false,dae3c72e-82ca-4960-9552-1b034bd347e5,1.7,,stem;stimulus
apstat-u1-2-2a-variables-102000,00133d35-1021-472c-9111-74b41ae9da19,c4e809b3-fc44-4030-801a-56f460cc5342,ap-statistics,mcq,1,1.2,Variables,template_prepass,high,Assigned to 1.2 because the template prepass evidence matches Variables.,,true,false,dae3c72e-82ca-4960-9552-1b034bd347e5,1.3,,stem;stimulus
apstat-u1-2-2a-variables-102001,6920f4b8-81a7-40a2-b6a2-ad9740f3aaa5,4ac8ed35-ecfa-4072-9045-0a121adb0a46,ap-statistics,mcq,1,1.2,Variables,template_prepass,high,Assigned to 1.2 because the template prepass evidence matches Variables.,,true,false,dae3c72e-82ca-4960-9552-1b034bd347e5,1.3,,stem;stimulus
apstat-u1-2-2a-variables-102002,3d72aa2b-3ccf-482c-91b3-e71503ed78f0,7894447c-996b-4a53-8863-bd090141e618,ap-statistics,mcq,1,1.2,Variables,template_prepass,high,Assigned to 1.2 because the template prepass evidence matches Variables.,,true,false,dae3c72e-82ca-4960-9552-1b034bd347e5,1.3,,stem;stimulus
apstat-u1-2-2a-variables-102003,4225488d-8024-4914-9410-58d63121b298,0c67f1b1-e3ac-4710-9570-9264da6b4a10,ap-statistics,mcq,1,1.2,Variables,template_prepass,high,Assigned to 1.2 because the template prepass evidence matches Variables.,,true,false,dae3c72e-82ca-4960-9552-1b034bd347e5,1.3,,stem;stimulus
apstat-u1-2-2a-variables-102004,12a14035-9b50-4006-ae3b-adf396b3e0de,81abe476-c154-43c1-b0f8-25876b0dce72,ap-statistics,mcq,1,1.2,Variables,template_prepass,high,Assigned to 1.2 because the template prepass evidence matches Variables.,,true,false,dae3c72e-82ca-4960-9552-1b034bd347e5,1.3,,stem;stimulus
apstat-u1-2-2a-variables-102005,7d462381-73cb-46f8-b7c3-126f71ef0144,b550597b-a485-4a7c-95b8-eb13415cc226,ap-statistics,mcq,1,1.2,Variables,template_prepass,high,Assigned to 1.2 because the template prepass evidence matches Variables.,,true,false,dae3c72e-82ca-4960-9552-1b034bd347e5,1.3,,stem;stimulus
apstat-u1-2-2a-variables-102006,9a6f8c54-8797-4248-bb8b-260e2d83fd38,b70e4537-a06e-4567-a8b5-5d69aac5ffd3,ap-statistics,mcq,1,1.2,Variables,template_prepass,high,Assigned to 1.2 because the template prepass evidence matches Variables.,,true,false,dae3c72e-82ca-4960-9552-1b034bd347e5,1.3,,stem;stimulus
apstat-u1-2-2a-variables-102007,6a90d992-f284-4a85-9149-4d4d4fd62ae3,435870c7-e659-4415-80bc-dc25f16f879c,ap-statistics,mcq,1,1.2,Variables,template_prepass,high,Assigned to 1.2 because the template prepass evidence matches Variables.,,true,false,dae3c72e-82ca-4960-9552-1b034bd347e5,1.3,,stem;stimulus
apstat-u1-2-2a-variables-102008,ffd0d5a8-6929-46d2-ac4a-351f54fa8979,8da78b94-1d4d-4625-9c5c-534e3adb95a5,ap-statistics,mcq,1,1.2,Variables,template_prepass,high,Assigned to 1.2 because the template prepass evidence matches Variables.,,true,false,dae3c72e-82ca-4960-9552-1b034bd347e5,1.3,,stem;stimulus
apstat-u1-2-2a-variables-102009,5a221aaf-2764-4b8e-b78f-53c2605c0dc6,76c32ddc-e680-4149-a509-0695ea10b5c9,ap-statistics,mcq,1,1.2,Variables,template_prepass,high,Assigned to 1.2 because the template prepass evidence matches Variables.,,true,false,dae3c72e-82ca-4960-9552-1b034bd347e5,1.3,,stem;stimulus
apstat-u1-2-2a-variables-102010,2cdbf818-2b2f-4947-b68a-5ed1f5d20a2a,cdde1c00-aa76-41c4-bf5a-3e41acae1ae0,ap-statistics,mcq,1,1.2,Variables,template_prepass,high,Assigned to 1.2 because the template prepass evidence matches Variables.,,true,false,dae3c72e-82ca-4960-9552-1b034bd347e5,1.3,,stem;stimulus
apstat-u1-2-2a-variables-102011,a218504e-e494-4270-b623-175032222ff6,20499521-5309-48d8-8123-c5f0f20eb54f,ap-statistics,mcq,1,1.2,Variables,template_prepass,high,Assigned to 1.2 because the template prepass evidence matches Variables.,,true,false,dae3c72e-82ca-4960-9552-1b034bd347e5,1.3,,stem;stimulus
apstat-u1-2-2a-variables-102012,0becb8d8-20d7-4820-8ad3-39fc40c186cc,7e87f3cf-b860-4f90-a988-6cd30f1dbc32,ap-statistics,mcq,1,1.2,Variables,template_prepass,high,Assigned to 1.2 because the template prepass evidence matches Variables.,,true,false,dae3c72e-82ca-4960-9552-1b034bd347e5,1.3,,stem;stimulus
apstat-u1-2-2a-variables-102013,620ae0de-9035-435c-a21d-25a60e73f8db,df2a227e-6228-4fb8-881a-0c1f5567a877,ap-statistics,mcq,1,1.2,Variables,template_prepass,high,Assigned to 1.2 because the template prepass evidence matches Variables.,,true,false,dae3c72e-82ca-4960-9552-1b034bd347e5,1.3,,stem;stimulus
apstat-u1-2-2a-variables-102014,9fab8fb3-4a2a-4ad6-a1c5-1354ae4b401d,2bbc627e-5b37-4332-b6a9-468b3f40fbc6,ap-statistics,mcq,1,1.2,Variables,template_prepass,high,Assigned to 1.2 because the template prepass evidence matches Variables.,,true,false,dae3c72e-82ca-4960-9552-1b034bd347e5,1.3,,stem;stimulus
apstat-u1-2-2a-variables-102015,8af5796e-1e7d-4548-9096-b3fcbac8bec3,b0001e70-12bb-4435-9db2-b978047bc07c,ap-statistics,mcq,1,1.2,Variables,template_prepass,high,Assigned to 1.2 because the template prepass evidence matches Variables.,,true,false,dae3c72e-82ca-4960-9552-1b034bd347e5,1.3,,stem;stimulus
apstat-u1-2-2a-variables-102016,29ef41e5-73bf-4656-a826-757bf6fb34e5,e345ae86-c67f-4d6b-88e5-770a4ffad371,ap-statistics,mcq,1,1.2,Variables,template_prepass,high,Assigned to 1.2 because the template prepass evidence matches Variables.,,true,false,dae3c72e-82ca-4960-9552-1b034bd347e5,1.3,,stem;stimulus
apstat-u1-2-2a-variables-102017,885b888d-7544-43d7-9a88-c9160ceb2662,b0635d34-6c56-464f-a863-01fad8cfd896,ap-statistics,mcq,1,1.2,Variables,template_prepass,high,Assigned to 1.2 because the template prepass evidence matches Variables.,,true,false,dae3c72e-82ca-4960-9552-1b034bd347e5,1.3,,stem;stimulus
apstat-u1-2-2a-variables-102018,71378b90-34ec-4b4c-a029-d7cb13725c64,6601901c-a560-458d-bcb5-4766e3e1e807,ap-statistics,mcq,1,1.2,Variables,template_prepass,high,Assigned to 1.2 because the template prepass evidence matches Variables.,,true,false,dae3c72e-82ca-4960-9552-1b034bd347e5,1.3,,stem;stimulus
apstat-u1-2-2a-variables-102019,407e995d-702e-46eb-9b2e-8c4d2a7ca9d3,eb4193c3-6f45-428b-84a7-2086604ae151,ap-statistics,mcq,1,1.2,Variables,template_prepass,high,Assigned to 1.2 because the template prepass evidence matches Variables.,,true,false,dae3c72e-82ca-4960-9552-1b034bd347e5,1.3,,stem;stimulus
apstat-u1-5-3a-graphs-105000,22d66f90-7b45-4d26-b001-57d0f9c845e6,edf7d3eb-11fc-4088-b25b-1c7190cb7ab5,ap-statistics,mcq,1,1.5,Graphical Representations for One Quantitative Variable,template_prepass,high,Assigned to 1.5 because the template prepass evidence matches Graphical Representations for One Quantitative Variable.,,true,false,dae3c72e-82ca-4960-9552-1b034bd347e5,1.3,,stem;stimulus
apstat-u1-5-3a-graphs-105001,f17cb555-9907-4710-b8ad-81640e5c7307,06caa6ed-db82-4327-a298-e7e735f94af6,ap-statistics,mcq,1,1.5,Graphical Representations for One Quantitative Variable,template_prepass,high,Assigned to 1.5 because the template prepass evidence matches Graphical Representations for One Quantitative Variable.,,true,false,dae3c72e-82ca-4960-9552-1b034bd347e5,1.3,,stem;stimulus
apstat-u1-5-3a-graphs-105002,f50bd16b-76f1-4f32-8f08-85b3400e1d5e,8aaab649-5d1f-4a05-9814-daab2c9eba53,ap-statistics,mcq,1,1.5,Graphical Representations for One Quantitative Variable,template_prepass,high,Assigned to 1.5 because the template prepass evidence matches Graphical Representations for One Quantitative Variable.,,true,false,dae3c72e-82ca-4960-9552-1b034bd347e5,1.3,,stem;stimulus
apstat-u1-5-3a-graphs-105003,f4f5c833-4a97-4874-aa6b-775658f783ce,6b0d9c38-4b11-4157-97a0-d0c70d4ecb84,ap-statistics,mcq,1,1.5,Graphical Representations for One Quantitative Variable,template_prepass,high,Assigned to 1.5 because the template prepass evidence matches Graphical Representations for One Quantitative Variable.,,true,false,dae3c72e-82ca-4960-9552-1b034bd347e5,1.3,,stem;stimulus
apstat-u1-5-3a-graphs-105004,d9850838-27a8-48c6-8dea-ff46dbace6e8,259bb09f-3404-4269-8351-75bd47a06a69,ap-statistics,mcq,1,1.5,Graphical Representations for One Quantitative Variable,template_prepass,high,Assigned to 1.5 because the template prepass evidence matches Graphical Representations for One Quantitative Variable.,,true,false,dae3c72e-82ca-4960-9552-1b034bd347e5,1.3,,stem;stimulus
apstat-u1-5-3a-graphs-105005,9432e5a1-29d0-4dc8-ab3c-92bb2b9a6bcd,f3fa703e-80e4-4dc6-9a5c-eca981e9f978,ap-statistics,mcq,1,1.5,Graphical Representations for One Quantitative Variable,template_prepass,high,Assigned to 1.5 because the template prepass evidence matches Graphical Representations for One Quantitative Variable.,,true,false,dae3c72e-82ca-4960-9552-1b034bd347e5,1.3,,stem;stimulus
apstat-u1-5-3a-graphs-105006,4680fa25-b743-45b4-89d4-cc1c54ac325e,10986d9c-861e-417b-a7d1-83a0f6db069a,ap-statistics,mcq,1,1.5,Graphical Representations for One Quantitative Variable,template_prepass,high,Assigned to 1.5 because the template prepass evidence matches Graphical Representations for One Quantitative Variable.,,true,false,dae3c72e-82ca-4960-9552-1b034bd347e5,1.3,,stem;stimulus
apstat-u1-5-3a-graphs-105007,601aadfe-e7e1-4eca-9a28-9a749a63b7ce,cc1836a1-ebfa-4f76-a64b-544d0132571f,ap-statistics,mcq,1,1.5,Graphical Representations for One Quantitative Variable,template_prepass,high,Assigned to 1.5 because the template prepass evidence matches Graphical Representations for One Quantitative Variable.,,true,false,dae3c72e-82ca-4960-9552-1b034bd347e5,1.3,,stem;stimulus
apstat-u1-5-3a-graphs-105008,cd922413-6ef6-47fc-9a08-3acd7b292326,9da820de-95d3-467e-b76b-570c0cc3c0aa,ap-statistics,mcq,1,1.5,Graphical Representations for One Quantitative Variable,template_prepass,high,Assigned to 1.5 because the template prepass evidence matches Graphical Representations for One Quantitative Variable.,,true,false,dae3c72e-82ca-4960-9552-1b034bd347e5,1.3,,stem;stimulus
apstat-u1-5-3a-graphs-105009,34d7a4cc-677e-4aa5-bdcf-ea67228c2a1b,39bd2331-5756-4909-aa43-721757e5880c,ap-statistics,mcq,1,1.5,Graphical Representations for One Quantitative Variable,template_prepass,high,Assigned to 1.5 because the template prepass evidence matches Graphical Representations for One Quantitative Variable.,,true,false,dae3c72e-82ca-4960-9552-1b034bd347e5,1.3,,stem;stimulus
apstat-u1-5-3a-graphs-105010,9f40c065-12f7-4eb4-8583-1af6a780e141,837ab53c-6074-4a09-af7e-3f2021534d3f,ap-statistics,mcq,1,1.5,Graphical Representations for One Quantitative Variable,template_prepass,high,Assigned to 1.5 because the template prepass evidence matches Graphical Representations for One Quantitative Variable.,,true,false,dae3c72e-82ca-4960-9552-1b034bd347e5,1.3,,stem;stimulus
apstat-u1-5-3a-graphs-105011,baa12732-edbe-4e0a-b44c-3f569784b818,11a6ff3c-757f-4b5e-91e2-393b77c677c2,ap-statistics,mcq,1,1.5,Graphical Representations for One Quantitative Variable,template_prepass,high,Assigned to 1.5 because the template prepass evidence matches Graphical Representations for One Quantitative Variable.,,true,false,dae3c72e-82ca-4960-9552-1b034bd347e5,1.3,,stem;stimulus
apstat-u1-5-3a-graphs-105012,26203ac7-b8c3-49e8-97f3-843cdfc42ca4,818f47ba-55fc-4e87-979b-27d054bfc1dd,ap-statistics,mcq,1,1.5,Graphical Representations for One Quantitative Variable,template_prepass,high,Assigned to 1.5 because the template prepass evidence matches Graphical Representations for One Quantitative Variable.,,true,false,dae3c72e-82ca-4960-9552-1b034bd347e5,1.3,,stem;stimulus
apstat-u1-5-3a-graphs-105013,ef2a690e-76ab-4809-8f3b-1e1f2ef3a81b,708563b5-6131-477e-a243-a1e8d80670ca,ap-statistics,mcq,1,1.5,Graphical Representations for One Quantitative Variable,template_prepass,high,Assigned to 1.5 because the template prepass evidence matches Graphical Representations for One Quantitative Variable.,,true,false,dae3c72e-82ca-4960-9552-1b034bd347e5,1.3,,stem;stimulus
apstat-u1-5-3a-graphs-105014,65d894e7-0d2b-4221-874d-0fd7d441f1da,459c4ae6-5b18-4cd6-a826-18e7b9fbd609,ap-statistics,mcq,1,1.5,Graphical Representations for One Quantitative Variable,template_prepass,high,Assigned to 1.5 because the template prepass evidence matches Graphical Representations for One Quantitative Variable.,,true,false,dae3c72e-82ca-4960-9552-1b034bd347e5,1.3,,stem;stimulus
apstat-u1-5-3a-graphs-105015,477f8b3e-22cc-46e8-9581-beda87b7ef08,157c6134-dfdb-4119-b0af-6a65230e7bd6,ap-statistics,mcq,1,1.5,Graphical Representations for One Quantitative Variable,template_prepass,high,Assigned to 1.5 because the template prepass evidence matches Graphical Representations for One Quantitative Variable.,,true,false,dae3c72e-82ca-4960-9552-1b034bd347e5,1.3,,stem;stimulus
apstat-u1-5-3a-graphs-105016,c686fe19-43f5-40b7-bddd-9588d92cd95e,f01ee017-3470-4b78-9194-6580f4796022,ap-statistics,mcq,1,1.5,Graphical Representations for One Quantitative Variable,template_prepass,high,Assigned to 1.5 because the template prepass evidence matches Graphical Representations for One Quantitative Variable.,,true,false,dae3c72e-82ca-4960-9552-1b034bd347e5,1.3,,stem;stimulus
apstat-u1-5-3a-graphs-105017,2157bd77-ee62-4e55-8eef-26e769e3f929,55ed4d91-4ec0-4d21-8456-a7f5c5ad94c2,ap-statistics,mcq,1,1.5,Graphical Representations for One Quantitative Variable,template_prepass,high,Assigned to 1.5 because the template prepass evidence matches Graphical Representations for One Quantitative Variable.,,true,false,dae3c72e-82ca-4960-9552-1b034bd347e5,1.3,,stem;stimulus
apstat-u1-5-3a-graphs-105018,ff425057-b916-4853-ac9b-319561e2440b,b691074e-99aa-4a64-bee6-34595939fda3,ap-statistics,mcq,1,1.5,Graphical Representations for One Quantitative Variable,template_prepass,high,Assigned to 1.5 because the template prepass evidence matches Graphical Representations for One Quantitative Variable.,,true,false,dae3c72e-82ca-4960-9552-1b034bd347e5,1.3,,stem;stimulus
apstat-u1-5-3a-graphs-105019,7fed113a-8dc5-4162-9124-4e472bb861d8,9ba43cb0-0dcd-4a34-89fc-d6b4fccfa96e,ap-statistics,mcq,1,1.5,Graphical Representations for One Quantitative Variable,template_prepass,high,Assigned to 1.5 because the template prepass evidence matches Graphical Representations for One Quantitative Variable.,,true,false,dae3c72e-82ca-4960-9552-1b034bd347e5,1.3,,stem;stimulus
apstat-u1-6-4a-distribution-106000,3ca0d36f-10d7-42b0-8e05-1abdbc7df96f,53803b17-5d07-4e98-a928-eb3c4002ee81,ap-statistics,mcq,1,1.6,Descriptions for One Quantitative Variable Distributions,template_prepass,high,Assigned to 1.6 because the template prepass evidence matches Descriptions for One Quantitative Variable Distributions.,,true,false,dae3c72e-82ca-4960-9552-1b034bd347e5,1.7,,stem;stimulus
apstat-u1-6-4a-distribution-106001,385f10c3-a893-4aac-b9b8-695452c37f92,e9791104-98ad-47b3-a5b0-68c1a76a4a08,ap-statistics,mcq,1,1.6,Descriptions for One Quantitative Variable Distributions,template_prepass,high,Assigned to 1.6 because the template prepass evidence matches Descriptions for One Quantitative Variable Distributions.,,true,false,dae3c72e-82ca-4960-9552-1b034bd347e5,1.7,,stem;stimulus
apstat-u1-6-4a-distribution-106002,cbc1bb4a-4ad7-4d94-8b5e-d0b46935b323,3d1f357d-2e6e-44e8-93d0-83cdecb8b7a1,ap-statistics,mcq,1,1.6,Descriptions for One Quantitative Variable Distributions,template_prepass,high,Assigned to 1.6 because the template prepass evidence matches Descriptions for One Quantitative Variable Distributions.,,true,false,dae3c72e-82ca-4960-9552-1b034bd347e5,1.7,,stem;stimulus
apstat-u1-6-4a-distribution-106003,0699fd98-5975-4e40-bb66-10f5d9b0bedb,4346f247-1c51-474e-a085-54ba2634e5de,ap-statistics,mcq,1,1.6,Descriptions for One Quantitative Variable Distributions,template_prepass,high,Assigned to 1.6 because the template prepass evidence matches Descriptions for One Quantitative Variable Distributions.,,true,false,dae3c72e-82ca-4960-9552-1b034bd347e5,1.7,,stem;stimulus
apstat-u1-6-4a-distribution-106004,d884687c-3870-4d79-b684-cadd1152875f,95a13ca1-384e-4ca2-b5aa-0ff3278180d6,ap-statistics,mcq,1,1.6,Descriptions for One Quantitative Variable Distributions,template_prepass,high,Assigned to 1.6 because the template prepass evidence matches Descriptions for One Quantitative Variable Distributions.,,true,false,dae3c72e-82ca-4960-9552-1b034bd347e5,1.7,,stem;stimulus
apstat-u1-6-4a-distribution-106005,0d808171-b06a-4155-a02b-e386d485c24e,e1e73b15-b833-4b0d-8fc5-86c8268faf35,ap-statistics,mcq,1,1.6,Descriptions for One Quantitative Variable Distributions,template_prepass,high,Assigned to 1.6 because the template prepass evidence matches Descriptions for One Quantitative Variable Distributions.,,true,false,dae3c72e-82ca-4960-9552-1b034bd347e5,1.7,,stem;stimulus
apstat-u1-6-4a-distribution-106006,e281a7d0-83d8-48a8-9986-a7c3d265cf4c,192513c0-14b5-4da1-8eb5-c743fb14b892,ap-statistics,mcq,1,1.6,Descriptions for One Quantitative Variable Distributions,template_prepass,high,Assigned to 1.6 because the template prepass evidence matches Descriptions for One Quantitative Variable Distributions.,,true,false,dae3c72e-82ca-4960-9552-1b034bd347e5,1.7,,stem;stimulus
apstat-u1-6-4a-distribution-106007,fa848c20-7799-4707-bcec-fdf737ed9a95,4d014f30-2e3d-4539-a864-3c0570f33e75,ap-statistics,mcq,1,1.6,Descriptions for One Quantitative Variable Distributions,template_prepass,high,Assigned to 1.6 because the template prepass evidence matches Descriptions for One Quantitative Variable Distributions.,,true,false,dae3c72e-82ca-4960-9552-1b034bd347e5,1.7,,stem;stimulus
apstat-u1-6-4a-distribution-106008,3426719a-5a17-4b68-943f-2d05e4e08144,5c721504-e1ac-4db4-8fdb-e543711a13ac,ap-statistics,mcq,1,1.6,Descriptions for One Quantitative Variable Distributions,template_prepass,high,Assigned to 1.6 because the template prepass evidence matches Descriptions for One Quantitative Variable Distributions.,,true,false,dae3c72e-82ca-4960-9552-1b034bd347e5,1.7,,stem;stimulus
apstat-u1-6-4a-distribution-106009,8f6b2202-b6c4-4935-aae5-4bcc198a975f,410ac655-3bf5-40de-9a81-05fe97f1f7b0,ap-statistics,mcq,1,1.6,Descriptions for One Quantitative Variable Distributions,template_prepass,high,Assigned to 1.6 because the template prepass evidence matches Descriptions for One Quantitative Variable Distributions.,,true,false,dae3c72e-82ca-4960-9552-1b034bd347e5,1.7,,stem;stimulus
apstat-u1-6-4a-distribution-106010,52ca1742-9dc5-4de6-9ca9-5fcfc9e60e0a,e2ed723f-15e2-4111-85e3-e506ebb7e734,ap-statistics,mcq,1,1.6,Descriptions for One Quantitative Variable Distributions,template_prepass,high,Assigned to 1.6 because the template prepass evidence matches Descriptions for One Quantitative Variable Distributions.,,true,false,dae3c72e-82ca-4960-9552-1b034bd347e5,1.7,,stem;stimulus
apstat-u1-6-4a-distribution-106011,1e5d852b-96bb-4751-a86f-31a728a28eca,54e7b807-3142-4d01-90c4-6b3006dfcc82,ap-statistics,mcq,1,1.6,Descriptions for One Quantitative Variable Distributions,template_prepass,high,Assigned to 1.6 because the template prepass evidence matches Descriptions for One Quantitative Variable Distributions.,,true,false,dae3c72e-82ca-4960-9552-1b034bd347e5,1.7,,stem;stimulus
apstat-u1-6-4a-distribution-106012,660ac6e9-8791-4f67-af4d-7394d603b724,3eded8d5-0886-49d4-9dd1-ef06da7d3326,ap-statistics,mcq,1,1.6,Descriptions for One Quantitative Variable Distributions,template_prepass,high,Assigned to 1.6 because the template prepass evidence matches Descriptions for One Quantitative Variable Distributions.,,true,false,dae3c72e-82ca-4960-9552-1b034bd347e5,1.7,,stem;stimulus
apstat-u1-6-4a-distribution-106013,a3b69385-65ed-438b-bcc8-4ab08402e0f7,00688c7f-bae6-44cd-8ec8-c43a49e01737,ap-statistics,mcq,1,1.6,Descriptions for One Quantitative Variable Distributions,template_prepass,high,Assigned to 1.6 because the template prepass evidence matches Descriptions for One Quantitative Variable Distributions.,,true,false,dae3c72e-82ca-4960-9552-1b034bd347e5,1.7,,stem;stimulus
apstat-u1-6-4a-distribution-106014,9405e091-854b-40b0-809f-810670b784d6,85c28fac-1032-4b35-b21d-9d02f8141458,ap-statistics,mcq,1,1.6,Descriptions for One Quantitative Variable Distributions,template_prepass,high,Assigned to 1.6 because the template prepass evidence matches Descriptions for One Quantitative Variable Distributions.,,true,false,dae3c72e-82ca-4960-9552-1b034bd347e5,1.7,,stem;stimulus
apstat-u1-6-4a-distribution-106015,10f12376-b73c-4f75-a333-dcf4cfe7d95a,ccd3230d-81df-40d0-a3f2-e0aeb0a5fd93,ap-statistics,mcq,1,1.6,Descriptions for One Quantitative Variable Distributions,template_prepass,high,Assigned to 1.6 because the template prepass evidence matches Descriptions for One Quantitative Variable Distributions.,,true,false,dae3c72e-82ca-4960-9552-1b034bd347e5,1.7,,stem;stimulus
apstat-u1-6-4a-distribution-106016,30ca4e3a-f012-4fd7-a1c8-880cebd6ec73,ea9f18ee-e496-4899-b5e9-8b425f3f23a0,ap-statistics,mcq,1,1.6,Descriptions for One Quantitative Variable Distributions,template_prepass,high,Assigned to 1.6 because the template prepass evidence matches Descriptions for One Quantitative Variable Distributions.,,true,false,dae3c72e-82ca-4960-9552-1b034bd347e5,1.7,,stem;stimulus
apstat-u1-6-4a-distribution-106017,11d10283-18e9-4639-b04a-05a3218afd90,d1e9239a-f227-42fc-922b-1ecec9d9a6a5,ap-statistics,mcq,1,1.6,Descriptions for One Quantitative Variable Distributions,template_prepass,high,Assigned to 1.6 because the template prepass evidence matches Descriptions for One Quantitative Variable Distributions.,,true,false,dae3c72e-82ca-4960-9552-1b034bd347e5,1.7,,stem;stimulus
apstat-u1-6-4a-distribution-106018,dd4ba5ac-3d18-4253-a572-6a5c20883e0e,426e0da5-333a-4ce4-b3da-7aecd5f2e0f5,ap-statistics,mcq,1,1.6,Descriptions for One Quantitative Variable Distributions,template_prepass,high,Assigned to 1.6 because the template prepass evidence matches Descriptions for One Quantitative Variable Distributions.,,true,false,dae3c72e-82ca-4960-9552-1b034bd347e5,1.7,,stem;stimulus
apstat-u1-6-4a-distribution-106019,30f2fef2-37ec-4699-9f49-a79de2152285,f578c6fb-a8e1-44be-9971-d2b2b7ccb5ee,ap-statistics,mcq,1,1.6,Descriptions for One Quantitative Variable Distributions,template_prepass,high,Assigned to 1.6 because the template prepass evidence matches Descriptions for One Quantitative Variable Distributions.,,true,false,dae3c72e-82ca-4960-9552-1b034bd347e5,1.7,,stem;stimulus
apstat-u1-8-3a-boxplots-108000,ce2689ff-d88e-495a-afd8-872a7143f475,bffbe1af-f57c-416f-b128-2320077b39e6,ap-statistics,mcq,1,1.8,Graphical Representations of Summary Statistics for One Quantitative Variable,template_prepass,high,Assigned to 1.8 because the template prepass evidence matches Graphical Representations of Summary Statistics for One Quantitative Variable.,,true,false,dae3c72e-82ca-4960-9552-1b034bd347e5,1.7,,stem;stimulus
apstat-u1-8-3a-boxplots-108001,1b26150d-b5f3-453e-962a-4d4865235b7c,bb98e5c3-dc58-450a-853c-1fd44aded09b,ap-statistics,mcq,1,1.8,Graphical Representations of Summary Statistics for One Quantitative Variable,template_prepass,high,Assigned to 1.8 because the template prepass evidence matches Graphical Representations of Summary Statistics for One Quantitative Variable.,,true,false,dae3c72e-82ca-4960-9552-1b034bd347e5,1.7,,stem;stimulus
apstat-u1-8-3a-boxplots-108002,f53bf38a-6080-43d0-b5fb-8f9cc9ae38e3,6d99b36e-8ef1-4f38-afba-a9231ccee2bb,ap-statistics,mcq,1,1.8,Graphical Representations of Summary Statistics for One Quantitative Variable,template_prepass,high,Assigned to 1.8 because the template prepass evidence matches Graphical Representations of Summary Statistics for One Quantitative Variable.,,true,false,dae3c72e-82ca-4960-9552-1b034bd347e5,1.7,,stem;stimulus
apstat-u1-8-3a-boxplots-108003,fbed1115-c94f-49df-91b4-1d656732fc78,20b8d2b5-d845-465b-962e-1a4dbfe597e8,ap-statistics,mcq,1,1.8,Graphical Representations of Summary Statistics for One Quantitative Variable,template_prepass,high,Assigned to 1.8 because the template prepass evidence matches Graphical Representations of Summary Statistics for One Quantitative Variable.,,true,false,dae3c72e-82ca-4960-9552-1b034bd347e5,1.7,,stem;stimulus
apstat-u1-8-3a-boxplots-108004,e7d38a9a-629d-44ca-a59e-a8c58db89d9e,0b505e5d-1355-4575-a584-e61a8c1b9f06,ap-statistics,mcq,1,1.8,Graphical Representations of Summary Statistics for One Quantitative Variable,template_prepass,high,Assigned to 1.8 because the template prepass evidence matches Graphical Representations of Summary Statistics for One Quantitative Variable.,,true,false,dae3c72e-82ca-4960-9552-1b034bd347e5,1.7,,stem;stimulus
apstat-u1-8-3a-boxplots-108005,1df1c563-2bf3-4453-aa78-9ad1718039e7,036cf802-f4ed-4448-b89f-117b9c9d701a,ap-statistics,mcq,1,1.8,Graphical Representations of Summary Statistics for One Quantitative Variable,template_prepass,high,Assigned to 1.8 because the template prepass evidence matches Graphical Representations of Summary Statistics for One Quantitative Variable.,,true,false,dae3c72e-82ca-4960-9552-1b034bd347e5,1.7,,stem;stimulus
apstat-u1-8-3a-boxplots-108006,358839a0-14cd-4702-af86-534181592afd,245394ea-c2cb-4d44-abd5-b12ec35dbf36,ap-statistics,mcq,1,1.8,Graphical Representations of Summary Statistics for One Quantitative Variable,template_prepass,high,Assigned to 1.8 because the template prepass evidence matches Graphical Representations of Summary Statistics for One Quantitative Variable.,,true,false,dae3c72e-82ca-4960-9552-1b034bd347e5,1.7,,stem;stimulus
apstat-u1-8-3a-boxplots-108007,d35d0eab-5f50-43a8-9838-eb9933c002db,1144ed76-dcb4-4b1b-9747-5105ebddda66,ap-statistics,mcq,1,1.8,Graphical Representations of Summary Statistics for One Quantitative Variable,template_prepass,high,Assigned to 1.8 because the template prepass evidence matches Graphical Representations of Summary Statistics for One Quantitative Variable.,,true,false,dae3c72e-82ca-4960-9552-1b034bd347e5,1.7,,stem;stimulus
apstat-u1-8-3a-boxplots-108008,6d248b16-f668-45a6-8420-3e6e027b4740,7cca8e15-23fb-4124-addd-531f6f40e0b8,ap-statistics,mcq,1,1.8,Graphical Representations of Summary Statistics for One Quantitative Variable,template_prepass,high,Assigned to 1.8 because the template prepass evidence matches Graphical Representations of Summary Statistics for One Quantitative Variable.,,true,false,dae3c72e-82ca-4960-9552-1b034bd347e5,1.7,,stem;stimulus
apstat-u1-8-3a-boxplots-108009,bc68b41b-dfa0-4fdd-9c59-1a47ed7a9ffd,8aad47d4-8d04-4955-83df-93c42a991f69,ap-statistics,mcq,1,1.8,Graphical Representations of Summary Statistics for One Quantitative Variable,template_prepass,high,Assigned to 1.8 because the template prepass evidence matches Graphical Representations of Summary Statistics for One Quantitative Variable.,,true,false,dae3c72e-82ca-4960-9552-1b034bd347e5,1.7,,stem;stimulus
apstat-u1-8-3a-boxplots-108010,9ba067a5-45ce-463e-add4-87c4cd1b6c54,895a9d37-ce1e-44e4-b066-fc328919053c,ap-statistics,mcq,1,1.8,Graphical Representations of Summary Statistics for One Quantitative Variable,template_prepass,high,Assigned to 1.8 because the template prepass evidence matches Graphical Representations of Summary Statistics for One Quantitative Variable.,,true,false,dae3c72e-82ca-4960-9552-1b034bd347e5,1.7,,stem;stimulus
apstat-u1-8-3a-boxplots-108011,42874775-2b14-47ae-9bce-61e4d8d590b3,cefea208-41e5-4d4c-bc0f-4b1b00ace207,ap-statistics,mcq,1,1.8,Graphical Representations of Summary Statistics for One Quantitative Variable,template_prepass,high,Assigned to 1.8 because the template prepass evidence matches Graphical Representations of Summary Statistics for One Quantitative Variable.,,true,false,dae3c72e-82ca-4960-9552-1b034bd347e5,1.7,,stem;stimulus
apstat-u1-8-3a-boxplots-108012,6f90363e-bd3b-415e-bc89-5095e86b36be,8c2489c5-1506-45f8-ab75-dbc3b4ac7a83,ap-statistics,mcq,1,1.8,Graphical Representations of Summary Statistics for One Quantitative Variable,template_prepass,high,Assigned to 1.8 because the template prepass evidence matches Graphical Representations of Summary Statistics for One Quantitative Variable.,,true,false,dae3c72e-82ca-4960-9552-1b034bd347e5,1.7,,stem;stimulus
apstat-u1-8-3a-boxplots-108013,4ea074e2-f29e-4f03-b59b-f927e0c1deeb,3786ebb6-abb1-4c1d-b9eb-8389853956ee,ap-statistics,mcq,1,1.8,Graphical Representations of Summary Statistics for One Quantitative Variable,template_prepass,high,Assigned to 1.8 because the template prepass evidence matches Graphical Representations of Summary Statistics for One Quantitative Variable.,,true,false,dae3c72e-82ca-4960-9552-1b034bd347e5,1.7,,stem;stimulus
apstat-u1-8-3a-boxplots-108014,a30f1ce8-6515-4a6b-b36a-6fe8d50f6639,72a0a9d0-e84e-44e6-ad19-119cef76a7aa,ap-statistics,mcq,1,1.8,Graphical Representations of Summary Statistics for One Quantitative Variable,template_prepass,high,Assigned to 1.8 because the template prepass evidence matches Graphical Representations of Summary Statistics for One Quantitative Variable.,,true,false,dae3c72e-82ca-4960-9552-1b034bd347e5,1.7,,stem;stimulus
apstat-u1-8-3a-boxplots-108015,779526c4-2360-438b-baa5-d2bc386181e5,f6427d75-d05c-435e-a714-7f9bdd6b2f26,ap-statistics,mcq,1,1.8,Graphical Representations of Summary Statistics for One Quantitative Variable,template_prepass,high,Assigned to 1.8 because the template prepass evidence matches Graphical Representations of Summary Statistics for One Quantitative Variable.,,true,false,dae3c72e-82ca-4960-9552-1b034bd347e5,1.7,,stem;stimulus
apstat-u1-8-3a-boxplots-108016,74f6ab83-aadc-450f-92c4-41b2521de3fe,a957949e-6139-454b-a10e-4615140dc1cd,ap-statistics,mcq,1,1.8,Graphical Representations of Summary Statistics for One Quantitative Variable,template_prepass,high,Assigned to 1.8 because the template prepass evidence matches Graphical Representations of Summary Statistics for One Quantitative Variable.,,true,false,dae3c72e-82ca-4960-9552-1b034bd347e5,1.7,,stem;stimulus
apstat-u1-8-3a-boxplots-108017,6cb109cb-beb8-4e70-8d90-10151efa2fc3,9872c6ff-823d-4dc7-a983-a64f5acd7d0a,ap-statistics,mcq,1,1.8,Graphical Representations of Summary Statistics for One Quantitative Variable,template_prepass,high,Assigned to 1.8 because the template prepass evidence matches Graphical Representations of Summary Statistics for One Quantitative Variable.,,true,false,dae3c72e-82ca-4960-9552-1b034bd347e5,1.7,,stem;stimulus
apstat-u1-8-3a-boxplots-108018,163fe08f-02f5-4be0-8c80-5642bb60f332,d3ad83b1-2a1a-4b66-8bf5-eda06b972f7d,ap-statistics,mcq,1,1.8,Graphical Representations of Summary Statistics for One Quantitative Variable,template_prepass,high,Assigned to 1.8 because the template prepass evidence matches Graphical Representations of Summary Statistics for One Quantitative Variable.,,true,false,dae3c72e-82ca-4960-9552-1b034bd347e5,1.7,,stem;stimulus
apstat-u1-8-3a-boxplots-108019,4f43f68d-b4b3-420b-b1a3-2800823ead6f,9e89b5f9-5ca5-44d7-8c43-fb42ac47f855,ap-statistics,mcq,1,1.8,Graphical Representations of Summary Statistics for One Quantitative Variable,template_prepass,high,Assigned to 1.8 because the template prepass evidence matches Graphical Representations of Summary Statistics for One Quantitative Variable.,,true,false,dae3c72e-82ca-4960-9552-1b034bd347e5,1.7,,stem;stimulus
apstat-u1-11-2a-sampling-101000,ed001230-8216-4f24-b63f-4428bdbd07bf,ca642ac4-96cb-4b23-9e88-da13c8eac754,ap-statistics,mcq,1,1.11,Random Sampling,template_prepass,high,Assigned to 1.11 because the template prepass evidence matches Random Sampling.,,false,false,dae3c72e-82ca-4960-9552-1b034bd347e5,1.11,,stem;stimulus
apstat-u1-11-2a-sampling-101001,c4065503-53cb-4638-b4a5-509ea51f5832,861bce02-e6e8-4649-98cf-b518f72fd076,ap-statistics,mcq,1,1.11,Random Sampling,template_prepass,high,Assigned to 1.11 because the template prepass evidence matches Random Sampling.,,true,false,dae3c72e-82ca-4960-9552-1b034bd347e5,4.1,sampling_method_mislabel,stem;stimulus
apstat-u1-11-2a-sampling-101002,317421de-3cf0-42d7-b77b-0020b7fe8161,6b0de0b8-65d2-4122-9b6c-ebe02001f9f0,ap-statistics,mcq,1,1.11,Random Sampling,template_prepass,high,Assigned to 1.11 because the template prepass evidence matches Random Sampling.,,true,false,dae3c72e-82ca-4960-9552-1b034bd347e5,4.1,sampling_method_mislabel,stem;stimulus
apstat-u1-11-2a-sampling-101003,4c8036bb-8dd3-4b95-869d-986c9fe6fa45,b9b2d3b7-10ab-43df-88e2-037ca5d76dd4,ap-statistics,mcq,1,1.11,Random Sampling,template_prepass,high,Assigned to 1.11 because the template prepass evidence matches Random Sampling.,,false,false,dae3c72e-82ca-4960-9552-1b034bd347e5,1.11,,stem;stimulus
apstat-u1-11-2a-sampling-101004,0cb5ece5-3e26-480c-bfca-4d9c478c3a6c,4478c18a-02cd-44dd-81be-ee8a9d0ee00c,ap-statistics,mcq,1,1.11,Random Sampling,template_prepass,high,Assigned to 1.11 because the template prepass evidence matches Random Sampling.,,true,false,dae3c72e-82ca-4960-9552-1b034bd347e5,4.1,sampling_method_mislabel,stem;stimulus
apstat-u1-11-2a-sampling-101005,6752d045-8afa-4236-a3a1-16f59a86a1a1,c75f67fd-7d08-486f-98e5-712d4ba89f42,ap-statistics,mcq,1,1.11,Random Sampling,template_prepass,high,Assigned to 1.11 because the template prepass evidence matches Random Sampling.,,false,false,dae3c72e-82ca-4960-9552-1b034bd347e5,1.11,,stem;stimulus
apstat-u1-11-2a-sampling-101006,b4248cbe-53e4-4672-ab53-79d272f2358a,e9775608-55dc-41e4-ab99-de8faca7b94d,ap-statistics,mcq,1,1.11,Random Sampling,template_prepass,high,Assigned to 1.11 because the template prepass evidence matches Random Sampling.,,true,false,dae3c72e-82ca-4960-9552-1b034bd347e5,4.1,sampling_method_mislabel,stem;stimulus
apstat-u1-11-2a-sampling-101007,f912b3c2-f978-4e25-93e0-e9ac8de4b501,66f6c8a1-516a-48b4-b6ce-c810067402b5,ap-statistics,mcq,1,1.11,Random Sampling,template_prepass,high,Assigned to 1.11 because the template prepass evidence matches Random Sampling.,,false,false,dae3c72e-82ca-4960-9552-1b034bd347e5,1.11,,stem;stimulus
apstat-u1-11-2a-sampling-101008,a4090ab8-7e79-401b-846a-3d6c09b3e9d2,ea43384a-ae8d-42d1-9a75-69a6cf58c879,ap-statistics,mcq,1,1.11,Random Sampling,template_prepass,high,Assigned to 1.11 because the template prepass evidence matches Random Sampling.,,false,false,dae3c72e-82ca-4960-9552-1b034bd347e5,1.11,,stem;stimulus
apstat-u1-11-2a-sampling-101009,2324bef6-f678-4ec9-9d62-f6266f2ee940,a9a2fecf-bde6-402d-940b-d1fc721b2482,ap-statistics,mcq,1,1.11,Random Sampling,template_prepass,high,Assigned to 1.11 because the template prepass evidence matches Random Sampling.,,false,false,dae3c72e-82ca-4960-9552-1b034bd347e5,1.11,,stem;stimulus
apstat-u1-11-2a-sampling-101010,8a2c4b33-ea79-4b25-9cd9-430b38c29421,99fcad39-dfd9-4457-9c27-24a3b1b34bce,ap-statistics,mcq,1,1.11,Random Sampling,template_prepass,high,Assigned to 1.11 because the template prepass evidence matches Random Sampling.,,false,false,dae3c72e-82ca-4960-9552-1b034bd347e5,1.11,,stem;stimulus
apstat-u1-11-2a-sampling-101011,3c95c5c6-9ceb-4259-9b6e-489b7df8449c,14df5714-513c-47cf-93cd-97cebbfa40be,ap-statistics,mcq,1,1.11,Random Sampling,template_prepass,high,Assigned to 1.11 because the template prepass evidence matches Random Sampling.,,true,false,dae3c72e-82ca-4960-9552-1b034bd347e5,4.1,sampling_method_mislabel,stem;stimulus
apstat-u1-11-2a-sampling-101012,69d691b2-ab0e-4ef4-82d6-57f74a749145,483f70ff-ae6f-4261-8198-28fb90c9f2d6,ap-statistics,mcq,1,1.11,Random Sampling,template_prepass,high,Assigned to 1.11 because the template prepass evidence matches Random Sampling.,,true,false,dae3c72e-82ca-4960-9552-1b034bd347e5,4.1,sampling_method_mislabel,stem;stimulus
apstat-u1-11-2a-sampling-101013,f9bc58a1-cf19-4bf8-a13f-773b1df6154a,2112bb92-5445-4d3d-80f5-fe4986284f49,ap-statistics,mcq,1,1.11,Random Sampling,template_prepass,high,Assigned to 1.11 because the template prepass evidence matches Random Sampling.,,true,false,dae3c72e-82ca-4960-9552-1b034bd347e5,4.1,sampling_method_mislabel,stem;stimulus
apstat-u1-11-2a-sampling-101014,f5b3dfb1-c7b4-41cf-a09c-9b3f2d8085ea,683c60f2-7cbe-4c0a-8dab-0422f3769626,ap-statistics,mcq,1,1.11,Random Sampling,template_prepass,high,Assigned to 1.11 because the template prepass evidence matches Random Sampling.,,false,false,dae3c72e-82ca-4960-9552-1b034bd347e5,1.11,,stem;stimulus
apstat-u1-11-2a-sampling-101015,6eddea6b-645a-4c02-9af1-880c64505fdb,da2cb6fb-d66a-4c6e-8808-02e43ba9fe9a,ap-statistics,mcq,1,1.11,Random Sampling,template_prepass,high,Assigned to 1.11 because the template prepass evidence matches Random Sampling.,,true,false,dae3c72e-82ca-4960-9552-1b034bd347e5,4.1,sampling_method_mislabel,stem;stimulus
apstat-u1-11-2a-sampling-101016,06229693-b034-4e11-b074-4937da5fc2d3,8e64198d-832d-4685-ad2f-d942cc1a784b,ap-statistics,mcq,1,1.11,Random Sampling,template_prepass,high,Assigned to 1.11 because the template prepass evidence matches Random Sampling.,,true,false,dae3c72e-82ca-4960-9552-1b034bd347e5,4.1,sampling_method_mislabel,stem;stimulus
apstat-u1-11-2a-sampling-101017,6f05c86a-044f-4152-af3c-b2d61b79fbce,f2446f14-58c8-42dc-b3ed-f10279af3ce4,ap-statistics,mcq,1,1.11,Random Sampling,template_prepass,high,Assigned to 1.11 because the template prepass evidence matches Random Sampling.,,false,false,dae3c72e-82ca-4960-9552-1b034bd347e5,1.11,,stem;stimulus
apstat-u1-11-2a-sampling-101018,423e45b5-0ce4-4a9c-bdb9-c5c695ab4cfd,11ff67d1-0e2b-4690-9c31-7efd5338ea51,ap-statistics,mcq,1,1.11,Random Sampling,template_prepass,high,Assigned to 1.11 because the template prepass evidence matches Random Sampling.,,true,false,dae3c72e-82ca-4960-9552-1b034bd347e5,4.1,sampling_method_mislabel,stem;stimulus
apstat-u1-11-2a-sampling-101019,842aa22c-4a0d-49cc-b91c-4f994f30d2db,a65843f7-ed44-448c-8757-2f4e0f0ec535,ap-statistics,mcq,1,1.11,Random Sampling,template_prepass,high,Assigned to 1.11 because the template prepass evidence matches Random Sampling.,,true,false,dae3c72e-82ca-4960-9552-1b034bd347e5,4.1,sampling_method_mislabel,stem;stimulus
apstat-u1-12-2a-bias-101200,d1c1f39c-eca0-4dae-83c0-f26527434067,d66f586e-f220-4c19-8589-9a4513b81116,ap-statistics,mcq,1,1.12,Potential Problems with Sampling,template_prepass,high,Assigned to 1.12 because the template prepass evidence matches Potential Problems with Sampling.,,true,false,dae3c72e-82ca-4960-9552-1b034bd347e5,1.10,,stem;stimulus
apstat-u1-12-2a-bias-101201,3b2603e2-43e4-4636-a099-54213b0da429,3cf79953-82cd-45ee-99d5-8abd0fd20329,ap-statistics,mcq,1,1.12,Potential Problems with Sampling,template_prepass,high,Assigned to 1.12 because the template prepass evidence matches Potential Problems with Sampling.,,true,false,dae3c72e-82ca-4960-9552-1b034bd347e5,1.10,,stem;stimulus
apstat-u1-12-2a-bias-101202,d098685b-e0aa-40b2-8151-b635ff0960b0,af4f87d5-2072-4996-beb8-ce1bc86fc649,ap-statistics,mcq,1,1.12,Potential Problems with Sampling,template_prepass,high,Assigned to 1.12 because the template prepass evidence matches Potential Problems with Sampling.,,true,false,dae3c72e-82ca-4960-9552-1b034bd347e5,1.10,,stem;stimulus
apstat-u1-12-2a-bias-101203,dbf24537-14df-4cb2-89bb-b1822498074b,3c8994a0-28a9-4a14-ab54-00b387983465,ap-statistics,mcq,1,1.12,Potential Problems with Sampling,template_prepass,high,Assigned to 1.12 because the template prepass evidence matches Potential Problems with Sampling.,,true,false,dae3c72e-82ca-4960-9552-1b034bd347e5,1.10,,stem;stimulus
apstat-u1-12-2a-bias-101204,db16900a-bd4a-4bae-881b-1852327a1269,f7c4d9c2-e55b-4516-a624-f0f81459045a,ap-statistics,mcq,1,1.12,Potential Problems with Sampling,template_prepass,high,Assigned to 1.12 because the template prepass evidence matches Potential Problems with Sampling.,,true,false,dae3c72e-82ca-4960-9552-1b034bd347e5,1.1,,stem;stimulus
apstat-u1-12-2a-bias-101205,6bc15dd8-2089-482d-af27-cd34a10bb6cf,abfb42e9-44a6-4551-9d4a-d701918f0314,ap-statistics,mcq,1,1.12,Potential Problems with Sampling,template_prepass,high,Assigned to 1.12 because the template prepass evidence matches Potential Problems with Sampling.,,true,false,dae3c72e-82ca-4960-9552-1b034bd347e5,1.10,,stem;stimulus
apstat-u1-12-2a-bias-101206,684f24ed-ad59-448f-8946-1b8ac06178bf,f177b16e-6fe8-4cad-a33d-7db6131e4cca,ap-statistics,mcq,1,1.12,Potential Problems with Sampling,template_prepass,high,Assigned to 1.12 because the template prepass evidence matches Potential Problems with Sampling.,,true,false,dae3c72e-82ca-4960-9552-1b034bd347e5,1.10,,stem;stimulus
apstat-u1-12-2a-bias-101207,2ce51f8f-ecf6-4031-8cdf-f482e8f1b5ee,458af08d-839f-438c-a67c-347d0590bb7d,ap-statistics,mcq,1,1.12,Potential Problems with Sampling,template_prepass,high,Assigned to 1.12 because the template prepass evidence matches Potential Problems with Sampling.,,true,false,dae3c72e-82ca-4960-9552-1b034bd347e5,1.10,,stem;stimulus
apstat-u1-12-2a-bias-101208,3db0702b-34ea-4bf7-a032-544722d08c39,ed6356c4-4a86-491d-a133-5cb11f943a49,ap-statistics,mcq,1,1.12,Potential Problems with Sampling,template_prepass,high,Assigned to 1.12 because the template prepass evidence matches Potential Problems with Sampling.,,true,false,dae3c72e-82ca-4960-9552-1b034bd347e5,1.10,,stem;stimulus
apstat-u1-12-2a-bias-101209,4a77f708-7445-40c4-a9cd-1a9662caf647,ab6b15fd-5c2b-4fb7-a155-ad383aeac8e7,ap-statistics,mcq,1,1.12,Potential Problems with Sampling,template_prepass,high,Assigned to 1.12 because the template prepass evidence matches Potential Problems with Sampling.,,true,false,dae3c72e-82ca-4960-9552-1b034bd347e5,1.10,,stem;stimulus
apstat-u1-12-2a-bias-101210,799e01e4-4998-48a9-81f7-39e24e5e7d21,2ccd915a-43db-45c8-a2f6-28d99deb75de,ap-statistics,mcq,1,1.12,Potential Problems with Sampling,template_prepass,high,Assigned to 1.12 because the template prepass evidence matches Potential Problems with Sampling.,,true,false,dae3c72e-82ca-4960-9552-1b034bd347e5,1.10,,stem;stimulus
apstat-u1-12-2a-bias-101211,1353182c-7fd1-41ce-b231-582737980d35,9ab50be0-51a9-422d-8b4b-ec9c54d56052,ap-statistics,mcq,1,1.12,Potential Problems with Sampling,template_prepass,high,Assigned to 1.12 because the template prepass evidence matches Potential Problems with Sampling.,,true,false,dae3c72e-82ca-4960-9552-1b034bd347e5,1.10,,stem;stimulus
apstat-u1-12-2a-bias-101212,cb01f0f2-a4d9-4abf-940c-1f58626bf162,61af280b-f4f9-471a-8f2e-602c77cae3d1,ap-statistics,mcq,1,1.12,Potential Problems with Sampling,template_prepass,high,Assigned to 1.12 because the template prepass evidence matches Potential Problems with Sampling.,,true,false,dae3c72e-82ca-4960-9552-1b034bd347e5,1.10,,stem;stimulus
apstat-u1-12-2a-bias-101213,48e03b22-3821-4f54-b8e9-787ce3878252,05ea5fbe-6ebb-4f41-993a-63a4162ed812,ap-statistics,mcq,1,1.12,Potential Problems with Sampling,template_prepass,high,Assigned to 1.12 because the template prepass evidence matches Potential Problems with Sampling.,,true,false,dae3c72e-82ca-4960-9552-1b034bd347e5,1.10,,stem;stimulus
apstat-u1-12-2a-bias-101214,1b43c739-1bf9-4def-b0b2-15b0e08cc6aa,2f1bcba9-4537-4c3e-915b-0318f208eb80,ap-statistics,mcq,1,1.12,Potential Problems with Sampling,template_prepass,high,Assigned to 1.12 because the template prepass evidence matches Potential Problems with Sampling.,,true,false,dae3c72e-82ca-4960-9552-1b034bd347e5,1.10,,stem;stimulus
apstat-u1-12-2a-bias-101215,1b428340-8bb1-44b7-8451-a3c2cd0c3919,6ad4660e-3f98-4645-afbf-40df07d65e33,ap-statistics,mcq,1,1.12,Potential Problems with Sampling,template_prepass,high,Assigned to 1.12 because the template prepass evidence matches Potential Problems with Sampling.,,true,false,dae3c72e-82ca-4960-9552-1b034bd347e5,1.10,,stem;stimulus
apstat-u1-12-2a-bias-101216,71952051-0fe0-43d0-90e9-b9822bfa8528,146f9992-629d-41d9-beeb-5bfbf6a36464,ap-statistics,mcq,1,1.12,Potential Problems with Sampling,template_prepass,high,Assigned to 1.12 because the template prepass evidence matches Potential Problems with Sampling.,,true,false,dae3c72e-82ca-4960-9552-1b034bd347e5,1.10,,stem;stimulus
apstat-u1-12-2a-bias-101217,5d6f11a0-250a-40fd-b64c-382bb30ddb39,b2519e69-e523-46e4-af2e-38a2d7f7621f,ap-statistics,mcq,1,1.12,Potential Problems with Sampling,template_prepass,high,Assigned to 1.12 because the template prepass evidence matches Potential Problems with Sampling.,,true,false,dae3c72e-82ca-4960-9552-1b034bd347e5,1.10,,stem;stimulus
apstat-u1-12-2a-bias-101218,7fe2adb8-31b6-4766-9541-bc640fde234f,61941a51-a83c-4263-965f-e1ab37cd2f49,ap-statistics,mcq,1,1.12,Potential Problems with Sampling,template_prepass,high,Assigned to 1.12 because the template prepass evidence matches Potential Problems with Sampling.,,true,false,dae3c72e-82ca-4960-9552-1b034bd347e5,1.10,,stem;stimulus
apstat-u1-12-2a-bias-101219,967276c3-d74d-47b1-aadc-6eab7cd85185,96b09fb6-b46d-45d2-bcea-85a86b2fa135,ap-statistics,mcq,1,1.12,Potential Problems with Sampling,template_prepass,high,Assigned to 1.12 because the template prepass evidence matches Potential Problems with Sampling.,,true,false,dae3c72e-82ca-4960-9552-1b034bd347e5,1.10,,stem;stimulus
apstat-u1-13-2a-design-101300,27fd7a11-b48b-4aea-84ac-871520cfd54f,0de29bd9-4fac-4a5e-bac7-e478a4764344,ap-statistics,mcq,1,1.13,Experimental Design,template_prepass,high,Assigned to 1.13 because the template prepass evidence matches Experimental Design.,,true,false,dae3c72e-82ca-4960-9552-1b034bd347e5,1.3,,stem;stimulus
apstat-u1-13-2a-design-101301,73d1ffcb-3fb7-403c-b967-1fe5c2384eb8,66047ac7-b547-4afe-8e1f-16db8ab7c231,ap-statistics,mcq,1,1.13,Experimental Design,template_prepass,high,Assigned to 1.13 because the template prepass evidence matches Experimental Design.,,true,false,dae3c72e-82ca-4960-9552-1b034bd347e5,1.3,,stem;stimulus
apstat-u1-13-2a-design-101302,9afbc9c7-8a25-45ce-969d-9dddda1ef023,229aee0d-3d5e-45cc-ba45-d41bd92eb184,ap-statistics,mcq,1,1.13,Experimental Design,template_prepass,high,Assigned to 1.13 because the template prepass evidence matches Experimental Design.,,true,false,dae3c72e-82ca-4960-9552-1b034bd347e5,1.3,,stem;stimulus
apstat-u1-13-2a-design-101303,034f641f-ebcd-490f-8739-f22fe3bd7675,566bc991-0c50-4f3f-8c20-93dcad0729c5,ap-statistics,mcq,1,1.13,Experimental Design,template_prepass,high,Assigned to 1.13 because the template prepass evidence matches Experimental Design.,,true,false,dae3c72e-82ca-4960-9552-1b034bd347e5,2.2,,stem;stimulus
apstat-u1-13-2a-design-101304,23467258-fa4c-4312-8c4d-928051e1fa97,9fbaacae-650a-4617-97ee-7998845664b3,ap-statistics,mcq,1,1.13,Experimental Design,template_prepass,high,Assigned to 1.13 because the template prepass evidence matches Experimental Design.,,true,false,dae3c72e-82ca-4960-9552-1b034bd347e5,2.2,,stem;stimulus
apstat-u1-13-2a-design-101305,6137dac1-c29f-4ef5-8d81-3380526d80c6,8e15b8b9-0498-4499-8f94-b1939442a738,ap-statistics,mcq,1,1.13,Experimental Design,template_prepass,high,Assigned to 1.13 because the template prepass evidence matches Experimental Design.,,true,false,dae3c72e-82ca-4960-9552-1b034bd347e5,2.2,,stem;stimulus
apstat-u1-13-2a-design-101306,8ee8398a-adb9-4c6d-aabc-64fe01bf6dd4,aff2d491-b1cf-40a3-9926-c0e5ded2d9ac,ap-statistics,mcq,1,1.13,Experimental Design,template_prepass,high,Assigned to 1.13 because the template prepass evidence matches Experimental Design.,,true,false,dae3c72e-82ca-4960-9552-1b034bd347e5,1.3,,stem;stimulus
apstat-u1-13-2a-design-101307,6f241333-e14d-4dcb-aebc-369a8f0ae49f,22b218c1-ea32-4dae-a14d-c54856dd33d6,ap-statistics,mcq,1,1.13,Experimental Design,template_prepass,high,Assigned to 1.13 because the template prepass evidence matches Experimental Design.,,true,false,dae3c72e-82ca-4960-9552-1b034bd347e5,1.3,,stem;stimulus
apstat-u1-13-2a-design-101308,9c1dfa56-5fdb-4e0f-8898-fc2758beee65,686218a4-d548-431f-a5c6-0c52e232a3fb,ap-statistics,mcq,1,1.13,Experimental Design,template_prepass,high,Assigned to 1.13 because the template prepass evidence matches Experimental Design.,,true,false,dae3c72e-82ca-4960-9552-1b034bd347e5,1.3,,stem;stimulus
apstat-u1-13-2a-design-101309,3723ffa2-22fe-4e12-9e34-55d7de9636fe,205bb9ba-680d-4b28-8dca-bd629249ae77,ap-statistics,mcq,1,1.13,Experimental Design,template_prepass,high,Assigned to 1.13 because the template prepass evidence matches Experimental Design.,,true,false,dae3c72e-82ca-4960-9552-1b034bd347e5,1.3,,stem;stimulus
apstat-u1-13-2a-design-101310,3141ada2-c89d-466f-b88e-69811f4da68e,8a19ba3e-995e-4615-becd-ac80e785c7fd,ap-statistics,mcq,1,1.13,Experimental Design,template_prepass,high,Assigned to 1.13 because the template prepass evidence matches Experimental Design.,,true,false,dae3c72e-82ca-4960-9552-1b034bd347e5,2.2,,stem;stimulus
apstat-u1-13-2a-design-101311,8f40f9cc-afd9-465a-abe4-f6bd128e6ae2,5c36261a-9716-4c03-a06e-9680bc4b3e54,ap-statistics,mcq,1,1.13,Experimental Design,template_prepass,high,Assigned to 1.13 because the template prepass evidence matches Experimental Design.,,true,false,dae3c72e-82ca-4960-9552-1b034bd347e5,1.3,,stem;stimulus
apstat-u1-13-2a-design-101312,6f67d4aa-05ab-4575-b15d-41fb421fa700,1490a14d-0034-43c4-bb0f-9560469a4398,ap-statistics,mcq,1,1.13,Experimental Design,template_prepass,high,Assigned to 1.13 because the template prepass evidence matches Experimental Design.,,true,false,dae3c72e-82ca-4960-9552-1b034bd347e5,1.3,,stem;stimulus
apstat-u1-13-2a-design-101313,bf184b6f-3262-453a-b9db-d8357d1bdc5c,dc560ff8-5bbb-497d-8062-f62315cfb4bb,ap-statistics,mcq,1,1.13,Experimental Design,template_prepass,high,Assigned to 1.13 because the template prepass evidence matches Experimental Design.,,true,false,dae3c72e-82ca-4960-9552-1b034bd347e5,1.3,,stem;stimulus
apstat-u1-13-2a-design-101314,579cb034-9af3-4086-8dce-c3b31e3fc3dc,02fe60b7-0143-4764-96c5-daa4acc4e4d2,ap-statistics,mcq,1,1.13,Experimental Design,template_prepass,high,Assigned to 1.13 because the template prepass evidence matches Experimental Design.,,true,false,dae3c72e-82ca-4960-9552-1b034bd347e5,1.3,,stem;stimulus
apstat-u1-13-2a-design-101315,4fda0bce-5fe7-4372-a06f-7dbe7e96dd8e,c7812766-af41-4043-bdfc-df37930e0cff,ap-statistics,mcq,1,1.13,Experimental Design,template_prepass,high,Assigned to 1.13 because the template prepass evidence matches Experimental Design.,,true,false,dae3c72e-82ca-4960-9552-1b034bd347e5,1.1,,stem;stimulus
apstat-u1-13-2a-design-101316,5d649f97-945d-4f52-add2-01ac1ca39091,7cd0aa7d-1916-4c15-a233-3a4b06757365,ap-statistics,mcq,1,1.13,Experimental Design,template_prepass,high,Assigned to 1.13 because the template prepass evidence matches Experimental Design.,,true,false,dae3c72e-82ca-4960-9552-1b034bd347e5,1.3,,stem;stimulus
apstat-u1-13-2a-design-101317,c335cff3-9ad5-4ac8-a98b-c0e38bc9e49b,970b7d0e-fae0-4c90-82cd-c92e782d6281,ap-statistics,mcq,1,1.13,Experimental Design,template_prepass,high,Assigned to 1.13 because the template prepass evidence matches Experimental Design.,,true,false,dae3c72e-82ca-4960-9552-1b034bd347e5,1.3,,stem;stimulus
apstat-u1-13-2a-design-101318,8e910bd2-2932-4872-8ada-b2e16ca21eca,99861475-87a5-441b-aecc-1923a4da0c70,ap-statistics,mcq,1,1.13,Experimental Design,template_prepass,high,Assigned to 1.13 because the template prepass evidence matches Experimental Design.,,true,false,dae3c72e-82ca-4960-9552-1b034bd347e5,1.1,,stem;stimulus
apstat-u1-13-2a-design-101319,1664c00a-ce9c-4bc4-87ec-658c77683f3f,1af7e0c2-baef-4d7a-a47e-7c94b2c67a8d,ap-statistics,mcq,1,1.13,Experimental Design,template_prepass,high,Assigned to 1.13 because the template prepass evidence matches Experimental Design.,,true,false,dae3c72e-82ca-4960-9552-1b034bd347e5,1.3,,stem;stimulus
APSTATS-MCQ-001,ac0f6ad6-20a2-4de6-9d29-56f2eee9392a,bb73873d-0404-4f41-b895-3eefaae8d838,ap-statistics,mcq,1,1.7,Summary Statistics for One Quantitative Variable,legacy_metadata_crosswalk,high,Assigned to 1.7 because the legacy metadata crosswalk evidence matches Summary Statistics for One Quantitative Variable.,,true,false,dae3c72e-82ca-4960-9552-1b034bd347e5,2.2,,subtopics;stem;stimulus
APSTATS-MCQ-001-CAL,590cd7ea-cd9a-4a5e-832f-7a00c3f1b8e6,f0d82dd6-21d8-43bf-a786-d3eda22eb544,ap-statistics,mcq,1,1.7,Summary Statistics for One Quantitative Variable,legacy_metadata_crosswalk,high,Assigned to 1.7 because the legacy metadata crosswalk evidence matches Summary Statistics for One Quantitative Variable.,,true,false,dae3c72e-82ca-4960-9552-1b034bd347e5,2.2,,subtopics;stem;stimulus
APSTATS-MCQ-002,e4f2d003-4353-4a80-9b53-08f3a8d06ab1,cf31ff96-375b-423e-848f-61b25ed78db1,ap-statistics,mcq,1,1.7,Summary Statistics for One Quantitative Variable,legacy_metadata_crosswalk,high,Assigned to 1.7 because the legacy metadata crosswalk evidence matches Summary Statistics for One Quantitative Variable.,,true,false,dae3c72e-82ca-4960-9552-1b034bd347e5,4.6,,subtopics;stem;stimulus
APSTATS-MCQ-003-CAL,6c2e8617-66ed-484a-9fe2-d1bf33a0b5d5,669f220b-b06c-45e5-98fd-9500811ffffb,ap-statistics,mcq,5,5.3,Linear Regression Models,legacy_metadata_crosswalk,high,Assigned to 5.3 because the legacy metadata crosswalk evidence matches Linear Regression Models.,,true,false,dae3c72e-82ca-4960-9552-1b034bd347e5,5.5,,subtopics;stem;stimulus
APSTATS-MCQ-004,61b590c1-2e52-4bc6-ad7e-399de26f0670,ff356650-a4ab-465f-b88c-07034c430457,ap-statistics,mcq,5,5.4,Residuals,legacy_metadata_crosswalk,high,Assigned to 5.4 because the legacy metadata crosswalk evidence matches Residuals.,,true,false,dae3c72e-82ca-4960-9552-1b034bd347e5,5.5,,subtopics;stem;stimulus
APSTATS-MCQ-004-CAL,de9b4998-3e88-45ef-aeda-9a238571ebbb,64612ee1-a24d-4587-a1a3-25d50b4706e8,ap-statistics,mcq,5,5.4,Residuals,legacy_metadata_crosswalk,high,Assigned to 5.4 because the legacy metadata crosswalk evidence matches Residuals.,,true,false,dae3c72e-82ca-4960-9552-1b034bd347e5,5.5,,subtopics;stem;stimulus
APSTATS-MCQ-005,9c06fe8a-ef4e-4ba7-9f78-26a08ade67d1,c9d98aaa-7a1c-443e-9ba1-9d35f20765b5,ap-statistics,mcq,1,1.13,Experimental Design,legacy_metadata_crosswalk,high,Assigned to 1.13 because the legacy metadata crosswalk evidence matches Experimental Design.,,true,false,dae3c72e-82ca-4960-9552-1b034bd347e5,3.11,,subtopics;stem;stimulus
APSTATS-MCQ-005-CAL,33ee0e0e-4cb3-431e-bf76-f4f622c2e6ab,9a951e40-ade8-4f65-a19d-fd60ef927a77,ap-statistics,mcq,1,1.13,Experimental Design,legacy_metadata_crosswalk,high,Assigned to 1.13 because the legacy metadata crosswalk evidence matches Experimental Design.,,true,false,dae3c72e-82ca-4960-9552-1b034bd347e5,3.11,,subtopics;stem;stimulus
APSTATS-MCQ-006,ac4b7d87-2e8d-4d69-ba25-fd764e6b497f,52baca14-9fb0-4cfb-91c7-6dba0aed87bf,ap-statistics,mcq,1,1.13,Experimental Design,legacy_metadata_crosswalk,high,Assigned to 1.13 because the legacy metadata crosswalk evidence matches Experimental Design.,,false,false,dae3c72e-82ca-4960-9552-1b034bd347e5,1.13,,subtopics;stem;stimulus
APSTATS-MCQ-006-CAL,acce1443-26d8-463a-91df-414604d7036c,34dfa75b-703d-4c8b-9d2f-52469c5b23ef,ap-statistics,mcq,1,1.13,Experimental Design,legacy_metadata_crosswalk,high,Assigned to 1.13 because the legacy metadata crosswalk evidence matches Experimental Design.,,false,false,dae3c72e-82ca-4960-9552-1b034bd347e5,1.13,,subtopics;stem;stimulus
APSTATS-MCQ-008-CAL,291e1dc4-ce1d-45c9-9a3d-ed206fb5397c,b5b551fb-d92c-49d8-9c08-cf64334cf5ba,ap-statistics,mcq,2,2.9,Parameters of Random Variables,legacy_metadata_crosswalk,high,Assigned to 2.9 because the legacy metadata crosswalk evidence matches Parameters of Random Variables.,,true,false,dae3c72e-82ca-4960-9552-1b034bd347e5,2.2,,subtopics;stem;stimulus
APSTATS-MCQ-009,4da611b4-f14f-4478-8a40-2ed9744477c4,94f4f048-f75c-49f5-8945-0711142dadbb,ap-statistics,mcq,4,4.1,Sampling Distributions for Sample Means,legacy_metadata_crosswalk,high,Assigned to 4.1 because the legacy metadata crosswalk evidence matches Sampling Distributions for Sample Means.,,true,false,dae3c72e-82ca-4960-9552-1b034bd347e5,2.12,,subtopics;stem;stimulus
APSTATS-MCQ-009-CAL,e5d16b42-7b57-440b-b3a4-c044bd8c773c,ed8f2081-caa5-41ce-9f66-ba8e67863cfd,ap-statistics,mcq,4,4.1,Sampling Distributions for Sample Means,legacy_metadata_crosswalk,high,Assigned to 4.1 because the legacy metadata crosswalk evidence matches Sampling Distributions for Sample Means.,,true,false,dae3c72e-82ca-4960-9552-1b034bd347e5,2.12,,subtopics;stem;stimulus
APSTATS-MCQ-010-CAL,8d27f7fd-b55c-4931-a2e5-2ac4c9f4daed,2b5f7fbb-aa4c-456d-99b0-0773f8b14e24,ap-statistics,mcq,3,3.2,Sampling Distributions for Sample Proportions,legacy_metadata_crosswalk,high,Assigned to 3.2 because the legacy metadata crosswalk evidence matches Sampling Distributions for Sample Proportions.,,false,false,dae3c72e-82ca-4960-9552-1b034bd347e5,3.2,,subtopics;stem;stimulus
APSTATS-MCQ-011,65238ef6-b008-4543-a3cb-018a6b7c8451,fdd35952-554d-47c4-ae1d-254e9a43c2e1,ap-statistics,mcq,3,3.4,Justifying a Claim Based on a Confidence Interval for a Population Proportion,legacy_metadata_crosswalk,high,Assigned to 3.4 because the legacy metadata crosswalk evidence matches Justifying a Claim Based on a Confidence Interval for a Population Proportion.,,false,false,dae3c72e-82ca-4960-9552-1b034bd347e5,3.4,,subtopics;stem;stimulus
APSTATS-MCQ-011-CAL,82f24da9-556c-4266-b163-ba2147e558db,473ac72e-cb6a-4bba-91b6-6a97907a0f72,ap-statistics,mcq,3,3.4,Justifying a Claim Based on a Confidence Interval for a Population Proportion,legacy_metadata_crosswalk,high,Assigned to 3.4 because the legacy metadata crosswalk evidence matches Justifying a Claim Based on a Confidence Interval for a Population Proportion.,,false,false,dae3c72e-82ca-4960-9552-1b034bd347e5,3.4,,subtopics;stem;stimulus
APSTATS-MCQ-013,4fe5bc8e-8efc-4ac2-8ef2-d235c2321941,9c035e67-3d3c-4318-957d-ae5eba0eda62,ap-statistics,mcq,4,4.2,Constructing a Confidence Interval for a Population Mean or Population Mean Difference,legacy_metadata_crosswalk,high,Assigned to 4.2 because the legacy metadata crosswalk evidence matches Constructing a Confidence Interval for a Population Mean or Population Mean Difference.,,false,false,dae3c72e-82ca-4960-9552-1b034bd347e5,4.2,,subtopics;stem;stimulus
APSTATS-MCQ-013-CAL,5692c37e-d47e-4d0d-8163-6cf2321aff90,24df5444-b2fc-4fa0-8295-abb0fe064a84,ap-statistics,mcq,4,4.2,Constructing a Confidence Interval for a Population Mean or Population Mean Difference,legacy_metadata_crosswalk,high,Assigned to 4.2 because the legacy metadata crosswalk evidence matches Constructing a Confidence Interval for a Population Mean or Population Mean Difference.,,true,false,dae3c72e-82ca-4960-9552-1b034bd347e5,4.3,,subtopics;stem;stimulus
APSTATS-MCQ-014,2ad32dd5-dee0-48f1-a624-a2b57e127d74,d7ac1584-cdac-47a3-8705-e90c3930dab1,ap-statistics,mcq,4,4.4,Setting Up a Test for a Population Mean or Population Mean Difference,legacy_metadata_crosswalk,high,Assigned to 4.4 because the legacy metadata crosswalk evidence matches Setting Up a Test for a Population Mean or Population Mean Difference.,,true,false,dae3c72e-82ca-4960-9552-1b034bd347e5,3.12,,subtopics;stem;stimulus
APSTATS-MCQ-014-CAL,37267cf0-b493-4d79-8991-9716023331c8,52109b9e-9a20-43ef-b443-42f9558e4305,ap-statistics,mcq,4,4.4,Setting Up a Test for a Population Mean or Population Mean Difference,legacy_metadata_crosswalk,high,Assigned to 4.4 because the legacy metadata crosswalk evidence matches Setting Up a Test for a Population Mean or Population Mean Difference.,,true,false,dae3c72e-82ca-4960-9552-1b034bd347e5,3.11,,subtopics;stem;stimulus
APSTATS-MCQ-016-CAL,6911479d-3b9f-48ae-bd28-f28f775ba509,2bdcb47c-2ed4-402f-a1a1-e33577d8a15d,ap-statistics,mcq,3,3.14,Setting Up a Chi-Square Test for Homogeneity or Independence,legacy_metadata_crosswalk,high,Assigned to 3.14 because the legacy metadata crosswalk evidence matches Setting Up a Chi-Square Test for Homogeneity or Independence.,,false,false,dae3c72e-82ca-4960-9552-1b034bd347e5,3.14,,subtopics;stem;stimulus
APSTATS-MCQ-018-CAL,347b8d6e-259e-4ba5-a2c7-19911381cf51,6134fe00-5bbe-469b-a58d-a882b7e57c79,ap-statistics,mcq,5,5.3,Linear Regression Models,legacy_metadata_crosswalk,high,Assigned to 5.3 because the legacy metadata crosswalk evidence matches Linear Regression Models.,,true,false,dae3c72e-82ca-4960-9552-1b034bd347e5,3.13,,subtopics;stem;stimulus
APSTATS-MCQ-019,6f807db9-169e-4ee4-be80-c4a87658a003,fbde3145-2edc-418a-807b-8ad205dedf84,ap-statistics,mcq,1,1.7,Summary Statistics for One Quantitative Variable,legacy_metadata_crosswalk,high,Assigned to 1.7 because the legacy metadata crosswalk evidence matches Summary Statistics for One Quantitative Variable.,,true,false,dae3c72e-82ca-4960-9552-1b034bd347e5,1.3,,subtopics;stem;stimulus
APSTATS-MCQ-020,fe0b6b43-ebfa-413e-b762-878e5b9713a5,7141715f-825a-4e51-be11-dabb120371ca,ap-statistics,mcq,1,1.7,Summary Statistics for One Quantitative Variable,legacy_metadata_crosswalk,high,Assigned to 1.7 because the legacy metadata crosswalk evidence matches Summary Statistics for One Quantitative Variable.,,true,false,dae3c72e-82ca-4960-9552-1b034bd347e5,4.3,,subtopics;stem;stimulus
APSTATS-MCQ-021,18ae04f7-9b87-4ff6-969f-21aefc78c42c,d3588284-6905-4667-b11b-e9d270410f0f,ap-statistics,mcq,1,1.7,Summary Statistics for One Quantitative Variable,legacy_metadata_crosswalk,high,Assigned to 1.7 because the legacy metadata crosswalk evidence matches Summary Statistics for One Quantitative Variable.,,true,false,dae3c72e-82ca-4960-9552-1b034bd347e5,1.3,,subtopics;stem;stimulus
APSTATS-MCQ-022,14499662-732a-400a-8b05-644cc91b3d93,ee90a501-d6ae-4a4e-9d1b-2dba077782df,ap-statistics,mcq,1,1.6,Descriptions for One Quantitative Variable Distributions,legacy_metadata_crosswalk,high,Assigned to 1.6 because the legacy metadata crosswalk evidence matches Descriptions for One Quantitative Variable Distributions.,,true,false,dae3c72e-82ca-4960-9552-1b034bd347e5,1.3,,subtopics;stem;stimulus
APSTATS-MCQ-023,35f102c0-6006-430e-976a-716915fc017a,8e478e2a-08ac-41c1-9048-f345cc3df2bb,ap-statistics,mcq,1,1.7,Summary Statistics for One Quantitative Variable,legacy_metadata_crosswalk,high,Assigned to 1.7 because the legacy metadata crosswalk evidence matches Summary Statistics for One Quantitative Variable.,,true,false,dae3c72e-82ca-4960-9552-1b034bd347e5,4.3,,subtopics;stem;stimulus
APSTATS-MCQ-024,997bc646-fe66-4c6c-b66f-d5244d3e97cf,07dc1163-1dad-411a-b70a-c4254b309fe2,ap-statistics,mcq,1,1.7,Summary Statistics for One Quantitative Variable,legacy_metadata_crosswalk,high,Assigned to 1.7 because the legacy metadata crosswalk evidence matches Summary Statistics for One Quantitative Variable.,,true,false,dae3c72e-82ca-4960-9552-1b034bd347e5,3.11,,subtopics;stem;stimulus
APSTATS-MCQ-025,bb6e2770-4f62-4701-9432-9d0410fdfcfa,dbb8de03-54d2-4f6a-b0e4-ed3a92f702e6,ap-statistics,mcq,1,1.8,Graphical Representations of Summary Statistics for One Quantitative Variable,legacy_metadata_crosswalk,high,Assigned to 1.8 because the legacy metadata crosswalk evidence matches Graphical Representations of Summary Statistics for One Quantitative Variable.,,true,false,dae3c72e-82ca-4960-9552-1b034bd347e5,1.1,,subtopics;stem;stimulus
APSTATS-MCQ-026,6f8c5dd3-3aca-4cc3-a5fc-26583442abc8,d9e286a3-74b3-4844-ab0a-63ba55fd63be,ap-statistics,mcq,1,1.7,Summary Statistics for One Quantitative Variable,legacy_metadata_crosswalk,high,Assigned to 1.7 because the legacy metadata crosswalk evidence matches Summary Statistics for One Quantitative Variable.,,true,false,dae3c72e-82ca-4960-9552-1b034bd347e5,4.10,,subtopics;stem;stimulus
APSTATS-MCQ-027,40479152-0fbe-4c34-a845-d6978fb2a37c,7a108f76-cd92-41a2-979c-db6513fe9c17,ap-statistics,mcq,1,1.6,Descriptions for One Quantitative Variable Distributions,legacy_metadata_crosswalk,high,Assigned to 1.6 because the legacy metadata crosswalk evidence matches Descriptions for One Quantitative Variable Distributions.,,true,false,dae3c72e-82ca-4960-9552-1b034bd347e5,4.3,,subtopics;stem;stimulus
APSTATS-MCQ-028,88730e3f-91f9-4115-89df-7fe2a405d683,b088e116-7949-453f-be4d-bc89ce2d05ef,ap-statistics,mcq,5,5.2,Correlation,legacy_metadata_crosswalk,high,Assigned to 5.2 because the legacy metadata crosswalk evidence matches Correlation.,,true,false,dae3c72e-82ca-4960-9552-1b034bd347e5,2.2,,subtopics;stem;stimulus
APSTATS-MCQ-029,d95ab036-87a0-47ee-ba6e-7433b9dd8f5b,0f677e08-6a5f-4ff8-b464-a90ee5f255ee,ap-statistics,mcq,5,5.4,Residuals,legacy_metadata_crosswalk,high,Assigned to 5.4 because the legacy metadata crosswalk evidence matches Residuals.,,true,false,dae3c72e-82ca-4960-9552-1b034bd347e5,1.1,,subtopics;stem;stimulus
APSTATS-MCQ-030,3d4c14b4-84d0-4302-ba3d-8b9441b8c869,0a00c482-74fc-4a7a-8acf-9abbcb54596e,ap-statistics,mcq,5,5.3,Linear Regression Models,legacy_metadata_crosswalk,high,Assigned to 5.3 because the legacy metadata crosswalk evidence matches Linear Regression Models.,,true,false,dae3c72e-82ca-4960-9552-1b034bd347e5,4.3,,subtopics;stem;stimulus
APSTATS-MCQ-031,6ea124bf-3dee-40cb-8352-f35595e0c4f8,eb0ff391-566d-484b-9774-e2ab98dc28b3,ap-statistics,mcq,5,5.3,Linear Regression Models,legacy_metadata_crosswalk,high,Assigned to 5.3 because the legacy metadata crosswalk evidence matches Linear Regression Models.,,true,false,dae3c72e-82ca-4960-9552-1b034bd347e5,1.3,,subtopics;stem;stimulus
APSTATS-MCQ-032,e693fbc2-e0ff-410d-9552-c2ad9e3ebd67,cc3d551e-f0e0-400c-94b3-dc282aa0440a,ap-statistics,mcq,5,5.3,Linear Regression Models,legacy_metadata_crosswalk,high,Assigned to 5.3 because the legacy metadata crosswalk evidence matches Linear Regression Models.,,true,false,dae3c72e-82ca-4960-9552-1b034bd347e5,1.3,,subtopics;stem;stimulus
APSTATS-MCQ-033,8f418ec5-bb6f-4b5b-879c-72ea36d72bdf,745c5d49-8013-433e-a0e7-7f24217e8026,ap-statistics,mcq,5,5.2,Correlation,legacy_metadata_crosswalk,high,Assigned to 5.2 because the legacy metadata crosswalk evidence matches Correlation.,,true,false,dae3c72e-82ca-4960-9552-1b034bd347e5,2.2,,subtopics;stem;stimulus
APSTATS-MCQ-034,3473d939-a4ff-42f7-b40e-a5dd192c28ab,2de8949a-8ddb-46a7-85fc-35eebd0ace60,ap-statistics,mcq,5,5.5,Least-Squares Regression,legacy_metadata_crosswalk,high,Assigned to 5.5 because the legacy metadata crosswalk evidence matches Least-Squares Regression.,,true,false,dae3c72e-82ca-4960-9552-1b034bd347e5,1.1,,subtopics;stem;stimulus
APSTATS-MCQ-035,be65ce51-7d96-412e-91ee-74f468c4181f,6a25809a-3ded-457c-982a-920144983361,ap-statistics,mcq,5,5.5,Least-Squares Regression,legacy_metadata_crosswalk,high,Assigned to 5.5 because the legacy metadata crosswalk evidence matches Least-Squares Regression.,,false,false,dae3c72e-82ca-4960-9552-1b034bd347e5,5.5,,subtopics;stem;stimulus
APSTATS-MCQ-036,771a639a-1537-48bc-9807-f91675e701f2,86c4d1f9-5590-4a87-85f3-30a49904cabd,ap-statistics,mcq,5,5.2,Correlation,legacy_metadata_crosswalk,high,Assigned to 5.2 because the legacy metadata crosswalk evidence matches Correlation.,,true,false,dae3c72e-82ca-4960-9552-1b034bd347e5,1.3,unit_misclassification,subtopics;stem;stimulus
APSTATS-MCQ-037,3213356f-9a3e-47df-a521-f5d442875abf,b16c8b73-287e-427f-be64-f516b395ada9,ap-statistics,mcq,1,1.11,Random Sampling,legacy_metadata_crosswalk,high,Assigned to 1.11 because the legacy metadata crosswalk evidence matches Random Sampling.,,false,false,dae3c72e-82ca-4960-9552-1b034bd347e5,1.11,,subtopics;stem;stimulus
APSTATS-MCQ-038,3e4742b1-67fe-4389-ab41-463a4681e0b4,e0d8f8ae-9a57-4162-a5a2-bff62180c322,ap-statistics,mcq,1,1.11,Random Sampling,legacy_metadata_crosswalk,high,Assigned to 1.11 because the legacy metadata crosswalk evidence matches Random Sampling.,,true,false,dae3c72e-82ca-4960-9552-1b034bd347e5,3.2,,subtopics;stem;stimulus
APSTATS-MCQ-039,c62d4174-b221-427d-82e3-d3a2b3ce7dd4,9ede0596-b285-4fb6-b1df-717ed199b3a8,ap-statistics,mcq,1,1.13,Experimental Design,legacy_metadata_crosswalk,high,Assigned to 1.13 because the legacy metadata crosswalk evidence matches Experimental Design.,,false,false,dae3c72e-82ca-4960-9552-1b034bd347e5,1.13,,subtopics;stem;stimulus
APSTATS-MCQ-040,59b1077a-1584-47bc-a529-a9d06afa4c2b,72ff2392-7b2e-4949-95f5-d556d3fdd6ff,ap-statistics,mcq,1,1.13,Experimental Design,legacy_metadata_crosswalk,high,Assigned to 1.13 because the legacy metadata crosswalk evidence matches Experimental Design.,,true,false,dae3c72e-82ca-4960-9552-1b034bd347e5,1.11,,subtopics;stem;stimulus
APSTATS-MCQ-041,0e960a55-55c5-48d2-a135-2e35b13b258e,c180ab2b-d302-4e03-931c-f013a749f3f3,ap-statistics,mcq,1,1.13,Experimental Design,legacy_metadata_crosswalk,high,Assigned to 1.13 because the legacy metadata crosswalk evidence matches Experimental Design.,,true,false,dae3c72e-82ca-4960-9552-1b034bd347e5,2.2,,subtopics;stem;stimulus
APSTATS-MCQ-042,be4c4fcd-bd1c-4124-90cb-5b4b52c2f7e5,9fc61bee-5442-4161-ba09-21aed4627188,ap-statistics,mcq,1,1.13,Experimental Design,legacy_metadata_crosswalk,high,Assigned to 1.13 because the legacy metadata crosswalk evidence matches Experimental Design.,,true,false,dae3c72e-82ca-4960-9552-1b034bd347e5,2.8,,subtopics;stem;stimulus
APSTATS-MCQ-043,7c24861b-c7bf-490f-87dd-715a51560c7a,b198739b-0eaa-44bf-b553-d1b8e34f31a1,ap-statistics,mcq,1,1.12,Potential Problems with Sampling,legacy_metadata_crosswalk,high,Assigned to 1.12 because the legacy metadata crosswalk evidence matches Potential Problems with Sampling.,,true,false,dae3c72e-82ca-4960-9552-1b034bd347e5,1.1,,subtopics;stem;stimulus
APSTATS-MCQ-044,a69b9346-785c-45df-9f29-a6354052e402,f3ddd289-cd3b-4800-a413-1887573c4961,ap-statistics,mcq,1,1.13,Experimental Design,legacy_metadata_crosswalk,high,Assigned to 1.13 because the legacy metadata crosswalk evidence matches Experimental Design.,,true,false,dae3c72e-82ca-4960-9552-1b034bd347e5,1.1,,subtopics;stem;stimulus
APSTATS-MCQ-045,3c9929da-fef6-434a-8512-6d857f40c610,1825f66b-fd3d-46fa-89f1-b20f7c552895,ap-statistics,mcq,1,1.10,The Investigative Question Revisited and Data Collection,legacy_metadata_crosswalk,high,Assigned to 1.10 because the legacy metadata crosswalk evidence matches The Investigative Question Revisited and Data Collection.,,true,false,dae3c72e-82ca-4960-9552-1b034bd347e5,3.11,,subtopics;stem;stimulus
APSTATS-MCQ-046,a3d44672-c6f9-47c9-a716-47e2dc30be30,1b5b2fe3-9c91-469b-a753-4ca46a926432,ap-statistics,mcq,2,2.6,Conditional Probability,legacy_metadata_crosswalk,high,Assigned to 2.6 because the legacy metadata crosswalk evidence matches Conditional Probability.,,false,false,dae3c72e-82ca-4960-9552-1b034bd347e5,2.6,,subtopics;stem;stimulus
APSTATS-MCQ-047,423d231a-f0a2-4478-86ac-917bd38ddf91,f3989253-05a9-487a-80da-a9cc317c5a2a,ap-statistics,mcq,2,2.7,Independent Events and Unions of Events,legacy_metadata_crosswalk,high,Assigned to 2.7 because the legacy metadata crosswalk evidence matches Independent Events and Unions of Events.,,true,false,dae3c72e-82ca-4960-9552-1b034bd347e5,2.5,,subtopics;stem;stimulus
APSTATS-MCQ-048,1ef0193f-85d8-4769-b7cc-f30ef5d493b1,d73e4a76-8708-44e3-923c-c20ef2dce583,ap-statistics,mcq,2,2.6,Conditional Probability,legacy_metadata_crosswalk,high,Assigned to 2.6 because the legacy metadata crosswalk evidence matches Conditional Probability.,,true,false,dae3c72e-82ca-4960-9552-1b034bd347e5,2.2,,subtopics;stem;stimulus
APSTATS-MCQ-049,26523b4e-c77f-4ba9-a592-74386841c208,292ce937-5171-45cb-ab97-36848147b399,ap-statistics,mcq,2,2.9,Parameters of Random Variables,legacy_metadata_crosswalk,high,Assigned to 2.9 because the legacy metadata crosswalk evidence matches Parameters of Random Variables.,,true,false,dae3c72e-82ca-4960-9552-1b034bd347e5,1.1,,subtopics;stem;stimulus
APSTATS-MCQ-050,05e76206-dbf6-494f-81cb-a055bc6a3de7,d7e0f2f6-6450-4a15-b928-c8c176c147a4,ap-statistics,mcq,2,2.4,Introduction to Probability,legacy_metadata_crosswalk,high,Assigned to 2.4 because the legacy metadata crosswalk evidence matches Introduction to Probability.,,true,false,dae3c72e-82ca-4960-9552-1b034bd347e5,1.1,,subtopics;stem;stimulus
APSTATS-MCQ-051,22a1b712-6ab0-4c5a-a3b2-2b3b4e248f41,7a17fc0d-8a82-4271-bf6f-21690d9242b6,ap-statistics,mcq,2,2.5,Mutually Exclusive Events,legacy_metadata_crosswalk,high,Assigned to 2.5 because the legacy metadata crosswalk evidence matches Mutually Exclusive Events.,,false,false,dae3c72e-82ca-4960-9552-1b034bd347e5,2.5,,subtopics;stem;stimulus
APSTATS-MCQ-052,b33465a7-0f9a-4adc-91e2-1dfa175842eb,56e5bafc-b49c-40c1-8477-5901f84e308e,ap-statistics,mcq,2,2.10,The Binomial Distribution,legacy_metadata_crosswalk,high,Assigned to 2.10 because the legacy metadata crosswalk evidence matches The Binomial Distribution.,,true,false,dae3c72e-82ca-4960-9552-1b034bd347e5,2.8,,subtopics;stem;stimulus
APSTATS-MCQ-053,38c5be36-fd77-47be-b061-2f9e4d28fc75,606835ad-faa0-45de-9e59-fc31ea724592,ap-statistics,mcq,2,2.10,The Binomial Distribution,legacy_metadata_crosswalk,high,Assigned to 2.10 because the legacy metadata crosswalk evidence matches The Binomial Distribution.,,false,false,dae3c72e-82ca-4960-9552-1b034bd347e5,2.10,,subtopics;stem;stimulus
APSTATS-MCQ-054,e49b8e85-2737-4664-8846-abc96d89a8c5,b1c6dd0e-9be2-471b-986c-583e31c859d5,ap-statistics,mcq,2,2.7,Independent Events and Unions of Events,legacy_metadata_crosswalk,high,Assigned to 2.7 because the legacy metadata crosswalk evidence matches Independent Events and Unions of Events.,,true,false,dae3c72e-82ca-4960-9552-1b034bd347e5,1.3,,subtopics;stem;stimulus
APSTATS-MCQ-055,2cb12761-b0a8-421b-ab3f-8e66d36218b9,316fbac2-416c-4538-8ca1-ad2d9191ecdc,ap-statistics,mcq,4,4.1,Sampling Distributions for Sample Means,legacy_metadata_crosswalk,high,Assigned to 4.1 because the legacy metadata crosswalk evidence matches Sampling Distributions for Sample Means.,,true,false,dae3c72e-82ca-4960-9552-1b034bd347e5,3.11,,subtopics;stem;stimulus
APSTATS-MCQ-056,46f9669d-56fa-402c-9871-ef5b92646445,654002f4-3a24-4498-9e37-4879461a2816,ap-statistics,mcq,4,4.1,Sampling Distributions for Sample Means,legacy_metadata_crosswalk,high,Assigned to 4.1 because the legacy metadata crosswalk evidence matches Sampling Distributions for Sample Means.,,true,false,dae3c72e-82ca-4960-9552-1b034bd347e5,4.3,,subtopics;stem;stimulus
APSTATS-MCQ-057,80573ffb-e9b5-4507-b530-4b22e742e4e5,89cb0fc2-0252-4f31-ad05-5ac287e78a38,ap-statistics,mcq,4,4.1,Sampling Distributions for Sample Means,legacy_metadata_crosswalk,high,Assigned to 4.1 because the legacy metadata crosswalk evidence matches Sampling Distributions for Sample Means.,,true,false,dae3c72e-82ca-4960-9552-1b034bd347e5,2.12,,subtopics;stem;stimulus
APSTATS-MCQ-058,b5e36781-5f96-4734-a896-52e7d98ef57b,4cb2b3d6-4c27-4427-9bd9-75e486e63429,ap-statistics,mcq,4,4.2,Constructing a Confidence Interval for a Population Mean or Population Mean Difference,legacy_metadata_crosswalk,high,Assigned to 4.2 because the legacy metadata crosswalk evidence matches Constructing a Confidence Interval for a Population Mean or Population Mean Difference.,,true,false,dae3c72e-82ca-4960-9552-1b034bd347e5,3.4,,subtopics;stem;stimulus
APSTATS-MCQ-059,99eb17f3-cd99-40b3-9af4-465eb5193b11,e6bafd72-01af-4388-b8c0-8b604b3992a6,ap-statistics,mcq,4,4.1,Sampling Distributions for Sample Means,legacy_metadata_crosswalk,high,Assigned to 4.1 because the legacy metadata crosswalk evidence matches Sampling Distributions for Sample Means.,,true,false,dae3c72e-82ca-4960-9552-1b034bd347e5,3.11,,subtopics;stem;stimulus
APSTATS-MCQ-060,ecbf39b7-05c2-4632-9a78-126502a2fbc3,0ea7e612-9966-4a29-8b89-f5465316c4c1,ap-statistics,mcq,3,3.1,Estimators,legacy_metadata_crosswalk,high,Assigned to 3.1 because the legacy metadata crosswalk evidence matches Estimators.,,true,false,dae3c72e-82ca-4960-9552-1b034bd347e5,1.1,,subtopics;stem;stimulus
APSTATS-MCQ-061,e695f3ac-4910-47fc-b811-623bbebc730f,18a28599-e193-469f-a5c9-5bfd767a717b,ap-statistics,mcq,3,3.2,Sampling Distributions for Sample Proportions,legacy_metadata_crosswalk,high,Assigned to 3.2 because the legacy metadata crosswalk evidence matches Sampling Distributions for Sample Proportions.,,true,false,dae3c72e-82ca-4960-9552-1b034bd347e5,3.4,,subtopics;stem;stimulus
APSTATS-MCQ-062,fc7633e2-9b9e-4335-806e-199a64747862,ce3272ff-7837-4d4f-97af-55b1979fa1b6,ap-statistics,mcq,4,4.2,Constructing a Confidence Interval for a Population Mean or Population Mean Difference,legacy_metadata_crosswalk,high,Assigned to 4.2 because the legacy metadata crosswalk evidence matches Constructing a Confidence Interval for a Population Mean or Population Mean Difference.,,true,false,dae3c72e-82ca-4960-9552-1b034bd347e5,3.11,,subtopics;stem;stimulus
APSTATS-MCQ-063,98d10d3a-7eea-481a-854f-7daf0cb997d1,b0d4e487-4202-4edd-842b-c6d01b1d0768,ap-statistics,mcq,3,3.8,Potential Errors When Performing Tests,legacy_metadata_crosswalk,high,Assigned to 3.8 because the legacy metadata crosswalk evidence matches Potential Errors When Performing Tests.,,true,false,dae3c72e-82ca-4960-9552-1b034bd347e5,1.1,,subtopics;stem;stimulus
APSTATS-MCQ-064,18565f1d-4de3-4e88-9a41-92ed9c84c0fe,a5fe7a0c-182a-41a1-adeb-043534bf594f,ap-statistics,mcq,4,4.3,Justifying a Claim Based on a Confidence Interval for a Population Mean or Population Mean Difference,legacy_metadata_crosswalk,high,Assigned to 4.3 because the legacy metadata crosswalk evidence matches Justifying a Claim Based on a Confidence Interval for a Population Mean or Population Mean Difference.,,true,false,dae3c72e-82ca-4960-9552-1b034bd347e5,3.11,,subtopics;stem;stimulus
APSTATS-MCQ-065,0bf79bc4-d0ac-4066-95f6-faaf20382b79,1f797ea1-a552-4685-aca4-4f286a6e364a,ap-statistics,mcq,4,4.2,Constructing a Confidence Interval for a Population Mean or Population Mean Difference,legacy_metadata_crosswalk,high,Assigned to 4.2 because the legacy metadata crosswalk evidence matches Constructing a Confidence Interval for a Population Mean or Population Mean Difference.,,true,false,dae3c72e-82ca-4960-9552-1b034bd347e5,4.3,,subtopics;stem;stimulus
APSTATS-MCQ-066,e05caae8-c128-498d-ac50-99f7080be477,baddaff9-6859-4898-abd1-434dc0530278,ap-statistics,mcq,3,3.6,p-Values,legacy_metadata_crosswalk,high,Assigned to 3.6 because the legacy metadata crosswalk evidence matches p-Values.,,true,false,dae3c72e-82ca-4960-9552-1b034bd347e5,4.3,,subtopics;stem;stimulus
APSTATS-MCQ-067,bc8bf77c-c3a7-4d91-9862-642eb57d2eb4,8c4d5425-a4ed-4d80-b6a8-a30e08a243ed,ap-statistics,mcq,3,3.5,Setting Up a Test for a Population Proportion,legacy_metadata_crosswalk,high,Assigned to 3.5 because the legacy metadata crosswalk evidence matches Setting Up a Test for a Population Proportion.,,true,false,dae3c72e-82ca-4960-9552-1b034bd347e5,3.4,,subtopics;stem;stimulus
APSTATS-MCQ-068,1a9fd885-25de-419b-839f-197ca2a9e38d,fabe1511-27c6-4a53-a3ca-7482751b40ac,ap-statistics,mcq,4,4.10,Carrying Out a Test for the Difference Between Two Population Means,legacy_metadata_crosswalk,high,Assigned to 4.10 because the legacy metadata crosswalk evidence matches Carrying Out a Test for the Difference Between Two Population Means.,,true,false,dae3c72e-82ca-4960-9552-1b034bd347e5,1.1,,subtopics;stem;stimulus
APSTATS-MCQ-069,e518aac2-44b7-40ee-aac3-44ad595193e2,b7783182-aaf1-4ab6-b9c0-4ab603588b94,ap-statistics,mcq,4,4.4,Setting Up a Test for a Population Mean or Population Mean Difference,legacy_metadata_crosswalk,high,Assigned to 4.4 because the legacy metadata crosswalk evidence matches Setting Up a Test for a Population Mean or Population Mean Difference.,,true,false,dae3c72e-82ca-4960-9552-1b034bd347e5,1.3,,subtopics;stem;stimulus
APSTATS-MCQ-070,82889042-3bc1-486c-8200-b972410522d6,05ff0a70-0ce4-47e4-8310-7d9241ae2af1,ap-statistics,mcq,4,4.2,Constructing a Confidence Interval for a Population Mean or Population Mean Difference,legacy_metadata_crosswalk,high,Assigned to 4.2 because the legacy metadata crosswalk evidence matches Constructing a Confidence Interval for a Population Mean or Population Mean Difference.,,true,false,dae3c72e-82ca-4960-9552-1b034bd347e5,3.2,,subtopics;stem;stimulus
APSTATS-MCQ-071,bd79d09f-1998-45e2-a30a-376c213181df,e8114413-8afb-421c-9315-0d9362285834,ap-statistics,mcq,3,3.8,Potential Errors When Performing Tests,legacy_metadata_crosswalk,high,Assigned to 3.8 because the legacy metadata crosswalk evidence matches Potential Errors When Performing Tests.,,true,false,dae3c72e-82ca-4960-9552-1b034bd347e5,1.3,,subtopics;stem;stimulus
APSTATS-MCQ-072,5aa1ff51-39b1-4ac3-a648-e047574385a3,8e5235c6-e540-4f11-9e8a-7a7412af1956,ap-statistics,mcq,4,4.10,Carrying Out a Test for the Difference Between Two Population Means,legacy_metadata_crosswalk,high,Assigned to 4.10 because the legacy metadata crosswalk evidence matches Carrying Out a Test for the Difference Between Two Population Means.,,true,false,dae3c72e-82ca-4960-9552-1b034bd347e5,4.8,,subtopics;stem;stimulus
APSTATS-MCQ-073,303cedc1-1c82-4c56-b07b-5661a50cefae,79a46327-19e7-41df-9bcd-01d820f0d6d7,ap-statistics,mcq,2,2.2,Summary Statistics for Two Categorical Variables,legacy_metadata_crosswalk,high,Assigned to 2.2 because the legacy metadata crosswalk evidence matches Summary Statistics for Two Categorical Variables.,,true,false,dae3c72e-82ca-4960-9552-1b034bd347e5,2.4,,subtopics;stem;stimulus
APSTATS-MCQ-074,2b68aac7-70cd-4677-9bc0-bf3e71f52bf6,d070a56f-521f-402b-b2ca-96c273b28c16,ap-statistics,mcq,2,2.6,Conditional Probability,legacy_metadata_crosswalk,high,Assigned to 2.6 because the legacy metadata crosswalk evidence matches Conditional Probability.,,true,false,dae3c72e-82ca-4960-9552-1b034bd347e5,2.12,,subtopics;stem;stimulus
APSTATS-MCQ-075,0438c3a5-9016-43e3-9456-0d31907d9868,377b46a4-9d1d-4f3c-a875-219b971a88a8,ap-statistics,mcq,3,3.14,Setting Up a Chi-Square Test for Homogeneity or Independence,legacy_metadata_crosswalk,high,Assigned to 3.14 because the legacy metadata crosswalk evidence matches Setting Up a Chi-Square Test for Homogeneity or Independence.,,false,false,dae3c72e-82ca-4960-9552-1b034bd347e5,3.14,,subtopics;stem;stimulus
APSTATS-MCQ-076,615ee310-cb1f-47c9-8542-fb968ca51152,36cdafd8-68f7-46a7-b3cd-0800bb10c360,ap-statistics,mcq,3,3.15,Carrying Out a Chi-Square Test for Homogeneity or Independence,legacy_metadata_crosswalk,high,Assigned to 3.15 because the legacy metadata crosswalk evidence matches Carrying Out a Chi-Square Test for Homogeneity or Independence.,,true,false,dae3c72e-82ca-4960-9552-1b034bd347e5,3.14,,subtopics;stem;stimulus
APSTATS-MCQ-078,4a0cde69-239f-4f41-b3db-b99b50a364af,23fa21e5-afe2-4046-9f2c-4115d3515828,ap-statistics,mcq,2,2.10,The Binomial Distribution,legacy_metadata_crosswalk,high,Assigned to 2.10 because the legacy metadata crosswalk evidence matches The Binomial Distribution.,,false,false,dae3c72e-82ca-4960-9552-1b034bd347e5,2.10,,subtopics;stem;stimulus
APSTATS-MCQ-079,01987033-09b6-46aa-951e-11eec09f5125,c7caf9d7-21ff-4a00-a0a8-d14ab2b260b4,ap-statistics,mcq,4,4.1,Sampling Distributions for Sample Means,legacy_metadata_crosswalk,high,Assigned to 4.1 because the legacy metadata crosswalk evidence matches Sampling Distributions for Sample Means.,,true,false,dae3c72e-82ca-4960-9552-1b034bd347e5,3.2,,subtopics;stem;stimulus
APSTATS-MCQ-080,33e696fb-715b-4022-8030-82c642778129,17ad586e-f311-4f7d-b02f-5fcdd9ae6fbe,ap-statistics,mcq,3,3.6,p-Values,legacy_metadata_crosswalk,high,Assigned to 3.6 because the legacy metadata crosswalk evidence matches p-Values.,,true,false,dae3c72e-82ca-4960-9552-1b034bd347e5,1.1,,subtopics;stem;stimulus
APSTATS-MCQ-081,61091d9a-d9e8-4f37-8f5e-c14c49e9acf8,731f52d2-5d52-4bd4-8492-78346923b50f,ap-statistics,mcq,2,2.9,Parameters of Random Variables,legacy_metadata_crosswalk,high,Assigned to 2.9 because the legacy metadata crosswalk evidence matches Parameters of Random Variables.,,true,false,dae3c72e-82ca-4960-9552-1b034bd347e5,4.3,,subtopics;stem;stimulus
APSTATS-MCQ-082,bd5793b6-8c65-4dee-9eda-72a9d6c4a171,5d06a7b5-bbb4-4395-be72-01f76dcdfd7b,ap-statistics,mcq,5,5.3,Linear Regression Models,legacy_metadata_crosswalk,high,Assigned to 5.3 because the legacy metadata crosswalk evidence matches Linear Regression Models.,,true,false,dae3c72e-82ca-4960-9552-1b034bd347e5,3.14,,subtopics;stem;stimulus
APSTATS-MCQ-083,c4871d3c-0cdb-46fe-b952-0abd6541d3c4,0adf9714-cd48-4bda-a3fa-81b51a7f08cb,ap-statistics,mcq,5,5.3,Linear Regression Models,legacy_metadata_crosswalk,high,Assigned to 5.3 because the legacy metadata crosswalk evidence matches Linear Regression Models.,,true,false,dae3c72e-82ca-4960-9552-1b034bd347e5,1.3,,subtopics;stem;stimulus
APSTATS-MCQ-084,2f698870-8d90-4a91-a225-cd7ad743d388,6e950b9f-b741-4ee0-bf9e-c2a394fc626a,ap-statistics,mcq,5,5.3,Linear Regression Models,legacy_metadata_crosswalk,high,Assigned to 5.3 because the legacy metadata crosswalk evidence matches Linear Regression Models.,,true,false,dae3c72e-82ca-4960-9552-1b034bd347e5,1.3,,subtopics;stem;stimulus
APSTATS-MCQ-085,03b89bc0-d6e3-4440-abd8-a8b5d851a1cd,4c0eead9-c548-41df-a21a-ef63f9bf8ff2,ap-statistics,mcq,5,5.4,Residuals,legacy_metadata_crosswalk,high,Assigned to 5.4 because the legacy metadata crosswalk evidence matches Residuals.,,false,false,dae3c72e-82ca-4960-9552-1b034bd347e5,5.4,,subtopics;stem;stimulus
APSTATS-MCQ-087,98ac4d52-1957-4d57-8f72-a4bbc43a0066,84fc4ee3-2efc-4ba9-bc54-651ba79a0508,ap-statistics,mcq,5,5.1,Graphical Representations Between Two Quantitative Variables,legacy_metadata_crosswalk,high,Assigned to 5.1 because the legacy metadata crosswalk evidence matches Graphical Representations Between Two Quantitative Variables.,,true,false,dae3c72e-82ca-4960-9552-1b034bd347e5,1.1,,subtopics;stem;stimulus
APSTATS-MCQ-088,1417fc9f-9177-4044-b44c-d6bbc62e2115,27011504-7124-4ddc-a790-d8dbfdb37484,ap-statistics,mcq,5,5.3,Linear Regression Models,legacy_metadata_crosswalk,high,Assigned to 5.3 because the legacy metadata crosswalk evidence matches Linear Regression Models.,,true,false,dae3c72e-82ca-4960-9552-1b034bd347e5,3.11,,subtopics;stem;stimulus
APSTATS-MCQ-090,9e1afc88-21ee-4402-8a8f-ca780c570dea,5e097357-4b8b-4c36-aaf6-afd256af7f79,ap-statistics,mcq,5,5.5,Least-Squares Regression,legacy_metadata_crosswalk,high,Assigned to 5.5 because the legacy metadata crosswalk evidence matches Least-Squares Regression.,,true,false,dae3c72e-82ca-4960-9552-1b034bd347e5,3.11,,subtopics;stem;stimulus
APSTATS-MCQ-091,adab9369-6c97-42b9-bd09-b8bd7300d769,4408d578-eb8c-440c-8108-848035c4f93f,ap-statistics,mcq,4,4.9,Setting Up a Test for the Difference Between Two Population Means,legacy_metadata_crosswalk,high,Assigned to 4.9 because the legacy metadata crosswalk evidence matches Setting Up a Test for the Difference Between Two Population Means.,,true,false,dae3c72e-82ca-4960-9552-1b034bd347e5,3.14,,subtopics;stem;stimulus
APSTATS-MCQ-092,57a5f652-1c4a-492a-b292-9f6a2e58ceba,5e770265-7e3d-451c-baab-2b4f0e848528,ap-statistics,mcq,3,3.8,Potential Errors When Performing Tests,legacy_metadata_crosswalk,high,Assigned to 3.8 because the legacy metadata crosswalk evidence matches Potential Errors When Performing Tests.,,false,false,dae3c72e-82ca-4960-9552-1b034bd347e5,3.8,,subtopics;stem;stimulus
APSTATS-MCQ-093,5db92eef-32b8-4e9a-a996-8b5c6b0c91b7,21ed73e0-41c9-43fd-b7ca-a4dbd6d5c771,ap-statistics,mcq,4,4.4,Setting Up a Test for a Population Mean or Population Mean Difference,legacy_metadata_crosswalk,high,Assigned to 4.4 because the legacy metadata crosswalk evidence matches Setting Up a Test for a Population Mean or Population Mean Difference.,,true,false,dae3c72e-82ca-4960-9552-1b034bd347e5,1.3,,subtopics;stem;stimulus
APSTATS-MCQ-094,87db6ac3-aaea-4aa8-9afa-6fef36623109,19974a3c-d85a-4c57-b70c-77dfe4e186b1,ap-statistics,mcq,5,5.3,Linear Regression Models,legacy_metadata_crosswalk,high,Assigned to 5.3 because the legacy metadata crosswalk evidence matches Linear Regression Models.,,true,false,dae3c72e-82ca-4960-9552-1b034bd347e5,3.11,,subtopics;stem;stimulus
APSTATS-MCQ-095,bd64b690-cb9c-462b-95f5-c06dbff2cb51,45193c5d-0eb5-4bf0-ab90-1172dc07b43e,ap-statistics,mcq,3,3.8,Potential Errors When Performing Tests,legacy_metadata_crosswalk,high,Assigned to 3.8 because the legacy metadata crosswalk evidence matches Potential Errors When Performing Tests.,,true,false,dae3c72e-82ca-4960-9552-1b034bd347e5,3.11,,subtopics;stem;stimulus
APSTATS-MCQ-096,5f138fc9-756f-4101-9481-35ec982fbb99,d0e985be-e015-48c6-ab6e-9ed4646a3ac5,ap-statistics,mcq,4,4.2,Constructing a Confidence Interval for a Population Mean or Population Mean Difference,legacy_metadata_crosswalk,high,Assigned to 4.2 because the legacy metadata crosswalk evidence matches Constructing a Confidence Interval for a Population Mean or Population Mean Difference.,,true,false,dae3c72e-82ca-4960-9552-1b034bd347e5,4.3,,subtopics;stem;stimulus
APSTATS-MCQ-097,1c732cb6-7ff1-4705-9b1b-599341b3e993,53cc851c-99fb-40d1-a284-0279a06e6bb7,ap-statistics,mcq,1,1.13,Experimental Design,legacy_metadata_crosswalk,high,Assigned to 1.13 because the legacy metadata crosswalk evidence matches Experimental Design.,,true,false,dae3c72e-82ca-4960-9552-1b034bd347e5,4.6,,subtopics;stem;stimulus
APSTATS-MCQ-098,e839c580-0946-4974-9b1a-6cbb4f7cd16f,af0c68fe-edfb-4726-88f1-2524e6fdea73,ap-statistics,mcq,5,5.3,Linear Regression Models,legacy_metadata_crosswalk,high,Assigned to 5.3 because the legacy metadata crosswalk evidence matches Linear Regression Models.,,true,false,dae3c72e-82ca-4960-9552-1b034bd347e5,3.11,,subtopics;stem;stimulus
APSTATS-MCQ-099,7f1f09c3-1604-404d-a2e1-98049a614123,2396c502-1082-43d2-8b32-308a99e1f40b,ap-statistics,mcq,4,4.9,Setting Up a Test for the Difference Between Two Population Means,legacy_metadata_crosswalk,high,Assigned to 4.9 because the legacy metadata crosswalk evidence matches Setting Up a Test for the Difference Between Two Population Means.,,true,false,dae3c72e-82ca-4960-9552-1b034bd347e5,3.14,,subtopics;stem;stimulus
APSTATS-MCQ-100,af13f295-b633-4f76-b702-a4abf6d535e3,9bbb936d-faa0-48b3-962b-73e5c4750c17,ap-statistics,mcq,3,3.12,Setting Up a Test for the Difference Between Two Population Proportions,legacy_metadata_crosswalk,high,Assigned to 3.12 because the legacy metadata crosswalk evidence matches Setting Up a Test for the Difference Between Two Population Proportions.,,true,false,dae3c72e-82ca-4960-9552-1b034bd347e5,2.2,,subtopics;stem;stimulus
