item_id,item_version,question_type,frq_form,review_stage,archetype,relation_subtype,expected_image_filename,stem,canonical_answer,modules,subtopics,display_table_json,expected_graph_spec_json,criterion_definitions_json,rights_status,notes
HDG-2026-P1-CAT-001,v0.1-research-seed,frq,short,canonical_answer,categorical_comparison_supplied_uncertainty,,HDG-2026-P1-CAT-001__response-01.jpg,"Researchers measured chlorophyll absorbance for four treatment groups. Use the data table to construct a graph that compares the group means. Include a categorical x-axis with the treatments in table order, a y-axis labeled with units, plotted means, and symmetric error bars showing plus or minus one SEM.

Write the item ID HDG-2026-P1-CAT-001 at the top of your page.

| Treatment | Mean absorbance at 540 nm (a.u.) | SEM (a.u.) |
| --- | --- | --- |
| low blue | 18.0 | 0.7 |
| moderate blue | 26.0 | 1.05 |
| high blue | 37.0 | 1.4 |
| mixed light | 42.0 | 1.75 |","Expected graph: categorical point-with-whisker or bar-with-whisker graph; x-axis treatment category in table order; y-axis absorbance at 540 nm (a.u.). Required criteria: REPRESENTATION_TYPE, CATEGORY_IDENTITY, Y_UNIT, Y_SCALE, PLOT_VALUES, UNCERTAINTY_MARKS.",AP Biology|data analysis|experimental design|graph construction,chlorophyll absorbance|categorical comparison|SEM error bars,"[{""Mean absorbance at 540 nm (a.u.)"": 18.0, ""SEM (a.u.)"": 0.7, ""Treatment"": ""low blue""}, {""Mean absorbance at 540 nm (a.u.)"": 26.0, ""SEM (a.u.)"": 1.05, ""Treatment"": ""moderate blue""}, {""Mean absorbance at 540 nm (a.u.)"": 37.0, ""SEM (a.u.)"": 1.4, ""Treatment"": ""high blue""}, {""Mean absorbance at 540 nm (a.u.)"": 42.0, ""SEM (a.u.)"": 1.75, ""Treatment"": ""mixed light""}]","{""accepted_variants"": [""points with whiskers"", ""bars with whiskers""], ""representation"": ""categorical point-with-whisker or bar-with-whisker graph"", ""required_uncertainty"": ""symmetric plus/minus one SEM bars"", ""x_axis"": ""treatment category in table order"", ""y_axis"": ""absorbance at 540 nm (a.u.)""}","[{""criterion_id"": ""REPRESENTATION_TYPE"", ""met_rule"": ""Uses accepted categorical graph representation.""}, {""criterion_id"": ""CATEGORY_IDENTITY"", ""met_rule"": ""All four treatments are identifiable in table order or clearly mapped.""}, {""criterion_id"": ""Y_UNIT"", ""met_rule"": ""Y-axis includes the required variable and unit.""}, {""criterion_id"": ""Y_SCALE"", ""met_rule"": ""Y-scale is interpretable and can represent all means and SEM bars.""}, {""criterion_id"": ""PLOT_VALUES"", ""met_rule"": ""All four means are plotted at recoverable positions.""}, {""criterion_id"": ""UNCERTAINTY_MARKS"", ""met_rule"": ""Each mean has centered symmetric plus/minus SEM bars.""}]",independently_authored_synthetic_research_seed_unverified,Research seed for hand-drawn graph capture and reviewer evaluation. Do not expose criterion definitions to the person drawing the graph.
HDG-2026-P1-CAT-002,v0.1-research-seed,frq,short,canonical_answer,categorical_comparison_supplied_uncertainty,,HDG-2026-P1-CAT-002__response-01.jpg,"Researchers measured leaf pore density for four treatment groups. Use the data table to construct a graph that compares the group means. Include a categorical x-axis with the treatments in table order, a y-axis labeled with units, plotted means, and symmetric error bars showing plus or minus one SEM.

Write the item ID HDG-2026-P1-CAT-002 at the top of your page.

| Treatment | Mean stomatal density (stomata/mm^2) | SEM (stomata/mm^2) |
| --- | --- | --- |
| deep shade | 46.0 | 1.05 |
| partial shade | 40.0 | 1.4 |
| open sun | 32.0 | 1.75 |
| reflected sun | 25.0 | 0.7 |","Expected graph: categorical point-with-whisker or bar-with-whisker graph; x-axis treatment category in table order; y-axis stomatal density (stomata/mm^2). Required criteria: REPRESENTATION_TYPE, CATEGORY_IDENTITY, Y_UNIT, Y_SCALE, PLOT_VALUES, UNCERTAINTY_MARKS.",AP Biology|data analysis|experimental design|graph construction,leaf pore density|categorical comparison|SEM error bars,"[{""Mean stomatal density (stomata/mm^2)"": 46.0, ""SEM (stomata/mm^2)"": 1.05, ""Treatment"": ""deep shade""}, {""Mean stomatal density (stomata/mm^2)"": 40.0, ""SEM (stomata/mm^2)"": 1.4, ""Treatment"": ""partial shade""}, {""Mean stomatal density (stomata/mm^2)"": 32.0, ""SEM (stomata/mm^2)"": 1.75, ""Treatment"": ""open sun""}, {""Mean stomatal density (stomata/mm^2)"": 25.0, ""SEM (stomata/mm^2)"": 0.7, ""Treatment"": ""reflected sun""}]","{""accepted_variants"": [""points with whiskers"", ""bars with whiskers""], ""representation"": ""categorical point-with-whisker or bar-with-whisker graph"", ""required_uncertainty"": ""symmetric plus/minus one SEM bars"", ""x_axis"": ""treatment category in table order"", ""y_axis"": ""stomatal density (stomata/mm^2)""}","[{""criterion_id"": ""REPRESENTATION_TYPE"", ""met_rule"": ""Uses accepted categorical graph representation.""}, {""criterion_id"": ""CATEGORY_IDENTITY"", ""met_rule"": ""All four treatments are identifiable in table order or clearly mapped.""}, {""criterion_id"": ""Y_UNIT"", ""met_rule"": ""Y-axis includes the required variable and unit.""}, {""criterion_id"": ""Y_SCALE"", ""met_rule"": ""Y-scale is interpretable and can represent all means and SEM bars.""}, {""criterion_id"": ""PLOT_VALUES"", ""met_rule"": ""All four means are plotted at recoverable positions.""}, {""criterion_id"": ""UNCERTAINTY_MARKS"", ""met_rule"": ""Each mean has centered symmetric plus/minus SEM bars.""}]",independently_authored_synthetic_research_seed_unverified,Research seed for hand-drawn graph capture and reviewer evaluation. Do not expose criterion definitions to the person drawing the graph.
HDG-2026-P1-CAT-003,v0.1-research-seed,frq,short,canonical_answer,categorical_comparison_supplied_uncertainty,,HDG-2026-P1-CAT-003__response-01.jpg,"Researchers measured membrane leakage for four treatment groups. Use the data table to construct a graph that compares the group means. Include a categorical x-axis with the treatments in table order, a y-axis labeled with units, plotted means, and symmetric error bars showing plus or minus one SEM.

Write the item ID HDG-2026-P1-CAT-003 at the top of your page.

| Treatment | Mean conductivity after 10 min (uS/cm) | SEM (uS/cm) |
| --- | --- | --- |
| isotonic | 31.0 | 1.4 |
| mild salt | 33.0 | 1.75 |
| moderate salt | 48.0 | 0.7 |
| high salt | 50.0 | 1.05 |","Expected graph: categorical point-with-whisker or bar-with-whisker graph; x-axis treatment category in table order; y-axis conductivity after 10 min (uS/cm). Required criteria: REPRESENTATION_TYPE, CATEGORY_IDENTITY, Y_UNIT, Y_SCALE, PLOT_VALUES, UNCERTAINTY_MARKS.",AP Biology|data analysis|experimental design|graph construction,membrane leakage|categorical comparison|SEM error bars,"[{""Mean conductivity after 10 min (uS/cm)"": 31.0, ""SEM (uS/cm)"": 1.4, ""Treatment"": ""isotonic""}, {""Mean conductivity after 10 min (uS/cm)"": 33.0, ""SEM (uS/cm)"": 1.75, ""Treatment"": ""mild salt""}, {""Mean conductivity after 10 min (uS/cm)"": 48.0, ""SEM (uS/cm)"": 0.7, ""Treatment"": ""moderate salt""}, {""Mean conductivity after 10 min (uS/cm)"": 50.0, ""SEM (uS/cm)"": 1.05, ""Treatment"": ""high salt""}]","{""accepted_variants"": [""points with whiskers"", ""bars with whiskers""], ""representation"": ""categorical point-with-whisker or bar-with-whisker graph"", ""required_uncertainty"": ""symmetric plus/minus one SEM bars"", ""x_axis"": ""treatment category in table order"", ""y_axis"": ""conductivity after 10 min (uS/cm)""}","[{""criterion_id"": ""REPRESENTATION_TYPE"", ""met_rule"": ""Uses accepted categorical graph representation.""}, {""criterion_id"": ""CATEGORY_IDENTITY"", ""met_rule"": ""All four treatments are identifiable in table order or clearly mapped.""}, {""criterion_id"": ""Y_UNIT"", ""met_rule"": ""Y-axis includes the required variable and unit.""}, {""criterion_id"": ""Y_SCALE"", ""met_rule"": ""Y-scale is interpretable and can represent all means and SEM bars.""}, {""criterion_id"": ""PLOT_VALUES"", ""met_rule"": ""All four means are plotted at recoverable positions.""}, {""criterion_id"": ""UNCERTAINTY_MARKS"", ""met_rule"": ""Each mean has centered symmetric plus/minus SEM bars.""}]",independently_authored_synthetic_research_seed_unverified,Research seed for hand-drawn graph capture and reviewer evaluation. Do not expose criterion definitions to the person drawing the graph.
HDG-2026-P1-CAT-004,v0.1-research-seed,frq,short,canonical_answer,categorical_comparison_supplied_uncertainty,,HDG-2026-P1-CAT-004__response-01.jpg,"Researchers measured root tip mitosis for four treatment groups. Use the data table to construct a graph that compares the group means. Include a categorical x-axis with the treatments in table order, a y-axis labeled with units, plotted means, and symmetric error bars showing plus or minus one SEM.

Write the item ID HDG-2026-P1-CAT-004 at the top of your page.

| Treatment | Mean mitotic cells (%) | SEM (%) |
| --- | --- | --- |
| cool | 42.0 | 1.75 |
| room temp | 50.0 | 0.7 |
| warm | 45.0 | 1.05 |
| heat stress | 57.0 | 1.4 |","Expected graph: categorical point-with-whisker or bar-with-whisker graph; x-axis treatment category in table order; y-axis mitotic cells (%). Required criteria: REPRESENTATION_TYPE, CATEGORY_IDENTITY, Y_UNIT, Y_SCALE, PLOT_VALUES, UNCERTAINTY_MARKS.",AP Biology|data analysis|experimental design|graph construction,root tip mitosis|categorical comparison|SEM error bars,"[{""Mean mitotic cells (%)"": 42.0, ""SEM (%)"": 1.75, ""Treatment"": ""cool""}, {""Mean mitotic cells (%)"": 50.0, ""SEM (%)"": 0.7, ""Treatment"": ""room temp""}, {""Mean mitotic cells (%)"": 45.0, ""SEM (%)"": 1.05, ""Treatment"": ""warm""}, {""Mean mitotic cells (%)"": 57.0, ""SEM (%)"": 1.4, ""Treatment"": ""heat stress""}]","{""accepted_variants"": [""points with whiskers"", ""bars with whiskers""], ""representation"": ""categorical point-with-whisker or bar-with-whisker graph"", ""required_uncertainty"": ""symmetric plus/minus one SEM bars"", ""x_axis"": ""treatment category in table order"", ""y_axis"": ""mitotic cells (%)""}","[{""criterion_id"": ""REPRESENTATION_TYPE"", ""met_rule"": ""Uses accepted categorical graph representation.""}, {""criterion_id"": ""CATEGORY_IDENTITY"", ""met_rule"": ""All four treatments are identifiable in table order or clearly mapped.""}, {""criterion_id"": ""Y_UNIT"", ""met_rule"": ""Y-axis includes the required variable and unit.""}, {""criterion_id"": ""Y_SCALE"", ""met_rule"": ""Y-scale is interpretable and can represent all means and SEM bars.""}, {""criterion_id"": ""PLOT_VALUES"", ""met_rule"": ""All four means are plotted at recoverable positions.""}, {""criterion_id"": ""UNCERTAINTY_MARKS"", ""met_rule"": ""Each mean has centered symmetric plus/minus SEM bars.""}]",independently_authored_synthetic_research_seed_unverified,Research seed for hand-drawn graph capture and reviewer evaluation. Do not expose criterion definitions to the person drawing the graph.
HDG-2026-P1-CAT-005,v0.1-research-seed,frq,short,canonical_answer,categorical_comparison_supplied_uncertainty,,HDG-2026-P1-CAT-005__response-01.jpg,"Researchers measured enzyme product for four treatment groups. Use the data table to construct a graph that compares the group means. Include a categorical x-axis with the treatments in table order, a y-axis labeled with units, plotted means, and symmetric error bars showing plus or minus one SEM.

Write the item ID HDG-2026-P1-CAT-005 at the top of your page.

| Treatment | Mean product formed in 5 min (umol) | SEM (umol) |
| --- | --- | --- |
| pH 5 | 37.0 | 0.7 |
| pH 6 | 55.0 | 1.05 |
| pH 7 | 42.0 | 1.4 |
| pH 8 | 60.0 | 1.75 |","Expected graph: categorical point-with-whisker or bar-with-whisker graph; x-axis treatment category in table order; y-axis product formed in 5 min (umol). Required criteria: REPRESENTATION_TYPE, CATEGORY_IDENTITY, Y_UNIT, Y_SCALE, PLOT_VALUES, UNCERTAINTY_MARKS.",AP Biology|data analysis|experimental design|graph construction,enzyme product|categorical comparison|SEM error bars,"[{""Mean product formed in 5 min (umol)"": 37.0, ""SEM (umol)"": 0.7, ""Treatment"": ""pH 5""}, {""Mean product formed in 5 min (umol)"": 55.0, ""SEM (umol)"": 1.05, ""Treatment"": ""pH 6""}, {""Mean product formed in 5 min (umol)"": 42.0, ""SEM (umol)"": 1.4, ""Treatment"": ""pH 7""}, {""Mean product formed in 5 min (umol)"": 60.0, ""SEM (umol)"": 1.75, ""Treatment"": ""pH 8""}]","{""accepted_variants"": [""points with whiskers"", ""bars with whiskers""], ""representation"": ""categorical point-with-whisker or bar-with-whisker graph"", ""required_uncertainty"": ""symmetric plus/minus one SEM bars"", ""x_axis"": ""treatment category in table order"", ""y_axis"": ""product formed in 5 min (umol)""}","[{""criterion_id"": ""REPRESENTATION_TYPE"", ""met_rule"": ""Uses accepted categorical graph representation.""}, {""criterion_id"": ""CATEGORY_IDENTITY"", ""met_rule"": ""All four treatments are identifiable in table order or clearly mapped.""}, {""criterion_id"": ""Y_UNIT"", ""met_rule"": ""Y-axis includes the required variable and unit.""}, {""criterion_id"": ""Y_SCALE"", ""met_rule"": ""Y-scale is interpretable and can represent all means and SEM bars.""}, {""criterion_id"": ""PLOT_VALUES"", ""met_rule"": ""All four means are plotted at recoverable positions.""}, {""criterion_id"": ""UNCERTAINTY_MARKS"", ""met_rule"": ""Each mean has centered symmetric plus/minus SEM bars.""}]",independently_authored_synthetic_research_seed_unverified,Research seed for hand-drawn graph capture and reviewer evaluation. Do not expose criterion definitions to the person drawing the graph.
HDG-2026-P1-CAT-006,v0.1-research-seed,frq,short,canonical_answer,categorical_comparison_supplied_uncertainty,,HDG-2026-P1-CAT-006__response-01.jpg,"Researchers measured seed germination for four treatment groups. Use the data table to construct a graph that compares the group means. Include a categorical x-axis with the treatments in table order, a y-axis labeled with units, plotted means, and symmetric error bars showing plus or minus one SEM.

Write the item ID HDG-2026-P1-CAT-006 at the top of your page.

| Treatment | Mean germination (%) | SEM (%) |
| --- | --- | --- |
| dark | 38.0 | 1.05 |
| red light | 46.0 | 1.4 |
| blue light | 57.0 | 1.75 |
| white light | 62.0 | 0.7 |","Expected graph: categorical point-with-whisker or bar-with-whisker graph; x-axis treatment category in table order; y-axis germination (%). Required criteria: REPRESENTATION_TYPE, CATEGORY_IDENTITY, Y_UNIT, Y_SCALE, PLOT_VALUES, UNCERTAINTY_MARKS.",AP Biology|data analysis|experimental design|graph construction,seed germination|categorical comparison|SEM error bars,"[{""Mean germination (%)"": 38.0, ""SEM (%)"": 1.05, ""Treatment"": ""dark""}, {""Mean germination (%)"": 46.0, ""SEM (%)"": 1.4, ""Treatment"": ""red light""}, {""Mean germination (%)"": 57.0, ""SEM (%)"": 1.75, ""Treatment"": ""blue light""}, {""Mean germination (%)"": 62.0, ""SEM (%)"": 0.7, ""Treatment"": ""white light""}]","{""accepted_variants"": [""points with whiskers"", ""bars with whiskers""], ""representation"": ""categorical point-with-whisker or bar-with-whisker graph"", ""required_uncertainty"": ""symmetric plus/minus one SEM bars"", ""x_axis"": ""treatment category in table order"", ""y_axis"": ""germination (%)""}","[{""criterion_id"": ""REPRESENTATION_TYPE"", ""met_rule"": ""Uses accepted categorical graph representation.""}, {""criterion_id"": ""CATEGORY_IDENTITY"", ""met_rule"": ""All four treatments are identifiable in table order or clearly mapped.""}, {""criterion_id"": ""Y_UNIT"", ""met_rule"": ""Y-axis includes the required variable and unit.""}, {""criterion_id"": ""Y_SCALE"", ""met_rule"": ""Y-scale is interpretable and can represent all means and SEM bars.""}, {""criterion_id"": ""PLOT_VALUES"", ""met_rule"": ""All four means are plotted at recoverable positions.""}, {""criterion_id"": ""UNCERTAINTY_MARKS"", ""met_rule"": ""Each mean has centered symmetric plus/minus SEM bars.""}]",independently_authored_synthetic_research_seed_unverified,Research seed for hand-drawn graph capture and reviewer evaluation. Do not expose criterion definitions to the person drawing the graph.
HDG-2026-P1-CAT-007,v0.1-research-seed,frq,short,canonical_answer,categorical_comparison_supplied_uncertainty,,HDG-2026-P1-CAT-007__response-01.jpg,"Researchers measured yeast respiration for four treatment groups. Use the data table to construct a graph that compares the group means. Include a categorical x-axis with the treatments in table order, a y-axis labeled with units, plotted means, and symmetric error bars showing plus or minus one SEM.

Write the item ID HDG-2026-P1-CAT-007 at the top of your page.

| Treatment | Mean CO2 produced (mL) | SEM (mL) |
| --- | --- | --- |
| no sugar | 66.0 | 1.4 |
| glucose | 60.0 | 1.75 |
| sucrose | 52.0 | 0.7 |
| starch | 45.0 | 1.05 |","Expected graph: categorical point-with-whisker or bar-with-whisker graph; x-axis treatment category in table order; y-axis CO2 produced (mL). Required criteria: REPRESENTATION_TYPE, CATEGORY_IDENTITY, Y_UNIT, Y_SCALE, PLOT_VALUES, UNCERTAINTY_MARKS.",AP Biology|data analysis|experimental design|graph construction,yeast respiration|categorical comparison|SEM error bars,"[{""Mean CO2 produced (mL)"": 66.0, ""SEM (mL)"": 1.4, ""Treatment"": ""no sugar""}, {""Mean CO2 produced (mL)"": 60.0, ""SEM (mL)"": 1.75, ""Treatment"": ""glucose""}, {""Mean CO2 produced (mL)"": 52.0, ""SEM (mL)"": 0.7, ""Treatment"": ""sucrose""}, {""Mean CO2 produced (mL)"": 45.0, ""SEM (mL)"": 1.05, ""Treatment"": ""starch""}]","{""accepted_variants"": [""points with whiskers"", ""bars with whiskers""], ""representation"": ""categorical point-with-whisker or bar-with-whisker graph"", ""required_uncertainty"": ""symmetric plus/minus one SEM bars"", ""x_axis"": ""treatment category in table order"", ""y_axis"": ""CO2 produced (mL)""}","[{""criterion_id"": ""REPRESENTATION_TYPE"", ""met_rule"": ""Uses accepted categorical graph representation.""}, {""criterion_id"": ""CATEGORY_IDENTITY"", ""met_rule"": ""All four treatments are identifiable in table order or clearly mapped.""}, {""criterion_id"": ""Y_UNIT"", ""met_rule"": ""Y-axis includes the required variable and unit.""}, {""criterion_id"": ""Y_SCALE"", ""met_rule"": ""Y-scale is interpretable and can represent all means and SEM bars.""}, {""criterion_id"": ""PLOT_VALUES"", ""met_rule"": ""All four means are plotted at recoverable positions.""}, {""criterion_id"": ""UNCERTAINTY_MARKS"", ""met_rule"": ""Each mean has centered symmetric plus/minus SEM bars.""}]",independently_authored_synthetic_research_seed_unverified,Research seed for hand-drawn graph capture and reviewer evaluation. Do not expose criterion definitions to the person drawing the graph.
HDG-2026-P1-CAT-008,v0.1-research-seed,frq,short,canonical_answer,categorical_comparison_supplied_uncertainty,,HDG-2026-P1-CAT-008__response-01.jpg,"Researchers measured chloroplast settling for four treatment groups. Use the data table to construct a graph that compares the group means. Include a categorical x-axis with the treatments in table order, a y-axis labeled with units, plotted means, and symmetric error bars showing plus or minus one SEM.

Write the item ID HDG-2026-P1-CAT-008 at the top of your page.

| Treatment | Mean green layer thickness (mm) | SEM (mm) |
| --- | --- | --- |
| control | 23.0 | 1.75 |
| low salt | 25.0 | 0.7 |
| medium salt | 40.0 | 1.05 |
| high salt | 42.0 | 1.4 |","Expected graph: categorical point-with-whisker or bar-with-whisker graph; x-axis treatment category in table order; y-axis green layer thickness (mm). Required criteria: REPRESENTATION_TYPE, CATEGORY_IDENTITY, Y_UNIT, Y_SCALE, PLOT_VALUES, UNCERTAINTY_MARKS.",AP Biology|data analysis|experimental design|graph construction,chloroplast settling|categorical comparison|SEM error bars,"[{""Mean green layer thickness (mm)"": 23.0, ""SEM (mm)"": 1.75, ""Treatment"": ""control""}, {""Mean green layer thickness (mm)"": 25.0, ""SEM (mm)"": 0.7, ""Treatment"": ""low salt""}, {""Mean green layer thickness (mm)"": 40.0, ""SEM (mm)"": 1.05, ""Treatment"": ""medium salt""}, {""Mean green layer thickness (mm)"": 42.0, ""SEM (mm)"": 1.4, ""Treatment"": ""high salt""}]","{""accepted_variants"": [""points with whiskers"", ""bars with whiskers""], ""representation"": ""categorical point-with-whisker or bar-with-whisker graph"", ""required_uncertainty"": ""symmetric plus/minus one SEM bars"", ""x_axis"": ""treatment category in table order"", ""y_axis"": ""green layer thickness (mm)""}","[{""criterion_id"": ""REPRESENTATION_TYPE"", ""met_rule"": ""Uses accepted categorical graph representation.""}, {""criterion_id"": ""CATEGORY_IDENTITY"", ""met_rule"": ""All four treatments are identifiable in table order or clearly mapped.""}, {""criterion_id"": ""Y_UNIT"", ""met_rule"": ""Y-axis includes the required variable and unit.""}, {""criterion_id"": ""Y_SCALE"", ""met_rule"": ""Y-scale is interpretable and can represent all means and SEM bars.""}, {""criterion_id"": ""PLOT_VALUES"", ""met_rule"": ""All four means are plotted at recoverable positions.""}, {""criterion_id"": ""UNCERTAINTY_MARKS"", ""met_rule"": ""Each mean has centered symmetric plus/minus SEM bars.""}]",independently_authored_synthetic_research_seed_unverified,Research seed for hand-drawn graph capture and reviewer evaluation. Do not expose criterion definitions to the person drawing the graph.
HDG-2026-P1-CAT-009,v0.1-research-seed,frq,short,canonical_answer,categorical_comparison_supplied_uncertainty,,HDG-2026-P1-CAT-009__response-01.jpg,"Researchers measured callus growth for four treatment groups. Use the data table to construct a graph that compares the group means. Include a categorical x-axis with the treatments in table order, a y-axis labeled with units, plotted means, and symmetric error bars showing plus or minus one SEM.

Write the item ID HDG-2026-P1-CAT-009 at the top of your page.

| Treatment | Mean mass gain (g) | SEM (g) |
| --- | --- | --- |
| no auxin | 34.0 | 0.7 |
| low auxin | 42.0 | 1.05 |
| medium auxin | 37.0 | 1.4 |
| high auxin | 49.0 | 1.75 |","Expected graph: categorical point-with-whisker or bar-with-whisker graph; x-axis treatment category in table order; y-axis mass gain (g). Required criteria: REPRESENTATION_TYPE, CATEGORY_IDENTITY, Y_UNIT, Y_SCALE, PLOT_VALUES, UNCERTAINTY_MARKS.",AP Biology|data analysis|experimental design|graph construction,callus growth|categorical comparison|SEM error bars,"[{""Mean mass gain (g)"": 34.0, ""SEM (g)"": 0.7, ""Treatment"": ""no auxin""}, {""Mean mass gain (g)"": 42.0, ""SEM (g)"": 1.05, ""Treatment"": ""low auxin""}, {""Mean mass gain (g)"": 37.0, ""SEM (g)"": 1.4, ""Treatment"": ""medium auxin""}, {""Mean mass gain (g)"": 49.0, ""SEM (g)"": 1.75, ""Treatment"": ""high auxin""}]","{""accepted_variants"": [""points with whiskers"", ""bars with whiskers""], ""representation"": ""categorical point-with-whisker or bar-with-whisker graph"", ""required_uncertainty"": ""symmetric plus/minus one SEM bars"", ""x_axis"": ""treatment category in table order"", ""y_axis"": ""mass gain (g)""}","[{""criterion_id"": ""REPRESENTATION_TYPE"", ""met_rule"": ""Uses accepted categorical graph representation.""}, {""criterion_id"": ""CATEGORY_IDENTITY"", ""met_rule"": ""All four treatments are identifiable in table order or clearly mapped.""}, {""criterion_id"": ""Y_UNIT"", ""met_rule"": ""Y-axis includes the required variable and unit.""}, {""criterion_id"": ""Y_SCALE"", ""met_rule"": ""Y-scale is interpretable and can represent all means and SEM bars.""}, {""criterion_id"": ""PLOT_VALUES"", ""met_rule"": ""All four means are plotted at recoverable positions.""}, {""criterion_id"": ""UNCERTAINTY_MARKS"", ""met_rule"": ""Each mean has centered symmetric plus/minus SEM bars.""}]",independently_authored_synthetic_research_seed_unverified,Research seed for hand-drawn graph capture and reviewer evaluation. Do not expose criterion definitions to the person drawing the graph.
HDG-2026-P1-CAT-010,v0.1-research-seed,frq,short,canonical_answer,categorical_comparison_supplied_uncertainty,,HDG-2026-P1-CAT-010__response-01.jpg,"Researchers measured water loss for four treatment groups. Use the data table to construct a graph that compares the group means. Include a categorical x-axis with the treatments in table order, a y-axis labeled with units, plotted means, and symmetric error bars showing plus or minus one SEM.

Write the item ID HDG-2026-P1-CAT-010 at the top of your page.

| Treatment | Mean mass lost in 30 min (g) | SEM (g) |
| --- | --- | --- |
| still air | 29.0 | 1.05 |
| fan low | 47.0 | 1.4 |
| fan medium | 34.0 | 1.75 |
| fan high | 52.0 | 0.7 |","Expected graph: categorical point-with-whisker or bar-with-whisker graph; x-axis treatment category in table order; y-axis mass lost in 30 min (g). Required criteria: REPRESENTATION_TYPE, CATEGORY_IDENTITY, Y_UNIT, Y_SCALE, PLOT_VALUES, UNCERTAINTY_MARKS.",AP Biology|data analysis|experimental design|graph construction,water loss|categorical comparison|SEM error bars,"[{""Mean mass lost in 30 min (g)"": 29.0, ""SEM (g)"": 1.05, ""Treatment"": ""still air""}, {""Mean mass lost in 30 min (g)"": 47.0, ""SEM (g)"": 1.4, ""Treatment"": ""fan low""}, {""Mean mass lost in 30 min (g)"": 34.0, ""SEM (g)"": 1.75, ""Treatment"": ""fan medium""}, {""Mean mass lost in 30 min (g)"": 52.0, ""SEM (g)"": 0.7, ""Treatment"": ""fan high""}]","{""accepted_variants"": [""points with whiskers"", ""bars with whiskers""], ""representation"": ""categorical point-with-whisker or bar-with-whisker graph"", ""required_uncertainty"": ""symmetric plus/minus one SEM bars"", ""x_axis"": ""treatment category in table order"", ""y_axis"": ""mass lost in 30 min (g)""}","[{""criterion_id"": ""REPRESENTATION_TYPE"", ""met_rule"": ""Uses accepted categorical graph representation.""}, {""criterion_id"": ""CATEGORY_IDENTITY"", ""met_rule"": ""All four treatments are identifiable in table order or clearly mapped.""}, {""criterion_id"": ""Y_UNIT"", ""met_rule"": ""Y-axis includes the required variable and unit.""}, {""criterion_id"": ""Y_SCALE"", ""met_rule"": ""Y-scale is interpretable and can represent all means and SEM bars.""}, {""criterion_id"": ""PLOT_VALUES"", ""met_rule"": ""All four means are plotted at recoverable positions.""}, {""criterion_id"": ""UNCERTAINTY_MARKS"", ""met_rule"": ""Each mean has centered symmetric plus/minus SEM bars.""}]",independently_authored_synthetic_research_seed_unverified,Research seed for hand-drawn graph capture and reviewer evaluation. Do not expose criterion definitions to the person drawing the graph.
HDG-2026-P1-CAT-011,v0.1-research-seed,frq,short,canonical_answer,categorical_comparison_supplied_uncertainty,,HDG-2026-P1-CAT-011__response-01.jpg,"Researchers measured chlorophyll absorbance for four treatment groups. Use the data table to construct a graph that compares the group means. Include a categorical x-axis with the treatments in table order, a y-axis labeled with units, plotted means, and symmetric error bars showing plus or minus one SEM.

Write the item ID HDG-2026-P1-CAT-011 at the top of your page.

| Treatment | Mean absorbance at 540 nm (a.u.) | SEM (a.u.) |
| --- | --- | --- |
| low blue | 33.0 | 1.4 |
| moderate blue | 41.0 | 1.75 |
| high blue | 52.0 | 0.7 |
| mixed light | 57.0 | 1.05 |","Expected graph: categorical point-with-whisker or bar-with-whisker graph; x-axis treatment category in table order; y-axis absorbance at 540 nm (a.u.). Required criteria: REPRESENTATION_TYPE, CATEGORY_IDENTITY, Y_UNIT, Y_SCALE, PLOT_VALUES, UNCERTAINTY_MARKS.",AP Biology|data analysis|experimental design|graph construction,chlorophyll absorbance|categorical comparison|SEM error bars,"[{""Mean absorbance at 540 nm (a.u.)"": 33.0, ""SEM (a.u.)"": 1.4, ""Treatment"": ""low blue""}, {""Mean absorbance at 540 nm (a.u.)"": 41.0, ""SEM (a.u.)"": 1.75, ""Treatment"": ""moderate blue""}, {""Mean absorbance at 540 nm (a.u.)"": 52.0, ""SEM (a.u.)"": 0.7, ""Treatment"": ""high blue""}, {""Mean absorbance at 540 nm (a.u.)"": 57.0, ""SEM (a.u.)"": 1.05, ""Treatment"": ""mixed light""}]","{""accepted_variants"": [""points with whiskers"", ""bars with whiskers""], ""representation"": ""categorical point-with-whisker or bar-with-whisker graph"", ""required_uncertainty"": ""symmetric plus/minus one SEM bars"", ""x_axis"": ""treatment category in table order"", ""y_axis"": ""absorbance at 540 nm (a.u.)""}","[{""criterion_id"": ""REPRESENTATION_TYPE"", ""met_rule"": ""Uses accepted categorical graph representation.""}, {""criterion_id"": ""CATEGORY_IDENTITY"", ""met_rule"": ""All four treatments are identifiable in table order or clearly mapped.""}, {""criterion_id"": ""Y_UNIT"", ""met_rule"": ""Y-axis includes the required variable and unit.""}, {""criterion_id"": ""Y_SCALE"", ""met_rule"": ""Y-scale is interpretable and can represent all means and SEM bars.""}, {""criterion_id"": ""PLOT_VALUES"", ""met_rule"": ""All four means are plotted at recoverable positions.""}, {""criterion_id"": ""UNCERTAINTY_MARKS"", ""met_rule"": ""Each mean has centered symmetric plus/minus SEM bars.""}]",independently_authored_synthetic_research_seed_unverified,Research seed for hand-drawn graph capture and reviewer evaluation. Do not expose criterion definitions to the person drawing the graph.
HDG-2026-P1-CAT-012,v0.1-research-seed,frq,short,canonical_answer,categorical_comparison_supplied_uncertainty,,HDG-2026-P1-CAT-012__response-01.jpg,"Researchers measured leaf pore density for four treatment groups. Use the data table to construct a graph that compares the group means. Include a categorical x-axis with the treatments in table order, a y-axis labeled with units, plotted means, and symmetric error bars showing plus or minus one SEM.

Write the item ID HDG-2026-P1-CAT-012 at the top of your page.

| Treatment | Mean stomatal density (stomata/mm^2) | SEM (stomata/mm^2) |
| --- | --- | --- |
| deep shade | 61.0 | 1.75 |
| partial shade | 55.0 | 0.7 |
| open sun | 47.0 | 1.05 |
| reflected sun | 40.0 | 1.4 |","Expected graph: categorical point-with-whisker or bar-with-whisker graph; x-axis treatment category in table order; y-axis stomatal density (stomata/mm^2). Required criteria: REPRESENTATION_TYPE, CATEGORY_IDENTITY, Y_UNIT, Y_SCALE, PLOT_VALUES, UNCERTAINTY_MARKS.",AP Biology|data analysis|experimental design|graph construction,leaf pore density|categorical comparison|SEM error bars,"[{""Mean stomatal density (stomata/mm^2)"": 61.0, ""SEM (stomata/mm^2)"": 1.75, ""Treatment"": ""deep shade""}, {""Mean stomatal density (stomata/mm^2)"": 55.0, ""SEM (stomata/mm^2)"": 0.7, ""Treatment"": ""partial shade""}, {""Mean stomatal density (stomata/mm^2)"": 47.0, ""SEM (stomata/mm^2)"": 1.05, ""Treatment"": ""open sun""}, {""Mean stomatal density (stomata/mm^2)"": 40.0, ""SEM (stomata/mm^2)"": 1.4, ""Treatment"": ""reflected sun""}]","{""accepted_variants"": [""points with whiskers"", ""bars with whiskers""], ""representation"": ""categorical point-with-whisker or bar-with-whisker graph"", ""required_uncertainty"": ""symmetric plus/minus one SEM bars"", ""x_axis"": ""treatment category in table order"", ""y_axis"": ""stomatal density (stomata/mm^2)""}","[{""criterion_id"": ""REPRESENTATION_TYPE"", ""met_rule"": ""Uses accepted categorical graph representation.""}, {""criterion_id"": ""CATEGORY_IDENTITY"", ""met_rule"": ""All four treatments are identifiable in table order or clearly mapped.""}, {""criterion_id"": ""Y_UNIT"", ""met_rule"": ""Y-axis includes the required variable and unit.""}, {""criterion_id"": ""Y_SCALE"", ""met_rule"": ""Y-scale is interpretable and can represent all means and SEM bars.""}, {""criterion_id"": ""PLOT_VALUES"", ""met_rule"": ""All four means are plotted at recoverable positions.""}, {""criterion_id"": ""UNCERTAINTY_MARKS"", ""met_rule"": ""Each mean has centered symmetric plus/minus SEM bars.""}]",independently_authored_synthetic_research_seed_unverified,Research seed for hand-drawn graph capture and reviewer evaluation. Do not expose criterion definitions to the person drawing the graph.
HDG-2026-P1-CAT-013,v0.1-research-seed,frq,short,canonical_answer,categorical_comparison_supplied_uncertainty,,HDG-2026-P1-CAT-013__response-01.jpg,"Researchers measured membrane leakage for four treatment groups. Use the data table to construct a graph that compares the group means. Include a categorical x-axis with the treatments in table order, a y-axis labeled with units, plotted means, and symmetric error bars showing plus or minus one SEM.

Write the item ID HDG-2026-P1-CAT-013 at the top of your page.

| Treatment | Mean conductivity after 10 min (uS/cm) | SEM (uS/cm) |
| --- | --- | --- |
| isotonic | 46.0 | 0.7 |
| mild salt | 48.0 | 1.05 |
| moderate salt | 63.0 | 1.4 |
| high salt | 65.0 | 1.75 |","Expected graph: categorical point-with-whisker or bar-with-whisker graph; x-axis treatment category in table order; y-axis conductivity after 10 min (uS/cm). Required criteria: REPRESENTATION_TYPE, CATEGORY_IDENTITY, Y_UNIT, Y_SCALE, PLOT_VALUES, UNCERTAINTY_MARKS.",AP Biology|data analysis|experimental design|graph construction,membrane leakage|categorical comparison|SEM error bars,"[{""Mean conductivity after 10 min (uS/cm)"": 46.0, ""SEM (uS/cm)"": 0.7, ""Treatment"": ""isotonic""}, {""Mean conductivity after 10 min (uS/cm)"": 48.0, ""SEM (uS/cm)"": 1.05, ""Treatment"": ""mild salt""}, {""Mean conductivity after 10 min (uS/cm)"": 63.0, ""SEM (uS/cm)"": 1.4, ""Treatment"": ""moderate salt""}, {""Mean conductivity after 10 min (uS/cm)"": 65.0, ""SEM (uS/cm)"": 1.75, ""Treatment"": ""high salt""}]","{""accepted_variants"": [""points with whiskers"", ""bars with whiskers""], ""representation"": ""categorical point-with-whisker or bar-with-whisker graph"", ""required_uncertainty"": ""symmetric plus/minus one SEM bars"", ""x_axis"": ""treatment category in table order"", ""y_axis"": ""conductivity after 10 min (uS/cm)""}","[{""criterion_id"": ""REPRESENTATION_TYPE"", ""met_rule"": ""Uses accepted categorical graph representation.""}, {""criterion_id"": ""CATEGORY_IDENTITY"", ""met_rule"": ""All four treatments are identifiable in table order or clearly mapped.""}, {""criterion_id"": ""Y_UNIT"", ""met_rule"": ""Y-axis includes the required variable and unit.""}, {""criterion_id"": ""Y_SCALE"", ""met_rule"": ""Y-scale is interpretable and can represent all means and SEM bars.""}, {""criterion_id"": ""PLOT_VALUES"", ""met_rule"": ""All four means are plotted at recoverable positions.""}, {""criterion_id"": ""UNCERTAINTY_MARKS"", ""met_rule"": ""Each mean has centered symmetric plus/minus SEM bars.""}]",independently_authored_synthetic_research_seed_unverified,Research seed for hand-drawn graph capture and reviewer evaluation. Do not expose criterion definitions to the person drawing the graph.
HDG-2026-P1-CAT-014,v0.1-research-seed,frq,short,canonical_answer,categorical_comparison_supplied_uncertainty,,HDG-2026-P1-CAT-014__response-01.jpg,"Researchers measured root tip mitosis for four treatment groups. Use the data table to construct a graph that compares the group means. Include a categorical x-axis with the treatments in table order, a y-axis labeled with units, plotted means, and symmetric error bars showing plus or minus one SEM.

Write the item ID HDG-2026-P1-CAT-014 at the top of your page.

| Treatment | Mean mitotic cells (%) | SEM (%) |
| --- | --- | --- |
| cool | 57.0 | 1.05 |
| room temp | 65.0 | 1.4 |
| warm | 60.0 | 1.75 |
| heat stress | 72.0 | 0.7 |","Expected graph: categorical point-with-whisker or bar-with-whisker graph; x-axis treatment category in table order; y-axis mitotic cells (%). Required criteria: REPRESENTATION_TYPE, CATEGORY_IDENTITY, Y_UNIT, Y_SCALE, PLOT_VALUES, UNCERTAINTY_MARKS.",AP Biology|data analysis|experimental design|graph construction,root tip mitosis|categorical comparison|SEM error bars,"[{""Mean mitotic cells (%)"": 57.0, ""SEM (%)"": 1.05, ""Treatment"": ""cool""}, {""Mean mitotic cells (%)"": 65.0, ""SEM (%)"": 1.4, ""Treatment"": ""room temp""}, {""Mean mitotic cells (%)"": 60.0, ""SEM (%)"": 1.75, ""Treatment"": ""warm""}, {""Mean mitotic cells (%)"": 72.0, ""SEM (%)"": 0.7, ""Treatment"": ""heat stress""}]","{""accepted_variants"": [""points with whiskers"", ""bars with whiskers""], ""representation"": ""categorical point-with-whisker or bar-with-whisker graph"", ""required_uncertainty"": ""symmetric plus/minus one SEM bars"", ""x_axis"": ""treatment category in table order"", ""y_axis"": ""mitotic cells (%)""}","[{""criterion_id"": ""REPRESENTATION_TYPE"", ""met_rule"": ""Uses accepted categorical graph representation.""}, {""criterion_id"": ""CATEGORY_IDENTITY"", ""met_rule"": ""All four treatments are identifiable in table order or clearly mapped.""}, {""criterion_id"": ""Y_UNIT"", ""met_rule"": ""Y-axis includes the required variable and unit.""}, {""criterion_id"": ""Y_SCALE"", ""met_rule"": ""Y-scale is interpretable and can represent all means and SEM bars.""}, {""criterion_id"": ""PLOT_VALUES"", ""met_rule"": ""All four means are plotted at recoverable positions.""}, {""criterion_id"": ""UNCERTAINTY_MARKS"", ""met_rule"": ""Each mean has centered symmetric plus/minus SEM bars.""}]",independently_authored_synthetic_research_seed_unverified,Research seed for hand-drawn graph capture and reviewer evaluation. Do not expose criterion definitions to the person drawing the graph.
HDG-2026-P1-CAT-015,v0.1-research-seed,frq,short,canonical_answer,categorical_comparison_supplied_uncertainty,,HDG-2026-P1-CAT-015__response-01.jpg,"Researchers measured enzyme product for four treatment groups. Use the data table to construct a graph that compares the group means. Include a categorical x-axis with the treatments in table order, a y-axis labeled with units, plotted means, and symmetric error bars showing plus or minus one SEM.

Write the item ID HDG-2026-P1-CAT-015 at the top of your page.

| Treatment | Mean product formed in 5 min (umol) | SEM (umol) |
| --- | --- | --- |
| pH 5 | 24.0 | 1.4 |
| pH 6 | 42.0 | 1.75 |
| pH 7 | 29.0 | 0.7 |
| pH 8 | 47.0 | 1.05 |","Expected graph: categorical point-with-whisker or bar-with-whisker graph; x-axis treatment category in table order; y-axis product formed in 5 min (umol). Required criteria: REPRESENTATION_TYPE, CATEGORY_IDENTITY, Y_UNIT, Y_SCALE, PLOT_VALUES, UNCERTAINTY_MARKS.",AP Biology|data analysis|experimental design|graph construction,enzyme product|categorical comparison|SEM error bars,"[{""Mean product formed in 5 min (umol)"": 24.0, ""SEM (umol)"": 1.4, ""Treatment"": ""pH 5""}, {""Mean product formed in 5 min (umol)"": 42.0, ""SEM (umol)"": 1.75, ""Treatment"": ""pH 6""}, {""Mean product formed in 5 min (umol)"": 29.0, ""SEM (umol)"": 0.7, ""Treatment"": ""pH 7""}, {""Mean product formed in 5 min (umol)"": 47.0, ""SEM (umol)"": 1.05, ""Treatment"": ""pH 8""}]","{""accepted_variants"": [""points with whiskers"", ""bars with whiskers""], ""representation"": ""categorical point-with-whisker or bar-with-whisker graph"", ""required_uncertainty"": ""symmetric plus/minus one SEM bars"", ""x_axis"": ""treatment category in table order"", ""y_axis"": ""product formed in 5 min (umol)""}","[{""criterion_id"": ""REPRESENTATION_TYPE"", ""met_rule"": ""Uses accepted categorical graph representation.""}, {""criterion_id"": ""CATEGORY_IDENTITY"", ""met_rule"": ""All four treatments are identifiable in table order or clearly mapped.""}, {""criterion_id"": ""Y_UNIT"", ""met_rule"": ""Y-axis includes the required variable and unit.""}, {""criterion_id"": ""Y_SCALE"", ""met_rule"": ""Y-scale is interpretable and can represent all means and SEM bars.""}, {""criterion_id"": ""PLOT_VALUES"", ""met_rule"": ""All four means are plotted at recoverable positions.""}, {""criterion_id"": ""UNCERTAINTY_MARKS"", ""met_rule"": ""Each mean has centered symmetric plus/minus SEM bars.""}]",independently_authored_synthetic_research_seed_unverified,Research seed for hand-drawn graph capture and reviewer evaluation. Do not expose criterion definitions to the person drawing the graph.
HDG-2026-P1-CAT-016,v0.1-research-seed,frq,short,canonical_answer,categorical_comparison_supplied_uncertainty,,HDG-2026-P1-CAT-016__response-01.jpg,"Researchers measured seed germination for four treatment groups. Use the data table to construct a graph that compares the group means. Include a categorical x-axis with the treatments in table order, a y-axis labeled with units, plotted means, and symmetric error bars showing plus or minus one SEM.

Write the item ID HDG-2026-P1-CAT-016 at the top of your page.

| Treatment | Mean germination (%) | SEM (%) |
| --- | --- | --- |
| dark | 25.0 | 1.75 |
| red light | 33.0 | 0.7 |
| blue light | 44.0 | 1.05 |
| white light | 49.0 | 1.4 |","Expected graph: categorical point-with-whisker or bar-with-whisker graph; x-axis treatment category in table order; y-axis germination (%). Required criteria: REPRESENTATION_TYPE, CATEGORY_IDENTITY, Y_UNIT, Y_SCALE, PLOT_VALUES, UNCERTAINTY_MARKS.",AP Biology|data analysis|experimental design|graph construction,seed germination|categorical comparison|SEM error bars,"[{""Mean germination (%)"": 25.0, ""SEM (%)"": 1.75, ""Treatment"": ""dark""}, {""Mean germination (%)"": 33.0, ""SEM (%)"": 0.7, ""Treatment"": ""red light""}, {""Mean germination (%)"": 44.0, ""SEM (%)"": 1.05, ""Treatment"": ""blue light""}, {""Mean germination (%)"": 49.0, ""SEM (%)"": 1.4, ""Treatment"": ""white light""}]","{""accepted_variants"": [""points with whiskers"", ""bars with whiskers""], ""representation"": ""categorical point-with-whisker or bar-with-whisker graph"", ""required_uncertainty"": ""symmetric plus/minus one SEM bars"", ""x_axis"": ""treatment category in table order"", ""y_axis"": ""germination (%)""}","[{""criterion_id"": ""REPRESENTATION_TYPE"", ""met_rule"": ""Uses accepted categorical graph representation.""}, {""criterion_id"": ""CATEGORY_IDENTITY"", ""met_rule"": ""All four treatments are identifiable in table order or clearly mapped.""}, {""criterion_id"": ""Y_UNIT"", ""met_rule"": ""Y-axis includes the required variable and unit.""}, {""criterion_id"": ""Y_SCALE"", ""met_rule"": ""Y-scale is interpretable and can represent all means and SEM bars.""}, {""criterion_id"": ""PLOT_VALUES"", ""met_rule"": ""All four means are plotted at recoverable positions.""}, {""criterion_id"": ""UNCERTAINTY_MARKS"", ""met_rule"": ""Each mean has centered symmetric plus/minus SEM bars.""}]",independently_authored_synthetic_research_seed_unverified,Research seed for hand-drawn graph capture and reviewer evaluation. Do not expose criterion definitions to the person drawing the graph.
HDG-2026-P1-CAT-017,v0.1-research-seed,frq,short,canonical_answer,categorical_comparison_supplied_uncertainty,,HDG-2026-P1-CAT-017__response-01.jpg,"Researchers measured yeast respiration for four treatment groups. Use the data table to construct a graph that compares the group means. Include a categorical x-axis with the treatments in table order, a y-axis labeled with units, plotted means, and symmetric error bars showing plus or minus one SEM.

Write the item ID HDG-2026-P1-CAT-017 at the top of your page.

| Treatment | Mean CO2 produced (mL) | SEM (mL) |
| --- | --- | --- |
| no sugar | 53.0 | 0.7 |
| glucose | 47.0 | 1.05 |
| sucrose | 39.0 | 1.4 |
| starch | 32.0 | 1.75 |","Expected graph: categorical point-with-whisker or bar-with-whisker graph; x-axis treatment category in table order; y-axis CO2 produced (mL). Required criteria: REPRESENTATION_TYPE, CATEGORY_IDENTITY, Y_UNIT, Y_SCALE, PLOT_VALUES, UNCERTAINTY_MARKS.",AP Biology|data analysis|experimental design|graph construction,yeast respiration|categorical comparison|SEM error bars,"[{""Mean CO2 produced (mL)"": 53.0, ""SEM (mL)"": 0.7, ""Treatment"": ""no sugar""}, {""Mean CO2 produced (mL)"": 47.0, ""SEM (mL)"": 1.05, ""Treatment"": ""glucose""}, {""Mean CO2 produced (mL)"": 39.0, ""SEM (mL)"": 1.4, ""Treatment"": ""sucrose""}, {""Mean CO2 produced (mL)"": 32.0, ""SEM (mL)"": 1.75, ""Treatment"": ""starch""}]","{""accepted_variants"": [""points with whiskers"", ""bars with whiskers""], ""representation"": ""categorical point-with-whisker or bar-with-whisker graph"", ""required_uncertainty"": ""symmetric plus/minus one SEM bars"", ""x_axis"": ""treatment category in table order"", ""y_axis"": ""CO2 produced (mL)""}","[{""criterion_id"": ""REPRESENTATION_TYPE"", ""met_rule"": ""Uses accepted categorical graph representation.""}, {""criterion_id"": ""CATEGORY_IDENTITY"", ""met_rule"": ""All four treatments are identifiable in table order or clearly mapped.""}, {""criterion_id"": ""Y_UNIT"", ""met_rule"": ""Y-axis includes the required variable and unit.""}, {""criterion_id"": ""Y_SCALE"", ""met_rule"": ""Y-scale is interpretable and can represent all means and SEM bars.""}, {""criterion_id"": ""PLOT_VALUES"", ""met_rule"": ""All four means are plotted at recoverable positions.""}, {""criterion_id"": ""UNCERTAINTY_MARKS"", ""met_rule"": ""Each mean has centered symmetric plus/minus SEM bars.""}]",independently_authored_synthetic_research_seed_unverified,Research seed for hand-drawn graph capture and reviewer evaluation. Do not expose criterion definitions to the person drawing the graph.
HDG-2026-P1-CAT-018,v0.1-research-seed,frq,short,canonical_answer,categorical_comparison_supplied_uncertainty,,HDG-2026-P1-CAT-018__response-01.jpg,"Researchers measured chloroplast settling for four treatment groups. Use the data table to construct a graph that compares the group means. Include a categorical x-axis with the treatments in table order, a y-axis labeled with units, plotted means, and symmetric error bars showing plus or minus one SEM.

Write the item ID HDG-2026-P1-CAT-018 at the top of your page.

| Treatment | Mean green layer thickness (mm) | SEM (mm) |
| --- | --- | --- |
| control | 38.0 | 1.05 |
| low salt | 40.0 | 1.4 |
| medium salt | 55.0 | 1.75 |
| high salt | 57.0 | 0.7 |","Expected graph: categorical point-with-whisker or bar-with-whisker graph; x-axis treatment category in table order; y-axis green layer thickness (mm). Required criteria: REPRESENTATION_TYPE, CATEGORY_IDENTITY, Y_UNIT, Y_SCALE, PLOT_VALUES, UNCERTAINTY_MARKS.",AP Biology|data analysis|experimental design|graph construction,chloroplast settling|categorical comparison|SEM error bars,"[{""Mean green layer thickness (mm)"": 38.0, ""SEM (mm)"": 1.05, ""Treatment"": ""control""}, {""Mean green layer thickness (mm)"": 40.0, ""SEM (mm)"": 1.4, ""Treatment"": ""low salt""}, {""Mean green layer thickness (mm)"": 55.0, ""SEM (mm)"": 1.75, ""Treatment"": ""medium salt""}, {""Mean green layer thickness (mm)"": 57.0, ""SEM (mm)"": 0.7, ""Treatment"": ""high salt""}]","{""accepted_variants"": [""points with whiskers"", ""bars with whiskers""], ""representation"": ""categorical point-with-whisker or bar-with-whisker graph"", ""required_uncertainty"": ""symmetric plus/minus one SEM bars"", ""x_axis"": ""treatment category in table order"", ""y_axis"": ""green layer thickness (mm)""}","[{""criterion_id"": ""REPRESENTATION_TYPE"", ""met_rule"": ""Uses accepted categorical graph representation.""}, {""criterion_id"": ""CATEGORY_IDENTITY"", ""met_rule"": ""All four treatments are identifiable in table order or clearly mapped.""}, {""criterion_id"": ""Y_UNIT"", ""met_rule"": ""Y-axis includes the required variable and unit.""}, {""criterion_id"": ""Y_SCALE"", ""met_rule"": ""Y-scale is interpretable and can represent all means and SEM bars.""}, {""criterion_id"": ""PLOT_VALUES"", ""met_rule"": ""All four means are plotted at recoverable positions.""}, {""criterion_id"": ""UNCERTAINTY_MARKS"", ""met_rule"": ""Each mean has centered symmetric plus/minus SEM bars.""}]",independently_authored_synthetic_research_seed_unverified,Research seed for hand-drawn graph capture and reviewer evaluation. Do not expose criterion definitions to the person drawing the graph.
HDG-2026-P1-CAT-019,v0.1-research-seed,frq,short,canonical_answer,categorical_comparison_supplied_uncertainty,,HDG-2026-P1-CAT-019__response-01.jpg,"Researchers measured callus growth for four treatment groups. Use the data table to construct a graph that compares the group means. Include a categorical x-axis with the treatments in table order, a y-axis labeled with units, plotted means, and symmetric error bars showing plus or minus one SEM.

Write the item ID HDG-2026-P1-CAT-019 at the top of your page.

| Treatment | Mean mass gain (g) | SEM (g) |
| --- | --- | --- |
| no auxin | 49.0 | 1.4 |
| low auxin | 57.0 | 1.75 |
| medium auxin | 52.0 | 0.7 |
| high auxin | 64.0 | 1.05 |","Expected graph: categorical point-with-whisker or bar-with-whisker graph; x-axis treatment category in table order; y-axis mass gain (g). Required criteria: REPRESENTATION_TYPE, CATEGORY_IDENTITY, Y_UNIT, Y_SCALE, PLOT_VALUES, UNCERTAINTY_MARKS.",AP Biology|data analysis|experimental design|graph construction,callus growth|categorical comparison|SEM error bars,"[{""Mean mass gain (g)"": 49.0, ""SEM (g)"": 1.4, ""Treatment"": ""no auxin""}, {""Mean mass gain (g)"": 57.0, ""SEM (g)"": 1.75, ""Treatment"": ""low auxin""}, {""Mean mass gain (g)"": 52.0, ""SEM (g)"": 0.7, ""Treatment"": ""medium auxin""}, {""Mean mass gain (g)"": 64.0, ""SEM (g)"": 1.05, ""Treatment"": ""high auxin""}]","{""accepted_variants"": [""points with whiskers"", ""bars with whiskers""], ""representation"": ""categorical point-with-whisker or bar-with-whisker graph"", ""required_uncertainty"": ""symmetric plus/minus one SEM bars"", ""x_axis"": ""treatment category in table order"", ""y_axis"": ""mass gain (g)""}","[{""criterion_id"": ""REPRESENTATION_TYPE"", ""met_rule"": ""Uses accepted categorical graph representation.""}, {""criterion_id"": ""CATEGORY_IDENTITY"", ""met_rule"": ""All four treatments are identifiable in table order or clearly mapped.""}, {""criterion_id"": ""Y_UNIT"", ""met_rule"": ""Y-axis includes the required variable and unit.""}, {""criterion_id"": ""Y_SCALE"", ""met_rule"": ""Y-scale is interpretable and can represent all means and SEM bars.""}, {""criterion_id"": ""PLOT_VALUES"", ""met_rule"": ""All four means are plotted at recoverable positions.""}, {""criterion_id"": ""UNCERTAINTY_MARKS"", ""met_rule"": ""Each mean has centered symmetric plus/minus SEM bars.""}]",independently_authored_synthetic_research_seed_unverified,Research seed for hand-drawn graph capture and reviewer evaluation. Do not expose criterion definitions to the person drawing the graph.
HDG-2026-P1-CAT-020,v0.1-research-seed,frq,short,canonical_answer,categorical_comparison_supplied_uncertainty,,HDG-2026-P1-CAT-020__response-01.jpg,"Researchers measured water loss for four treatment groups. Use the data table to construct a graph that compares the group means. Include a categorical x-axis with the treatments in table order, a y-axis labeled with units, plotted means, and symmetric error bars showing plus or minus one SEM.

Write the item ID HDG-2026-P1-CAT-020 at the top of your page.

| Treatment | Mean mass lost in 30 min (g) | SEM (g) |
| --- | --- | --- |
| still air | 44.0 | 1.75 |
| fan low | 62.0 | 0.7 |
| fan medium | 49.0 | 1.05 |
| fan high | 67.0 | 1.4 |","Expected graph: categorical point-with-whisker or bar-with-whisker graph; x-axis treatment category in table order; y-axis mass lost in 30 min (g). Required criteria: REPRESENTATION_TYPE, CATEGORY_IDENTITY, Y_UNIT, Y_SCALE, PLOT_VALUES, UNCERTAINTY_MARKS.",AP Biology|data analysis|experimental design|graph construction,water loss|categorical comparison|SEM error bars,"[{""Mean mass lost in 30 min (g)"": 44.0, ""SEM (g)"": 1.75, ""Treatment"": ""still air""}, {""Mean mass lost in 30 min (g)"": 62.0, ""SEM (g)"": 0.7, ""Treatment"": ""fan low""}, {""Mean mass lost in 30 min (g)"": 49.0, ""SEM (g)"": 1.05, ""Treatment"": ""fan medium""}, {""Mean mass lost in 30 min (g)"": 67.0, ""SEM (g)"": 1.4, ""Treatment"": ""fan high""}]","{""accepted_variants"": [""points with whiskers"", ""bars with whiskers""], ""representation"": ""categorical point-with-whisker or bar-with-whisker graph"", ""required_uncertainty"": ""symmetric plus/minus one SEM bars"", ""x_axis"": ""treatment category in table order"", ""y_axis"": ""mass lost in 30 min (g)""}","[{""criterion_id"": ""REPRESENTATION_TYPE"", ""met_rule"": ""Uses accepted categorical graph representation.""}, {""criterion_id"": ""CATEGORY_IDENTITY"", ""met_rule"": ""All four treatments are identifiable in table order or clearly mapped.""}, {""criterion_id"": ""Y_UNIT"", ""met_rule"": ""Y-axis includes the required variable and unit.""}, {""criterion_id"": ""Y_SCALE"", ""met_rule"": ""Y-scale is interpretable and can represent all means and SEM bars.""}, {""criterion_id"": ""PLOT_VALUES"", ""met_rule"": ""All four means are plotted at recoverable positions.""}, {""criterion_id"": ""UNCERTAINTY_MARKS"", ""met_rule"": ""Each mean has centered symmetric plus/minus SEM bars.""}]",independently_authored_synthetic_research_seed_unverified,Research seed for hand-drawn graph capture and reviewer evaluation. Do not expose criterion definitions to the person drawing the graph.
HDG-2026-P1-CAT-021,v0.1-research-seed,frq,short,canonical_answer,categorical_comparison_supplied_uncertainty,,HDG-2026-P1-CAT-021__response-01.jpg,"Researchers measured chlorophyll absorbance for four treatment groups. Use the data table to construct a graph that compares the group means. Include a categorical x-axis with the treatments in table order, a y-axis labeled with units, plotted means, and symmetric error bars showing plus or minus one SEM.

Write the item ID HDG-2026-P1-CAT-021 at the top of your page.

| Treatment | Mean absorbance at 540 nm (a.u.) | SEM (a.u.) |
| --- | --- | --- |
| low blue | 48.0 | 0.7 |
| moderate blue | 56.0 | 1.05 |
| high blue | 67.0 | 1.4 |
| mixed light | 72.0 | 1.75 |","Expected graph: categorical point-with-whisker or bar-with-whisker graph; x-axis treatment category in table order; y-axis absorbance at 540 nm (a.u.). Required criteria: REPRESENTATION_TYPE, CATEGORY_IDENTITY, Y_UNIT, Y_SCALE, PLOT_VALUES, UNCERTAINTY_MARKS.",AP Biology|data analysis|experimental design|graph construction,chlorophyll absorbance|categorical comparison|SEM error bars,"[{""Mean absorbance at 540 nm (a.u.)"": 48.0, ""SEM (a.u.)"": 0.7, ""Treatment"": ""low blue""}, {""Mean absorbance at 540 nm (a.u.)"": 56.0, ""SEM (a.u.)"": 1.05, ""Treatment"": ""moderate blue""}, {""Mean absorbance at 540 nm (a.u.)"": 67.0, ""SEM (a.u.)"": 1.4, ""Treatment"": ""high blue""}, {""Mean absorbance at 540 nm (a.u.)"": 72.0, ""SEM (a.u.)"": 1.75, ""Treatment"": ""mixed light""}]","{""accepted_variants"": [""points with whiskers"", ""bars with whiskers""], ""representation"": ""categorical point-with-whisker or bar-with-whisker graph"", ""required_uncertainty"": ""symmetric plus/minus one SEM bars"", ""x_axis"": ""treatment category in table order"", ""y_axis"": ""absorbance at 540 nm (a.u.)""}","[{""criterion_id"": ""REPRESENTATION_TYPE"", ""met_rule"": ""Uses accepted categorical graph representation.""}, {""criterion_id"": ""CATEGORY_IDENTITY"", ""met_rule"": ""All four treatments are identifiable in table order or clearly mapped.""}, {""criterion_id"": ""Y_UNIT"", ""met_rule"": ""Y-axis includes the required variable and unit.""}, {""criterion_id"": ""Y_SCALE"", ""met_rule"": ""Y-scale is interpretable and can represent all means and SEM bars.""}, {""criterion_id"": ""PLOT_VALUES"", ""met_rule"": ""All four means are plotted at recoverable positions.""}, {""criterion_id"": ""UNCERTAINTY_MARKS"", ""met_rule"": ""Each mean has centered symmetric plus/minus SEM bars.""}]",independently_authored_synthetic_research_seed_unverified,Research seed for hand-drawn graph capture and reviewer evaluation. Do not expose criterion definitions to the person drawing the graph.
HDG-2026-P1-CAT-022,v0.1-research-seed,frq,short,canonical_answer,categorical_comparison_supplied_uncertainty,,HDG-2026-P1-CAT-022__response-01.jpg,"Researchers measured leaf pore density for four treatment groups. Use the data table to construct a graph that compares the group means. Include a categorical x-axis with the treatments in table order, a y-axis labeled with units, plotted means, and symmetric error bars showing plus or minus one SEM.

Write the item ID HDG-2026-P1-CAT-022 at the top of your page.

| Treatment | Mean stomatal density (stomata/mm^2) | SEM (stomata/mm^2) |
| --- | --- | --- |
| deep shade | 48.0 | 1.05 |
| partial shade | 42.0 | 1.4 |
| open sun | 34.0 | 1.75 |
| reflected sun | 27.0 | 0.7 |","Expected graph: categorical point-with-whisker or bar-with-whisker graph; x-axis treatment category in table order; y-axis stomatal density (stomata/mm^2). Required criteria: REPRESENTATION_TYPE, CATEGORY_IDENTITY, Y_UNIT, Y_SCALE, PLOT_VALUES, UNCERTAINTY_MARKS.",AP Biology|data analysis|experimental design|graph construction,leaf pore density|categorical comparison|SEM error bars,"[{""Mean stomatal density (stomata/mm^2)"": 48.0, ""SEM (stomata/mm^2)"": 1.05, ""Treatment"": ""deep shade""}, {""Mean stomatal density (stomata/mm^2)"": 42.0, ""SEM (stomata/mm^2)"": 1.4, ""Treatment"": ""partial shade""}, {""Mean stomatal density (stomata/mm^2)"": 34.0, ""SEM (stomata/mm^2)"": 1.75, ""Treatment"": ""open sun""}, {""Mean stomatal density (stomata/mm^2)"": 27.0, ""SEM (stomata/mm^2)"": 0.7, ""Treatment"": ""reflected sun""}]","{""accepted_variants"": [""points with whiskers"", ""bars with whiskers""], ""representation"": ""categorical point-with-whisker or bar-with-whisker graph"", ""required_uncertainty"": ""symmetric plus/minus one SEM bars"", ""x_axis"": ""treatment category in table order"", ""y_axis"": ""stomatal density (stomata/mm^2)""}","[{""criterion_id"": ""REPRESENTATION_TYPE"", ""met_rule"": ""Uses accepted categorical graph representation.""}, {""criterion_id"": ""CATEGORY_IDENTITY"", ""met_rule"": ""All four treatments are identifiable in table order or clearly mapped.""}, {""criterion_id"": ""Y_UNIT"", ""met_rule"": ""Y-axis includes the required variable and unit.""}, {""criterion_id"": ""Y_SCALE"", ""met_rule"": ""Y-scale is interpretable and can represent all means and SEM bars.""}, {""criterion_id"": ""PLOT_VALUES"", ""met_rule"": ""All four means are plotted at recoverable positions.""}, {""criterion_id"": ""UNCERTAINTY_MARKS"", ""met_rule"": ""Each mean has centered symmetric plus/minus SEM bars.""}]",independently_authored_synthetic_research_seed_unverified,Research seed for hand-drawn graph capture and reviewer evaluation. Do not expose criterion definitions to the person drawing the graph.
HDG-2026-P1-CAT-023,v0.1-research-seed,frq,short,canonical_answer,categorical_comparison_supplied_uncertainty,,HDG-2026-P1-CAT-023__response-01.jpg,"Researchers measured membrane leakage for four treatment groups. Use the data table to construct a graph that compares the group means. Include a categorical x-axis with the treatments in table order, a y-axis labeled with units, plotted means, and symmetric error bars showing plus or minus one SEM.

Write the item ID HDG-2026-P1-CAT-023 at the top of your page.

| Treatment | Mean conductivity after 10 min (uS/cm) | SEM (uS/cm) |
| --- | --- | --- |
| isotonic | 33.0 | 1.4 |
| mild salt | 35.0 | 1.75 |
| moderate salt | 50.0 | 0.7 |
| high salt | 52.0 | 1.05 |","Expected graph: categorical point-with-whisker or bar-with-whisker graph; x-axis treatment category in table order; y-axis conductivity after 10 min (uS/cm). Required criteria: REPRESENTATION_TYPE, CATEGORY_IDENTITY, Y_UNIT, Y_SCALE, PLOT_VALUES, UNCERTAINTY_MARKS.",AP Biology|data analysis|experimental design|graph construction,membrane leakage|categorical comparison|SEM error bars,"[{""Mean conductivity after 10 min (uS/cm)"": 33.0, ""SEM (uS/cm)"": 1.4, ""Treatment"": ""isotonic""}, {""Mean conductivity after 10 min (uS/cm)"": 35.0, ""SEM (uS/cm)"": 1.75, ""Treatment"": ""mild salt""}, {""Mean conductivity after 10 min (uS/cm)"": 50.0, ""SEM (uS/cm)"": 0.7, ""Treatment"": ""moderate salt""}, {""Mean conductivity after 10 min (uS/cm)"": 52.0, ""SEM (uS/cm)"": 1.05, ""Treatment"": ""high salt""}]","{""accepted_variants"": [""points with whiskers"", ""bars with whiskers""], ""representation"": ""categorical point-with-whisker or bar-with-whisker graph"", ""required_uncertainty"": ""symmetric plus/minus one SEM bars"", ""x_axis"": ""treatment category in table order"", ""y_axis"": ""conductivity after 10 min (uS/cm)""}","[{""criterion_id"": ""REPRESENTATION_TYPE"", ""met_rule"": ""Uses accepted categorical graph representation.""}, {""criterion_id"": ""CATEGORY_IDENTITY"", ""met_rule"": ""All four treatments are identifiable in table order or clearly mapped.""}, {""criterion_id"": ""Y_UNIT"", ""met_rule"": ""Y-axis includes the required variable and unit.""}, {""criterion_id"": ""Y_SCALE"", ""met_rule"": ""Y-scale is interpretable and can represent all means and SEM bars.""}, {""criterion_id"": ""PLOT_VALUES"", ""met_rule"": ""All four means are plotted at recoverable positions.""}, {""criterion_id"": ""UNCERTAINTY_MARKS"", ""met_rule"": ""Each mean has centered symmetric plus/minus SEM bars.""}]",independently_authored_synthetic_research_seed_unverified,Research seed for hand-drawn graph capture and reviewer evaluation. Do not expose criterion definitions to the person drawing the graph.
HDG-2026-P1-CAT-024,v0.1-research-seed,frq,short,canonical_answer,categorical_comparison_supplied_uncertainty,,HDG-2026-P1-CAT-024__response-01.jpg,"Researchers measured root tip mitosis for four treatment groups. Use the data table to construct a graph that compares the group means. Include a categorical x-axis with the treatments in table order, a y-axis labeled with units, plotted means, and symmetric error bars showing plus or minus one SEM.

Write the item ID HDG-2026-P1-CAT-024 at the top of your page.

| Treatment | Mean mitotic cells (%) | SEM (%) |
| --- | --- | --- |
| cool | 44.0 | 1.75 |
| room temp | 52.0 | 0.7 |
| warm | 47.0 | 1.05 |
| heat stress | 59.0 | 1.4 |","Expected graph: categorical point-with-whisker or bar-with-whisker graph; x-axis treatment category in table order; y-axis mitotic cells (%). Required criteria: REPRESENTATION_TYPE, CATEGORY_IDENTITY, Y_UNIT, Y_SCALE, PLOT_VALUES, UNCERTAINTY_MARKS.",AP Biology|data analysis|experimental design|graph construction,root tip mitosis|categorical comparison|SEM error bars,"[{""Mean mitotic cells (%)"": 44.0, ""SEM (%)"": 1.75, ""Treatment"": ""cool""}, {""Mean mitotic cells (%)"": 52.0, ""SEM (%)"": 0.7, ""Treatment"": ""room temp""}, {""Mean mitotic cells (%)"": 47.0, ""SEM (%)"": 1.05, ""Treatment"": ""warm""}, {""Mean mitotic cells (%)"": 59.0, ""SEM (%)"": 1.4, ""Treatment"": ""heat stress""}]","{""accepted_variants"": [""points with whiskers"", ""bars with whiskers""], ""representation"": ""categorical point-with-whisker or bar-with-whisker graph"", ""required_uncertainty"": ""symmetric plus/minus one SEM bars"", ""x_axis"": ""treatment category in table order"", ""y_axis"": ""mitotic cells (%)""}","[{""criterion_id"": ""REPRESENTATION_TYPE"", ""met_rule"": ""Uses accepted categorical graph representation.""}, {""criterion_id"": ""CATEGORY_IDENTITY"", ""met_rule"": ""All four treatments are identifiable in table order or clearly mapped.""}, {""criterion_id"": ""Y_UNIT"", ""met_rule"": ""Y-axis includes the required variable and unit.""}, {""criterion_id"": ""Y_SCALE"", ""met_rule"": ""Y-scale is interpretable and can represent all means and SEM bars.""}, {""criterion_id"": ""PLOT_VALUES"", ""met_rule"": ""All four means are plotted at recoverable positions.""}, {""criterion_id"": ""UNCERTAINTY_MARKS"", ""met_rule"": ""Each mean has centered symmetric plus/minus SEM bars.""}]",independently_authored_synthetic_research_seed_unverified,Research seed for hand-drawn graph capture and reviewer evaluation. Do not expose criterion definitions to the person drawing the graph.
HDG-2026-P1-CAT-025,v0.1-research-seed,frq,short,canonical_answer,categorical_comparison_supplied_uncertainty,,HDG-2026-P1-CAT-025__response-01.jpg,"Researchers measured enzyme product for four treatment groups. Use the data table to construct a graph that compares the group means. Include a categorical x-axis with the treatments in table order, a y-axis labeled with units, plotted means, and symmetric error bars showing plus or minus one SEM.

Write the item ID HDG-2026-P1-CAT-025 at the top of your page.

| Treatment | Mean product formed in 5 min (umol) | SEM (umol) |
| --- | --- | --- |
| pH 5 | 39.0 | 0.7 |
| pH 6 | 57.0 | 1.05 |
| pH 7 | 44.0 | 1.4 |
| pH 8 | 62.0 | 1.75 |","Expected graph: categorical point-with-whisker or bar-with-whisker graph; x-axis treatment category in table order; y-axis product formed in 5 min (umol). Required criteria: REPRESENTATION_TYPE, CATEGORY_IDENTITY, Y_UNIT, Y_SCALE, PLOT_VALUES, UNCERTAINTY_MARKS.",AP Biology|data analysis|experimental design|graph construction,enzyme product|categorical comparison|SEM error bars,"[{""Mean product formed in 5 min (umol)"": 39.0, ""SEM (umol)"": 0.7, ""Treatment"": ""pH 5""}, {""Mean product formed in 5 min (umol)"": 57.0, ""SEM (umol)"": 1.05, ""Treatment"": ""pH 6""}, {""Mean product formed in 5 min (umol)"": 44.0, ""SEM (umol)"": 1.4, ""Treatment"": ""pH 7""}, {""Mean product formed in 5 min (umol)"": 62.0, ""SEM (umol)"": 1.75, ""Treatment"": ""pH 8""}]","{""accepted_variants"": [""points with whiskers"", ""bars with whiskers""], ""representation"": ""categorical point-with-whisker or bar-with-whisker graph"", ""required_uncertainty"": ""symmetric plus/minus one SEM bars"", ""x_axis"": ""treatment category in table order"", ""y_axis"": ""product formed in 5 min (umol)""}","[{""criterion_id"": ""REPRESENTATION_TYPE"", ""met_rule"": ""Uses accepted categorical graph representation.""}, {""criterion_id"": ""CATEGORY_IDENTITY"", ""met_rule"": ""All four treatments are identifiable in table order or clearly mapped.""}, {""criterion_id"": ""Y_UNIT"", ""met_rule"": ""Y-axis includes the required variable and unit.""}, {""criterion_id"": ""Y_SCALE"", ""met_rule"": ""Y-scale is interpretable and can represent all means and SEM bars.""}, {""criterion_id"": ""PLOT_VALUES"", ""met_rule"": ""All four means are plotted at recoverable positions.""}, {""criterion_id"": ""UNCERTAINTY_MARKS"", ""met_rule"": ""Each mean has centered symmetric plus/minus SEM bars.""}]",independently_authored_synthetic_research_seed_unverified,Research seed for hand-drawn graph capture and reviewer evaluation. Do not expose criterion definitions to the person drawing the graph.
HDG-2026-P1-CAT-026,v0.1-research-seed,frq,short,canonical_answer,categorical_comparison_supplied_uncertainty,,HDG-2026-P1-CAT-026__response-01.jpg,"Researchers measured seed germination for four treatment groups. Use the data table to construct a graph that compares the group means. Include a categorical x-axis with the treatments in table order, a y-axis labeled with units, plotted means, and symmetric error bars showing plus or minus one SEM.

Write the item ID HDG-2026-P1-CAT-026 at the top of your page.

| Treatment | Mean germination (%) | SEM (%) |
| --- | --- | --- |
| dark | 40.0 | 1.05 |
| red light | 48.0 | 1.4 |
| blue light | 59.0 | 1.75 |
| white light | 64.0 | 0.7 |","Expected graph: categorical point-with-whisker or bar-with-whisker graph; x-axis treatment category in table order; y-axis germination (%). Required criteria: REPRESENTATION_TYPE, CATEGORY_IDENTITY, Y_UNIT, Y_SCALE, PLOT_VALUES, UNCERTAINTY_MARKS.",AP Biology|data analysis|experimental design|graph construction,seed germination|categorical comparison|SEM error bars,"[{""Mean germination (%)"": 40.0, ""SEM (%)"": 1.05, ""Treatment"": ""dark""}, {""Mean germination (%)"": 48.0, ""SEM (%)"": 1.4, ""Treatment"": ""red light""}, {""Mean germination (%)"": 59.0, ""SEM (%)"": 1.75, ""Treatment"": ""blue light""}, {""Mean germination (%)"": 64.0, ""SEM (%)"": 0.7, ""Treatment"": ""white light""}]","{""accepted_variants"": [""points with whiskers"", ""bars with whiskers""], ""representation"": ""categorical point-with-whisker or bar-with-whisker graph"", ""required_uncertainty"": ""symmetric plus/minus one SEM bars"", ""x_axis"": ""treatment category in table order"", ""y_axis"": ""germination (%)""}","[{""criterion_id"": ""REPRESENTATION_TYPE"", ""met_rule"": ""Uses accepted categorical graph representation.""}, {""criterion_id"": ""CATEGORY_IDENTITY"", ""met_rule"": ""All four treatments are identifiable in table order or clearly mapped.""}, {""criterion_id"": ""Y_UNIT"", ""met_rule"": ""Y-axis includes the required variable and unit.""}, {""criterion_id"": ""Y_SCALE"", ""met_rule"": ""Y-scale is interpretable and can represent all means and SEM bars.""}, {""criterion_id"": ""PLOT_VALUES"", ""met_rule"": ""All four means are plotted at recoverable positions.""}, {""criterion_id"": ""UNCERTAINTY_MARKS"", ""met_rule"": ""Each mean has centered symmetric plus/minus SEM bars.""}]",independently_authored_synthetic_research_seed_unverified,Research seed for hand-drawn graph capture and reviewer evaluation. Do not expose criterion definitions to the person drawing the graph.
HDG-2026-P1-CAT-027,v0.1-research-seed,frq,short,canonical_answer,categorical_comparison_supplied_uncertainty,,HDG-2026-P1-CAT-027__response-01.jpg,"Researchers measured yeast respiration for four treatment groups. Use the data table to construct a graph that compares the group means. Include a categorical x-axis with the treatments in table order, a y-axis labeled with units, plotted means, and symmetric error bars showing plus or minus one SEM.

Write the item ID HDG-2026-P1-CAT-027 at the top of your page.

| Treatment | Mean CO2 produced (mL) | SEM (mL) |
| --- | --- | --- |
| no sugar | 68.0 | 1.4 |
| glucose | 62.0 | 1.75 |
| sucrose | 54.0 | 0.7 |
| starch | 47.0 | 1.05 |","Expected graph: categorical point-with-whisker or bar-with-whisker graph; x-axis treatment category in table order; y-axis CO2 produced (mL). Required criteria: REPRESENTATION_TYPE, CATEGORY_IDENTITY, Y_UNIT, Y_SCALE, PLOT_VALUES, UNCERTAINTY_MARKS.",AP Biology|data analysis|experimental design|graph construction,yeast respiration|categorical comparison|SEM error bars,"[{""Mean CO2 produced (mL)"": 68.0, ""SEM (mL)"": 1.4, ""Treatment"": ""no sugar""}, {""Mean CO2 produced (mL)"": 62.0, ""SEM (mL)"": 1.75, ""Treatment"": ""glucose""}, {""Mean CO2 produced (mL)"": 54.0, ""SEM (mL)"": 0.7, ""Treatment"": ""sucrose""}, {""Mean CO2 produced (mL)"": 47.0, ""SEM (mL)"": 1.05, ""Treatment"": ""starch""}]","{""accepted_variants"": [""points with whiskers"", ""bars with whiskers""], ""representation"": ""categorical point-with-whisker or bar-with-whisker graph"", ""required_uncertainty"": ""symmetric plus/minus one SEM bars"", ""x_axis"": ""treatment category in table order"", ""y_axis"": ""CO2 produced (mL)""}","[{""criterion_id"": ""REPRESENTATION_TYPE"", ""met_rule"": ""Uses accepted categorical graph representation.""}, {""criterion_id"": ""CATEGORY_IDENTITY"", ""met_rule"": ""All four treatments are identifiable in table order or clearly mapped.""}, {""criterion_id"": ""Y_UNIT"", ""met_rule"": ""Y-axis includes the required variable and unit.""}, {""criterion_id"": ""Y_SCALE"", ""met_rule"": ""Y-scale is interpretable and can represent all means and SEM bars.""}, {""criterion_id"": ""PLOT_VALUES"", ""met_rule"": ""All four means are plotted at recoverable positions.""}, {""criterion_id"": ""UNCERTAINTY_MARKS"", ""met_rule"": ""Each mean has centered symmetric plus/minus SEM bars.""}]",independently_authored_synthetic_research_seed_unverified,Research seed for hand-drawn graph capture and reviewer evaluation. Do not expose criterion definitions to the person drawing the graph.
HDG-2026-P1-CAT-028,v0.1-research-seed,frq,short,canonical_answer,categorical_comparison_supplied_uncertainty,,HDG-2026-P1-CAT-028__response-01.jpg,"Researchers measured chloroplast settling for four treatment groups. Use the data table to construct a graph that compares the group means. Include a categorical x-axis with the treatments in table order, a y-axis labeled with units, plotted means, and symmetric error bars showing plus or minus one SEM.

Write the item ID HDG-2026-P1-CAT-028 at the top of your page.

| Treatment | Mean green layer thickness (mm) | SEM (mm) |
| --- | --- | --- |
| control | 53.0 | 1.75 |
| low salt | 55.0 | 0.7 |
| medium salt | 70.0 | 1.05 |
| high salt | 72.0 | 1.4 |","Expected graph: categorical point-with-whisker or bar-with-whisker graph; x-axis treatment category in table order; y-axis green layer thickness (mm). Required criteria: REPRESENTATION_TYPE, CATEGORY_IDENTITY, Y_UNIT, Y_SCALE, PLOT_VALUES, UNCERTAINTY_MARKS.",AP Biology|data analysis|experimental design|graph construction,chloroplast settling|categorical comparison|SEM error bars,"[{""Mean green layer thickness (mm)"": 53.0, ""SEM (mm)"": 1.75, ""Treatment"": ""control""}, {""Mean green layer thickness (mm)"": 55.0, ""SEM (mm)"": 0.7, ""Treatment"": ""low salt""}, {""Mean green layer thickness (mm)"": 70.0, ""SEM (mm)"": 1.05, ""Treatment"": ""medium salt""}, {""Mean green layer thickness (mm)"": 72.0, ""SEM (mm)"": 1.4, ""Treatment"": ""high salt""}]","{""accepted_variants"": [""points with whiskers"", ""bars with whiskers""], ""representation"": ""categorical point-with-whisker or bar-with-whisker graph"", ""required_uncertainty"": ""symmetric plus/minus one SEM bars"", ""x_axis"": ""treatment category in table order"", ""y_axis"": ""green layer thickness (mm)""}","[{""criterion_id"": ""REPRESENTATION_TYPE"", ""met_rule"": ""Uses accepted categorical graph representation.""}, {""criterion_id"": ""CATEGORY_IDENTITY"", ""met_rule"": ""All four treatments are identifiable in table order or clearly mapped.""}, {""criterion_id"": ""Y_UNIT"", ""met_rule"": ""Y-axis includes the required variable and unit.""}, {""criterion_id"": ""Y_SCALE"", ""met_rule"": ""Y-scale is interpretable and can represent all means and SEM bars.""}, {""criterion_id"": ""PLOT_VALUES"", ""met_rule"": ""All four means are plotted at recoverable positions.""}, {""criterion_id"": ""UNCERTAINTY_MARKS"", ""met_rule"": ""Each mean has centered symmetric plus/minus SEM bars.""}]",independently_authored_synthetic_research_seed_unverified,Research seed for hand-drawn graph capture and reviewer evaluation. Do not expose criterion definitions to the person drawing the graph.
HDG-2026-P1-CAT-029,v0.1-research-seed,frq,short,canonical_answer,categorical_comparison_supplied_uncertainty,,HDG-2026-P1-CAT-029__response-01.jpg,"Researchers measured callus growth for four treatment groups. Use the data table to construct a graph that compares the group means. Include a categorical x-axis with the treatments in table order, a y-axis labeled with units, plotted means, and symmetric error bars showing plus or minus one SEM.

Write the item ID HDG-2026-P1-CAT-029 at the top of your page.

| Treatment | Mean mass gain (g) | SEM (g) |
| --- | --- | --- |
| no auxin | 36.0 | 0.7 |
| low auxin | 44.0 | 1.05 |
| medium auxin | 39.0 | 1.4 |
| high auxin | 51.0 | 1.75 |","Expected graph: categorical point-with-whisker or bar-with-whisker graph; x-axis treatment category in table order; y-axis mass gain (g). Required criteria: REPRESENTATION_TYPE, CATEGORY_IDENTITY, Y_UNIT, Y_SCALE, PLOT_VALUES, UNCERTAINTY_MARKS.",AP Biology|data analysis|experimental design|graph construction,callus growth|categorical comparison|SEM error bars,"[{""Mean mass gain (g)"": 36.0, ""SEM (g)"": 0.7, ""Treatment"": ""no auxin""}, {""Mean mass gain (g)"": 44.0, ""SEM (g)"": 1.05, ""Treatment"": ""low auxin""}, {""Mean mass gain (g)"": 39.0, ""SEM (g)"": 1.4, ""Treatment"": ""medium auxin""}, {""Mean mass gain (g)"": 51.0, ""SEM (g)"": 1.75, ""Treatment"": ""high auxin""}]","{""accepted_variants"": [""points with whiskers"", ""bars with whiskers""], ""representation"": ""categorical point-with-whisker or bar-with-whisker graph"", ""required_uncertainty"": ""symmetric plus/minus one SEM bars"", ""x_axis"": ""treatment category in table order"", ""y_axis"": ""mass gain (g)""}","[{""criterion_id"": ""REPRESENTATION_TYPE"", ""met_rule"": ""Uses accepted categorical graph representation.""}, {""criterion_id"": ""CATEGORY_IDENTITY"", ""met_rule"": ""All four treatments are identifiable in table order or clearly mapped.""}, {""criterion_id"": ""Y_UNIT"", ""met_rule"": ""Y-axis includes the required variable and unit.""}, {""criterion_id"": ""Y_SCALE"", ""met_rule"": ""Y-scale is interpretable and can represent all means and SEM bars.""}, {""criterion_id"": ""PLOT_VALUES"", ""met_rule"": ""All four means are plotted at recoverable positions.""}, {""criterion_id"": ""UNCERTAINTY_MARKS"", ""met_rule"": ""Each mean has centered symmetric plus/minus SEM bars.""}]",independently_authored_synthetic_research_seed_unverified,Research seed for hand-drawn graph capture and reviewer evaluation. Do not expose criterion definitions to the person drawing the graph.
HDG-2026-P1-CAT-030,v0.1-research-seed,frq,short,canonical_answer,categorical_comparison_supplied_uncertainty,,HDG-2026-P1-CAT-030__response-01.jpg,"Researchers measured water loss for four treatment groups. Use the data table to construct a graph that compares the group means. Include a categorical x-axis with the treatments in table order, a y-axis labeled with units, plotted means, and symmetric error bars showing plus or minus one SEM.

Write the item ID HDG-2026-P1-CAT-030 at the top of your page.

| Treatment | Mean mass lost in 30 min (g) | SEM (g) |
| --- | --- | --- |
| still air | 31.0 | 1.05 |
| fan low | 49.0 | 1.4 |
| fan medium | 36.0 | 1.75 |
| fan high | 54.0 | 0.7 |","Expected graph: categorical point-with-whisker or bar-with-whisker graph; x-axis treatment category in table order; y-axis mass lost in 30 min (g). Required criteria: REPRESENTATION_TYPE, CATEGORY_IDENTITY, Y_UNIT, Y_SCALE, PLOT_VALUES, UNCERTAINTY_MARKS.",AP Biology|data analysis|experimental design|graph construction,water loss|categorical comparison|SEM error bars,"[{""Mean mass lost in 30 min (g)"": 31.0, ""SEM (g)"": 1.05, ""Treatment"": ""still air""}, {""Mean mass lost in 30 min (g)"": 49.0, ""SEM (g)"": 1.4, ""Treatment"": ""fan low""}, {""Mean mass lost in 30 min (g)"": 36.0, ""SEM (g)"": 1.75, ""Treatment"": ""fan medium""}, {""Mean mass lost in 30 min (g)"": 54.0, ""SEM (g)"": 0.7, ""Treatment"": ""fan high""}]","{""accepted_variants"": [""points with whiskers"", ""bars with whiskers""], ""representation"": ""categorical point-with-whisker or bar-with-whisker graph"", ""required_uncertainty"": ""symmetric plus/minus one SEM bars"", ""x_axis"": ""treatment category in table order"", ""y_axis"": ""mass lost in 30 min (g)""}","[{""criterion_id"": ""REPRESENTATION_TYPE"", ""met_rule"": ""Uses accepted categorical graph representation.""}, {""criterion_id"": ""CATEGORY_IDENTITY"", ""met_rule"": ""All four treatments are identifiable in table order or clearly mapped.""}, {""criterion_id"": ""Y_UNIT"", ""met_rule"": ""Y-axis includes the required variable and unit.""}, {""criterion_id"": ""Y_SCALE"", ""met_rule"": ""Y-scale is interpretable and can represent all means and SEM bars.""}, {""criterion_id"": ""PLOT_VALUES"", ""met_rule"": ""All four means are plotted at recoverable positions.""}, {""criterion_id"": ""UNCERTAINTY_MARKS"", ""met_rule"": ""Each mean has centered symmetric plus/minus SEM bars.""}]",independently_authored_synthetic_research_seed_unverified,Research seed for hand-drawn graph capture and reviewer evaluation. Do not expose criterion definitions to the person drawing the graph.
HDG-2026-P1-CAT-031,v0.1-research-seed,frq,short,canonical_answer,categorical_comparison_supplied_uncertainty,,HDG-2026-P1-CAT-031__response-01.jpg,"Researchers measured chlorophyll absorbance for four treatment groups. Use the data table to construct a graph that compares the group means. Include a categorical x-axis with the treatments in table order, a y-axis labeled with units, plotted means, and symmetric error bars showing plus or minus one SEM.

Write the item ID HDG-2026-P1-CAT-031 at the top of your page.

| Treatment | Mean absorbance at 540 nm (a.u.) | SEM (a.u.) |
| --- | --- | --- |
| low blue | 35.0 | 1.4 |
| moderate blue | 43.0 | 1.75 |
| high blue | 54.0 | 0.7 |
| mixed light | 59.0 | 1.05 |","Expected graph: categorical point-with-whisker or bar-with-whisker graph; x-axis treatment category in table order; y-axis absorbance at 540 nm (a.u.). Required criteria: REPRESENTATION_TYPE, CATEGORY_IDENTITY, Y_UNIT, Y_SCALE, PLOT_VALUES, UNCERTAINTY_MARKS.",AP Biology|data analysis|experimental design|graph construction,chlorophyll absorbance|categorical comparison|SEM error bars,"[{""Mean absorbance at 540 nm (a.u.)"": 35.0, ""SEM (a.u.)"": 1.4, ""Treatment"": ""low blue""}, {""Mean absorbance at 540 nm (a.u.)"": 43.0, ""SEM (a.u.)"": 1.75, ""Treatment"": ""moderate blue""}, {""Mean absorbance at 540 nm (a.u.)"": 54.0, ""SEM (a.u.)"": 0.7, ""Treatment"": ""high blue""}, {""Mean absorbance at 540 nm (a.u.)"": 59.0, ""SEM (a.u.)"": 1.05, ""Treatment"": ""mixed light""}]","{""accepted_variants"": [""points with whiskers"", ""bars with whiskers""], ""representation"": ""categorical point-with-whisker or bar-with-whisker graph"", ""required_uncertainty"": ""symmetric plus/minus one SEM bars"", ""x_axis"": ""treatment category in table order"", ""y_axis"": ""absorbance at 540 nm (a.u.)""}","[{""criterion_id"": ""REPRESENTATION_TYPE"", ""met_rule"": ""Uses accepted categorical graph representation.""}, {""criterion_id"": ""CATEGORY_IDENTITY"", ""met_rule"": ""All four treatments are identifiable in table order or clearly mapped.""}, {""criterion_id"": ""Y_UNIT"", ""met_rule"": ""Y-axis includes the required variable and unit.""}, {""criterion_id"": ""Y_SCALE"", ""met_rule"": ""Y-scale is interpretable and can represent all means and SEM bars.""}, {""criterion_id"": ""PLOT_VALUES"", ""met_rule"": ""All four means are plotted at recoverable positions.""}, {""criterion_id"": ""UNCERTAINTY_MARKS"", ""met_rule"": ""Each mean has centered symmetric plus/minus SEM bars.""}]",independently_authored_synthetic_research_seed_unverified,Research seed for hand-drawn graph capture and reviewer evaluation. Do not expose criterion definitions to the person drawing the graph.
HDG-2026-P1-CAT-032,v0.1-research-seed,frq,short,canonical_answer,categorical_comparison_supplied_uncertainty,,HDG-2026-P1-CAT-032__response-01.jpg,"Researchers measured leaf pore density for four treatment groups. Use the data table to construct a graph that compares the group means. Include a categorical x-axis with the treatments in table order, a y-axis labeled with units, plotted means, and symmetric error bars showing plus or minus one SEM.

Write the item ID HDG-2026-P1-CAT-032 at the top of your page.

| Treatment | Mean stomatal density (stomata/mm^2) | SEM (stomata/mm^2) |
| --- | --- | --- |
| deep shade | 63.0 | 1.75 |
| partial shade | 57.0 | 0.7 |
| open sun | 49.0 | 1.05 |
| reflected sun | 42.0 | 1.4 |","Expected graph: categorical point-with-whisker or bar-with-whisker graph; x-axis treatment category in table order; y-axis stomatal density (stomata/mm^2). Required criteria: REPRESENTATION_TYPE, CATEGORY_IDENTITY, Y_UNIT, Y_SCALE, PLOT_VALUES, UNCERTAINTY_MARKS.",AP Biology|data analysis|experimental design|graph construction,leaf pore density|categorical comparison|SEM error bars,"[{""Mean stomatal density (stomata/mm^2)"": 63.0, ""SEM (stomata/mm^2)"": 1.75, ""Treatment"": ""deep shade""}, {""Mean stomatal density (stomata/mm^2)"": 57.0, ""SEM (stomata/mm^2)"": 0.7, ""Treatment"": ""partial shade""}, {""Mean stomatal density (stomata/mm^2)"": 49.0, ""SEM (stomata/mm^2)"": 1.05, ""Treatment"": ""open sun""}, {""Mean stomatal density (stomata/mm^2)"": 42.0, ""SEM (stomata/mm^2)"": 1.4, ""Treatment"": ""reflected sun""}]","{""accepted_variants"": [""points with whiskers"", ""bars with whiskers""], ""representation"": ""categorical point-with-whisker or bar-with-whisker graph"", ""required_uncertainty"": ""symmetric plus/minus one SEM bars"", ""x_axis"": ""treatment category in table order"", ""y_axis"": ""stomatal density (stomata/mm^2)""}","[{""criterion_id"": ""REPRESENTATION_TYPE"", ""met_rule"": ""Uses accepted categorical graph representation.""}, {""criterion_id"": ""CATEGORY_IDENTITY"", ""met_rule"": ""All four treatments are identifiable in table order or clearly mapped.""}, {""criterion_id"": ""Y_UNIT"", ""met_rule"": ""Y-axis includes the required variable and unit.""}, {""criterion_id"": ""Y_SCALE"", ""met_rule"": ""Y-scale is interpretable and can represent all means and SEM bars.""}, {""criterion_id"": ""PLOT_VALUES"", ""met_rule"": ""All four means are plotted at recoverable positions.""}, {""criterion_id"": ""UNCERTAINTY_MARKS"", ""met_rule"": ""Each mean has centered symmetric plus/minus SEM bars.""}]",independently_authored_synthetic_research_seed_unverified,Research seed for hand-drawn graph capture and reviewer evaluation. Do not expose criterion definitions to the person drawing the graph.
HDG-2026-P1-CAT-033,v0.1-research-seed,frq,short,canonical_answer,categorical_comparison_supplied_uncertainty,,HDG-2026-P1-CAT-033__response-01.jpg,"Researchers measured membrane leakage for four treatment groups. Use the data table to construct a graph that compares the group means. Include a categorical x-axis with the treatments in table order, a y-axis labeled with units, plotted means, and symmetric error bars showing plus or minus one SEM.

Write the item ID HDG-2026-P1-CAT-033 at the top of your page.

| Treatment | Mean conductivity after 10 min (uS/cm) | SEM (uS/cm) |
| --- | --- | --- |
| isotonic | 48.0 | 0.7 |
| mild salt | 50.0 | 1.05 |
| moderate salt | 65.0 | 1.4 |
| high salt | 67.0 | 1.75 |","Expected graph: categorical point-with-whisker or bar-with-whisker graph; x-axis treatment category in table order; y-axis conductivity after 10 min (uS/cm). Required criteria: REPRESENTATION_TYPE, CATEGORY_IDENTITY, Y_UNIT, Y_SCALE, PLOT_VALUES, UNCERTAINTY_MARKS.",AP Biology|data analysis|experimental design|graph construction,membrane leakage|categorical comparison|SEM error bars,"[{""Mean conductivity after 10 min (uS/cm)"": 48.0, ""SEM (uS/cm)"": 0.7, ""Treatment"": ""isotonic""}, {""Mean conductivity after 10 min (uS/cm)"": 50.0, ""SEM (uS/cm)"": 1.05, ""Treatment"": ""mild salt""}, {""Mean conductivity after 10 min (uS/cm)"": 65.0, ""SEM (uS/cm)"": 1.4, ""Treatment"": ""moderate salt""}, {""Mean conductivity after 10 min (uS/cm)"": 67.0, ""SEM (uS/cm)"": 1.75, ""Treatment"": ""high salt""}]","{""accepted_variants"": [""points with whiskers"", ""bars with whiskers""], ""representation"": ""categorical point-with-whisker or bar-with-whisker graph"", ""required_uncertainty"": ""symmetric plus/minus one SEM bars"", ""x_axis"": ""treatment category in table order"", ""y_axis"": ""conductivity after 10 min (uS/cm)""}","[{""criterion_id"": ""REPRESENTATION_TYPE"", ""met_rule"": ""Uses accepted categorical graph representation.""}, {""criterion_id"": ""CATEGORY_IDENTITY"", ""met_rule"": ""All four treatments are identifiable in table order or clearly mapped.""}, {""criterion_id"": ""Y_UNIT"", ""met_rule"": ""Y-axis includes the required variable and unit.""}, {""criterion_id"": ""Y_SCALE"", ""met_rule"": ""Y-scale is interpretable and can represent all means and SEM bars.""}, {""criterion_id"": ""PLOT_VALUES"", ""met_rule"": ""All four means are plotted at recoverable positions.""}, {""criterion_id"": ""UNCERTAINTY_MARKS"", ""met_rule"": ""Each mean has centered symmetric plus/minus SEM bars.""}]",independently_authored_synthetic_research_seed_unverified,Research seed for hand-drawn graph capture and reviewer evaluation. Do not expose criterion definitions to the person drawing the graph.
HDG-2026-P1-CAT-034,v0.1-research-seed,frq,short,canonical_answer,categorical_comparison_supplied_uncertainty,,HDG-2026-P1-CAT-034__response-01.jpg,"Researchers measured root tip mitosis for four treatment groups. Use the data table to construct a graph that compares the group means. Include a categorical x-axis with the treatments in table order, a y-axis labeled with units, plotted means, and symmetric error bars showing plus or minus one SEM.

Write the item ID HDG-2026-P1-CAT-034 at the top of your page.

| Treatment | Mean mitotic cells (%) | SEM (%) |
| --- | --- | --- |
| cool | 59.0 | 1.05 |
| room temp | 67.0 | 1.4 |
| warm | 62.0 | 1.75 |
| heat stress | 74.0 | 0.7 |","Expected graph: categorical point-with-whisker or bar-with-whisker graph; x-axis treatment category in table order; y-axis mitotic cells (%). Required criteria: REPRESENTATION_TYPE, CATEGORY_IDENTITY, Y_UNIT, Y_SCALE, PLOT_VALUES, UNCERTAINTY_MARKS.",AP Biology|data analysis|experimental design|graph construction,root tip mitosis|categorical comparison|SEM error bars,"[{""Mean mitotic cells (%)"": 59.0, ""SEM (%)"": 1.05, ""Treatment"": ""cool""}, {""Mean mitotic cells (%)"": 67.0, ""SEM (%)"": 1.4, ""Treatment"": ""room temp""}, {""Mean mitotic cells (%)"": 62.0, ""SEM (%)"": 1.75, ""Treatment"": ""warm""}, {""Mean mitotic cells (%)"": 74.0, ""SEM (%)"": 0.7, ""Treatment"": ""heat stress""}]","{""accepted_variants"": [""points with whiskers"", ""bars with whiskers""], ""representation"": ""categorical point-with-whisker or bar-with-whisker graph"", ""required_uncertainty"": ""symmetric plus/minus one SEM bars"", ""x_axis"": ""treatment category in table order"", ""y_axis"": ""mitotic cells (%)""}","[{""criterion_id"": ""REPRESENTATION_TYPE"", ""met_rule"": ""Uses accepted categorical graph representation.""}, {""criterion_id"": ""CATEGORY_IDENTITY"", ""met_rule"": ""All four treatments are identifiable in table order or clearly mapped.""}, {""criterion_id"": ""Y_UNIT"", ""met_rule"": ""Y-axis includes the required variable and unit.""}, {""criterion_id"": ""Y_SCALE"", ""met_rule"": ""Y-scale is interpretable and can represent all means and SEM bars.""}, {""criterion_id"": ""PLOT_VALUES"", ""met_rule"": ""All four means are plotted at recoverable positions.""}, {""criterion_id"": ""UNCERTAINTY_MARKS"", ""met_rule"": ""Each mean has centered symmetric plus/minus SEM bars.""}]",independently_authored_synthetic_research_seed_unverified,Research seed for hand-drawn graph capture and reviewer evaluation. Do not expose criterion definitions to the person drawing the graph.
HDG-2026-P1-CAT-035,v0.1-research-seed,frq,short,canonical_answer,categorical_comparison_supplied_uncertainty,,HDG-2026-P1-CAT-035__response-01.jpg,"Researchers measured enzyme product for four treatment groups. Use the data table to construct a graph that compares the group means. Include a categorical x-axis with the treatments in table order, a y-axis labeled with units, plotted means, and symmetric error bars showing plus or minus one SEM.

Write the item ID HDG-2026-P1-CAT-035 at the top of your page.

| Treatment | Mean product formed in 5 min (umol) | SEM (umol) |
| --- | --- | --- |
| pH 5 | 54.0 | 1.4 |
| pH 6 | 72.0 | 1.75 |
| pH 7 | 59.0 | 0.7 |
| pH 8 | 77.0 | 1.05 |","Expected graph: categorical point-with-whisker or bar-with-whisker graph; x-axis treatment category in table order; y-axis product formed in 5 min (umol). Required criteria: REPRESENTATION_TYPE, CATEGORY_IDENTITY, Y_UNIT, Y_SCALE, PLOT_VALUES, UNCERTAINTY_MARKS.",AP Biology|data analysis|experimental design|graph construction,enzyme product|categorical comparison|SEM error bars,"[{""Mean product formed in 5 min (umol)"": 54.0, ""SEM (umol)"": 1.4, ""Treatment"": ""pH 5""}, {""Mean product formed in 5 min (umol)"": 72.0, ""SEM (umol)"": 1.75, ""Treatment"": ""pH 6""}, {""Mean product formed in 5 min (umol)"": 59.0, ""SEM (umol)"": 0.7, ""Treatment"": ""pH 7""}, {""Mean product formed in 5 min (umol)"": 77.0, ""SEM (umol)"": 1.05, ""Treatment"": ""pH 8""}]","{""accepted_variants"": [""points with whiskers"", ""bars with whiskers""], ""representation"": ""categorical point-with-whisker or bar-with-whisker graph"", ""required_uncertainty"": ""symmetric plus/minus one SEM bars"", ""x_axis"": ""treatment category in table order"", ""y_axis"": ""product formed in 5 min (umol)""}","[{""criterion_id"": ""REPRESENTATION_TYPE"", ""met_rule"": ""Uses accepted categorical graph representation.""}, {""criterion_id"": ""CATEGORY_IDENTITY"", ""met_rule"": ""All four treatments are identifiable in table order or clearly mapped.""}, {""criterion_id"": ""Y_UNIT"", ""met_rule"": ""Y-axis includes the required variable and unit.""}, {""criterion_id"": ""Y_SCALE"", ""met_rule"": ""Y-scale is interpretable and can represent all means and SEM bars.""}, {""criterion_id"": ""PLOT_VALUES"", ""met_rule"": ""All four means are plotted at recoverable positions.""}, {""criterion_id"": ""UNCERTAINTY_MARKS"", ""met_rule"": ""Each mean has centered symmetric plus/minus SEM bars.""}]",independently_authored_synthetic_research_seed_unverified,Research seed for hand-drawn graph capture and reviewer evaluation. Do not expose criterion definitions to the person drawing the graph.
HDG-2026-P1-CAT-036,v0.1-research-seed,frq,short,canonical_answer,categorical_comparison_supplied_uncertainty,,HDG-2026-P1-CAT-036__response-01.jpg,"Researchers measured seed germination for four treatment groups. Use the data table to construct a graph that compares the group means. Include a categorical x-axis with the treatments in table order, a y-axis labeled with units, plotted means, and symmetric error bars showing plus or minus one SEM.

Write the item ID HDG-2026-P1-CAT-036 at the top of your page.

| Treatment | Mean germination (%) | SEM (%) |
| --- | --- | --- |
| dark | 27.0 | 1.75 |
| red light | 35.0 | 0.7 |
| blue light | 46.0 | 1.05 |
| white light | 51.0 | 1.4 |","Expected graph: categorical point-with-whisker or bar-with-whisker graph; x-axis treatment category in table order; y-axis germination (%). Required criteria: REPRESENTATION_TYPE, CATEGORY_IDENTITY, Y_UNIT, Y_SCALE, PLOT_VALUES, UNCERTAINTY_MARKS.",AP Biology|data analysis|experimental design|graph construction,seed germination|categorical comparison|SEM error bars,"[{""Mean germination (%)"": 27.0, ""SEM (%)"": 1.75, ""Treatment"": ""dark""}, {""Mean germination (%)"": 35.0, ""SEM (%)"": 0.7, ""Treatment"": ""red light""}, {""Mean germination (%)"": 46.0, ""SEM (%)"": 1.05, ""Treatment"": ""blue light""}, {""Mean germination (%)"": 51.0, ""SEM (%)"": 1.4, ""Treatment"": ""white light""}]","{""accepted_variants"": [""points with whiskers"", ""bars with whiskers""], ""representation"": ""categorical point-with-whisker or bar-with-whisker graph"", ""required_uncertainty"": ""symmetric plus/minus one SEM bars"", ""x_axis"": ""treatment category in table order"", ""y_axis"": ""germination (%)""}","[{""criterion_id"": ""REPRESENTATION_TYPE"", ""met_rule"": ""Uses accepted categorical graph representation.""}, {""criterion_id"": ""CATEGORY_IDENTITY"", ""met_rule"": ""All four treatments are identifiable in table order or clearly mapped.""}, {""criterion_id"": ""Y_UNIT"", ""met_rule"": ""Y-axis includes the required variable and unit.""}, {""criterion_id"": ""Y_SCALE"", ""met_rule"": ""Y-scale is interpretable and can represent all means and SEM bars.""}, {""criterion_id"": ""PLOT_VALUES"", ""met_rule"": ""All four means are plotted at recoverable positions.""}, {""criterion_id"": ""UNCERTAINTY_MARKS"", ""met_rule"": ""Each mean has centered symmetric plus/minus SEM bars.""}]",independently_authored_synthetic_research_seed_unverified,Research seed for hand-drawn graph capture and reviewer evaluation. Do not expose criterion definitions to the person drawing the graph.
HDG-2026-P1-CAT-037,v0.1-research-seed,frq,short,canonical_answer,categorical_comparison_supplied_uncertainty,,HDG-2026-P1-CAT-037__response-01.jpg,"Researchers measured yeast respiration for four treatment groups. Use the data table to construct a graph that compares the group means. Include a categorical x-axis with the treatments in table order, a y-axis labeled with units, plotted means, and symmetric error bars showing plus or minus one SEM.

Write the item ID HDG-2026-P1-CAT-037 at the top of your page.

| Treatment | Mean CO2 produced (mL) | SEM (mL) |
| --- | --- | --- |
| no sugar | 55.0 | 0.7 |
| glucose | 49.0 | 1.05 |
| sucrose | 41.0 | 1.4 |
| starch | 34.0 | 1.75 |","Expected graph: categorical point-with-whisker or bar-with-whisker graph; x-axis treatment category in table order; y-axis CO2 produced (mL). Required criteria: REPRESENTATION_TYPE, CATEGORY_IDENTITY, Y_UNIT, Y_SCALE, PLOT_VALUES, UNCERTAINTY_MARKS.",AP Biology|data analysis|experimental design|graph construction,yeast respiration|categorical comparison|SEM error bars,"[{""Mean CO2 produced (mL)"": 55.0, ""SEM (mL)"": 0.7, ""Treatment"": ""no sugar""}, {""Mean CO2 produced (mL)"": 49.0, ""SEM (mL)"": 1.05, ""Treatment"": ""glucose""}, {""Mean CO2 produced (mL)"": 41.0, ""SEM (mL)"": 1.4, ""Treatment"": ""sucrose""}, {""Mean CO2 produced (mL)"": 34.0, ""SEM (mL)"": 1.75, ""Treatment"": ""starch""}]","{""accepted_variants"": [""points with whiskers"", ""bars with whiskers""], ""representation"": ""categorical point-with-whisker or bar-with-whisker graph"", ""required_uncertainty"": ""symmetric plus/minus one SEM bars"", ""x_axis"": ""treatment category in table order"", ""y_axis"": ""CO2 produced (mL)""}","[{""criterion_id"": ""REPRESENTATION_TYPE"", ""met_rule"": ""Uses accepted categorical graph representation.""}, {""criterion_id"": ""CATEGORY_IDENTITY"", ""met_rule"": ""All four treatments are identifiable in table order or clearly mapped.""}, {""criterion_id"": ""Y_UNIT"", ""met_rule"": ""Y-axis includes the required variable and unit.""}, {""criterion_id"": ""Y_SCALE"", ""met_rule"": ""Y-scale is interpretable and can represent all means and SEM bars.""}, {""criterion_id"": ""PLOT_VALUES"", ""met_rule"": ""All four means are plotted at recoverable positions.""}, {""criterion_id"": ""UNCERTAINTY_MARKS"", ""met_rule"": ""Each mean has centered symmetric plus/minus SEM bars.""}]",independently_authored_synthetic_research_seed_unverified,Research seed for hand-drawn graph capture and reviewer evaluation. Do not expose criterion definitions to the person drawing the graph.
HDG-2026-P1-CAT-038,v0.1-research-seed,frq,short,canonical_answer,categorical_comparison_supplied_uncertainty,,HDG-2026-P1-CAT-038__response-01.jpg,"Researchers measured chloroplast settling for four treatment groups. Use the data table to construct a graph that compares the group means. Include a categorical x-axis with the treatments in table order, a y-axis labeled with units, plotted means, and symmetric error bars showing plus or minus one SEM.

Write the item ID HDG-2026-P1-CAT-038 at the top of your page.

| Treatment | Mean green layer thickness (mm) | SEM (mm) |
| --- | --- | --- |
| control | 40.0 | 1.05 |
| low salt | 42.0 | 1.4 |
| medium salt | 57.0 | 1.75 |
| high salt | 59.0 | 0.7 |","Expected graph: categorical point-with-whisker or bar-with-whisker graph; x-axis treatment category in table order; y-axis green layer thickness (mm). Required criteria: REPRESENTATION_TYPE, CATEGORY_IDENTITY, Y_UNIT, Y_SCALE, PLOT_VALUES, UNCERTAINTY_MARKS.",AP Biology|data analysis|experimental design|graph construction,chloroplast settling|categorical comparison|SEM error bars,"[{""Mean green layer thickness (mm)"": 40.0, ""SEM (mm)"": 1.05, ""Treatment"": ""control""}, {""Mean green layer thickness (mm)"": 42.0, ""SEM (mm)"": 1.4, ""Treatment"": ""low salt""}, {""Mean green layer thickness (mm)"": 57.0, ""SEM (mm)"": 1.75, ""Treatment"": ""medium salt""}, {""Mean green layer thickness (mm)"": 59.0, ""SEM (mm)"": 0.7, ""Treatment"": ""high salt""}]","{""accepted_variants"": [""points with whiskers"", ""bars with whiskers""], ""representation"": ""categorical point-with-whisker or bar-with-whisker graph"", ""required_uncertainty"": ""symmetric plus/minus one SEM bars"", ""x_axis"": ""treatment category in table order"", ""y_axis"": ""green layer thickness (mm)""}","[{""criterion_id"": ""REPRESENTATION_TYPE"", ""met_rule"": ""Uses accepted categorical graph representation.""}, {""criterion_id"": ""CATEGORY_IDENTITY"", ""met_rule"": ""All four treatments are identifiable in table order or clearly mapped.""}, {""criterion_id"": ""Y_UNIT"", ""met_rule"": ""Y-axis includes the required variable and unit.""}, {""criterion_id"": ""Y_SCALE"", ""met_rule"": ""Y-scale is interpretable and can represent all means and SEM bars.""}, {""criterion_id"": ""PLOT_VALUES"", ""met_rule"": ""All four means are plotted at recoverable positions.""}, {""criterion_id"": ""UNCERTAINTY_MARKS"", ""met_rule"": ""Each mean has centered symmetric plus/minus SEM bars.""}]",independently_authored_synthetic_research_seed_unverified,Research seed for hand-drawn graph capture and reviewer evaluation. Do not expose criterion definitions to the person drawing the graph.
HDG-2026-P1-CAT-039,v0.1-research-seed,frq,short,canonical_answer,categorical_comparison_supplied_uncertainty,,HDG-2026-P1-CAT-039__response-01.jpg,"Researchers measured callus growth for four treatment groups. Use the data table to construct a graph that compares the group means. Include a categorical x-axis with the treatments in table order, a y-axis labeled with units, plotted means, and symmetric error bars showing plus or minus one SEM.

Write the item ID HDG-2026-P1-CAT-039 at the top of your page.

| Treatment | Mean mass gain (g) | SEM (g) |
| --- | --- | --- |
| no auxin | 51.0 | 1.4 |
| low auxin | 59.0 | 1.75 |
| medium auxin | 54.0 | 0.7 |
| high auxin | 66.0 | 1.05 |","Expected graph: categorical point-with-whisker or bar-with-whisker graph; x-axis treatment category in table order; y-axis mass gain (g). Required criteria: REPRESENTATION_TYPE, CATEGORY_IDENTITY, Y_UNIT, Y_SCALE, PLOT_VALUES, UNCERTAINTY_MARKS.",AP Biology|data analysis|experimental design|graph construction,callus growth|categorical comparison|SEM error bars,"[{""Mean mass gain (g)"": 51.0, ""SEM (g)"": 1.4, ""Treatment"": ""no auxin""}, {""Mean mass gain (g)"": 59.0, ""SEM (g)"": 1.75, ""Treatment"": ""low auxin""}, {""Mean mass gain (g)"": 54.0, ""SEM (g)"": 0.7, ""Treatment"": ""medium auxin""}, {""Mean mass gain (g)"": 66.0, ""SEM (g)"": 1.05, ""Treatment"": ""high auxin""}]","{""accepted_variants"": [""points with whiskers"", ""bars with whiskers""], ""representation"": ""categorical point-with-whisker or bar-with-whisker graph"", ""required_uncertainty"": ""symmetric plus/minus one SEM bars"", ""x_axis"": ""treatment category in table order"", ""y_axis"": ""mass gain (g)""}","[{""criterion_id"": ""REPRESENTATION_TYPE"", ""met_rule"": ""Uses accepted categorical graph representation.""}, {""criterion_id"": ""CATEGORY_IDENTITY"", ""met_rule"": ""All four treatments are identifiable in table order or clearly mapped.""}, {""criterion_id"": ""Y_UNIT"", ""met_rule"": ""Y-axis includes the required variable and unit.""}, {""criterion_id"": ""Y_SCALE"", ""met_rule"": ""Y-scale is interpretable and can represent all means and SEM bars.""}, {""criterion_id"": ""PLOT_VALUES"", ""met_rule"": ""All four means are plotted at recoverable positions.""}, {""criterion_id"": ""UNCERTAINTY_MARKS"", ""met_rule"": ""Each mean has centered symmetric plus/minus SEM bars.""}]",independently_authored_synthetic_research_seed_unverified,Research seed for hand-drawn graph capture and reviewer evaluation. Do not expose criterion definitions to the person drawing the graph.
HDG-2026-P1-CAT-040,v0.1-research-seed,frq,short,canonical_answer,categorical_comparison_supplied_uncertainty,,HDG-2026-P1-CAT-040__response-01.jpg,"Researchers measured water loss for four treatment groups. Use the data table to construct a graph that compares the group means. Include a categorical x-axis with the treatments in table order, a y-axis labeled with units, plotted means, and symmetric error bars showing plus or minus one SEM.

Write the item ID HDG-2026-P1-CAT-040 at the top of your page.

| Treatment | Mean mass lost in 30 min (g) | SEM (g) |
| --- | --- | --- |
| still air | 46.0 | 1.75 |
| fan low | 64.0 | 0.7 |
| fan medium | 51.0 | 1.05 |
| fan high | 69.0 | 1.4 |","Expected graph: categorical point-with-whisker or bar-with-whisker graph; x-axis treatment category in table order; y-axis mass lost in 30 min (g). Required criteria: REPRESENTATION_TYPE, CATEGORY_IDENTITY, Y_UNIT, Y_SCALE, PLOT_VALUES, UNCERTAINTY_MARKS.",AP Biology|data analysis|experimental design|graph construction,water loss|categorical comparison|SEM error bars,"[{""Mean mass lost in 30 min (g)"": 46.0, ""SEM (g)"": 1.75, ""Treatment"": ""still air""}, {""Mean mass lost in 30 min (g)"": 64.0, ""SEM (g)"": 0.7, ""Treatment"": ""fan low""}, {""Mean mass lost in 30 min (g)"": 51.0, ""SEM (g)"": 1.05, ""Treatment"": ""fan medium""}, {""Mean mass lost in 30 min (g)"": 69.0, ""SEM (g)"": 1.4, ""Treatment"": ""fan high""}]","{""accepted_variants"": [""points with whiskers"", ""bars with whiskers""], ""representation"": ""categorical point-with-whisker or bar-with-whisker graph"", ""required_uncertainty"": ""symmetric plus/minus one SEM bars"", ""x_axis"": ""treatment category in table order"", ""y_axis"": ""mass lost in 30 min (g)""}","[{""criterion_id"": ""REPRESENTATION_TYPE"", ""met_rule"": ""Uses accepted categorical graph representation.""}, {""criterion_id"": ""CATEGORY_IDENTITY"", ""met_rule"": ""All four treatments are identifiable in table order or clearly mapped.""}, {""criterion_id"": ""Y_UNIT"", ""met_rule"": ""Y-axis includes the required variable and unit.""}, {""criterion_id"": ""Y_SCALE"", ""met_rule"": ""Y-scale is interpretable and can represent all means and SEM bars.""}, {""criterion_id"": ""PLOT_VALUES"", ""met_rule"": ""All four means are plotted at recoverable positions.""}, {""criterion_id"": ""UNCERTAINTY_MARKS"", ""met_rule"": ""Each mean has centered symmetric plus/minus SEM bars.""}]",independently_authored_synthetic_research_seed_unverified,Research seed for hand-drawn graph capture and reviewer evaluation. Do not expose criterion definitions to the person drawing the graph.
HDG-2026-P1-CAT-041,v0.1-research-seed,frq,short,canonical_answer,categorical_comparison_supplied_uncertainty,,HDG-2026-P1-CAT-041__response-01.jpg,"Researchers measured chlorophyll absorbance for four treatment groups. Use the data table to construct a graph that compares the group means. Include a categorical x-axis with the treatments in table order, a y-axis labeled with units, plotted means, and symmetric error bars showing plus or minus one SEM.

Write the item ID HDG-2026-P1-CAT-041 at the top of your page.

| Treatment | Mean absorbance at 540 nm (a.u.) | SEM (a.u.) |
| --- | --- | --- |
| low blue | 50.0 | 0.7 |
| moderate blue | 58.0 | 1.05 |
| high blue | 69.0 | 1.4 |
| mixed light | 74.0 | 1.75 |","Expected graph: categorical point-with-whisker or bar-with-whisker graph; x-axis treatment category in table order; y-axis absorbance at 540 nm (a.u.). Required criteria: REPRESENTATION_TYPE, CATEGORY_IDENTITY, Y_UNIT, Y_SCALE, PLOT_VALUES, UNCERTAINTY_MARKS.",AP Biology|data analysis|experimental design|graph construction,chlorophyll absorbance|categorical comparison|SEM error bars,"[{""Mean absorbance at 540 nm (a.u.)"": 50.0, ""SEM (a.u.)"": 0.7, ""Treatment"": ""low blue""}, {""Mean absorbance at 540 nm (a.u.)"": 58.0, ""SEM (a.u.)"": 1.05, ""Treatment"": ""moderate blue""}, {""Mean absorbance at 540 nm (a.u.)"": 69.0, ""SEM (a.u.)"": 1.4, ""Treatment"": ""high blue""}, {""Mean absorbance at 540 nm (a.u.)"": 74.0, ""SEM (a.u.)"": 1.75, ""Treatment"": ""mixed light""}]","{""accepted_variants"": [""points with whiskers"", ""bars with whiskers""], ""representation"": ""categorical point-with-whisker or bar-with-whisker graph"", ""required_uncertainty"": ""symmetric plus/minus one SEM bars"", ""x_axis"": ""treatment category in table order"", ""y_axis"": ""absorbance at 540 nm (a.u.)""}","[{""criterion_id"": ""REPRESENTATION_TYPE"", ""met_rule"": ""Uses accepted categorical graph representation.""}, {""criterion_id"": ""CATEGORY_IDENTITY"", ""met_rule"": ""All four treatments are identifiable in table order or clearly mapped.""}, {""criterion_id"": ""Y_UNIT"", ""met_rule"": ""Y-axis includes the required variable and unit.""}, {""criterion_id"": ""Y_SCALE"", ""met_rule"": ""Y-scale is interpretable and can represent all means and SEM bars.""}, {""criterion_id"": ""PLOT_VALUES"", ""met_rule"": ""All four means are plotted at recoverable positions.""}, {""criterion_id"": ""UNCERTAINTY_MARKS"", ""met_rule"": ""Each mean has centered symmetric plus/minus SEM bars.""}]",independently_authored_synthetic_research_seed_unverified,Research seed for hand-drawn graph capture and reviewer evaluation. Do not expose criterion definitions to the person drawing the graph.
HDG-2026-P1-CAT-042,v0.1-research-seed,frq,short,canonical_answer,categorical_comparison_supplied_uncertainty,,HDG-2026-P1-CAT-042__response-01.jpg,"Researchers measured leaf pore density for four treatment groups. Use the data table to construct a graph that compares the group means. Include a categorical x-axis with the treatments in table order, a y-axis labeled with units, plotted means, and symmetric error bars showing plus or minus one SEM.

Write the item ID HDG-2026-P1-CAT-042 at the top of your page.

| Treatment | Mean stomatal density (stomata/mm^2) | SEM (stomata/mm^2) |
| --- | --- | --- |
| deep shade | 78.0 | 1.05 |
| partial shade | 72.0 | 1.4 |
| open sun | 64.0 | 1.75 |
| reflected sun | 57.0 | 0.7 |","Expected graph: categorical point-with-whisker or bar-with-whisker graph; x-axis treatment category in table order; y-axis stomatal density (stomata/mm^2). Required criteria: REPRESENTATION_TYPE, CATEGORY_IDENTITY, Y_UNIT, Y_SCALE, PLOT_VALUES, UNCERTAINTY_MARKS.",AP Biology|data analysis|experimental design|graph construction,leaf pore density|categorical comparison|SEM error bars,"[{""Mean stomatal density (stomata/mm^2)"": 78.0, ""SEM (stomata/mm^2)"": 1.05, ""Treatment"": ""deep shade""}, {""Mean stomatal density (stomata/mm^2)"": 72.0, ""SEM (stomata/mm^2)"": 1.4, ""Treatment"": ""partial shade""}, {""Mean stomatal density (stomata/mm^2)"": 64.0, ""SEM (stomata/mm^2)"": 1.75, ""Treatment"": ""open sun""}, {""Mean stomatal density (stomata/mm^2)"": 57.0, ""SEM (stomata/mm^2)"": 0.7, ""Treatment"": ""reflected sun""}]","{""accepted_variants"": [""points with whiskers"", ""bars with whiskers""], ""representation"": ""categorical point-with-whisker or bar-with-whisker graph"", ""required_uncertainty"": ""symmetric plus/minus one SEM bars"", ""x_axis"": ""treatment category in table order"", ""y_axis"": ""stomatal density (stomata/mm^2)""}","[{""criterion_id"": ""REPRESENTATION_TYPE"", ""met_rule"": ""Uses accepted categorical graph representation.""}, {""criterion_id"": ""CATEGORY_IDENTITY"", ""met_rule"": ""All four treatments are identifiable in table order or clearly mapped.""}, {""criterion_id"": ""Y_UNIT"", ""met_rule"": ""Y-axis includes the required variable and unit.""}, {""criterion_id"": ""Y_SCALE"", ""met_rule"": ""Y-scale is interpretable and can represent all means and SEM bars.""}, {""criterion_id"": ""PLOT_VALUES"", ""met_rule"": ""All four means are plotted at recoverable positions.""}, {""criterion_id"": ""UNCERTAINTY_MARKS"", ""met_rule"": ""Each mean has centered symmetric plus/minus SEM bars.""}]",independently_authored_synthetic_research_seed_unverified,Research seed for hand-drawn graph capture and reviewer evaluation. Do not expose criterion definitions to the person drawing the graph.
HDG-2026-P1-CAT-043,v0.1-research-seed,frq,short,canonical_answer,categorical_comparison_supplied_uncertainty,,HDG-2026-P1-CAT-043__response-01.jpg,"Researchers measured membrane leakage for four treatment groups. Use the data table to construct a graph that compares the group means. Include a categorical x-axis with the treatments in table order, a y-axis labeled with units, plotted means, and symmetric error bars showing plus or minus one SEM.

Write the item ID HDG-2026-P1-CAT-043 at the top of your page.

| Treatment | Mean conductivity after 10 min (uS/cm) | SEM (uS/cm) |
| --- | --- | --- |
| isotonic | 35.0 | 1.4 |
| mild salt | 37.0 | 1.75 |
| moderate salt | 52.0 | 0.7 |
| high salt | 54.0 | 1.05 |","Expected graph: categorical point-with-whisker or bar-with-whisker graph; x-axis treatment category in table order; y-axis conductivity after 10 min (uS/cm). Required criteria: REPRESENTATION_TYPE, CATEGORY_IDENTITY, Y_UNIT, Y_SCALE, PLOT_VALUES, UNCERTAINTY_MARKS.",AP Biology|data analysis|experimental design|graph construction,membrane leakage|categorical comparison|SEM error bars,"[{""Mean conductivity after 10 min (uS/cm)"": 35.0, ""SEM (uS/cm)"": 1.4, ""Treatment"": ""isotonic""}, {""Mean conductivity after 10 min (uS/cm)"": 37.0, ""SEM (uS/cm)"": 1.75, ""Treatment"": ""mild salt""}, {""Mean conductivity after 10 min (uS/cm)"": 52.0, ""SEM (uS/cm)"": 0.7, ""Treatment"": ""moderate salt""}, {""Mean conductivity after 10 min (uS/cm)"": 54.0, ""SEM (uS/cm)"": 1.05, ""Treatment"": ""high salt""}]","{""accepted_variants"": [""points with whiskers"", ""bars with whiskers""], ""representation"": ""categorical point-with-whisker or bar-with-whisker graph"", ""required_uncertainty"": ""symmetric plus/minus one SEM bars"", ""x_axis"": ""treatment category in table order"", ""y_axis"": ""conductivity after 10 min (uS/cm)""}","[{""criterion_id"": ""REPRESENTATION_TYPE"", ""met_rule"": ""Uses accepted categorical graph representation.""}, {""criterion_id"": ""CATEGORY_IDENTITY"", ""met_rule"": ""All four treatments are identifiable in table order or clearly mapped.""}, {""criterion_id"": ""Y_UNIT"", ""met_rule"": ""Y-axis includes the required variable and unit.""}, {""criterion_id"": ""Y_SCALE"", ""met_rule"": ""Y-scale is interpretable and can represent all means and SEM bars.""}, {""criterion_id"": ""PLOT_VALUES"", ""met_rule"": ""All four means are plotted at recoverable positions.""}, {""criterion_id"": ""UNCERTAINTY_MARKS"", ""met_rule"": ""Each mean has centered symmetric plus/minus SEM bars.""}]",independently_authored_synthetic_research_seed_unverified,Research seed for hand-drawn graph capture and reviewer evaluation. Do not expose criterion definitions to the person drawing the graph.
HDG-2026-P1-CAT-044,v0.1-research-seed,frq,short,canonical_answer,categorical_comparison_supplied_uncertainty,,HDG-2026-P1-CAT-044__response-01.jpg,"Researchers measured root tip mitosis for four treatment groups. Use the data table to construct a graph that compares the group means. Include a categorical x-axis with the treatments in table order, a y-axis labeled with units, plotted means, and symmetric error bars showing plus or minus one SEM.

Write the item ID HDG-2026-P1-CAT-044 at the top of your page.

| Treatment | Mean mitotic cells (%) | SEM (%) |
| --- | --- | --- |
| cool | 46.0 | 1.75 |
| room temp | 54.0 | 0.7 |
| warm | 49.0 | 1.05 |
| heat stress | 61.0 | 1.4 |","Expected graph: categorical point-with-whisker or bar-with-whisker graph; x-axis treatment category in table order; y-axis mitotic cells (%). Required criteria: REPRESENTATION_TYPE, CATEGORY_IDENTITY, Y_UNIT, Y_SCALE, PLOT_VALUES, UNCERTAINTY_MARKS.",AP Biology|data analysis|experimental design|graph construction,root tip mitosis|categorical comparison|SEM error bars,"[{""Mean mitotic cells (%)"": 46.0, ""SEM (%)"": 1.75, ""Treatment"": ""cool""}, {""Mean mitotic cells (%)"": 54.0, ""SEM (%)"": 0.7, ""Treatment"": ""room temp""}, {""Mean mitotic cells (%)"": 49.0, ""SEM (%)"": 1.05, ""Treatment"": ""warm""}, {""Mean mitotic cells (%)"": 61.0, ""SEM (%)"": 1.4, ""Treatment"": ""heat stress""}]","{""accepted_variants"": [""points with whiskers"", ""bars with whiskers""], ""representation"": ""categorical point-with-whisker or bar-with-whisker graph"", ""required_uncertainty"": ""symmetric plus/minus one SEM bars"", ""x_axis"": ""treatment category in table order"", ""y_axis"": ""mitotic cells (%)""}","[{""criterion_id"": ""REPRESENTATION_TYPE"", ""met_rule"": ""Uses accepted categorical graph representation.""}, {""criterion_id"": ""CATEGORY_IDENTITY"", ""met_rule"": ""All four treatments are identifiable in table order or clearly mapped.""}, {""criterion_id"": ""Y_UNIT"", ""met_rule"": ""Y-axis includes the required variable and unit.""}, {""criterion_id"": ""Y_SCALE"", ""met_rule"": ""Y-scale is interpretable and can represent all means and SEM bars.""}, {""criterion_id"": ""PLOT_VALUES"", ""met_rule"": ""All four means are plotted at recoverable positions.""}, {""criterion_id"": ""UNCERTAINTY_MARKS"", ""met_rule"": ""Each mean has centered symmetric plus/minus SEM bars.""}]",independently_authored_synthetic_research_seed_unverified,Research seed for hand-drawn graph capture and reviewer evaluation. Do not expose criterion definitions to the person drawing the graph.
HDG-2026-P1-CAT-045,v0.1-research-seed,frq,short,canonical_answer,categorical_comparison_supplied_uncertainty,,HDG-2026-P1-CAT-045__response-01.jpg,"Researchers measured enzyme product for four treatment groups. Use the data table to construct a graph that compares the group means. Include a categorical x-axis with the treatments in table order, a y-axis labeled with units, plotted means, and symmetric error bars showing plus or minus one SEM.

Write the item ID HDG-2026-P1-CAT-045 at the top of your page.

| Treatment | Mean product formed in 5 min (umol) | SEM (umol) |
| --- | --- | --- |
| pH 5 | 41.0 | 0.7 |
| pH 6 | 59.0 | 1.05 |
| pH 7 | 46.0 | 1.4 |
| pH 8 | 64.0 | 1.75 |","Expected graph: categorical point-with-whisker or bar-with-whisker graph; x-axis treatment category in table order; y-axis product formed in 5 min (umol). Required criteria: REPRESENTATION_TYPE, CATEGORY_IDENTITY, Y_UNIT, Y_SCALE, PLOT_VALUES, UNCERTAINTY_MARKS.",AP Biology|data analysis|experimental design|graph construction,enzyme product|categorical comparison|SEM error bars,"[{""Mean product formed in 5 min (umol)"": 41.0, ""SEM (umol)"": 0.7, ""Treatment"": ""pH 5""}, {""Mean product formed in 5 min (umol)"": 59.0, ""SEM (umol)"": 1.05, ""Treatment"": ""pH 6""}, {""Mean product formed in 5 min (umol)"": 46.0, ""SEM (umol)"": 1.4, ""Treatment"": ""pH 7""}, {""Mean product formed in 5 min (umol)"": 64.0, ""SEM (umol)"": 1.75, ""Treatment"": ""pH 8""}]","{""accepted_variants"": [""points with whiskers"", ""bars with whiskers""], ""representation"": ""categorical point-with-whisker or bar-with-whisker graph"", ""required_uncertainty"": ""symmetric plus/minus one SEM bars"", ""x_axis"": ""treatment category in table order"", ""y_axis"": ""product formed in 5 min (umol)""}","[{""criterion_id"": ""REPRESENTATION_TYPE"", ""met_rule"": ""Uses accepted categorical graph representation.""}, {""criterion_id"": ""CATEGORY_IDENTITY"", ""met_rule"": ""All four treatments are identifiable in table order or clearly mapped.""}, {""criterion_id"": ""Y_UNIT"", ""met_rule"": ""Y-axis includes the required variable and unit.""}, {""criterion_id"": ""Y_SCALE"", ""met_rule"": ""Y-scale is interpretable and can represent all means and SEM bars.""}, {""criterion_id"": ""PLOT_VALUES"", ""met_rule"": ""All four means are plotted at recoverable positions.""}, {""criterion_id"": ""UNCERTAINTY_MARKS"", ""met_rule"": ""Each mean has centered symmetric plus/minus SEM bars.""}]",independently_authored_synthetic_research_seed_unverified,Research seed for hand-drawn graph capture and reviewer evaluation. Do not expose criterion definitions to the person drawing the graph.
HDG-2026-P1-CAT-046,v0.1-research-seed,frq,short,canonical_answer,categorical_comparison_supplied_uncertainty,,HDG-2026-P1-CAT-046__response-01.jpg,"Researchers measured seed germination for four treatment groups. Use the data table to construct a graph that compares the group means. Include a categorical x-axis with the treatments in table order, a y-axis labeled with units, plotted means, and symmetric error bars showing plus or minus one SEM.

Write the item ID HDG-2026-P1-CAT-046 at the top of your page.

| Treatment | Mean germination (%) | SEM (%) |
| --- | --- | --- |
| dark | 42.0 | 1.05 |
| red light | 50.0 | 1.4 |
| blue light | 61.0 | 1.75 |
| white light | 66.0 | 0.7 |","Expected graph: categorical point-with-whisker or bar-with-whisker graph; x-axis treatment category in table order; y-axis germination (%). Required criteria: REPRESENTATION_TYPE, CATEGORY_IDENTITY, Y_UNIT, Y_SCALE, PLOT_VALUES, UNCERTAINTY_MARKS.",AP Biology|data analysis|experimental design|graph construction,seed germination|categorical comparison|SEM error bars,"[{""Mean germination (%)"": 42.0, ""SEM (%)"": 1.05, ""Treatment"": ""dark""}, {""Mean germination (%)"": 50.0, ""SEM (%)"": 1.4, ""Treatment"": ""red light""}, {""Mean germination (%)"": 61.0, ""SEM (%)"": 1.75, ""Treatment"": ""blue light""}, {""Mean germination (%)"": 66.0, ""SEM (%)"": 0.7, ""Treatment"": ""white light""}]","{""accepted_variants"": [""points with whiskers"", ""bars with whiskers""], ""representation"": ""categorical point-with-whisker or bar-with-whisker graph"", ""required_uncertainty"": ""symmetric plus/minus one SEM bars"", ""x_axis"": ""treatment category in table order"", ""y_axis"": ""germination (%)""}","[{""criterion_id"": ""REPRESENTATION_TYPE"", ""met_rule"": ""Uses accepted categorical graph representation.""}, {""criterion_id"": ""CATEGORY_IDENTITY"", ""met_rule"": ""All four treatments are identifiable in table order or clearly mapped.""}, {""criterion_id"": ""Y_UNIT"", ""met_rule"": ""Y-axis includes the required variable and unit.""}, {""criterion_id"": ""Y_SCALE"", ""met_rule"": ""Y-scale is interpretable and can represent all means and SEM bars.""}, {""criterion_id"": ""PLOT_VALUES"", ""met_rule"": ""All four means are plotted at recoverable positions.""}, {""criterion_id"": ""UNCERTAINTY_MARKS"", ""met_rule"": ""Each mean has centered symmetric plus/minus SEM bars.""}]",independently_authored_synthetic_research_seed_unverified,Research seed for hand-drawn graph capture and reviewer evaluation. Do not expose criterion definitions to the person drawing the graph.
HDG-2026-P1-CAT-047,v0.1-research-seed,frq,short,canonical_answer,categorical_comparison_supplied_uncertainty,,HDG-2026-P1-CAT-047__response-01.jpg,"Researchers measured yeast respiration for four treatment groups. Use the data table to construct a graph that compares the group means. Include a categorical x-axis with the treatments in table order, a y-axis labeled with units, plotted means, and symmetric error bars showing plus or minus one SEM.

Write the item ID HDG-2026-P1-CAT-047 at the top of your page.

| Treatment | Mean CO2 produced (mL) | SEM (mL) |
| --- | --- | --- |
| no sugar | 70.0 | 1.4 |
| glucose | 64.0 | 1.75 |
| sucrose | 56.0 | 0.7 |
| starch | 49.0 | 1.05 |","Expected graph: categorical point-with-whisker or bar-with-whisker graph; x-axis treatment category in table order; y-axis CO2 produced (mL). Required criteria: REPRESENTATION_TYPE, CATEGORY_IDENTITY, Y_UNIT, Y_SCALE, PLOT_VALUES, UNCERTAINTY_MARKS.",AP Biology|data analysis|experimental design|graph construction,yeast respiration|categorical comparison|SEM error bars,"[{""Mean CO2 produced (mL)"": 70.0, ""SEM (mL)"": 1.4, ""Treatment"": ""no sugar""}, {""Mean CO2 produced (mL)"": 64.0, ""SEM (mL)"": 1.75, ""Treatment"": ""glucose""}, {""Mean CO2 produced (mL)"": 56.0, ""SEM (mL)"": 0.7, ""Treatment"": ""sucrose""}, {""Mean CO2 produced (mL)"": 49.0, ""SEM (mL)"": 1.05, ""Treatment"": ""starch""}]","{""accepted_variants"": [""points with whiskers"", ""bars with whiskers""], ""representation"": ""categorical point-with-whisker or bar-with-whisker graph"", ""required_uncertainty"": ""symmetric plus/minus one SEM bars"", ""x_axis"": ""treatment category in table order"", ""y_axis"": ""CO2 produced (mL)""}","[{""criterion_id"": ""REPRESENTATION_TYPE"", ""met_rule"": ""Uses accepted categorical graph representation.""}, {""criterion_id"": ""CATEGORY_IDENTITY"", ""met_rule"": ""All four treatments are identifiable in table order or clearly mapped.""}, {""criterion_id"": ""Y_UNIT"", ""met_rule"": ""Y-axis includes the required variable and unit.""}, {""criterion_id"": ""Y_SCALE"", ""met_rule"": ""Y-scale is interpretable and can represent all means and SEM bars.""}, {""criterion_id"": ""PLOT_VALUES"", ""met_rule"": ""All four means are plotted at recoverable positions.""}, {""criterion_id"": ""UNCERTAINTY_MARKS"", ""met_rule"": ""Each mean has centered symmetric plus/minus SEM bars.""}]",independently_authored_synthetic_research_seed_unverified,Research seed for hand-drawn graph capture and reviewer evaluation. Do not expose criterion definitions to the person drawing the graph.
HDG-2026-P1-CAT-048,v0.1-research-seed,frq,short,canonical_answer,categorical_comparison_supplied_uncertainty,,HDG-2026-P1-CAT-048__response-01.jpg,"Researchers measured chloroplast settling for four treatment groups. Use the data table to construct a graph that compares the group means. Include a categorical x-axis with the treatments in table order, a y-axis labeled with units, plotted means, and symmetric error bars showing plus or minus one SEM.

Write the item ID HDG-2026-P1-CAT-048 at the top of your page.

| Treatment | Mean green layer thickness (mm) | SEM (mm) |
| --- | --- | --- |
| control | 55.0 | 1.75 |
| low salt | 57.0 | 0.7 |
| medium salt | 72.0 | 1.05 |
| high salt | 74.0 | 1.4 |","Expected graph: categorical point-with-whisker or bar-with-whisker graph; x-axis treatment category in table order; y-axis green layer thickness (mm). Required criteria: REPRESENTATION_TYPE, CATEGORY_IDENTITY, Y_UNIT, Y_SCALE, PLOT_VALUES, UNCERTAINTY_MARKS.",AP Biology|data analysis|experimental design|graph construction,chloroplast settling|categorical comparison|SEM error bars,"[{""Mean green layer thickness (mm)"": 55.0, ""SEM (mm)"": 1.75, ""Treatment"": ""control""}, {""Mean green layer thickness (mm)"": 57.0, ""SEM (mm)"": 0.7, ""Treatment"": ""low salt""}, {""Mean green layer thickness (mm)"": 72.0, ""SEM (mm)"": 1.05, ""Treatment"": ""medium salt""}, {""Mean green layer thickness (mm)"": 74.0, ""SEM (mm)"": 1.4, ""Treatment"": ""high salt""}]","{""accepted_variants"": [""points with whiskers"", ""bars with whiskers""], ""representation"": ""categorical point-with-whisker or bar-with-whisker graph"", ""required_uncertainty"": ""symmetric plus/minus one SEM bars"", ""x_axis"": ""treatment category in table order"", ""y_axis"": ""green layer thickness (mm)""}","[{""criterion_id"": ""REPRESENTATION_TYPE"", ""met_rule"": ""Uses accepted categorical graph representation.""}, {""criterion_id"": ""CATEGORY_IDENTITY"", ""met_rule"": ""All four treatments are identifiable in table order or clearly mapped.""}, {""criterion_id"": ""Y_UNIT"", ""met_rule"": ""Y-axis includes the required variable and unit.""}, {""criterion_id"": ""Y_SCALE"", ""met_rule"": ""Y-scale is interpretable and can represent all means and SEM bars.""}, {""criterion_id"": ""PLOT_VALUES"", ""met_rule"": ""All four means are plotted at recoverable positions.""}, {""criterion_id"": ""UNCERTAINTY_MARKS"", ""met_rule"": ""Each mean has centered symmetric plus/minus SEM bars.""}]",independently_authored_synthetic_research_seed_unverified,Research seed for hand-drawn graph capture and reviewer evaluation. Do not expose criterion definitions to the person drawing the graph.
HDG-2026-P1-CAT-049,v0.1-research-seed,frq,short,canonical_answer,categorical_comparison_supplied_uncertainty,,HDG-2026-P1-CAT-049__response-01.jpg,"Researchers measured callus growth for four treatment groups. Use the data table to construct a graph that compares the group means. Include a categorical x-axis with the treatments in table order, a y-axis labeled with units, plotted means, and symmetric error bars showing plus or minus one SEM.

Write the item ID HDG-2026-P1-CAT-049 at the top of your page.

| Treatment | Mean mass gain (g) | SEM (g) |
| --- | --- | --- |
| no auxin | 66.0 | 0.7 |
| low auxin | 74.0 | 1.05 |
| medium auxin | 69.0 | 1.4 |
| high auxin | 81.0 | 1.75 |","Expected graph: categorical point-with-whisker or bar-with-whisker graph; x-axis treatment category in table order; y-axis mass gain (g). Required criteria: REPRESENTATION_TYPE, CATEGORY_IDENTITY, Y_UNIT, Y_SCALE, PLOT_VALUES, UNCERTAINTY_MARKS.",AP Biology|data analysis|experimental design|graph construction,callus growth|categorical comparison|SEM error bars,"[{""Mean mass gain (g)"": 66.0, ""SEM (g)"": 0.7, ""Treatment"": ""no auxin""}, {""Mean mass gain (g)"": 74.0, ""SEM (g)"": 1.05, ""Treatment"": ""low auxin""}, {""Mean mass gain (g)"": 69.0, ""SEM (g)"": 1.4, ""Treatment"": ""medium auxin""}, {""Mean mass gain (g)"": 81.0, ""SEM (g)"": 1.75, ""Treatment"": ""high auxin""}]","{""accepted_variants"": [""points with whiskers"", ""bars with whiskers""], ""representation"": ""categorical point-with-whisker or bar-with-whisker graph"", ""required_uncertainty"": ""symmetric plus/minus one SEM bars"", ""x_axis"": ""treatment category in table order"", ""y_axis"": ""mass gain (g)""}","[{""criterion_id"": ""REPRESENTATION_TYPE"", ""met_rule"": ""Uses accepted categorical graph representation.""}, {""criterion_id"": ""CATEGORY_IDENTITY"", ""met_rule"": ""All four treatments are identifiable in table order or clearly mapped.""}, {""criterion_id"": ""Y_UNIT"", ""met_rule"": ""Y-axis includes the required variable and unit.""}, {""criterion_id"": ""Y_SCALE"", ""met_rule"": ""Y-scale is interpretable and can represent all means and SEM bars.""}, {""criterion_id"": ""PLOT_VALUES"", ""met_rule"": ""All four means are plotted at recoverable positions.""}, {""criterion_id"": ""UNCERTAINTY_MARKS"", ""met_rule"": ""Each mean has centered symmetric plus/minus SEM bars.""}]",independently_authored_synthetic_research_seed_unverified,Research seed for hand-drawn graph capture and reviewer evaluation. Do not expose criterion definitions to the person drawing the graph.
HDG-2026-P1-CAT-050,v0.1-research-seed,frq,short,canonical_answer,categorical_comparison_supplied_uncertainty,,HDG-2026-P1-CAT-050__response-01.jpg,"Researchers measured water loss for four treatment groups. Use the data table to construct a graph that compares the group means. Include a categorical x-axis with the treatments in table order, a y-axis labeled with units, plotted means, and symmetric error bars showing plus or minus one SEM.

Write the item ID HDG-2026-P1-CAT-050 at the top of your page.

| Treatment | Mean mass lost in 30 min (g) | SEM (g) |
| --- | --- | --- |
| still air | 33.0 | 1.05 |
| fan low | 51.0 | 1.4 |
| fan medium | 38.0 | 1.75 |
| fan high | 56.0 | 0.7 |","Expected graph: categorical point-with-whisker or bar-with-whisker graph; x-axis treatment category in table order; y-axis mass lost in 30 min (g). Required criteria: REPRESENTATION_TYPE, CATEGORY_IDENTITY, Y_UNIT, Y_SCALE, PLOT_VALUES, UNCERTAINTY_MARKS.",AP Biology|data analysis|experimental design|graph construction,water loss|categorical comparison|SEM error bars,"[{""Mean mass lost in 30 min (g)"": 33.0, ""SEM (g)"": 1.05, ""Treatment"": ""still air""}, {""Mean mass lost in 30 min (g)"": 51.0, ""SEM (g)"": 1.4, ""Treatment"": ""fan low""}, {""Mean mass lost in 30 min (g)"": 38.0, ""SEM (g)"": 1.75, ""Treatment"": ""fan medium""}, {""Mean mass lost in 30 min (g)"": 56.0, ""SEM (g)"": 0.7, ""Treatment"": ""fan high""}]","{""accepted_variants"": [""points with whiskers"", ""bars with whiskers""], ""representation"": ""categorical point-with-whisker or bar-with-whisker graph"", ""required_uncertainty"": ""symmetric plus/minus one SEM bars"", ""x_axis"": ""treatment category in table order"", ""y_axis"": ""mass lost in 30 min (g)""}","[{""criterion_id"": ""REPRESENTATION_TYPE"", ""met_rule"": ""Uses accepted categorical graph representation.""}, {""criterion_id"": ""CATEGORY_IDENTITY"", ""met_rule"": ""All four treatments are identifiable in table order or clearly mapped.""}, {""criterion_id"": ""Y_UNIT"", ""met_rule"": ""Y-axis includes the required variable and unit.""}, {""criterion_id"": ""Y_SCALE"", ""met_rule"": ""Y-scale is interpretable and can represent all means and SEM bars.""}, {""criterion_id"": ""PLOT_VALUES"", ""met_rule"": ""All four means are plotted at recoverable positions.""}, {""criterion_id"": ""UNCERTAINTY_MARKS"", ""met_rule"": ""Each mean has centered symmetric plus/minus SEM bars.""}]",independently_authored_synthetic_research_seed_unverified,Research seed for hand-drawn graph capture and reviewer evaluation. Do not expose criterion definitions to the person drawing the graph.
HDG-2026-P1-SER-001,v0.1-research-seed,frq,short,canonical_answer,continuous_measured_series_supplied_uncertainty,,HDG-2026-P1-SER-001__response-01.jpg,"Researchers measured enzyme reaction rate at several values of temperature. Use the data table to construct a graph with temperature on the x-axis and mean reaction rate on the y-axis. Plot each mean at its measured x-value, connect adjacent measured values, and include symmetric error bars showing plus or minus one SEM.

Write the item ID HDG-2026-P1-SER-001 at the top of your page.

| temperature (deg C) | Mean reaction rate (umol/min) | SEM (umol/min) |
| --- | --- | --- |
| 10 | 21.64 | 0.76 |
| 18 | 33.47 | 1.51 |
| 26 | 45.06 | 2.48 |
| 34 | 50.0 | 1.75 |
| 42 | 45.06 | 2.03 |
| 50 | 33.47 | 1.84 |
| 58 | 21.64 | 0.76 |","Expected graph: continuous measured series with connected adjacent points; x-axis temperature (deg C); y-axis mean reaction rate (umol/min). Required criteria: REPRESENTATION_TYPE, X_UNIT, Y_UNIT, X_SCALE, Y_SCALE, PLOT_VALUES, POINT_CONNECTION, UNCERTAINTY_MARKS.",AP Biology|data analysis|quantitative graphing|response curves,enzyme reaction rate|continuous measured series|SEM error bars,"[{""Mean reaction rate (umol/min)"": 21.64, ""SEM (umol/min)"": 0.76, ""temperature (deg C)"": 10}, {""Mean reaction rate (umol/min)"": 33.47, ""SEM (umol/min)"": 1.51, ""temperature (deg C)"": 18}, {""Mean reaction rate (umol/min)"": 45.06, ""SEM (umol/min)"": 2.48, ""temperature (deg C)"": 26}, {""Mean reaction rate (umol/min)"": 50.0, ""SEM (umol/min)"": 1.75, ""temperature (deg C)"": 34}, {""Mean reaction rate (umol/min)"": 45.06, ""SEM (umol/min)"": 2.03, ""temperature (deg C)"": 42}, {""Mean reaction rate (umol/min)"": 33.47, ""SEM (umol/min)"": 1.84, ""temperature (deg C)"": 50}, {""Mean reaction rate (umol/min)"": 21.64, ""SEM (umol/min)"": 0.76, ""temperature (deg C)"": 58}]","{""accepted_variants"": [""points connected by line segments""], ""representation"": ""continuous measured series with connected adjacent points"", ""required_uncertainty"": ""symmetric plus/minus one SEM bars"", ""x_axis"": ""temperature (deg C)"", ""y_axis"": ""mean reaction rate (umol/min)""}","[{""criterion_id"": ""REPRESENTATION_TYPE"", ""met_rule"": ""Uses a continuous x-axis graph with plotted points.""}, {""criterion_id"": ""X_UNIT"", ""met_rule"": ""X-axis includes the required variable and unit.""}, {""criterion_id"": ""Y_UNIT"", ""met_rule"": ""Y-axis includes the required variable and unit.""}, {""criterion_id"": ""X_SCALE"", ""met_rule"": ""Numeric x positions are proportional and interpretable.""}, {""criterion_id"": ""Y_SCALE"", ""met_rule"": ""Y-scale is interpretable and can represent all means and SEM bars.""}, {""criterion_id"": ""PLOT_VALUES"", ""met_rule"": ""All measured means are plotted at recoverable coordinates.""}, {""criterion_id"": ""POINT_CONNECTION"", ""met_rule"": ""Adjacent measured values are connected without replacing points.""}, {""criterion_id"": ""UNCERTAINTY_MARKS"", ""met_rule"": ""Each mean has centered symmetric plus/minus SEM bars.""}]",independently_authored_synthetic_research_seed_unverified,Research seed for hand-drawn graph capture and reviewer evaluation. Do not expose criterion definitions to the person drawing the graph.
HDG-2026-P1-SER-002,v0.1-research-seed,frq,short,canonical_answer,continuous_measured_series_supplied_uncertainty,,HDG-2026-P1-SER-002__response-01.jpg,"Researchers measured photosynthetic oxygen release at several values of light intensity. Use the data table to construct a graph with light intensity on the x-axis and mean oxygen release on the y-axis. Plot each mean at its measured x-value, connect adjacent measured values, and include symmetric error bars showing plus or minus one SEM.

Write the item ID HDG-2026-P1-SER-002 at the top of your page.

| light intensity (umol photons/m^2/s) | Mean oxygen release (umol O2/min) | SEM (umol O2/min) |
| --- | --- | --- |
| 0 | 7.07 | 0.4 |
| 100 | 19.63 | 1.08 |
| 250 | 27.25 | 0.95 |
| 500 | 31.88 | 1.43 |
| 800 | 34.68 | 1.91 |
| 1100 | 36.38 | 1.27 |
| 1400 | 37.41 | 1.68 |","Expected graph: continuous measured series with connected adjacent points; x-axis light intensity (umol photons/m^2/s); y-axis mean oxygen release (umol O2/min). Required criteria: REPRESENTATION_TYPE, X_UNIT, Y_UNIT, X_SCALE, Y_SCALE, PLOT_VALUES, POINT_CONNECTION, UNCERTAINTY_MARKS.",AP Biology|data analysis|quantitative graphing|response curves,photosynthetic oxygen release|continuous measured series|SEM error bars,"[{""Mean oxygen release (umol O2/min)"": 7.07, ""SEM (umol O2/min)"": 0.4, ""light intensity (umol photons/m^2/s)"": 0}, {""Mean oxygen release (umol O2/min)"": 19.63, ""SEM (umol O2/min)"": 1.08, ""light intensity (umol photons/m^2/s)"": 100}, {""Mean oxygen release (umol O2/min)"": 27.25, ""SEM (umol O2/min)"": 0.95, ""light intensity (umol photons/m^2/s)"": 250}, {""Mean oxygen release (umol O2/min)"": 31.88, ""SEM (umol O2/min)"": 1.43, ""light intensity (umol photons/m^2/s)"": 500}, {""Mean oxygen release (umol O2/min)"": 34.68, ""SEM (umol O2/min)"": 1.91, ""light intensity (umol photons/m^2/s)"": 800}, {""Mean oxygen release (umol O2/min)"": 36.38, ""SEM (umol O2/min)"": 1.27, ""light intensity (umol photons/m^2/s)"": 1100}, {""Mean oxygen release (umol O2/min)"": 37.41, ""SEM (umol O2/min)"": 1.68, ""light intensity (umol photons/m^2/s)"": 1400}]","{""accepted_variants"": [""points connected by line segments""], ""representation"": ""continuous measured series with connected adjacent points"", ""required_uncertainty"": ""symmetric plus/minus one SEM bars"", ""x_axis"": ""light intensity (umol photons/m^2/s)"", ""y_axis"": ""mean oxygen release (umol O2/min)""}","[{""criterion_id"": ""REPRESENTATION_TYPE"", ""met_rule"": ""Uses a continuous x-axis graph with plotted points.""}, {""criterion_id"": ""X_UNIT"", ""met_rule"": ""X-axis includes the required variable and unit.""}, {""criterion_id"": ""Y_UNIT"", ""met_rule"": ""Y-axis includes the required variable and unit.""}, {""criterion_id"": ""X_SCALE"", ""met_rule"": ""Numeric x positions are proportional and interpretable.""}, {""criterion_id"": ""Y_SCALE"", ""met_rule"": ""Y-scale is interpretable and can represent all means and SEM bars.""}, {""criterion_id"": ""PLOT_VALUES"", ""met_rule"": ""All measured means are plotted at recoverable coordinates.""}, {""criterion_id"": ""POINT_CONNECTION"", ""met_rule"": ""Adjacent measured values are connected without replacing points.""}, {""criterion_id"": ""UNCERTAINTY_MARKS"", ""met_rule"": ""Each mean has centered symmetric plus/minus SEM bars.""}]",independently_authored_synthetic_research_seed_unverified,Research seed for hand-drawn graph capture and reviewer evaluation. Do not expose criterion definitions to the person drawing the graph.
HDG-2026-P1-SER-003,v0.1-research-seed,frq,short,canonical_answer,continuous_measured_series_supplied_uncertainty,,HDG-2026-P1-SER-003__response-01.jpg,"Researchers measured pigment absorbance at several values of wavelength. Use the data table to construct a graph with wavelength on the x-axis and mean absorbance on the y-axis. Plot each mean at its measured x-value, connect adjacent measured values, and include symmetric error bars showing plus or minus one SEM.

Write the item ID HDG-2026-P1-SER-003 at the top of your page.

| wavelength (nm) | Mean absorbance (a.u.) | SEM (a.u.) |
| --- | --- | --- |
| 420 | 75.0 | 4.13 |
| 460 | 67.0 | 2.35 |
| 500 | 59.0 | 2.66 |
| 540 | 51.0 | 2.81 |
| 580 | 43.0 | 1.51 |
| 620 | 35.0 | 1.58 |
| 660 | 27.0 | 1.49 |","Expected graph: continuous measured series with connected adjacent points; x-axis wavelength (nm); y-axis mean absorbance (a.u.). Required criteria: REPRESENTATION_TYPE, X_UNIT, Y_UNIT, X_SCALE, Y_SCALE, PLOT_VALUES, POINT_CONNECTION, UNCERTAINTY_MARKS.",AP Biology|data analysis|quantitative graphing|response curves,pigment absorbance|continuous measured series|SEM error bars,"[{""Mean absorbance (a.u.)"": 75.0, ""SEM (a.u.)"": 4.13, ""wavelength (nm)"": 420}, {""Mean absorbance (a.u.)"": 67.0, ""SEM (a.u.)"": 2.35, ""wavelength (nm)"": 460}, {""Mean absorbance (a.u.)"": 59.0, ""SEM (a.u.)"": 2.66, ""wavelength (nm)"": 500}, {""Mean absorbance (a.u.)"": 51.0, ""SEM (a.u.)"": 2.81, ""wavelength (nm)"": 540}, {""Mean absorbance (a.u.)"": 43.0, ""SEM (a.u.)"": 1.51, ""wavelength (nm)"": 580}, {""Mean absorbance (a.u.)"": 35.0, ""SEM (a.u.)"": 1.58, ""wavelength (nm)"": 620}, {""Mean absorbance (a.u.)"": 27.0, ""SEM (a.u.)"": 1.49, ""wavelength (nm)"": 660}]","{""accepted_variants"": [""points connected by line segments""], ""representation"": ""continuous measured series with connected adjacent points"", ""required_uncertainty"": ""symmetric plus/minus one SEM bars"", ""x_axis"": ""wavelength (nm)"", ""y_axis"": ""mean absorbance (a.u.)""}","[{""criterion_id"": ""REPRESENTATION_TYPE"", ""met_rule"": ""Uses a continuous x-axis graph with plotted points.""}, {""criterion_id"": ""X_UNIT"", ""met_rule"": ""X-axis includes the required variable and unit.""}, {""criterion_id"": ""Y_UNIT"", ""met_rule"": ""Y-axis includes the required variable and unit.""}, {""criterion_id"": ""X_SCALE"", ""met_rule"": ""Numeric x positions are proportional and interpretable.""}, {""criterion_id"": ""Y_SCALE"", ""met_rule"": ""Y-scale is interpretable and can represent all means and SEM bars.""}, {""criterion_id"": ""PLOT_VALUES"", ""met_rule"": ""All measured means are plotted at recoverable coordinates.""}, {""criterion_id"": ""POINT_CONNECTION"", ""met_rule"": ""Adjacent measured values are connected without replacing points.""}, {""criterion_id"": ""UNCERTAINTY_MARKS"", ""met_rule"": ""Each mean has centered symmetric plus/minus SEM bars.""}]",independently_authored_synthetic_research_seed_unverified,Research seed for hand-drawn graph capture and reviewer evaluation. Do not expose criterion definitions to the person drawing the graph.
HDG-2026-P1-SER-004,v0.1-research-seed,frq,short,canonical_answer,continuous_measured_series_supplied_uncertainty,,HDG-2026-P1-SER-004__response-01.jpg,"Researchers measured seedling growth at several values of days after planting. Use the data table to construct a graph with days after planting on the x-axis and mean height on the y-axis. Plot each mean at its measured x-value, connect adjacent measured values, and include symmetric error bars showing plus or minus one SEM.

Write the item ID HDG-2026-P1-SER-004 at the top of your page.

| days after planting (days) | Mean height (cm) | SEM (cm) |
| --- | --- | --- |
| 0 | 15.0 | 0.53 |
| 2 | 18.0 | 0.81 |
| 4 | 29.0 | 1.6 |
| 6 | 32.0 | 1.12 |
| 8 | 43.0 | 1.94 |
| 10 | 46.0 | 2.53 |
| 12 | 57.0 | 2.0 |","Expected graph: continuous measured series with connected adjacent points; x-axis days after planting (days); y-axis mean height (cm). Required criteria: REPRESENTATION_TYPE, X_UNIT, Y_UNIT, X_SCALE, Y_SCALE, PLOT_VALUES, POINT_CONNECTION, UNCERTAINTY_MARKS.",AP Biology|data analysis|quantitative graphing|response curves,seedling growth|continuous measured series|SEM error bars,"[{""Mean height (cm)"": 15.0, ""SEM (cm)"": 0.53, ""days after planting (days)"": 0}, {""Mean height (cm)"": 18.0, ""SEM (cm)"": 0.81, ""days after planting (days)"": 2}, {""Mean height (cm)"": 29.0, ""SEM (cm)"": 1.6, ""days after planting (days)"": 4}, {""Mean height (cm)"": 32.0, ""SEM (cm)"": 1.12, ""days after planting (days)"": 6}, {""Mean height (cm)"": 43.0, ""SEM (cm)"": 1.94, ""days after planting (days)"": 8}, {""Mean height (cm)"": 46.0, ""SEM (cm)"": 2.53, ""days after planting (days)"": 10}, {""Mean height (cm)"": 57.0, ""SEM (cm)"": 2.0, ""days after planting (days)"": 12}]","{""accepted_variants"": [""points connected by line segments""], ""representation"": ""continuous measured series with connected adjacent points"", ""required_uncertainty"": ""symmetric plus/minus one SEM bars"", ""x_axis"": ""days after planting (days)"", ""y_axis"": ""mean height (cm)""}","[{""criterion_id"": ""REPRESENTATION_TYPE"", ""met_rule"": ""Uses a continuous x-axis graph with plotted points.""}, {""criterion_id"": ""X_UNIT"", ""met_rule"": ""X-axis includes the required variable and unit.""}, {""criterion_id"": ""Y_UNIT"", ""met_rule"": ""Y-axis includes the required variable and unit.""}, {""criterion_id"": ""X_SCALE"", ""met_rule"": ""Numeric x positions are proportional and interpretable.""}, {""criterion_id"": ""Y_SCALE"", ""met_rule"": ""Y-scale is interpretable and can represent all means and SEM bars.""}, {""criterion_id"": ""PLOT_VALUES"", ""met_rule"": ""All measured means are plotted at recoverable coordinates.""}, {""criterion_id"": ""POINT_CONNECTION"", ""met_rule"": ""Adjacent measured values are connected without replacing points.""}, {""criterion_id"": ""UNCERTAINTY_MARKS"", ""met_rule"": ""Each mean has centered symmetric plus/minus SEM bars.""}]",independently_authored_synthetic_research_seed_unverified,Research seed for hand-drawn graph capture and reviewer evaluation. Do not expose criterion definitions to the person drawing the graph.
HDG-2026-P1-SER-005,v0.1-research-seed,frq,short,canonical_answer,continuous_measured_series_supplied_uncertainty,,HDG-2026-P1-SER-005__response-01.jpg,"Researchers measured heart cell contraction at several values of calcium concentration. Use the data table to construct a graph with calcium concentration on the x-axis and mean contractions per min on the y-axis. Plot each mean at its measured x-value, connect adjacent measured values, and include symmetric error bars showing plus or minus one SEM.

Write the item ID HDG-2026-P1-SER-005 at the top of your page.

| calcium concentration (mM) | Mean contractions per min (beats/min) | SEM (beats/min) |
| --- | --- | --- |
| 0.2 | 31.31 | 1.41 |
| 0.5 | 36.06 | 1.98 |
| 1 | 43.55 | 1.52 |
| 2 | 51.0 | 2.3 |
| 3 | 43.55 | 2.4 |
| 4 | 28.23 | 0.99 |
| 5 | 16.24 | 0.73 |","Expected graph: continuous measured series with connected adjacent points; x-axis calcium concentration (mM); y-axis mean contractions per min (beats/min). Required criteria: REPRESENTATION_TYPE, X_UNIT, Y_UNIT, X_SCALE, Y_SCALE, PLOT_VALUES, POINT_CONNECTION, UNCERTAINTY_MARKS.",AP Biology|data analysis|quantitative graphing|response curves,heart cell contraction|continuous measured series|SEM error bars,"[{""Mean contractions per min (beats/min)"": 31.31, ""SEM (beats/min)"": 1.41, ""calcium concentration (mM)"": 0.2}, {""Mean contractions per min (beats/min)"": 36.06, ""SEM (beats/min)"": 1.98, ""calcium concentration (mM)"": 0.5}, {""Mean contractions per min (beats/min)"": 43.55, ""SEM (beats/min)"": 1.52, ""calcium concentration (mM)"": 1}, {""Mean contractions per min (beats/min)"": 51.0, ""SEM (beats/min)"": 2.3, ""calcium concentration (mM)"": 2}, {""Mean contractions per min (beats/min)"": 43.55, ""SEM (beats/min)"": 2.4, ""calcium concentration (mM)"": 3}, {""Mean contractions per min (beats/min)"": 28.23, ""SEM (beats/min)"": 0.99, ""calcium concentration (mM)"": 4}, {""Mean contractions per min (beats/min)"": 16.24, ""SEM (beats/min)"": 0.73, ""calcium concentration (mM)"": 5}]","{""accepted_variants"": [""points connected by line segments""], ""representation"": ""continuous measured series with connected adjacent points"", ""required_uncertainty"": ""symmetric plus/minus one SEM bars"", ""x_axis"": ""calcium concentration (mM)"", ""y_axis"": ""mean contractions per min (beats/min)""}","[{""criterion_id"": ""REPRESENTATION_TYPE"", ""met_rule"": ""Uses a continuous x-axis graph with plotted points.""}, {""criterion_id"": ""X_UNIT"", ""met_rule"": ""X-axis includes the required variable and unit.""}, {""criterion_id"": ""Y_UNIT"", ""met_rule"": ""Y-axis includes the required variable and unit.""}, {""criterion_id"": ""X_SCALE"", ""met_rule"": ""Numeric x positions are proportional and interpretable.""}, {""criterion_id"": ""Y_SCALE"", ""met_rule"": ""Y-scale is interpretable and can represent all means and SEM bars.""}, {""criterion_id"": ""PLOT_VALUES"", ""met_rule"": ""All measured means are plotted at recoverable coordinates.""}, {""criterion_id"": ""POINT_CONNECTION"", ""met_rule"": ""Adjacent measured values are connected without replacing points.""}, {""criterion_id"": ""UNCERTAINTY_MARKS"", ""met_rule"": ""Each mean has centered symmetric plus/minus SEM bars.""}]",independently_authored_synthetic_research_seed_unverified,Research seed for hand-drawn graph capture and reviewer evaluation. Do not expose criterion definitions to the person drawing the graph.
HDG-2026-P1-SER-006,v0.1-research-seed,frq,short,canonical_answer,continuous_measured_series_supplied_uncertainty,,HDG-2026-P1-SER-006__response-01.jpg,"Researchers measured fermentation rate at several values of incubation time. Use the data table to construct a graph with incubation time on the x-axis and mean CO2 production rate on the y-axis. Plot each mean at its measured x-value, connect adjacent measured values, and include symmetric error bars showing plus or minus one SEM.

Write the item ID HDG-2026-P1-SER-006 at the top of your page.

| incubation time (min) | Mean CO2 production rate (mL/min) | SEM (mL/min) |
| --- | --- | --- |
| 0 | 9.97 | 0.55 |
| 5 | 27.69 | 0.97 |
| 10 | 38.43 | 1.73 |
| 15 | 44.95 | 2.47 |
| 20 | 48.91 | 1.71 |
| 25 | 51.3 | 2.31 |
| 30 | 52.76 | 2.9 |","Expected graph: continuous measured series with connected adjacent points; x-axis incubation time (min); y-axis mean CO2 production rate (mL/min). Required criteria: REPRESENTATION_TYPE, X_UNIT, Y_UNIT, X_SCALE, Y_SCALE, PLOT_VALUES, POINT_CONNECTION, UNCERTAINTY_MARKS.",AP Biology|data analysis|quantitative graphing|response curves,fermentation rate|continuous measured series|SEM error bars,"[{""Mean CO2 production rate (mL/min)"": 9.97, ""SEM (mL/min)"": 0.55, ""incubation time (min)"": 0}, {""Mean CO2 production rate (mL/min)"": 27.69, ""SEM (mL/min)"": 0.97, ""incubation time (min)"": 5}, {""Mean CO2 production rate (mL/min)"": 38.43, ""SEM (mL/min)"": 1.73, ""incubation time (min)"": 10}, {""Mean CO2 production rate (mL/min)"": 44.95, ""SEM (mL/min)"": 2.47, ""incubation time (min)"": 15}, {""Mean CO2 production rate (mL/min)"": 48.91, ""SEM (mL/min)"": 1.71, ""incubation time (min)"": 20}, {""Mean CO2 production rate (mL/min)"": 51.3, ""SEM (mL/min)"": 2.31, ""incubation time (min)"": 25}, {""Mean CO2 production rate (mL/min)"": 52.76, ""SEM (mL/min)"": 2.9, ""incubation time (min)"": 30}]","{""accepted_variants"": [""points connected by line segments""], ""representation"": ""continuous measured series with connected adjacent points"", ""required_uncertainty"": ""symmetric plus/minus one SEM bars"", ""x_axis"": ""incubation time (min)"", ""y_axis"": ""mean CO2 production rate (mL/min)""}","[{""criterion_id"": ""REPRESENTATION_TYPE"", ""met_rule"": ""Uses a continuous x-axis graph with plotted points.""}, {""criterion_id"": ""X_UNIT"", ""met_rule"": ""X-axis includes the required variable and unit.""}, {""criterion_id"": ""Y_UNIT"", ""met_rule"": ""Y-axis includes the required variable and unit.""}, {""criterion_id"": ""X_SCALE"", ""met_rule"": ""Numeric x positions are proportional and interpretable.""}, {""criterion_id"": ""Y_SCALE"", ""met_rule"": ""Y-scale is interpretable and can represent all means and SEM bars.""}, {""criterion_id"": ""PLOT_VALUES"", ""met_rule"": ""All measured means are plotted at recoverable coordinates.""}, {""criterion_id"": ""POINT_CONNECTION"", ""met_rule"": ""Adjacent measured values are connected without replacing points.""}, {""criterion_id"": ""UNCERTAINTY_MARKS"", ""met_rule"": ""Each mean has centered symmetric plus/minus SEM bars.""}]",independently_authored_synthetic_research_seed_unverified,Research seed for hand-drawn graph capture and reviewer evaluation. Do not expose criterion definitions to the person drawing the graph.
HDG-2026-P1-SER-007,v0.1-research-seed,frq,short,canonical_answer,continuous_measured_series_supplied_uncertainty,,HDG-2026-P1-SER-007__response-01.jpg,"Researchers measured aquatic plant growth at several values of nitrate concentration. Use the data table to construct a graph with nitrate concentration on the x-axis and mean growth rate on the y-axis. Plot each mean at its measured x-value, connect adjacent measured values, and include symmetric error bars showing plus or minus one SEM.

Write the item ID HDG-2026-P1-SER-007 at the top of your page.

| nitrate concentration (mg/L) | Mean growth rate (mg/day) | SEM (mg/day) |
| --- | --- | --- |
| 0 | 70.0 | 2.45 |
| 2 | 64.0 | 2.88 |
| 5 | 58.0 | 3.19 |
| 10 | 52.0 | 1.82 |
| 20 | 46.0 | 2.07 |
| 40 | 40.0 | 2.2 |
| 80 | 34.0 | 1.19 |","Expected graph: continuous measured series with connected adjacent points; x-axis nitrate concentration (mg/L); y-axis mean growth rate (mg/day). Required criteria: REPRESENTATION_TYPE, X_UNIT, Y_UNIT, X_SCALE, Y_SCALE, PLOT_VALUES, POINT_CONNECTION, UNCERTAINTY_MARKS.",AP Biology|data analysis|quantitative graphing|response curves,aquatic plant growth|continuous measured series|SEM error bars,"[{""Mean growth rate (mg/day)"": 70.0, ""SEM (mg/day)"": 2.45, ""nitrate concentration (mg/L)"": 0}, {""Mean growth rate (mg/day)"": 64.0, ""SEM (mg/day)"": 2.88, ""nitrate concentration (mg/L)"": 2}, {""Mean growth rate (mg/day)"": 58.0, ""SEM (mg/day)"": 3.19, ""nitrate concentration (mg/L)"": 5}, {""Mean growth rate (mg/day)"": 52.0, ""SEM (mg/day)"": 1.82, ""nitrate concentration (mg/L)"": 10}, {""Mean growth rate (mg/day)"": 46.0, ""SEM (mg/day)"": 2.07, ""nitrate concentration (mg/L)"": 20}, {""Mean growth rate (mg/day)"": 40.0, ""SEM (mg/day)"": 2.2, ""nitrate concentration (mg/L)"": 40}, {""Mean growth rate (mg/day)"": 34.0, ""SEM (mg/day)"": 1.19, ""nitrate concentration (mg/L)"": 80}]","{""accepted_variants"": [""points connected by line segments""], ""representation"": ""continuous measured series with connected adjacent points"", ""required_uncertainty"": ""symmetric plus/minus one SEM bars"", ""x_axis"": ""nitrate concentration (mg/L)"", ""y_axis"": ""mean growth rate (mg/day)""}","[{""criterion_id"": ""REPRESENTATION_TYPE"", ""met_rule"": ""Uses a continuous x-axis graph with plotted points.""}, {""criterion_id"": ""X_UNIT"", ""met_rule"": ""X-axis includes the required variable and unit.""}, {""criterion_id"": ""Y_UNIT"", ""met_rule"": ""Y-axis includes the required variable and unit.""}, {""criterion_id"": ""X_SCALE"", ""met_rule"": ""Numeric x positions are proportional and interpretable.""}, {""criterion_id"": ""Y_SCALE"", ""met_rule"": ""Y-scale is interpretable and can represent all means and SEM bars.""}, {""criterion_id"": ""PLOT_VALUES"", ""met_rule"": ""All measured means are plotted at recoverable coordinates.""}, {""criterion_id"": ""POINT_CONNECTION"", ""met_rule"": ""Adjacent measured values are connected without replacing points.""}, {""criterion_id"": ""UNCERTAINTY_MARKS"", ""met_rule"": ""Each mean has centered symmetric plus/minus SEM bars.""}]",independently_authored_synthetic_research_seed_unverified,Research seed for hand-drawn graph capture and reviewer evaluation. Do not expose criterion definitions to the person drawing the graph.
HDG-2026-P1-SER-008,v0.1-research-seed,frq,short,canonical_answer,continuous_measured_series_supplied_uncertainty,,HDG-2026-P1-SER-008__response-01.jpg,"Researchers measured membrane transport at several values of external glucose. Use the data table to construct a graph with external glucose on the x-axis and mean uptake rate on the y-axis. Plot each mean at its measured x-value, connect adjacent measured values, and include symmetric error bars showing plus or minus one SEM.

Write the item ID HDG-2026-P1-SER-008 at the top of your page.

| external glucose (mM) | Mean uptake rate (pmol/min) | SEM (pmol/min) |
| --- | --- | --- |
| 0 | 15.0 | 0.68 |
| 1 | 18.0 | 0.99 |
| 2 | 29.0 | 1.02 |
| 4 | 32.0 | 1.44 |
| 8 | 43.0 | 2.37 |
| 12 | 46.0 | 1.61 |
| 16 | 57.0 | 2.57 |","Expected graph: continuous measured series with connected adjacent points; x-axis external glucose (mM); y-axis mean uptake rate (pmol/min). Required criteria: REPRESENTATION_TYPE, X_UNIT, Y_UNIT, X_SCALE, Y_SCALE, PLOT_VALUES, POINT_CONNECTION, UNCERTAINTY_MARKS.",AP Biology|data analysis|quantitative graphing|response curves,membrane transport|continuous measured series|SEM error bars,"[{""Mean uptake rate (pmol/min)"": 15.0, ""SEM (pmol/min)"": 0.68, ""external glucose (mM)"": 0}, {""Mean uptake rate (pmol/min)"": 18.0, ""SEM (pmol/min)"": 0.99, ""external glucose (mM)"": 1}, {""Mean uptake rate (pmol/min)"": 29.0, ""SEM (pmol/min)"": 1.02, ""external glucose (mM)"": 2}, {""Mean uptake rate (pmol/min)"": 32.0, ""SEM (pmol/min)"": 1.44, ""external glucose (mM)"": 4}, {""Mean uptake rate (pmol/min)"": 43.0, ""SEM (pmol/min)"": 2.37, ""external glucose (mM)"": 8}, {""Mean uptake rate (pmol/min)"": 46.0, ""SEM (pmol/min)"": 1.61, ""external glucose (mM)"": 12}, {""Mean uptake rate (pmol/min)"": 57.0, ""SEM (pmol/min)"": 2.57, ""external glucose (mM)"": 16}]","{""accepted_variants"": [""points connected by line segments""], ""representation"": ""continuous measured series with connected adjacent points"", ""required_uncertainty"": ""symmetric plus/minus one SEM bars"", ""x_axis"": ""external glucose (mM)"", ""y_axis"": ""mean uptake rate (pmol/min)""}","[{""criterion_id"": ""REPRESENTATION_TYPE"", ""met_rule"": ""Uses a continuous x-axis graph with plotted points.""}, {""criterion_id"": ""X_UNIT"", ""met_rule"": ""X-axis includes the required variable and unit.""}, {""criterion_id"": ""Y_UNIT"", ""met_rule"": ""Y-axis includes the required variable and unit.""}, {""criterion_id"": ""X_SCALE"", ""met_rule"": ""Numeric x positions are proportional and interpretable.""}, {""criterion_id"": ""Y_SCALE"", ""met_rule"": ""Y-scale is interpretable and can represent all means and SEM bars.""}, {""criterion_id"": ""PLOT_VALUES"", ""met_rule"": ""All measured means are plotted at recoverable coordinates.""}, {""criterion_id"": ""POINT_CONNECTION"", ""met_rule"": ""Adjacent measured values are connected without replacing points.""}, {""criterion_id"": ""UNCERTAINTY_MARKS"", ""met_rule"": ""Each mean has centered symmetric plus/minus SEM bars.""}]",independently_authored_synthetic_research_seed_unverified,Research seed for hand-drawn graph capture and reviewer evaluation. Do not expose criterion definitions to the person drawing the graph.
HDG-2026-P1-SER-009,v0.1-research-seed,frq,short,canonical_answer,continuous_measured_series_supplied_uncertainty,,HDG-2026-P1-SER-009__response-01.jpg,"Researchers measured cell survival at several values of UV exposure time. Use the data table to construct a graph with UV exposure time on the x-axis and mean surviving cells on the y-axis. Plot each mean at its measured x-value, connect adjacent measured values, and include symmetric error bars showing plus or minus one SEM.

Write the item ID HDG-2026-P1-SER-009 at the top of your page.

| UV exposure time (s) | Mean surviving cells (%) | SEM (%) |
| --- | --- | --- |
| 0 | 35.47 | 1.95 |
| 10 | 41.7 | 1.46 |
| 20 | 47.06 | 2.12 |
| 40 | 52.0 | 2.86 |
| 60 | 47.06 | 1.65 |
| 90 | 29.23 | 1.32 |
| 120 | 15.68 | 0.86 |","Expected graph: continuous measured series with connected adjacent points; x-axis UV exposure time (s); y-axis mean surviving cells (%). Required criteria: REPRESENTATION_TYPE, X_UNIT, Y_UNIT, X_SCALE, Y_SCALE, PLOT_VALUES, POINT_CONNECTION, UNCERTAINTY_MARKS.",AP Biology|data analysis|quantitative graphing|response curves,cell survival|continuous measured series|SEM error bars,"[{""Mean surviving cells (%)"": 35.47, ""SEM (%)"": 1.95, ""UV exposure time (s)"": 0}, {""Mean surviving cells (%)"": 41.7, ""SEM (%)"": 1.46, ""UV exposure time (s)"": 10}, {""Mean surviving cells (%)"": 47.06, ""SEM (%)"": 2.12, ""UV exposure time (s)"": 20}, {""Mean surviving cells (%)"": 52.0, ""SEM (%)"": 2.86, ""UV exposure time (s)"": 40}, {""Mean surviving cells (%)"": 47.06, ""SEM (%)"": 1.65, ""UV exposure time (s)"": 60}, {""Mean surviving cells (%)"": 29.23, ""SEM (%)"": 1.32, ""UV exposure time (s)"": 90}, {""Mean surviving cells (%)"": 15.68, ""SEM (%)"": 0.86, ""UV exposure time (s)"": 120}]","{""accepted_variants"": [""points connected by line segments""], ""representation"": ""continuous measured series with connected adjacent points"", ""required_uncertainty"": ""symmetric plus/minus one SEM bars"", ""x_axis"": ""UV exposure time (s)"", ""y_axis"": ""mean surviving cells (%)""}","[{""criterion_id"": ""REPRESENTATION_TYPE"", ""met_rule"": ""Uses a continuous x-axis graph with plotted points.""}, {""criterion_id"": ""X_UNIT"", ""met_rule"": ""X-axis includes the required variable and unit.""}, {""criterion_id"": ""Y_UNIT"", ""met_rule"": ""Y-axis includes the required variable and unit.""}, {""criterion_id"": ""X_SCALE"", ""met_rule"": ""Numeric x positions are proportional and interpretable.""}, {""criterion_id"": ""Y_SCALE"", ""met_rule"": ""Y-scale is interpretable and can represent all means and SEM bars.""}, {""criterion_id"": ""PLOT_VALUES"", ""met_rule"": ""All measured means are plotted at recoverable coordinates.""}, {""criterion_id"": ""POINT_CONNECTION"", ""met_rule"": ""Adjacent measured values are connected without replacing points.""}, {""criterion_id"": ""UNCERTAINTY_MARKS"", ""met_rule"": ""Each mean has centered symmetric plus/minus SEM bars.""}]",independently_authored_synthetic_research_seed_unverified,Research seed for hand-drawn graph capture and reviewer evaluation. Do not expose criterion definitions to the person drawing the graph.
HDG-2026-P1-SER-010,v0.1-research-seed,frq,short,canonical_answer,continuous_measured_series_supplied_uncertainty,,HDG-2026-P1-SER-010__response-01.jpg,"Researchers measured enzyme activity at several values of pH. Use the data table to construct a graph with pH on the x-axis and mean relative activity on the y-axis. Plot each mean at its measured x-value, connect adjacent measured values, and include symmetric error bars showing plus or minus one SEM.

Write the item ID HDG-2026-P1-SER-010 at the top of your page.

| pH (pH units) | Mean relative activity (%) | SEM (%) |
| --- | --- | --- |
| 4 | 8.52 | 0.4 |
| 5 | 23.66 | 1.06 |
| 6 | 32.84 | 1.81 |
| 7 | 38.41 | 1.34 |
| 8 | 41.79 | 1.88 |
| 9 | 43.84 | 2.41 |
| 10 | 45.08 | 1.58 |","Expected graph: continuous measured series with connected adjacent points; x-axis pH (pH units); y-axis mean relative activity (%). Required criteria: REPRESENTATION_TYPE, X_UNIT, Y_UNIT, X_SCALE, Y_SCALE, PLOT_VALUES, POINT_CONNECTION, UNCERTAINTY_MARKS.",AP Biology|data analysis|quantitative graphing|response curves,enzyme activity|continuous measured series|SEM error bars,"[{""Mean relative activity (%)"": 8.52, ""SEM (%)"": 0.4, ""pH (pH units)"": 4}, {""Mean relative activity (%)"": 23.66, ""SEM (%)"": 1.06, ""pH (pH units)"": 5}, {""Mean relative activity (%)"": 32.84, ""SEM (%)"": 1.81, ""pH (pH units)"": 6}, {""Mean relative activity (%)"": 38.41, ""SEM (%)"": 1.34, ""pH (pH units)"": 7}, {""Mean relative activity (%)"": 41.79, ""SEM (%)"": 1.88, ""pH (pH units)"": 8}, {""Mean relative activity (%)"": 43.84, ""SEM (%)"": 2.41, ""pH (pH units)"": 9}, {""Mean relative activity (%)"": 45.08, ""SEM (%)"": 1.58, ""pH (pH units)"": 10}]","{""accepted_variants"": [""points connected by line segments""], ""representation"": ""continuous measured series with connected adjacent points"", ""required_uncertainty"": ""symmetric plus/minus one SEM bars"", ""x_axis"": ""pH (pH units)"", ""y_axis"": ""mean relative activity (%)""}","[{""criterion_id"": ""REPRESENTATION_TYPE"", ""met_rule"": ""Uses a continuous x-axis graph with plotted points.""}, {""criterion_id"": ""X_UNIT"", ""met_rule"": ""X-axis includes the required variable and unit.""}, {""criterion_id"": ""Y_UNIT"", ""met_rule"": ""Y-axis includes the required variable and unit.""}, {""criterion_id"": ""X_SCALE"", ""met_rule"": ""Numeric x positions are proportional and interpretable.""}, {""criterion_id"": ""Y_SCALE"", ""met_rule"": ""Y-scale is interpretable and can represent all means and SEM bars.""}, {""criterion_id"": ""PLOT_VALUES"", ""met_rule"": ""All measured means are plotted at recoverable coordinates.""}, {""criterion_id"": ""POINT_CONNECTION"", ""met_rule"": ""Adjacent measured values are connected without replacing points.""}, {""criterion_id"": ""UNCERTAINTY_MARKS"", ""met_rule"": ""Each mean has centered symmetric plus/minus SEM bars.""}]",independently_authored_synthetic_research_seed_unverified,Research seed for hand-drawn graph capture and reviewer evaluation. Do not expose criterion definitions to the person drawing the graph.
HDG-2026-P1-SER-011,v0.1-research-seed,frq,short,canonical_answer,continuous_measured_series_supplied_uncertainty,,HDG-2026-P1-SER-011__response-01.jpg,"Researchers measured enzyme reaction rate at several values of temperature. Use the data table to construct a graph with temperature on the x-axis and mean reaction rate on the y-axis. Plot each mean at its measured x-value, connect adjacent measured values, and include symmetric error bars showing plus or minus one SEM.

Write the item ID HDG-2026-P1-SER-011 at the top of your page.

| temperature (deg C) | Mean reaction rate (umol/min) | SEM (umol/min) |
| --- | --- | --- |
| 10 | 65.0 | 2.93 |
| 18 | 58.0 | 3.19 |
| 26 | 51.0 | 1.79 |
| 34 | 44.0 | 1.98 |
| 42 | 37.0 | 2.04 |
| 50 | 30.0 | 1.05 |
| 58 | 23.0 | 1.04 |","Expected graph: continuous measured series with connected adjacent points; x-axis temperature (deg C); y-axis mean reaction rate (umol/min). Required criteria: REPRESENTATION_TYPE, X_UNIT, Y_UNIT, X_SCALE, Y_SCALE, PLOT_VALUES, POINT_CONNECTION, UNCERTAINTY_MARKS.",AP Biology|data analysis|quantitative graphing|response curves,enzyme reaction rate|continuous measured series|SEM error bars,"[{""Mean reaction rate (umol/min)"": 65.0, ""SEM (umol/min)"": 2.93, ""temperature (deg C)"": 10}, {""Mean reaction rate (umol/min)"": 58.0, ""SEM (umol/min)"": 3.19, ""temperature (deg C)"": 18}, {""Mean reaction rate (umol/min)"": 51.0, ""SEM (umol/min)"": 1.79, ""temperature (deg C)"": 26}, {""Mean reaction rate (umol/min)"": 44.0, ""SEM (umol/min)"": 1.98, ""temperature (deg C)"": 34}, {""Mean reaction rate (umol/min)"": 37.0, ""SEM (umol/min)"": 2.04, ""temperature (deg C)"": 42}, {""Mean reaction rate (umol/min)"": 30.0, ""SEM (umol/min)"": 1.05, ""temperature (deg C)"": 50}, {""Mean reaction rate (umol/min)"": 23.0, ""SEM (umol/min)"": 1.04, ""temperature (deg C)"": 58}]","{""accepted_variants"": [""points connected by line segments""], ""representation"": ""continuous measured series with connected adjacent points"", ""required_uncertainty"": ""symmetric plus/minus one SEM bars"", ""x_axis"": ""temperature (deg C)"", ""y_axis"": ""mean reaction rate (umol/min)""}","[{""criterion_id"": ""REPRESENTATION_TYPE"", ""met_rule"": ""Uses a continuous x-axis graph with plotted points.""}, {""criterion_id"": ""X_UNIT"", ""met_rule"": ""X-axis includes the required variable and unit.""}, {""criterion_id"": ""Y_UNIT"", ""met_rule"": ""Y-axis includes the required variable and unit.""}, {""criterion_id"": ""X_SCALE"", ""met_rule"": ""Numeric x positions are proportional and interpretable.""}, {""criterion_id"": ""Y_SCALE"", ""met_rule"": ""Y-scale is interpretable and can represent all means and SEM bars.""}, {""criterion_id"": ""PLOT_VALUES"", ""met_rule"": ""All measured means are plotted at recoverable coordinates.""}, {""criterion_id"": ""POINT_CONNECTION"", ""met_rule"": ""Adjacent measured values are connected without replacing points.""}, {""criterion_id"": ""UNCERTAINTY_MARKS"", ""met_rule"": ""Each mean has centered symmetric plus/minus SEM bars.""}]",independently_authored_synthetic_research_seed_unverified,Research seed for hand-drawn graph capture and reviewer evaluation. Do not expose criterion definitions to the person drawing the graph.
HDG-2026-P1-SER-012,v0.1-research-seed,frq,short,canonical_answer,continuous_measured_series_supplied_uncertainty,,HDG-2026-P1-SER-012__response-01.jpg,"Researchers measured photosynthetic oxygen release at several values of light intensity. Use the data table to construct a graph with light intensity on the x-axis and mean oxygen release on the y-axis. Plot each mean at its measured x-value, connect adjacent measured values, and include symmetric error bars showing plus or minus one SEM.

Write the item ID HDG-2026-P1-SER-012 at the top of your page.

| light intensity (umol photons/m^2/s) | Mean oxygen release (umol O2/min) | SEM (umol O2/min) |
| --- | --- | --- |
| 0 | 15.0 | 0.83 |
| 100 | 18.0 | 0.63 |
| 250 | 29.0 | 1.31 |
| 500 | 32.0 | 1.76 |
| 800 | 43.0 | 1.51 |
| 1100 | 46.0 | 2.07 |
| 1400 | 57.0 | 3.14 |","Expected graph: continuous measured series with connected adjacent points; x-axis light intensity (umol photons/m^2/s); y-axis mean oxygen release (umol O2/min). Required criteria: REPRESENTATION_TYPE, X_UNIT, Y_UNIT, X_SCALE, Y_SCALE, PLOT_VALUES, POINT_CONNECTION, UNCERTAINTY_MARKS.",AP Biology|data analysis|quantitative graphing|response curves,photosynthetic oxygen release|continuous measured series|SEM error bars,"[{""Mean oxygen release (umol O2/min)"": 15.0, ""SEM (umol O2/min)"": 0.83, ""light intensity (umol photons/m^2/s)"": 0}, {""Mean oxygen release (umol O2/min)"": 18.0, ""SEM (umol O2/min)"": 0.63, ""light intensity (umol photons/m^2/s)"": 100}, {""Mean oxygen release (umol O2/min)"": 29.0, ""SEM (umol O2/min)"": 1.31, ""light intensity (umol photons/m^2/s)"": 250}, {""Mean oxygen release (umol O2/min)"": 32.0, ""SEM (umol O2/min)"": 1.76, ""light intensity (umol photons/m^2/s)"": 500}, {""Mean oxygen release (umol O2/min)"": 43.0, ""SEM (umol O2/min)"": 1.51, ""light intensity (umol photons/m^2/s)"": 800}, {""Mean oxygen release (umol O2/min)"": 46.0, ""SEM (umol O2/min)"": 2.07, ""light intensity (umol photons/m^2/s)"": 1100}, {""Mean oxygen release (umol O2/min)"": 57.0, ""SEM (umol O2/min)"": 3.14, ""light intensity (umol photons/m^2/s)"": 1400}]","{""accepted_variants"": [""points connected by line segments""], ""representation"": ""continuous measured series with connected adjacent points"", ""required_uncertainty"": ""symmetric plus/minus one SEM bars"", ""x_axis"": ""light intensity (umol photons/m^2/s)"", ""y_axis"": ""mean oxygen release (umol O2/min)""}","[{""criterion_id"": ""REPRESENTATION_TYPE"", ""met_rule"": ""Uses a continuous x-axis graph with plotted points.""}, {""criterion_id"": ""X_UNIT"", ""met_rule"": ""X-axis includes the required variable and unit.""}, {""criterion_id"": ""Y_UNIT"", ""met_rule"": ""Y-axis includes the required variable and unit.""}, {""criterion_id"": ""X_SCALE"", ""met_rule"": ""Numeric x positions are proportional and interpretable.""}, {""criterion_id"": ""Y_SCALE"", ""met_rule"": ""Y-scale is interpretable and can represent all means and SEM bars.""}, {""criterion_id"": ""PLOT_VALUES"", ""met_rule"": ""All measured means are plotted at recoverable coordinates.""}, {""criterion_id"": ""POINT_CONNECTION"", ""met_rule"": ""Adjacent measured values are connected without replacing points.""}, {""criterion_id"": ""UNCERTAINTY_MARKS"", ""met_rule"": ""Each mean has centered symmetric plus/minus SEM bars.""}]",independently_authored_synthetic_research_seed_unverified,Research seed for hand-drawn graph capture and reviewer evaluation. Do not expose criterion definitions to the person drawing the graph.
HDG-2026-P1-SER-013,v0.1-research-seed,frq,short,canonical_answer,continuous_measured_series_supplied_uncertainty,,HDG-2026-P1-SER-013__response-01.jpg,"Researchers measured pigment absorbance at several values of wavelength. Use the data table to construct a graph with wavelength on the x-axis and mean absorbance on the y-axis. Plot each mean at its measured x-value, connect adjacent measured values, and include symmetric error bars showing plus or minus one SEM.

Write the item ID HDG-2026-P1-SER-013 at the top of your page.

| wavelength (nm) | Mean absorbance (a.u.) | SEM (a.u.) |
| --- | --- | --- |
| 420 | 21.64 | 0.76 |
| 460 | 33.47 | 1.51 |
| 500 | 45.06 | 2.48 |
| 540 | 50.0 | 1.75 |
| 580 | 45.06 | 2.03 |
| 620 | 33.47 | 1.84 |
| 660 | 21.64 | 0.76 |","Expected graph: continuous measured series with connected adjacent points; x-axis wavelength (nm); y-axis mean absorbance (a.u.). Required criteria: REPRESENTATION_TYPE, X_UNIT, Y_UNIT, X_SCALE, Y_SCALE, PLOT_VALUES, POINT_CONNECTION, UNCERTAINTY_MARKS.",AP Biology|data analysis|quantitative graphing|response curves,pigment absorbance|continuous measured series|SEM error bars,"[{""Mean absorbance (a.u.)"": 21.64, ""SEM (a.u.)"": 0.76, ""wavelength (nm)"": 420}, {""Mean absorbance (a.u.)"": 33.47, ""SEM (a.u.)"": 1.51, ""wavelength (nm)"": 460}, {""Mean absorbance (a.u.)"": 45.06, ""SEM (a.u.)"": 2.48, ""wavelength (nm)"": 500}, {""Mean absorbance (a.u.)"": 50.0, ""SEM (a.u.)"": 1.75, ""wavelength (nm)"": 540}, {""Mean absorbance (a.u.)"": 45.06, ""SEM (a.u.)"": 2.03, ""wavelength (nm)"": 580}, {""Mean absorbance (a.u.)"": 33.47, ""SEM (a.u.)"": 1.84, ""wavelength (nm)"": 620}, {""Mean absorbance (a.u.)"": 21.64, ""SEM (a.u.)"": 0.76, ""wavelength (nm)"": 660}]","{""accepted_variants"": [""points connected by line segments""], ""representation"": ""continuous measured series with connected adjacent points"", ""required_uncertainty"": ""symmetric plus/minus one SEM bars"", ""x_axis"": ""wavelength (nm)"", ""y_axis"": ""mean absorbance (a.u.)""}","[{""criterion_id"": ""REPRESENTATION_TYPE"", ""met_rule"": ""Uses a continuous x-axis graph with plotted points.""}, {""criterion_id"": ""X_UNIT"", ""met_rule"": ""X-axis includes the required variable and unit.""}, {""criterion_id"": ""Y_UNIT"", ""met_rule"": ""Y-axis includes the required variable and unit.""}, {""criterion_id"": ""X_SCALE"", ""met_rule"": ""Numeric x positions are proportional and interpretable.""}, {""criterion_id"": ""Y_SCALE"", ""met_rule"": ""Y-scale is interpretable and can represent all means and SEM bars.""}, {""criterion_id"": ""PLOT_VALUES"", ""met_rule"": ""All measured means are plotted at recoverable coordinates.""}, {""criterion_id"": ""POINT_CONNECTION"", ""met_rule"": ""Adjacent measured values are connected without replacing points.""}, {""criterion_id"": ""UNCERTAINTY_MARKS"", ""met_rule"": ""Each mean has centered symmetric plus/minus SEM bars.""}]",independently_authored_synthetic_research_seed_unverified,Research seed for hand-drawn graph capture and reviewer evaluation. Do not expose criterion definitions to the person drawing the graph.
HDG-2026-P1-SER-014,v0.1-research-seed,frq,short,canonical_answer,continuous_measured_series_supplied_uncertainty,,HDG-2026-P1-SER-014__response-01.jpg,"Researchers measured seedling growth at several values of days after planting. Use the data table to construct a graph with days after planting on the x-axis and mean height on the y-axis. Plot each mean at its measured x-value, connect adjacent measured values, and include symmetric error bars showing plus or minus one SEM.

Write the item ID HDG-2026-P1-SER-014 at the top of your page.

| days after planting (days) | Mean height (cm) | SEM (cm) |
| --- | --- | --- |
| 0 | 7.07 | 0.4 |
| 2 | 19.63 | 1.08 |
| 4 | 27.25 | 0.95 |
| 6 | 31.88 | 1.43 |
| 8 | 34.68 | 1.91 |
| 10 | 36.38 | 1.27 |
| 12 | 37.41 | 1.68 |","Expected graph: continuous measured series with connected adjacent points; x-axis days after planting (days); y-axis mean height (cm). Required criteria: REPRESENTATION_TYPE, X_UNIT, Y_UNIT, X_SCALE, Y_SCALE, PLOT_VALUES, POINT_CONNECTION, UNCERTAINTY_MARKS.",AP Biology|data analysis|quantitative graphing|response curves,seedling growth|continuous measured series|SEM error bars,"[{""Mean height (cm)"": 7.07, ""SEM (cm)"": 0.4, ""days after planting (days)"": 0}, {""Mean height (cm)"": 19.63, ""SEM (cm)"": 1.08, ""days after planting (days)"": 2}, {""Mean height (cm)"": 27.25, ""SEM (cm)"": 0.95, ""days after planting (days)"": 4}, {""Mean height (cm)"": 31.88, ""SEM (cm)"": 1.43, ""days after planting (days)"": 6}, {""Mean height (cm)"": 34.68, ""SEM (cm)"": 1.91, ""days after planting (days)"": 8}, {""Mean height (cm)"": 36.38, ""SEM (cm)"": 1.27, ""days after planting (days)"": 10}, {""Mean height (cm)"": 37.41, ""SEM (cm)"": 1.68, ""days after planting (days)"": 12}]","{""accepted_variants"": [""points connected by line segments""], ""representation"": ""continuous measured series with connected adjacent points"", ""required_uncertainty"": ""symmetric plus/minus one SEM bars"", ""x_axis"": ""days after planting (days)"", ""y_axis"": ""mean height (cm)""}","[{""criterion_id"": ""REPRESENTATION_TYPE"", ""met_rule"": ""Uses a continuous x-axis graph with plotted points.""}, {""criterion_id"": ""X_UNIT"", ""met_rule"": ""X-axis includes the required variable and unit.""}, {""criterion_id"": ""Y_UNIT"", ""met_rule"": ""Y-axis includes the required variable and unit.""}, {""criterion_id"": ""X_SCALE"", ""met_rule"": ""Numeric x positions are proportional and interpretable.""}, {""criterion_id"": ""Y_SCALE"", ""met_rule"": ""Y-scale is interpretable and can represent all means and SEM bars.""}, {""criterion_id"": ""PLOT_VALUES"", ""met_rule"": ""All measured means are plotted at recoverable coordinates.""}, {""criterion_id"": ""POINT_CONNECTION"", ""met_rule"": ""Adjacent measured values are connected without replacing points.""}, {""criterion_id"": ""UNCERTAINTY_MARKS"", ""met_rule"": ""Each mean has centered symmetric plus/minus SEM bars.""}]",independently_authored_synthetic_research_seed_unverified,Research seed for hand-drawn graph capture and reviewer evaluation. Do not expose criterion definitions to the person drawing the graph.
HDG-2026-P1-SER-015,v0.1-research-seed,frq,short,canonical_answer,continuous_measured_series_supplied_uncertainty,,HDG-2026-P1-SER-015__response-01.jpg,"Researchers measured heart cell contraction at several values of calcium concentration. Use the data table to construct a graph with calcium concentration on the x-axis and mean contractions per min on the y-axis. Plot each mean at its measured x-value, connect adjacent measured values, and include symmetric error bars showing plus or minus one SEM.

Write the item ID HDG-2026-P1-SER-015 at the top of your page.

| calcium concentration (mM) | Mean contractions per min (beats/min) | SEM (beats/min) |
| --- | --- | --- |
| 0.2 | 85.0 | 4.68 |
| 0.5 | 77.0 | 2.7 |
| 1 | 69.0 | 3.11 |
| 2 | 61.0 | 3.36 |
| 3 | 53.0 | 1.86 |
| 4 | 45.0 | 2.03 |
| 5 | 37.0 | 2.04 |","Expected graph: continuous measured series with connected adjacent points; x-axis calcium concentration (mM); y-axis mean contractions per min (beats/min). Required criteria: REPRESENTATION_TYPE, X_UNIT, Y_UNIT, X_SCALE, Y_SCALE, PLOT_VALUES, POINT_CONNECTION, UNCERTAINTY_MARKS.",AP Biology|data analysis|quantitative graphing|response curves,heart cell contraction|continuous measured series|SEM error bars,"[{""Mean contractions per min (beats/min)"": 85.0, ""SEM (beats/min)"": 4.68, ""calcium concentration (mM)"": 0.2}, {""Mean contractions per min (beats/min)"": 77.0, ""SEM (beats/min)"": 2.7, ""calcium concentration (mM)"": 0.5}, {""Mean contractions per min (beats/min)"": 69.0, ""SEM (beats/min)"": 3.11, ""calcium concentration (mM)"": 1}, {""Mean contractions per min (beats/min)"": 61.0, ""SEM (beats/min)"": 3.36, ""calcium concentration (mM)"": 2}, {""Mean contractions per min (beats/min)"": 53.0, ""SEM (beats/min)"": 1.86, ""calcium concentration (mM)"": 3}, {""Mean contractions per min (beats/min)"": 45.0, ""SEM (beats/min)"": 2.03, ""calcium concentration (mM)"": 4}, {""Mean contractions per min (beats/min)"": 37.0, ""SEM (beats/min)"": 2.04, ""calcium concentration (mM)"": 5}]","{""accepted_variants"": [""points connected by line segments""], ""representation"": ""continuous measured series with connected adjacent points"", ""required_uncertainty"": ""symmetric plus/minus one SEM bars"", ""x_axis"": ""calcium concentration (mM)"", ""y_axis"": ""mean contractions per min (beats/min)""}","[{""criterion_id"": ""REPRESENTATION_TYPE"", ""met_rule"": ""Uses a continuous x-axis graph with plotted points.""}, {""criterion_id"": ""X_UNIT"", ""met_rule"": ""X-axis includes the required variable and unit.""}, {""criterion_id"": ""Y_UNIT"", ""met_rule"": ""Y-axis includes the required variable and unit.""}, {""criterion_id"": ""X_SCALE"", ""met_rule"": ""Numeric x positions are proportional and interpretable.""}, {""criterion_id"": ""Y_SCALE"", ""met_rule"": ""Y-scale is interpretable and can represent all means and SEM bars.""}, {""criterion_id"": ""PLOT_VALUES"", ""met_rule"": ""All measured means are plotted at recoverable coordinates.""}, {""criterion_id"": ""POINT_CONNECTION"", ""met_rule"": ""Adjacent measured values are connected without replacing points.""}, {""criterion_id"": ""UNCERTAINTY_MARKS"", ""met_rule"": ""Each mean has centered symmetric plus/minus SEM bars.""}]",independently_authored_synthetic_research_seed_unverified,Research seed for hand-drawn graph capture and reviewer evaluation. Do not expose criterion definitions to the person drawing the graph.
HDG-2026-P1-SER-016,v0.1-research-seed,frq,short,canonical_answer,continuous_measured_series_supplied_uncertainty,,HDG-2026-P1-SER-016__response-01.jpg,"Researchers measured fermentation rate at several values of incubation time. Use the data table to construct a graph with incubation time on the x-axis and mean CO2 production rate on the y-axis. Plot each mean at its measured x-value, connect adjacent measured values, and include symmetric error bars showing plus or minus one SEM.

Write the item ID HDG-2026-P1-SER-016 at the top of your page.

| incubation time (min) | Mean CO2 production rate (mL/min) | SEM (mL/min) |
| --- | --- | --- |
| 0 | 15.0 | 0.53 |
| 5 | 18.0 | 0.81 |
| 10 | 29.0 | 1.6 |
| 15 | 32.0 | 1.12 |
| 20 | 43.0 | 1.94 |
| 25 | 46.0 | 2.53 |
| 30 | 57.0 | 2.0 |","Expected graph: continuous measured series with connected adjacent points; x-axis incubation time (min); y-axis mean CO2 production rate (mL/min). Required criteria: REPRESENTATION_TYPE, X_UNIT, Y_UNIT, X_SCALE, Y_SCALE, PLOT_VALUES, POINT_CONNECTION, UNCERTAINTY_MARKS.",AP Biology|data analysis|quantitative graphing|response curves,fermentation rate|continuous measured series|SEM error bars,"[{""Mean CO2 production rate (mL/min)"": 15.0, ""SEM (mL/min)"": 0.53, ""incubation time (min)"": 0}, {""Mean CO2 production rate (mL/min)"": 18.0, ""SEM (mL/min)"": 0.81, ""incubation time (min)"": 5}, {""Mean CO2 production rate (mL/min)"": 29.0, ""SEM (mL/min)"": 1.6, ""incubation time (min)"": 10}, {""Mean CO2 production rate (mL/min)"": 32.0, ""SEM (mL/min)"": 1.12, ""incubation time (min)"": 15}, {""Mean CO2 production rate (mL/min)"": 43.0, ""SEM (mL/min)"": 1.94, ""incubation time (min)"": 20}, {""Mean CO2 production rate (mL/min)"": 46.0, ""SEM (mL/min)"": 2.53, ""incubation time (min)"": 25}, {""Mean CO2 production rate (mL/min)"": 57.0, ""SEM (mL/min)"": 2.0, ""incubation time (min)"": 30}]","{""accepted_variants"": [""points connected by line segments""], ""representation"": ""continuous measured series with connected adjacent points"", ""required_uncertainty"": ""symmetric plus/minus one SEM bars"", ""x_axis"": ""incubation time (min)"", ""y_axis"": ""mean CO2 production rate (mL/min)""}","[{""criterion_id"": ""REPRESENTATION_TYPE"", ""met_rule"": ""Uses a continuous x-axis graph with plotted points.""}, {""criterion_id"": ""X_UNIT"", ""met_rule"": ""X-axis includes the required variable and unit.""}, {""criterion_id"": ""Y_UNIT"", ""met_rule"": ""Y-axis includes the required variable and unit.""}, {""criterion_id"": ""X_SCALE"", ""met_rule"": ""Numeric x positions are proportional and interpretable.""}, {""criterion_id"": ""Y_SCALE"", ""met_rule"": ""Y-scale is interpretable and can represent all means and SEM bars.""}, {""criterion_id"": ""PLOT_VALUES"", ""met_rule"": ""All measured means are plotted at recoverable coordinates.""}, {""criterion_id"": ""POINT_CONNECTION"", ""met_rule"": ""Adjacent measured values are connected without replacing points.""}, {""criterion_id"": ""UNCERTAINTY_MARKS"", ""met_rule"": ""Each mean has centered symmetric plus/minus SEM bars.""}]",independently_authored_synthetic_research_seed_unverified,Research seed for hand-drawn graph capture and reviewer evaluation. Do not expose criterion definitions to the person drawing the graph.
HDG-2026-P1-SER-017,v0.1-research-seed,frq,short,canonical_answer,continuous_measured_series_supplied_uncertainty,,HDG-2026-P1-SER-017__response-01.jpg,"Researchers measured aquatic plant growth at several values of nitrate concentration. Use the data table to construct a graph with nitrate concentration on the x-axis and mean growth rate on the y-axis. Plot each mean at its measured x-value, connect adjacent measured values, and include symmetric error bars showing plus or minus one SEM.

Write the item ID HDG-2026-P1-SER-017 at the top of your page.

| nitrate concentration (mg/L) | Mean growth rate (mg/day) | SEM (mg/day) |
| --- | --- | --- |
| 0 | 48.15 | 2.17 |
| 2 | 49.15 | 2.7 |
| 5 | 50.27 | 1.76 |
| 10 | 51.0 | 2.3 |
| 20 | 48.15 | 2.65 |
| 40 | 31.31 | 1.1 |
| 80 | 10.34 | 0.47 |","Expected graph: continuous measured series with connected adjacent points; x-axis nitrate concentration (mg/L); y-axis mean growth rate (mg/day). Required criteria: REPRESENTATION_TYPE, X_UNIT, Y_UNIT, X_SCALE, Y_SCALE, PLOT_VALUES, POINT_CONNECTION, UNCERTAINTY_MARKS.",AP Biology|data analysis|quantitative graphing|response curves,aquatic plant growth|continuous measured series|SEM error bars,"[{""Mean growth rate (mg/day)"": 48.15, ""SEM (mg/day)"": 2.17, ""nitrate concentration (mg/L)"": 0}, {""Mean growth rate (mg/day)"": 49.15, ""SEM (mg/day)"": 2.7, ""nitrate concentration (mg/L)"": 2}, {""Mean growth rate (mg/day)"": 50.27, ""SEM (mg/day)"": 1.76, ""nitrate concentration (mg/L)"": 5}, {""Mean growth rate (mg/day)"": 51.0, ""SEM (mg/day)"": 2.3, ""nitrate concentration (mg/L)"": 10}, {""Mean growth rate (mg/day)"": 48.15, ""SEM (mg/day)"": 2.65, ""nitrate concentration (mg/L)"": 20}, {""Mean growth rate (mg/day)"": 31.31, ""SEM (mg/day)"": 1.1, ""nitrate concentration (mg/L)"": 40}, {""Mean growth rate (mg/day)"": 10.34, ""SEM (mg/day)"": 0.47, ""nitrate concentration (mg/L)"": 80}]","{""accepted_variants"": [""points connected by line segments""], ""representation"": ""continuous measured series with connected adjacent points"", ""required_uncertainty"": ""symmetric plus/minus one SEM bars"", ""x_axis"": ""nitrate concentration (mg/L)"", ""y_axis"": ""mean growth rate (mg/day)""}","[{""criterion_id"": ""REPRESENTATION_TYPE"", ""met_rule"": ""Uses a continuous x-axis graph with plotted points.""}, {""criterion_id"": ""X_UNIT"", ""met_rule"": ""X-axis includes the required variable and unit.""}, {""criterion_id"": ""Y_UNIT"", ""met_rule"": ""Y-axis includes the required variable and unit.""}, {""criterion_id"": ""X_SCALE"", ""met_rule"": ""Numeric x positions are proportional and interpretable.""}, {""criterion_id"": ""Y_SCALE"", ""met_rule"": ""Y-scale is interpretable and can represent all means and SEM bars.""}, {""criterion_id"": ""PLOT_VALUES"", ""met_rule"": ""All measured means are plotted at recoverable coordinates.""}, {""criterion_id"": ""POINT_CONNECTION"", ""met_rule"": ""Adjacent measured values are connected without replacing points.""}, {""criterion_id"": ""UNCERTAINTY_MARKS"", ""met_rule"": ""Each mean has centered symmetric plus/minus SEM bars.""}]",independently_authored_synthetic_research_seed_unverified,Research seed for hand-drawn graph capture and reviewer evaluation. Do not expose criterion definitions to the person drawing the graph.
HDG-2026-P1-SER-018,v0.1-research-seed,frq,short,canonical_answer,continuous_measured_series_supplied_uncertainty,,HDG-2026-P1-SER-018__response-01.jpg,"Researchers measured membrane transport at several values of external glucose. Use the data table to construct a graph with external glucose on the x-axis and mean uptake rate on the y-axis. Plot each mean at its measured x-value, connect adjacent measured values, and include symmetric error bars showing plus or minus one SEM.

Write the item ID HDG-2026-P1-SER-018 at the top of your page.

| external glucose (mM) | Mean uptake rate (pmol/min) | SEM (pmol/min) |
| --- | --- | --- |
| 0 | 9.97 | 0.55 |
| 1 | 27.69 | 0.97 |
| 2 | 38.43 | 1.73 |
| 4 | 44.95 | 2.47 |
| 8 | 48.91 | 1.71 |
| 12 | 51.3 | 2.31 |
| 16 | 52.76 | 2.9 |","Expected graph: continuous measured series with connected adjacent points; x-axis external glucose (mM); y-axis mean uptake rate (pmol/min). Required criteria: REPRESENTATION_TYPE, X_UNIT, Y_UNIT, X_SCALE, Y_SCALE, PLOT_VALUES, POINT_CONNECTION, UNCERTAINTY_MARKS.",AP Biology|data analysis|quantitative graphing|response curves,membrane transport|continuous measured series|SEM error bars,"[{""Mean uptake rate (pmol/min)"": 9.97, ""SEM (pmol/min)"": 0.55, ""external glucose (mM)"": 0}, {""Mean uptake rate (pmol/min)"": 27.69, ""SEM (pmol/min)"": 0.97, ""external glucose (mM)"": 1}, {""Mean uptake rate (pmol/min)"": 38.43, ""SEM (pmol/min)"": 1.73, ""external glucose (mM)"": 2}, {""Mean uptake rate (pmol/min)"": 44.95, ""SEM (pmol/min)"": 2.47, ""external glucose (mM)"": 4}, {""Mean uptake rate (pmol/min)"": 48.91, ""SEM (pmol/min)"": 1.71, ""external glucose (mM)"": 8}, {""Mean uptake rate (pmol/min)"": 51.3, ""SEM (pmol/min)"": 2.31, ""external glucose (mM)"": 12}, {""Mean uptake rate (pmol/min)"": 52.76, ""SEM (pmol/min)"": 2.9, ""external glucose (mM)"": 16}]","{""accepted_variants"": [""points connected by line segments""], ""representation"": ""continuous measured series with connected adjacent points"", ""required_uncertainty"": ""symmetric plus/minus one SEM bars"", ""x_axis"": ""external glucose (mM)"", ""y_axis"": ""mean uptake rate (pmol/min)""}","[{""criterion_id"": ""REPRESENTATION_TYPE"", ""met_rule"": ""Uses a continuous x-axis graph with plotted points.""}, {""criterion_id"": ""X_UNIT"", ""met_rule"": ""X-axis includes the required variable and unit.""}, {""criterion_id"": ""Y_UNIT"", ""met_rule"": ""Y-axis includes the required variable and unit.""}, {""criterion_id"": ""X_SCALE"", ""met_rule"": ""Numeric x positions are proportional and interpretable.""}, {""criterion_id"": ""Y_SCALE"", ""met_rule"": ""Y-scale is interpretable and can represent all means and SEM bars.""}, {""criterion_id"": ""PLOT_VALUES"", ""met_rule"": ""All measured means are plotted at recoverable coordinates.""}, {""criterion_id"": ""POINT_CONNECTION"", ""met_rule"": ""Adjacent measured values are connected without replacing points.""}, {""criterion_id"": ""UNCERTAINTY_MARKS"", ""met_rule"": ""Each mean has centered symmetric plus/minus SEM bars.""}]",independently_authored_synthetic_research_seed_unverified,Research seed for hand-drawn graph capture and reviewer evaluation. Do not expose criterion definitions to the person drawing the graph.
HDG-2026-P1-SER-019,v0.1-research-seed,frq,short,canonical_answer,continuous_measured_series_supplied_uncertainty,,HDG-2026-P1-SER-019__response-01.jpg,"Researchers measured cell survival at several values of UV exposure time. Use the data table to construct a graph with UV exposure time on the x-axis and mean surviving cells on the y-axis. Plot each mean at its measured x-value, connect adjacent measured values, and include symmetric error bars showing plus or minus one SEM.

Write the item ID HDG-2026-P1-SER-019 at the top of your page.

| UV exposure time (s) | Mean surviving cells (%) | SEM (%) |
| --- | --- | --- |
| 0 | 80.0 | 2.8 |
| 10 | 74.0 | 3.33 |
| 20 | 68.0 | 3.74 |
| 40 | 62.0 | 2.17 |
| 60 | 56.0 | 2.52 |
| 90 | 50.0 | 2.75 |
| 120 | 44.0 | 1.54 |","Expected graph: continuous measured series with connected adjacent points; x-axis UV exposure time (s); y-axis mean surviving cells (%). Required criteria: REPRESENTATION_TYPE, X_UNIT, Y_UNIT, X_SCALE, Y_SCALE, PLOT_VALUES, POINT_CONNECTION, UNCERTAINTY_MARKS.",AP Biology|data analysis|quantitative graphing|response curves,cell survival|continuous measured series|SEM error bars,"[{""Mean surviving cells (%)"": 80.0, ""SEM (%)"": 2.8, ""UV exposure time (s)"": 0}, {""Mean surviving cells (%)"": 74.0, ""SEM (%)"": 3.33, ""UV exposure time (s)"": 10}, {""Mean surviving cells (%)"": 68.0, ""SEM (%)"": 3.74, ""UV exposure time (s)"": 20}, {""Mean surviving cells (%)"": 62.0, ""SEM (%)"": 2.17, ""UV exposure time (s)"": 40}, {""Mean surviving cells (%)"": 56.0, ""SEM (%)"": 2.52, ""UV exposure time (s)"": 60}, {""Mean surviving cells (%)"": 50.0, ""SEM (%)"": 2.75, ""UV exposure time (s)"": 90}, {""Mean surviving cells (%)"": 44.0, ""SEM (%)"": 1.54, ""UV exposure time (s)"": 120}]","{""accepted_variants"": [""points connected by line segments""], ""representation"": ""continuous measured series with connected adjacent points"", ""required_uncertainty"": ""symmetric plus/minus one SEM bars"", ""x_axis"": ""UV exposure time (s)"", ""y_axis"": ""mean surviving cells (%)""}","[{""criterion_id"": ""REPRESENTATION_TYPE"", ""met_rule"": ""Uses a continuous x-axis graph with plotted points.""}, {""criterion_id"": ""X_UNIT"", ""met_rule"": ""X-axis includes the required variable and unit.""}, {""criterion_id"": ""Y_UNIT"", ""met_rule"": ""Y-axis includes the required variable and unit.""}, {""criterion_id"": ""X_SCALE"", ""met_rule"": ""Numeric x positions are proportional and interpretable.""}, {""criterion_id"": ""Y_SCALE"", ""met_rule"": ""Y-scale is interpretable and can represent all means and SEM bars.""}, {""criterion_id"": ""PLOT_VALUES"", ""met_rule"": ""All measured means are plotted at recoverable coordinates.""}, {""criterion_id"": ""POINT_CONNECTION"", ""met_rule"": ""Adjacent measured values are connected without replacing points.""}, {""criterion_id"": ""UNCERTAINTY_MARKS"", ""met_rule"": ""Each mean has centered symmetric plus/minus SEM bars.""}]",independently_authored_synthetic_research_seed_unverified,Research seed for hand-drawn graph capture and reviewer evaluation. Do not expose criterion definitions to the person drawing the graph.
HDG-2026-P1-SER-020,v0.1-research-seed,frq,short,canonical_answer,continuous_measured_series_supplied_uncertainty,,HDG-2026-P1-SER-020__response-01.jpg,"Researchers measured enzyme activity at several values of pH. Use the data table to construct a graph with pH on the x-axis and mean relative activity on the y-axis. Plot each mean at its measured x-value, connect adjacent measured values, and include symmetric error bars showing plus or minus one SEM.

Write the item ID HDG-2026-P1-SER-020 at the top of your page.

| pH (pH units) | Mean relative activity (%) | SEM (%) |
| --- | --- | --- |
| 4 | 15.0 | 0.68 |
| 5 | 18.0 | 0.99 |
| 6 | 29.0 | 1.02 |
| 7 | 32.0 | 1.44 |
| 8 | 43.0 | 2.37 |
| 9 | 46.0 | 1.61 |
| 10 | 57.0 | 2.57 |","Expected graph: continuous measured series with connected adjacent points; x-axis pH (pH units); y-axis mean relative activity (%). Required criteria: REPRESENTATION_TYPE, X_UNIT, Y_UNIT, X_SCALE, Y_SCALE, PLOT_VALUES, POINT_CONNECTION, UNCERTAINTY_MARKS.",AP Biology|data analysis|quantitative graphing|response curves,enzyme activity|continuous measured series|SEM error bars,"[{""Mean relative activity (%)"": 15.0, ""SEM (%)"": 0.68, ""pH (pH units)"": 4}, {""Mean relative activity (%)"": 18.0, ""SEM (%)"": 0.99, ""pH (pH units)"": 5}, {""Mean relative activity (%)"": 29.0, ""SEM (%)"": 1.02, ""pH (pH units)"": 6}, {""Mean relative activity (%)"": 32.0, ""SEM (%)"": 1.44, ""pH (pH units)"": 7}, {""Mean relative activity (%)"": 43.0, ""SEM (%)"": 2.37, ""pH (pH units)"": 8}, {""Mean relative activity (%)"": 46.0, ""SEM (%)"": 1.61, ""pH (pH units)"": 9}, {""Mean relative activity (%)"": 57.0, ""SEM (%)"": 2.57, ""pH (pH units)"": 10}]","{""accepted_variants"": [""points connected by line segments""], ""representation"": ""continuous measured series with connected adjacent points"", ""required_uncertainty"": ""symmetric plus/minus one SEM bars"", ""x_axis"": ""pH (pH units)"", ""y_axis"": ""mean relative activity (%)""}","[{""criterion_id"": ""REPRESENTATION_TYPE"", ""met_rule"": ""Uses a continuous x-axis graph with plotted points.""}, {""criterion_id"": ""X_UNIT"", ""met_rule"": ""X-axis includes the required variable and unit.""}, {""criterion_id"": ""Y_UNIT"", ""met_rule"": ""Y-axis includes the required variable and unit.""}, {""criterion_id"": ""X_SCALE"", ""met_rule"": ""Numeric x positions are proportional and interpretable.""}, {""criterion_id"": ""Y_SCALE"", ""met_rule"": ""Y-scale is interpretable and can represent all means and SEM bars.""}, {""criterion_id"": ""PLOT_VALUES"", ""met_rule"": ""All measured means are plotted at recoverable coordinates.""}, {""criterion_id"": ""POINT_CONNECTION"", ""met_rule"": ""Adjacent measured values are connected without replacing points.""}, {""criterion_id"": ""UNCERTAINTY_MARKS"", ""met_rule"": ""Each mean has centered symmetric plus/minus SEM bars.""}]",independently_authored_synthetic_research_seed_unverified,Research seed for hand-drawn graph capture and reviewer evaluation. Do not expose criterion definitions to the person drawing the graph.
HDG-2026-P1-SER-021,v0.1-research-seed,frq,short,canonical_answer,continuous_measured_series_supplied_uncertainty,,HDG-2026-P1-SER-021__response-01.jpg,"Researchers measured enzyme reaction rate at several values of temperature. Use the data table to construct a graph with temperature on the x-axis and mean reaction rate on the y-axis. Plot each mean at its measured x-value, connect adjacent measured values, and include symmetric error bars showing plus or minus one SEM.

Write the item ID HDG-2026-P1-SER-021 at the top of your page.

| temperature (deg C) | Mean reaction rate (umol/min) | SEM (umol/min) |
| --- | --- | --- |
| 10 | 23.64 | 1.3 |
| 18 | 35.47 | 1.24 |
| 26 | 47.06 | 2.12 |
| 34 | 52.0 | 2.86 |
| 42 | 47.06 | 1.65 |
| 50 | 35.47 | 1.6 |
| 58 | 23.64 | 1.3 |","Expected graph: continuous measured series with connected adjacent points; x-axis temperature (deg C); y-axis mean reaction rate (umol/min). Required criteria: REPRESENTATION_TYPE, X_UNIT, Y_UNIT, X_SCALE, Y_SCALE, PLOT_VALUES, POINT_CONNECTION, UNCERTAINTY_MARKS.",AP Biology|data analysis|quantitative graphing|response curves,enzyme reaction rate|continuous measured series|SEM error bars,"[{""Mean reaction rate (umol/min)"": 23.64, ""SEM (umol/min)"": 1.3, ""temperature (deg C)"": 10}, {""Mean reaction rate (umol/min)"": 35.47, ""SEM (umol/min)"": 1.24, ""temperature (deg C)"": 18}, {""Mean reaction rate (umol/min)"": 47.06, ""SEM (umol/min)"": 2.12, ""temperature (deg C)"": 26}, {""Mean reaction rate (umol/min)"": 52.0, ""SEM (umol/min)"": 2.86, ""temperature (deg C)"": 34}, {""Mean reaction rate (umol/min)"": 47.06, ""SEM (umol/min)"": 1.65, ""temperature (deg C)"": 42}, {""Mean reaction rate (umol/min)"": 35.47, ""SEM (umol/min)"": 1.6, ""temperature (deg C)"": 50}, {""Mean reaction rate (umol/min)"": 23.64, ""SEM (umol/min)"": 1.3, ""temperature (deg C)"": 58}]","{""accepted_variants"": [""points connected by line segments""], ""representation"": ""continuous measured series with connected adjacent points"", ""required_uncertainty"": ""symmetric plus/minus one SEM bars"", ""x_axis"": ""temperature (deg C)"", ""y_axis"": ""mean reaction rate (umol/min)""}","[{""criterion_id"": ""REPRESENTATION_TYPE"", ""met_rule"": ""Uses a continuous x-axis graph with plotted points.""}, {""criterion_id"": ""X_UNIT"", ""met_rule"": ""X-axis includes the required variable and unit.""}, {""criterion_id"": ""Y_UNIT"", ""met_rule"": ""Y-axis includes the required variable and unit.""}, {""criterion_id"": ""X_SCALE"", ""met_rule"": ""Numeric x positions are proportional and interpretable.""}, {""criterion_id"": ""Y_SCALE"", ""met_rule"": ""Y-scale is interpretable and can represent all means and SEM bars.""}, {""criterion_id"": ""PLOT_VALUES"", ""met_rule"": ""All measured means are plotted at recoverable coordinates.""}, {""criterion_id"": ""POINT_CONNECTION"", ""met_rule"": ""Adjacent measured values are connected without replacing points.""}, {""criterion_id"": ""UNCERTAINTY_MARKS"", ""met_rule"": ""Each mean has centered symmetric plus/minus SEM bars.""}]",independently_authored_synthetic_research_seed_unverified,Research seed for hand-drawn graph capture and reviewer evaluation. Do not expose criterion definitions to the person drawing the graph.
HDG-2026-P1-SER-022,v0.1-research-seed,frq,short,canonical_answer,continuous_measured_series_supplied_uncertainty,,HDG-2026-P1-SER-022__response-01.jpg,"Researchers measured photosynthetic oxygen release at several values of light intensity. Use the data table to construct a graph with light intensity on the x-axis and mean oxygen release on the y-axis. Plot each mean at its measured x-value, connect adjacent measured values, and include symmetric error bars showing plus or minus one SEM.

Write the item ID HDG-2026-P1-SER-022 at the top of your page.

| light intensity (umol photons/m^2/s) | Mean oxygen release (umol O2/min) | SEM (umol O2/min) |
| --- | --- | --- |
| 0 | 8.52 | 0.4 |
| 100 | 23.66 | 1.06 |
| 250 | 32.84 | 1.81 |
| 500 | 38.41 | 1.34 |
| 800 | 41.79 | 1.88 |
| 1100 | 43.84 | 2.41 |
| 1400 | 45.08 | 1.58 |","Expected graph: continuous measured series with connected adjacent points; x-axis light intensity (umol photons/m^2/s); y-axis mean oxygen release (umol O2/min). Required criteria: REPRESENTATION_TYPE, X_UNIT, Y_UNIT, X_SCALE, Y_SCALE, PLOT_VALUES, POINT_CONNECTION, UNCERTAINTY_MARKS.",AP Biology|data analysis|quantitative graphing|response curves,photosynthetic oxygen release|continuous measured series|SEM error bars,"[{""Mean oxygen release (umol O2/min)"": 8.52, ""SEM (umol O2/min)"": 0.4, ""light intensity (umol photons/m^2/s)"": 0}, {""Mean oxygen release (umol O2/min)"": 23.66, ""SEM (umol O2/min)"": 1.06, ""light intensity (umol photons/m^2/s)"": 100}, {""Mean oxygen release (umol O2/min)"": 32.84, ""SEM (umol O2/min)"": 1.81, ""light intensity (umol photons/m^2/s)"": 250}, {""Mean oxygen release (umol O2/min)"": 38.41, ""SEM (umol O2/min)"": 1.34, ""light intensity (umol photons/m^2/s)"": 500}, {""Mean oxygen release (umol O2/min)"": 41.79, ""SEM (umol O2/min)"": 1.88, ""light intensity (umol photons/m^2/s)"": 800}, {""Mean oxygen release (umol O2/min)"": 43.84, ""SEM (umol O2/min)"": 2.41, ""light intensity (umol photons/m^2/s)"": 1100}, {""Mean oxygen release (umol O2/min)"": 45.08, ""SEM (umol O2/min)"": 1.58, ""light intensity (umol photons/m^2/s)"": 1400}]","{""accepted_variants"": [""points connected by line segments""], ""representation"": ""continuous measured series with connected adjacent points"", ""required_uncertainty"": ""symmetric plus/minus one SEM bars"", ""x_axis"": ""light intensity (umol photons/m^2/s)"", ""y_axis"": ""mean oxygen release (umol O2/min)""}","[{""criterion_id"": ""REPRESENTATION_TYPE"", ""met_rule"": ""Uses a continuous x-axis graph with plotted points.""}, {""criterion_id"": ""X_UNIT"", ""met_rule"": ""X-axis includes the required variable and unit.""}, {""criterion_id"": ""Y_UNIT"", ""met_rule"": ""Y-axis includes the required variable and unit.""}, {""criterion_id"": ""X_SCALE"", ""met_rule"": ""Numeric x positions are proportional and interpretable.""}, {""criterion_id"": ""Y_SCALE"", ""met_rule"": ""Y-scale is interpretable and can represent all means and SEM bars.""}, {""criterion_id"": ""PLOT_VALUES"", ""met_rule"": ""All measured means are plotted at recoverable coordinates.""}, {""criterion_id"": ""POINT_CONNECTION"", ""met_rule"": ""Adjacent measured values are connected without replacing points.""}, {""criterion_id"": ""UNCERTAINTY_MARKS"", ""met_rule"": ""Each mean has centered symmetric plus/minus SEM bars.""}]",independently_authored_synthetic_research_seed_unverified,Research seed for hand-drawn graph capture and reviewer evaluation. Do not expose criterion definitions to the person drawing the graph.
HDG-2026-P1-SER-023,v0.1-research-seed,frq,short,canonical_answer,continuous_measured_series_supplied_uncertainty,,HDG-2026-P1-SER-023__response-01.jpg,"Researchers measured pigment absorbance at several values of wavelength. Use the data table to construct a graph with wavelength on the x-axis and mean absorbance on the y-axis. Plot each mean at its measured x-value, connect adjacent measured values, and include symmetric error bars showing plus or minus one SEM.

Write the item ID HDG-2026-P1-SER-023 at the top of your page.

| wavelength (nm) | Mean absorbance (a.u.) | SEM (a.u.) |
| --- | --- | --- |
| 420 | 75.0 | 3.38 |
| 460 | 68.0 | 3.74 |
| 500 | 61.0 | 2.14 |
| 540 | 54.0 | 2.43 |
| 580 | 47.0 | 2.59 |
| 620 | 40.0 | 1.4 |
| 660 | 33.0 | 1.49 |","Expected graph: continuous measured series with connected adjacent points; x-axis wavelength (nm); y-axis mean absorbance (a.u.). Required criteria: REPRESENTATION_TYPE, X_UNIT, Y_UNIT, X_SCALE, Y_SCALE, PLOT_VALUES, POINT_CONNECTION, UNCERTAINTY_MARKS.",AP Biology|data analysis|quantitative graphing|response curves,pigment absorbance|continuous measured series|SEM error bars,"[{""Mean absorbance (a.u.)"": 75.0, ""SEM (a.u.)"": 3.38, ""wavelength (nm)"": 420}, {""Mean absorbance (a.u.)"": 68.0, ""SEM (a.u.)"": 3.74, ""wavelength (nm)"": 460}, {""Mean absorbance (a.u.)"": 61.0, ""SEM (a.u.)"": 2.14, ""wavelength (nm)"": 500}, {""Mean absorbance (a.u.)"": 54.0, ""SEM (a.u.)"": 2.43, ""wavelength (nm)"": 540}, {""Mean absorbance (a.u.)"": 47.0, ""SEM (a.u.)"": 2.59, ""wavelength (nm)"": 580}, {""Mean absorbance (a.u.)"": 40.0, ""SEM (a.u.)"": 1.4, ""wavelength (nm)"": 620}, {""Mean absorbance (a.u.)"": 33.0, ""SEM (a.u.)"": 1.49, ""wavelength (nm)"": 660}]","{""accepted_variants"": [""points connected by line segments""], ""representation"": ""continuous measured series with connected adjacent points"", ""required_uncertainty"": ""symmetric plus/minus one SEM bars"", ""x_axis"": ""wavelength (nm)"", ""y_axis"": ""mean absorbance (a.u.)""}","[{""criterion_id"": ""REPRESENTATION_TYPE"", ""met_rule"": ""Uses a continuous x-axis graph with plotted points.""}, {""criterion_id"": ""X_UNIT"", ""met_rule"": ""X-axis includes the required variable and unit.""}, {""criterion_id"": ""Y_UNIT"", ""met_rule"": ""Y-axis includes the required variable and unit.""}, {""criterion_id"": ""X_SCALE"", ""met_rule"": ""Numeric x positions are proportional and interpretable.""}, {""criterion_id"": ""Y_SCALE"", ""met_rule"": ""Y-scale is interpretable and can represent all means and SEM bars.""}, {""criterion_id"": ""PLOT_VALUES"", ""met_rule"": ""All measured means are plotted at recoverable coordinates.""}, {""criterion_id"": ""POINT_CONNECTION"", ""met_rule"": ""Adjacent measured values are connected without replacing points.""}, {""criterion_id"": ""UNCERTAINTY_MARKS"", ""met_rule"": ""Each mean has centered symmetric plus/minus SEM bars.""}]",independently_authored_synthetic_research_seed_unverified,Research seed for hand-drawn graph capture and reviewer evaluation. Do not expose criterion definitions to the person drawing the graph.
HDG-2026-P1-SER-024,v0.1-research-seed,frq,short,canonical_answer,continuous_measured_series_supplied_uncertainty,,HDG-2026-P1-SER-024__response-01.jpg,"Researchers measured seedling growth at several values of days after planting. Use the data table to construct a graph with days after planting on the x-axis and mean height on the y-axis. Plot each mean at its measured x-value, connect adjacent measured values, and include symmetric error bars showing plus or minus one SEM.

Write the item ID HDG-2026-P1-SER-024 at the top of your page.

| days after planting (days) | Mean height (cm) | SEM (cm) |
| --- | --- | --- |
| 0 | 15.0 | 0.83 |
| 2 | 18.0 | 0.63 |
| 4 | 29.0 | 1.31 |
| 6 | 32.0 | 1.76 |
| 8 | 43.0 | 1.51 |
| 10 | 46.0 | 2.07 |
| 12 | 57.0 | 3.14 |","Expected graph: continuous measured series with connected adjacent points; x-axis days after planting (days); y-axis mean height (cm). Required criteria: REPRESENTATION_TYPE, X_UNIT, Y_UNIT, X_SCALE, Y_SCALE, PLOT_VALUES, POINT_CONNECTION, UNCERTAINTY_MARKS.",AP Biology|data analysis|quantitative graphing|response curves,seedling growth|continuous measured series|SEM error bars,"[{""Mean height (cm)"": 15.0, ""SEM (cm)"": 0.83, ""days after planting (days)"": 0}, {""Mean height (cm)"": 18.0, ""SEM (cm)"": 0.63, ""days after planting (days)"": 2}, {""Mean height (cm)"": 29.0, ""SEM (cm)"": 1.31, ""days after planting (days)"": 4}, {""Mean height (cm)"": 32.0, ""SEM (cm)"": 1.76, ""days after planting (days)"": 6}, {""Mean height (cm)"": 43.0, ""SEM (cm)"": 1.51, ""days after planting (days)"": 8}, {""Mean height (cm)"": 46.0, ""SEM (cm)"": 2.07, ""days after planting (days)"": 10}, {""Mean height (cm)"": 57.0, ""SEM (cm)"": 3.14, ""days after planting (days)"": 12}]","{""accepted_variants"": [""points connected by line segments""], ""representation"": ""continuous measured series with connected adjacent points"", ""required_uncertainty"": ""symmetric plus/minus one SEM bars"", ""x_axis"": ""days after planting (days)"", ""y_axis"": ""mean height (cm)""}","[{""criterion_id"": ""REPRESENTATION_TYPE"", ""met_rule"": ""Uses a continuous x-axis graph with plotted points.""}, {""criterion_id"": ""X_UNIT"", ""met_rule"": ""X-axis includes the required variable and unit.""}, {""criterion_id"": ""Y_UNIT"", ""met_rule"": ""Y-axis includes the required variable and unit.""}, {""criterion_id"": ""X_SCALE"", ""met_rule"": ""Numeric x positions are proportional and interpretable.""}, {""criterion_id"": ""Y_SCALE"", ""met_rule"": ""Y-scale is interpretable and can represent all means and SEM bars.""}, {""criterion_id"": ""PLOT_VALUES"", ""met_rule"": ""All measured means are plotted at recoverable coordinates.""}, {""criterion_id"": ""POINT_CONNECTION"", ""met_rule"": ""Adjacent measured values are connected without replacing points.""}, {""criterion_id"": ""UNCERTAINTY_MARKS"", ""met_rule"": ""Each mean has centered symmetric plus/minus SEM bars.""}]",independently_authored_synthetic_research_seed_unverified,Research seed for hand-drawn graph capture and reviewer evaluation. Do not expose criterion definitions to the person drawing the graph.
HDG-2026-P1-SER-025,v0.1-research-seed,frq,short,canonical_answer,continuous_measured_series_supplied_uncertainty,,HDG-2026-P1-SER-025__response-01.jpg,"Researchers measured heart cell contraction at several values of calcium concentration. Use the data table to construct a graph with calcium concentration on the x-axis and mean contractions per min on the y-axis. Plot each mean at its measured x-value, connect adjacent measured values, and include symmetric error bars showing plus or minus one SEM.

Write the item ID HDG-2026-P1-SER-025 at the top of your page.

| calcium concentration (mM) | Mean contractions per min (beats/min) | SEM (beats/min) |
| --- | --- | --- |
| 0.2 | 30.31 | 1.06 |
| 0.5 | 35.06 | 1.58 |
| 1 | 42.55 | 2.34 |
| 2 | 50.0 | 1.75 |
| 3 | 42.55 | 1.91 |
| 4 | 27.23 | 1.5 |
| 5 | 15.24 | 0.53 |","Expected graph: continuous measured series with connected adjacent points; x-axis calcium concentration (mM); y-axis mean contractions per min (beats/min). Required criteria: REPRESENTATION_TYPE, X_UNIT, Y_UNIT, X_SCALE, Y_SCALE, PLOT_VALUES, POINT_CONNECTION, UNCERTAINTY_MARKS.",AP Biology|data analysis|quantitative graphing|response curves,heart cell contraction|continuous measured series|SEM error bars,"[{""Mean contractions per min (beats/min)"": 30.31, ""SEM (beats/min)"": 1.06, ""calcium concentration (mM)"": 0.2}, {""Mean contractions per min (beats/min)"": 35.06, ""SEM (beats/min)"": 1.58, ""calcium concentration (mM)"": 0.5}, {""Mean contractions per min (beats/min)"": 42.55, ""SEM (beats/min)"": 2.34, ""calcium concentration (mM)"": 1}, {""Mean contractions per min (beats/min)"": 50.0, ""SEM (beats/min)"": 1.75, ""calcium concentration (mM)"": 2}, {""Mean contractions per min (beats/min)"": 42.55, ""SEM (beats/min)"": 1.91, ""calcium concentration (mM)"": 3}, {""Mean contractions per min (beats/min)"": 27.23, ""SEM (beats/min)"": 1.5, ""calcium concentration (mM)"": 4}, {""Mean contractions per min (beats/min)"": 15.24, ""SEM (beats/min)"": 0.53, ""calcium concentration (mM)"": 5}]","{""accepted_variants"": [""points connected by line segments""], ""representation"": ""continuous measured series with connected adjacent points"", ""required_uncertainty"": ""symmetric plus/minus one SEM bars"", ""x_axis"": ""calcium concentration (mM)"", ""y_axis"": ""mean contractions per min (beats/min)""}","[{""criterion_id"": ""REPRESENTATION_TYPE"", ""met_rule"": ""Uses a continuous x-axis graph with plotted points.""}, {""criterion_id"": ""X_UNIT"", ""met_rule"": ""X-axis includes the required variable and unit.""}, {""criterion_id"": ""Y_UNIT"", ""met_rule"": ""Y-axis includes the required variable and unit.""}, {""criterion_id"": ""X_SCALE"", ""met_rule"": ""Numeric x positions are proportional and interpretable.""}, {""criterion_id"": ""Y_SCALE"", ""met_rule"": ""Y-scale is interpretable and can represent all means and SEM bars.""}, {""criterion_id"": ""PLOT_VALUES"", ""met_rule"": ""All measured means are plotted at recoverable coordinates.""}, {""criterion_id"": ""POINT_CONNECTION"", ""met_rule"": ""Adjacent measured values are connected without replacing points.""}, {""criterion_id"": ""UNCERTAINTY_MARKS"", ""met_rule"": ""Each mean has centered symmetric plus/minus SEM bars.""}]",independently_authored_synthetic_research_seed_unverified,Research seed for hand-drawn graph capture and reviewer evaluation. Do not expose criterion definitions to the person drawing the graph.
HDG-2026-P1-SER-026,v0.1-research-seed,frq,short,canonical_answer,continuous_measured_series_supplied_uncertainty,,HDG-2026-P1-SER-026__response-01.jpg,"Researchers measured fermentation rate at several values of incubation time. Use the data table to construct a graph with incubation time on the x-axis and mean CO2 production rate on the y-axis. Plot each mean at its measured x-value, connect adjacent measured values, and include symmetric error bars showing plus or minus one SEM.

Write the item ID HDG-2026-P1-SER-026 at the top of your page.

| incubation time (min) | Mean CO2 production rate (mL/min) | SEM (mL/min) |
| --- | --- | --- |
| 0 | 7.07 | 0.4 |
| 5 | 19.63 | 1.08 |
| 10 | 27.25 | 0.95 |
| 15 | 31.88 | 1.43 |
| 20 | 34.68 | 1.91 |
| 25 | 36.38 | 1.27 |
| 30 | 37.41 | 1.68 |","Expected graph: continuous measured series with connected adjacent points; x-axis incubation time (min); y-axis mean CO2 production rate (mL/min). Required criteria: REPRESENTATION_TYPE, X_UNIT, Y_UNIT, X_SCALE, Y_SCALE, PLOT_VALUES, POINT_CONNECTION, UNCERTAINTY_MARKS.",AP Biology|data analysis|quantitative graphing|response curves,fermentation rate|continuous measured series|SEM error bars,"[{""Mean CO2 production rate (mL/min)"": 7.07, ""SEM (mL/min)"": 0.4, ""incubation time (min)"": 0}, {""Mean CO2 production rate (mL/min)"": 19.63, ""SEM (mL/min)"": 1.08, ""incubation time (min)"": 5}, {""Mean CO2 production rate (mL/min)"": 27.25, ""SEM (mL/min)"": 0.95, ""incubation time (min)"": 10}, {""Mean CO2 production rate (mL/min)"": 31.88, ""SEM (mL/min)"": 1.43, ""incubation time (min)"": 15}, {""Mean CO2 production rate (mL/min)"": 34.68, ""SEM (mL/min)"": 1.91, ""incubation time (min)"": 20}, {""Mean CO2 production rate (mL/min)"": 36.38, ""SEM (mL/min)"": 1.27, ""incubation time (min)"": 25}, {""Mean CO2 production rate (mL/min)"": 37.41, ""SEM (mL/min)"": 1.68, ""incubation time (min)"": 30}]","{""accepted_variants"": [""points connected by line segments""], ""representation"": ""continuous measured series with connected adjacent points"", ""required_uncertainty"": ""symmetric plus/minus one SEM bars"", ""x_axis"": ""incubation time (min)"", ""y_axis"": ""mean CO2 production rate (mL/min)""}","[{""criterion_id"": ""REPRESENTATION_TYPE"", ""met_rule"": ""Uses a continuous x-axis graph with plotted points.""}, {""criterion_id"": ""X_UNIT"", ""met_rule"": ""X-axis includes the required variable and unit.""}, {""criterion_id"": ""Y_UNIT"", ""met_rule"": ""Y-axis includes the required variable and unit.""}, {""criterion_id"": ""X_SCALE"", ""met_rule"": ""Numeric x positions are proportional and interpretable.""}, {""criterion_id"": ""Y_SCALE"", ""met_rule"": ""Y-scale is interpretable and can represent all means and SEM bars.""}, {""criterion_id"": ""PLOT_VALUES"", ""met_rule"": ""All measured means are plotted at recoverable coordinates.""}, {""criterion_id"": ""POINT_CONNECTION"", ""met_rule"": ""Adjacent measured values are connected without replacing points.""}, {""criterion_id"": ""UNCERTAINTY_MARKS"", ""met_rule"": ""Each mean has centered symmetric plus/minus SEM bars.""}]",independently_authored_synthetic_research_seed_unverified,Research seed for hand-drawn graph capture and reviewer evaluation. Do not expose criterion definitions to the person drawing the graph.
HDG-2026-P1-SER-027,v0.1-research-seed,frq,short,canonical_answer,continuous_measured_series_supplied_uncertainty,,HDG-2026-P1-SER-027__response-01.jpg,"Researchers measured aquatic plant growth at several values of nitrate concentration. Use the data table to construct a graph with nitrate concentration on the x-axis and mean growth rate on the y-axis. Plot each mean at its measured x-value, connect adjacent measured values, and include symmetric error bars showing plus or minus one SEM.

Write the item ID HDG-2026-P1-SER-027 at the top of your page.

| nitrate concentration (mg/L) | Mean growth rate (mg/day) | SEM (mg/day) |
| --- | --- | --- |
| 0 | 70.0 | 3.85 |
| 2 | 62.0 | 2.17 |
| 5 | 54.0 | 2.43 |
| 10 | 46.0 | 2.53 |
| 20 | 38.0 | 1.33 |
| 40 | 30.0 | 1.35 |
| 80 | 22.0 | 1.21 |","Expected graph: continuous measured series with connected adjacent points; x-axis nitrate concentration (mg/L); y-axis mean growth rate (mg/day). Required criteria: REPRESENTATION_TYPE, X_UNIT, Y_UNIT, X_SCALE, Y_SCALE, PLOT_VALUES, POINT_CONNECTION, UNCERTAINTY_MARKS.",AP Biology|data analysis|quantitative graphing|response curves,aquatic plant growth|continuous measured series|SEM error bars,"[{""Mean growth rate (mg/day)"": 70.0, ""SEM (mg/day)"": 3.85, ""nitrate concentration (mg/L)"": 0}, {""Mean growth rate (mg/day)"": 62.0, ""SEM (mg/day)"": 2.17, ""nitrate concentration (mg/L)"": 2}, {""Mean growth rate (mg/day)"": 54.0, ""SEM (mg/day)"": 2.43, ""nitrate concentration (mg/L)"": 5}, {""Mean growth rate (mg/day)"": 46.0, ""SEM (mg/day)"": 2.53, ""nitrate concentration (mg/L)"": 10}, {""Mean growth rate (mg/day)"": 38.0, ""SEM (mg/day)"": 1.33, ""nitrate concentration (mg/L)"": 20}, {""Mean growth rate (mg/day)"": 30.0, ""SEM (mg/day)"": 1.35, ""nitrate concentration (mg/L)"": 40}, {""Mean growth rate (mg/day)"": 22.0, ""SEM (mg/day)"": 1.21, ""nitrate concentration (mg/L)"": 80}]","{""accepted_variants"": [""points connected by line segments""], ""representation"": ""continuous measured series with connected adjacent points"", ""required_uncertainty"": ""symmetric plus/minus one SEM bars"", ""x_axis"": ""nitrate concentration (mg/L)"", ""y_axis"": ""mean growth rate (mg/day)""}","[{""criterion_id"": ""REPRESENTATION_TYPE"", ""met_rule"": ""Uses a continuous x-axis graph with plotted points.""}, {""criterion_id"": ""X_UNIT"", ""met_rule"": ""X-axis includes the required variable and unit.""}, {""criterion_id"": ""Y_UNIT"", ""met_rule"": ""Y-axis includes the required variable and unit.""}, {""criterion_id"": ""X_SCALE"", ""met_rule"": ""Numeric x positions are proportional and interpretable.""}, {""criterion_id"": ""Y_SCALE"", ""met_rule"": ""Y-scale is interpretable and can represent all means and SEM bars.""}, {""criterion_id"": ""PLOT_VALUES"", ""met_rule"": ""All measured means are plotted at recoverable coordinates.""}, {""criterion_id"": ""POINT_CONNECTION"", ""met_rule"": ""Adjacent measured values are connected without replacing points.""}, {""criterion_id"": ""UNCERTAINTY_MARKS"", ""met_rule"": ""Each mean has centered symmetric plus/minus SEM bars.""}]",independently_authored_synthetic_research_seed_unverified,Research seed for hand-drawn graph capture and reviewer evaluation. Do not expose criterion definitions to the person drawing the graph.
HDG-2026-P1-SER-028,v0.1-research-seed,frq,short,canonical_answer,continuous_measured_series_supplied_uncertainty,,HDG-2026-P1-SER-028__response-01.jpg,"Researchers measured membrane transport at several values of external glucose. Use the data table to construct a graph with external glucose on the x-axis and mean uptake rate on the y-axis. Plot each mean at its measured x-value, connect adjacent measured values, and include symmetric error bars showing plus or minus one SEM.

Write the item ID HDG-2026-P1-SER-028 at the top of your page.

| external glucose (mM) | Mean uptake rate (pmol/min) | SEM (pmol/min) |
| --- | --- | --- |
| 0 | 15.0 | 0.53 |
| 1 | 18.0 | 0.81 |
| 2 | 29.0 | 1.6 |
| 4 | 32.0 | 1.12 |
| 8 | 43.0 | 1.94 |
| 12 | 46.0 | 2.53 |
| 16 | 57.0 | 2.0 |","Expected graph: continuous measured series with connected adjacent points; x-axis external glucose (mM); y-axis mean uptake rate (pmol/min). Required criteria: REPRESENTATION_TYPE, X_UNIT, Y_UNIT, X_SCALE, Y_SCALE, PLOT_VALUES, POINT_CONNECTION, UNCERTAINTY_MARKS.",AP Biology|data analysis|quantitative graphing|response curves,membrane transport|continuous measured series|SEM error bars,"[{""Mean uptake rate (pmol/min)"": 15.0, ""SEM (pmol/min)"": 0.53, ""external glucose (mM)"": 0}, {""Mean uptake rate (pmol/min)"": 18.0, ""SEM (pmol/min)"": 0.81, ""external glucose (mM)"": 1}, {""Mean uptake rate (pmol/min)"": 29.0, ""SEM (pmol/min)"": 1.6, ""external glucose (mM)"": 2}, {""Mean uptake rate (pmol/min)"": 32.0, ""SEM (pmol/min)"": 1.12, ""external glucose (mM)"": 4}, {""Mean uptake rate (pmol/min)"": 43.0, ""SEM (pmol/min)"": 1.94, ""external glucose (mM)"": 8}, {""Mean uptake rate (pmol/min)"": 46.0, ""SEM (pmol/min)"": 2.53, ""external glucose (mM)"": 12}, {""Mean uptake rate (pmol/min)"": 57.0, ""SEM (pmol/min)"": 2.0, ""external glucose (mM)"": 16}]","{""accepted_variants"": [""points connected by line segments""], ""representation"": ""continuous measured series with connected adjacent points"", ""required_uncertainty"": ""symmetric plus/minus one SEM bars"", ""x_axis"": ""external glucose (mM)"", ""y_axis"": ""mean uptake rate (pmol/min)""}","[{""criterion_id"": ""REPRESENTATION_TYPE"", ""met_rule"": ""Uses a continuous x-axis graph with plotted points.""}, {""criterion_id"": ""X_UNIT"", ""met_rule"": ""X-axis includes the required variable and unit.""}, {""criterion_id"": ""Y_UNIT"", ""met_rule"": ""Y-axis includes the required variable and unit.""}, {""criterion_id"": ""X_SCALE"", ""met_rule"": ""Numeric x positions are proportional and interpretable.""}, {""criterion_id"": ""Y_SCALE"", ""met_rule"": ""Y-scale is interpretable and can represent all means and SEM bars.""}, {""criterion_id"": ""PLOT_VALUES"", ""met_rule"": ""All measured means are plotted at recoverable coordinates.""}, {""criterion_id"": ""POINT_CONNECTION"", ""met_rule"": ""Adjacent measured values are connected without replacing points.""}, {""criterion_id"": ""UNCERTAINTY_MARKS"", ""met_rule"": ""Each mean has centered symmetric plus/minus SEM bars.""}]",independently_authored_synthetic_research_seed_unverified,Research seed for hand-drawn graph capture and reviewer evaluation. Do not expose criterion definitions to the person drawing the graph.
HDG-2026-P1-SER-029,v0.1-research-seed,frq,short,canonical_answer,continuous_measured_series_supplied_uncertainty,,HDG-2026-P1-SER-029__response-01.jpg,"Researchers measured cell survival at several values of UV exposure time. Use the data table to construct a graph with UV exposure time on the x-axis and mean surviving cells on the y-axis. Plot each mean at its measured x-value, connect adjacent measured values, and include symmetric error bars showing plus or minus one SEM.

Write the item ID HDG-2026-P1-SER-029 at the top of your page.

| UV exposure time (s) | Mean surviving cells (%) | SEM (%) |
| --- | --- | --- |
| 0 | 34.47 | 1.55 |
| 10 | 40.7 | 2.24 |
| 20 | 46.06 | 1.61 |
| 40 | 51.0 | 2.3 |
| 60 | 46.06 | 2.53 |
| 90 | 28.23 | 0.99 |
| 120 | 14.68 | 0.66 |","Expected graph: continuous measured series with connected adjacent points; x-axis UV exposure time (s); y-axis mean surviving cells (%). Required criteria: REPRESENTATION_TYPE, X_UNIT, Y_UNIT, X_SCALE, Y_SCALE, PLOT_VALUES, POINT_CONNECTION, UNCERTAINTY_MARKS.",AP Biology|data analysis|quantitative graphing|response curves,cell survival|continuous measured series|SEM error bars,"[{""Mean surviving cells (%)"": 34.47, ""SEM (%)"": 1.55, ""UV exposure time (s)"": 0}, {""Mean surviving cells (%)"": 40.7, ""SEM (%)"": 2.24, ""UV exposure time (s)"": 10}, {""Mean surviving cells (%)"": 46.06, ""SEM (%)"": 1.61, ""UV exposure time (s)"": 20}, {""Mean surviving cells (%)"": 51.0, ""SEM (%)"": 2.3, ""UV exposure time (s)"": 40}, {""Mean surviving cells (%)"": 46.06, ""SEM (%)"": 2.53, ""UV exposure time (s)"": 60}, {""Mean surviving cells (%)"": 28.23, ""SEM (%)"": 0.99, ""UV exposure time (s)"": 90}, {""Mean surviving cells (%)"": 14.68, ""SEM (%)"": 0.66, ""UV exposure time (s)"": 120}]","{""accepted_variants"": [""points connected by line segments""], ""representation"": ""continuous measured series with connected adjacent points"", ""required_uncertainty"": ""symmetric plus/minus one SEM bars"", ""x_axis"": ""UV exposure time (s)"", ""y_axis"": ""mean surviving cells (%)""}","[{""criterion_id"": ""REPRESENTATION_TYPE"", ""met_rule"": ""Uses a continuous x-axis graph with plotted points.""}, {""criterion_id"": ""X_UNIT"", ""met_rule"": ""X-axis includes the required variable and unit.""}, {""criterion_id"": ""Y_UNIT"", ""met_rule"": ""Y-axis includes the required variable and unit.""}, {""criterion_id"": ""X_SCALE"", ""met_rule"": ""Numeric x positions are proportional and interpretable.""}, {""criterion_id"": ""Y_SCALE"", ""met_rule"": ""Y-scale is interpretable and can represent all means and SEM bars.""}, {""criterion_id"": ""PLOT_VALUES"", ""met_rule"": ""All measured means are plotted at recoverable coordinates.""}, {""criterion_id"": ""POINT_CONNECTION"", ""met_rule"": ""Adjacent measured values are connected without replacing points.""}, {""criterion_id"": ""UNCERTAINTY_MARKS"", ""met_rule"": ""Each mean has centered symmetric plus/minus SEM bars.""}]",independently_authored_synthetic_research_seed_unverified,Research seed for hand-drawn graph capture and reviewer evaluation. Do not expose criterion definitions to the person drawing the graph.
HDG-2026-P1-SER-030,v0.1-research-seed,frq,short,canonical_answer,continuous_measured_series_supplied_uncertainty,,HDG-2026-P1-SER-030__response-01.jpg,"Researchers measured enzyme activity at several values of pH. Use the data table to construct a graph with pH on the x-axis and mean relative activity on the y-axis. Plot each mean at its measured x-value, connect adjacent measured values, and include symmetric error bars showing plus or minus one SEM.

Write the item ID HDG-2026-P1-SER-030 at the top of your page.

| pH (pH units) | Mean relative activity (%) | SEM (%) |
| --- | --- | --- |
| 4 | 9.97 | 0.55 |
| 5 | 27.69 | 0.97 |
| 6 | 38.43 | 1.73 |
| 7 | 44.95 | 2.47 |
| 8 | 48.91 | 1.71 |
| 9 | 51.3 | 2.31 |
| 10 | 52.76 | 2.9 |","Expected graph: continuous measured series with connected adjacent points; x-axis pH (pH units); y-axis mean relative activity (%). Required criteria: REPRESENTATION_TYPE, X_UNIT, Y_UNIT, X_SCALE, Y_SCALE, PLOT_VALUES, POINT_CONNECTION, UNCERTAINTY_MARKS.",AP Biology|data analysis|quantitative graphing|response curves,enzyme activity|continuous measured series|SEM error bars,"[{""Mean relative activity (%)"": 9.97, ""SEM (%)"": 0.55, ""pH (pH units)"": 4}, {""Mean relative activity (%)"": 27.69, ""SEM (%)"": 0.97, ""pH (pH units)"": 5}, {""Mean relative activity (%)"": 38.43, ""SEM (%)"": 1.73, ""pH (pH units)"": 6}, {""Mean relative activity (%)"": 44.95, ""SEM (%)"": 2.47, ""pH (pH units)"": 7}, {""Mean relative activity (%)"": 48.91, ""SEM (%)"": 1.71, ""pH (pH units)"": 8}, {""Mean relative activity (%)"": 51.3, ""SEM (%)"": 2.31, ""pH (pH units)"": 9}, {""Mean relative activity (%)"": 52.76, ""SEM (%)"": 2.9, ""pH (pH units)"": 10}]","{""accepted_variants"": [""points connected by line segments""], ""representation"": ""continuous measured series with connected adjacent points"", ""required_uncertainty"": ""symmetric plus/minus one SEM bars"", ""x_axis"": ""pH (pH units)"", ""y_axis"": ""mean relative activity (%)""}","[{""criterion_id"": ""REPRESENTATION_TYPE"", ""met_rule"": ""Uses a continuous x-axis graph with plotted points.""}, {""criterion_id"": ""X_UNIT"", ""met_rule"": ""X-axis includes the required variable and unit.""}, {""criterion_id"": ""Y_UNIT"", ""met_rule"": ""Y-axis includes the required variable and unit.""}, {""criterion_id"": ""X_SCALE"", ""met_rule"": ""Numeric x positions are proportional and interpretable.""}, {""criterion_id"": ""Y_SCALE"", ""met_rule"": ""Y-scale is interpretable and can represent all means and SEM bars.""}, {""criterion_id"": ""PLOT_VALUES"", ""met_rule"": ""All measured means are plotted at recoverable coordinates.""}, {""criterion_id"": ""POINT_CONNECTION"", ""met_rule"": ""Adjacent measured values are connected without replacing points.""}, {""criterion_id"": ""UNCERTAINTY_MARKS"", ""met_rule"": ""Each mean has centered symmetric plus/minus SEM bars.""}]",independently_authored_synthetic_research_seed_unverified,Research seed for hand-drawn graph capture and reviewer evaluation. Do not expose criterion definitions to the person drawing the graph.
HDG-2026-P1-SER-031,v0.1-research-seed,frq,short,canonical_answer,continuous_measured_series_supplied_uncertainty,,HDG-2026-P1-SER-031__response-01.jpg,"Researchers measured enzyme reaction rate at several values of temperature. Use the data table to construct a graph with temperature on the x-axis and mean reaction rate on the y-axis. Plot each mean at its measured x-value, connect adjacent measured values, and include symmetric error bars showing plus or minus one SEM.

Write the item ID HDG-2026-P1-SER-031 at the top of your page.

| temperature (deg C) | Mean reaction rate (umol/min) | SEM (umol/min) |
| --- | --- | --- |
| 10 | 65.0 | 2.28 |
| 18 | 59.0 | 2.66 |
| 26 | 53.0 | 2.92 |
| 34 | 47.0 | 1.65 |
| 42 | 41.0 | 1.85 |
| 50 | 35.0 | 1.93 |
| 58 | 29.0 | 1.02 |","Expected graph: continuous measured series with connected adjacent points; x-axis temperature (deg C); y-axis mean reaction rate (umol/min). Required criteria: REPRESENTATION_TYPE, X_UNIT, Y_UNIT, X_SCALE, Y_SCALE, PLOT_VALUES, POINT_CONNECTION, UNCERTAINTY_MARKS.",AP Biology|data analysis|quantitative graphing|response curves,enzyme reaction rate|continuous measured series|SEM error bars,"[{""Mean reaction rate (umol/min)"": 65.0, ""SEM (umol/min)"": 2.28, ""temperature (deg C)"": 10}, {""Mean reaction rate (umol/min)"": 59.0, ""SEM (umol/min)"": 2.66, ""temperature (deg C)"": 18}, {""Mean reaction rate (umol/min)"": 53.0, ""SEM (umol/min)"": 2.92, ""temperature (deg C)"": 26}, {""Mean reaction rate (umol/min)"": 47.0, ""SEM (umol/min)"": 1.65, ""temperature (deg C)"": 34}, {""Mean reaction rate (umol/min)"": 41.0, ""SEM (umol/min)"": 1.85, ""temperature (deg C)"": 42}, {""Mean reaction rate (umol/min)"": 35.0, ""SEM (umol/min)"": 1.93, ""temperature (deg C)"": 50}, {""Mean reaction rate (umol/min)"": 29.0, ""SEM (umol/min)"": 1.02, ""temperature (deg C)"": 58}]","{""accepted_variants"": [""points connected by line segments""], ""representation"": ""continuous measured series with connected adjacent points"", ""required_uncertainty"": ""symmetric plus/minus one SEM bars"", ""x_axis"": ""temperature (deg C)"", ""y_axis"": ""mean reaction rate (umol/min)""}","[{""criterion_id"": ""REPRESENTATION_TYPE"", ""met_rule"": ""Uses a continuous x-axis graph with plotted points.""}, {""criterion_id"": ""X_UNIT"", ""met_rule"": ""X-axis includes the required variable and unit.""}, {""criterion_id"": ""Y_UNIT"", ""met_rule"": ""Y-axis includes the required variable and unit.""}, {""criterion_id"": ""X_SCALE"", ""met_rule"": ""Numeric x positions are proportional and interpretable.""}, {""criterion_id"": ""Y_SCALE"", ""met_rule"": ""Y-scale is interpretable and can represent all means and SEM bars.""}, {""criterion_id"": ""PLOT_VALUES"", ""met_rule"": ""All measured means are plotted at recoverable coordinates.""}, {""criterion_id"": ""POINT_CONNECTION"", ""met_rule"": ""Adjacent measured values are connected without replacing points.""}, {""criterion_id"": ""UNCERTAINTY_MARKS"", ""met_rule"": ""Each mean has centered symmetric plus/minus SEM bars.""}]",independently_authored_synthetic_research_seed_unverified,Research seed for hand-drawn graph capture and reviewer evaluation. Do not expose criterion definitions to the person drawing the graph.
HDG-2026-P1-SER-032,v0.1-research-seed,frq,short,canonical_answer,continuous_measured_series_supplied_uncertainty,,HDG-2026-P1-SER-032__response-01.jpg,"Researchers measured photosynthetic oxygen release at several values of light intensity. Use the data table to construct a graph with light intensity on the x-axis and mean oxygen release on the y-axis. Plot each mean at its measured x-value, connect adjacent measured values, and include symmetric error bars showing plus or minus one SEM.

Write the item ID HDG-2026-P1-SER-032 at the top of your page.

| light intensity (umol photons/m^2/s) | Mean oxygen release (umol O2/min) | SEM (umol O2/min) |
| --- | --- | --- |
| 0 | 15.0 | 0.68 |
| 100 | 18.0 | 0.99 |
| 250 | 29.0 | 1.02 |
| 500 | 32.0 | 1.44 |
| 800 | 43.0 | 2.37 |
| 1100 | 46.0 | 1.61 |
| 1400 | 57.0 | 2.57 |","Expected graph: continuous measured series with connected adjacent points; x-axis light intensity (umol photons/m^2/s); y-axis mean oxygen release (umol O2/min). Required criteria: REPRESENTATION_TYPE, X_UNIT, Y_UNIT, X_SCALE, Y_SCALE, PLOT_VALUES, POINT_CONNECTION, UNCERTAINTY_MARKS.",AP Biology|data analysis|quantitative graphing|response curves,photosynthetic oxygen release|continuous measured series|SEM error bars,"[{""Mean oxygen release (umol O2/min)"": 15.0, ""SEM (umol O2/min)"": 0.68, ""light intensity (umol photons/m^2/s)"": 0}, {""Mean oxygen release (umol O2/min)"": 18.0, ""SEM (umol O2/min)"": 0.99, ""light intensity (umol photons/m^2/s)"": 100}, {""Mean oxygen release (umol O2/min)"": 29.0, ""SEM (umol O2/min)"": 1.02, ""light intensity (umol photons/m^2/s)"": 250}, {""Mean oxygen release (umol O2/min)"": 32.0, ""SEM (umol O2/min)"": 1.44, ""light intensity (umol photons/m^2/s)"": 500}, {""Mean oxygen release (umol O2/min)"": 43.0, ""SEM (umol O2/min)"": 2.37, ""light intensity (umol photons/m^2/s)"": 800}, {""Mean oxygen release (umol O2/min)"": 46.0, ""SEM (umol O2/min)"": 1.61, ""light intensity (umol photons/m^2/s)"": 1100}, {""Mean oxygen release (umol O2/min)"": 57.0, ""SEM (umol O2/min)"": 2.57, ""light intensity (umol photons/m^2/s)"": 1400}]","{""accepted_variants"": [""points connected by line segments""], ""representation"": ""continuous measured series with connected adjacent points"", ""required_uncertainty"": ""symmetric plus/minus one SEM bars"", ""x_axis"": ""light intensity (umol photons/m^2/s)"", ""y_axis"": ""mean oxygen release (umol O2/min)""}","[{""criterion_id"": ""REPRESENTATION_TYPE"", ""met_rule"": ""Uses a continuous x-axis graph with plotted points.""}, {""criterion_id"": ""X_UNIT"", ""met_rule"": ""X-axis includes the required variable and unit.""}, {""criterion_id"": ""Y_UNIT"", ""met_rule"": ""Y-axis includes the required variable and unit.""}, {""criterion_id"": ""X_SCALE"", ""met_rule"": ""Numeric x positions are proportional and interpretable.""}, {""criterion_id"": ""Y_SCALE"", ""met_rule"": ""Y-scale is interpretable and can represent all means and SEM bars.""}, {""criterion_id"": ""PLOT_VALUES"", ""met_rule"": ""All measured means are plotted at recoverable coordinates.""}, {""criterion_id"": ""POINT_CONNECTION"", ""met_rule"": ""Adjacent measured values are connected without replacing points.""}, {""criterion_id"": ""UNCERTAINTY_MARKS"", ""met_rule"": ""Each mean has centered symmetric plus/minus SEM bars.""}]",independently_authored_synthetic_research_seed_unverified,Research seed for hand-drawn graph capture and reviewer evaluation. Do not expose criterion definitions to the person drawing the graph.
HDG-2026-P1-SER-033,v0.1-research-seed,frq,short,canonical_answer,continuous_measured_series_supplied_uncertainty,,HDG-2026-P1-SER-033__response-01.jpg,"Researchers measured pigment absorbance at several values of wavelength. Use the data table to construct a graph with wavelength on the x-axis and mean absorbance on the y-axis. Plot each mean at its measured x-value, connect adjacent measured values, and include symmetric error bars showing plus or minus one SEM.

Write the item ID HDG-2026-P1-SER-033 at the top of your page.

| wavelength (nm) | Mean absorbance (a.u.) | SEM (a.u.) |
| --- | --- | --- |
| 420 | 23.64 | 1.3 |
| 460 | 35.47 | 1.24 |
| 500 | 47.06 | 2.12 |
| 540 | 52.0 | 2.86 |
| 580 | 47.06 | 1.65 |
| 620 | 35.47 | 1.6 |
| 660 | 23.64 | 1.3 |","Expected graph: continuous measured series with connected adjacent points; x-axis wavelength (nm); y-axis mean absorbance (a.u.). Required criteria: REPRESENTATION_TYPE, X_UNIT, Y_UNIT, X_SCALE, Y_SCALE, PLOT_VALUES, POINT_CONNECTION, UNCERTAINTY_MARKS.",AP Biology|data analysis|quantitative graphing|response curves,pigment absorbance|continuous measured series|SEM error bars,"[{""Mean absorbance (a.u.)"": 23.64, ""SEM (a.u.)"": 1.3, ""wavelength (nm)"": 420}, {""Mean absorbance (a.u.)"": 35.47, ""SEM (a.u.)"": 1.24, ""wavelength (nm)"": 460}, {""Mean absorbance (a.u.)"": 47.06, ""SEM (a.u.)"": 2.12, ""wavelength (nm)"": 500}, {""Mean absorbance (a.u.)"": 52.0, ""SEM (a.u.)"": 2.86, ""wavelength (nm)"": 540}, {""Mean absorbance (a.u.)"": 47.06, ""SEM (a.u.)"": 1.65, ""wavelength (nm)"": 580}, {""Mean absorbance (a.u.)"": 35.47, ""SEM (a.u.)"": 1.6, ""wavelength (nm)"": 620}, {""Mean absorbance (a.u.)"": 23.64, ""SEM (a.u.)"": 1.3, ""wavelength (nm)"": 660}]","{""accepted_variants"": [""points connected by line segments""], ""representation"": ""continuous measured series with connected adjacent points"", ""required_uncertainty"": ""symmetric plus/minus one SEM bars"", ""x_axis"": ""wavelength (nm)"", ""y_axis"": ""mean absorbance (a.u.)""}","[{""criterion_id"": ""REPRESENTATION_TYPE"", ""met_rule"": ""Uses a continuous x-axis graph with plotted points.""}, {""criterion_id"": ""X_UNIT"", ""met_rule"": ""X-axis includes the required variable and unit.""}, {""criterion_id"": ""Y_UNIT"", ""met_rule"": ""Y-axis includes the required variable and unit.""}, {""criterion_id"": ""X_SCALE"", ""met_rule"": ""Numeric x positions are proportional and interpretable.""}, {""criterion_id"": ""Y_SCALE"", ""met_rule"": ""Y-scale is interpretable and can represent all means and SEM bars.""}, {""criterion_id"": ""PLOT_VALUES"", ""met_rule"": ""All measured means are plotted at recoverable coordinates.""}, {""criterion_id"": ""POINT_CONNECTION"", ""met_rule"": ""Adjacent measured values are connected without replacing points.""}, {""criterion_id"": ""UNCERTAINTY_MARKS"", ""met_rule"": ""Each mean has centered symmetric plus/minus SEM bars.""}]",independently_authored_synthetic_research_seed_unverified,Research seed for hand-drawn graph capture and reviewer evaluation. Do not expose criterion definitions to the person drawing the graph.
HDG-2026-P1-SER-034,v0.1-research-seed,frq,short,canonical_answer,continuous_measured_series_supplied_uncertainty,,HDG-2026-P1-SER-034__response-01.jpg,"Researchers measured seedling growth at several values of days after planting. Use the data table to construct a graph with days after planting on the x-axis and mean height on the y-axis. Plot each mean at its measured x-value, connect adjacent measured values, and include symmetric error bars showing plus or minus one SEM.

Write the item ID HDG-2026-P1-SER-034 at the top of your page.

| days after planting (days) | Mean height (cm) | SEM (cm) |
| --- | --- | --- |
| 0 | 8.52 | 0.4 |
| 2 | 23.66 | 1.06 |
| 4 | 32.84 | 1.81 |
| 6 | 38.41 | 1.34 |
| 8 | 41.79 | 1.88 |
| 10 | 43.84 | 2.41 |
| 12 | 45.08 | 1.58 |","Expected graph: continuous measured series with connected adjacent points; x-axis days after planting (days); y-axis mean height (cm). Required criteria: REPRESENTATION_TYPE, X_UNIT, Y_UNIT, X_SCALE, Y_SCALE, PLOT_VALUES, POINT_CONNECTION, UNCERTAINTY_MARKS.",AP Biology|data analysis|quantitative graphing|response curves,seedling growth|continuous measured series|SEM error bars,"[{""Mean height (cm)"": 8.52, ""SEM (cm)"": 0.4, ""days after planting (days)"": 0}, {""Mean height (cm)"": 23.66, ""SEM (cm)"": 1.06, ""days after planting (days)"": 2}, {""Mean height (cm)"": 32.84, ""SEM (cm)"": 1.81, ""days after planting (days)"": 4}, {""Mean height (cm)"": 38.41, ""SEM (cm)"": 1.34, ""days after planting (days)"": 6}, {""Mean height (cm)"": 41.79, ""SEM (cm)"": 1.88, ""days after planting (days)"": 8}, {""Mean height (cm)"": 43.84, ""SEM (cm)"": 2.41, ""days after planting (days)"": 10}, {""Mean height (cm)"": 45.08, ""SEM (cm)"": 1.58, ""days after planting (days)"": 12}]","{""accepted_variants"": [""points connected by line segments""], ""representation"": ""continuous measured series with connected adjacent points"", ""required_uncertainty"": ""symmetric plus/minus one SEM bars"", ""x_axis"": ""days after planting (days)"", ""y_axis"": ""mean height (cm)""}","[{""criterion_id"": ""REPRESENTATION_TYPE"", ""met_rule"": ""Uses a continuous x-axis graph with plotted points.""}, {""criterion_id"": ""X_UNIT"", ""met_rule"": ""X-axis includes the required variable and unit.""}, {""criterion_id"": ""Y_UNIT"", ""met_rule"": ""Y-axis includes the required variable and unit.""}, {""criterion_id"": ""X_SCALE"", ""met_rule"": ""Numeric x positions are proportional and interpretable.""}, {""criterion_id"": ""Y_SCALE"", ""met_rule"": ""Y-scale is interpretable and can represent all means and SEM bars.""}, {""criterion_id"": ""PLOT_VALUES"", ""met_rule"": ""All measured means are plotted at recoverable coordinates.""}, {""criterion_id"": ""POINT_CONNECTION"", ""met_rule"": ""Adjacent measured values are connected without replacing points.""}, {""criterion_id"": ""UNCERTAINTY_MARKS"", ""met_rule"": ""Each mean has centered symmetric plus/minus SEM bars.""}]",independently_authored_synthetic_research_seed_unverified,Research seed for hand-drawn graph capture and reviewer evaluation. Do not expose criterion definitions to the person drawing the graph.
HDG-2026-P1-SER-035,v0.1-research-seed,frq,short,canonical_answer,continuous_measured_series_supplied_uncertainty,,HDG-2026-P1-SER-035__response-01.jpg,"Researchers measured heart cell contraction at several values of calcium concentration. Use the data table to construct a graph with calcium concentration on the x-axis and mean contractions per min on the y-axis. Plot each mean at its measured x-value, connect adjacent measured values, and include symmetric error bars showing plus or minus one SEM.

Write the item ID HDG-2026-P1-SER-035 at the top of your page.

| calcium concentration (mM) | Mean contractions per min (beats/min) | SEM (beats/min) |
| --- | --- | --- |
| 0.2 | 85.0 | 3.83 |
| 0.5 | 78.0 | 4.29 |
| 1 | 71.0 | 2.49 |
| 2 | 64.0 | 2.88 |
| 3 | 57.0 | 3.14 |
| 4 | 50.0 | 1.75 |
| 5 | 43.0 | 1.94 |","Expected graph: continuous measured series with connected adjacent points; x-axis calcium concentration (mM); y-axis mean contractions per min (beats/min). Required criteria: REPRESENTATION_TYPE, X_UNIT, Y_UNIT, X_SCALE, Y_SCALE, PLOT_VALUES, POINT_CONNECTION, UNCERTAINTY_MARKS.",AP Biology|data analysis|quantitative graphing|response curves,heart cell contraction|continuous measured series|SEM error bars,"[{""Mean contractions per min (beats/min)"": 85.0, ""SEM (beats/min)"": 3.83, ""calcium concentration (mM)"": 0.2}, {""Mean contractions per min (beats/min)"": 78.0, ""SEM (beats/min)"": 4.29, ""calcium concentration (mM)"": 0.5}, {""Mean contractions per min (beats/min)"": 71.0, ""SEM (beats/min)"": 2.49, ""calcium concentration (mM)"": 1}, {""Mean contractions per min (beats/min)"": 64.0, ""SEM (beats/min)"": 2.88, ""calcium concentration (mM)"": 2}, {""Mean contractions per min (beats/min)"": 57.0, ""SEM (beats/min)"": 3.14, ""calcium concentration (mM)"": 3}, {""Mean contractions per min (beats/min)"": 50.0, ""SEM (beats/min)"": 1.75, ""calcium concentration (mM)"": 4}, {""Mean contractions per min (beats/min)"": 43.0, ""SEM (beats/min)"": 1.94, ""calcium concentration (mM)"": 5}]","{""accepted_variants"": [""points connected by line segments""], ""representation"": ""continuous measured series with connected adjacent points"", ""required_uncertainty"": ""symmetric plus/minus one SEM bars"", ""x_axis"": ""calcium concentration (mM)"", ""y_axis"": ""mean contractions per min (beats/min)""}","[{""criterion_id"": ""REPRESENTATION_TYPE"", ""met_rule"": ""Uses a continuous x-axis graph with plotted points.""}, {""criterion_id"": ""X_UNIT"", ""met_rule"": ""X-axis includes the required variable and unit.""}, {""criterion_id"": ""Y_UNIT"", ""met_rule"": ""Y-axis includes the required variable and unit.""}, {""criterion_id"": ""X_SCALE"", ""met_rule"": ""Numeric x positions are proportional and interpretable.""}, {""criterion_id"": ""Y_SCALE"", ""met_rule"": ""Y-scale is interpretable and can represent all means and SEM bars.""}, {""criterion_id"": ""PLOT_VALUES"", ""met_rule"": ""All measured means are plotted at recoverable coordinates.""}, {""criterion_id"": ""POINT_CONNECTION"", ""met_rule"": ""Adjacent measured values are connected without replacing points.""}, {""criterion_id"": ""UNCERTAINTY_MARKS"", ""met_rule"": ""Each mean has centered symmetric plus/minus SEM bars.""}]",independently_authored_synthetic_research_seed_unverified,Research seed for hand-drawn graph capture and reviewer evaluation. Do not expose criterion definitions to the person drawing the graph.
HDG-2026-P1-SER-036,v0.1-research-seed,frq,short,canonical_answer,continuous_measured_series_supplied_uncertainty,,HDG-2026-P1-SER-036__response-01.jpg,"Researchers measured fermentation rate at several values of incubation time. Use the data table to construct a graph with incubation time on the x-axis and mean CO2 production rate on the y-axis. Plot each mean at its measured x-value, connect adjacent measured values, and include symmetric error bars showing plus or minus one SEM.

Write the item ID HDG-2026-P1-SER-036 at the top of your page.

| incubation time (min) | Mean CO2 production rate (mL/min) | SEM (mL/min) |
| --- | --- | --- |
| 0 | 15.0 | 0.83 |
| 5 | 18.0 | 0.63 |
| 10 | 29.0 | 1.31 |
| 15 | 32.0 | 1.76 |
| 20 | 43.0 | 1.51 |
| 25 | 46.0 | 2.07 |
| 30 | 57.0 | 3.14 |","Expected graph: continuous measured series with connected adjacent points; x-axis incubation time (min); y-axis mean CO2 production rate (mL/min). Required criteria: REPRESENTATION_TYPE, X_UNIT, Y_UNIT, X_SCALE, Y_SCALE, PLOT_VALUES, POINT_CONNECTION, UNCERTAINTY_MARKS.",AP Biology|data analysis|quantitative graphing|response curves,fermentation rate|continuous measured series|SEM error bars,"[{""Mean CO2 production rate (mL/min)"": 15.0, ""SEM (mL/min)"": 0.83, ""incubation time (min)"": 0}, {""Mean CO2 production rate (mL/min)"": 18.0, ""SEM (mL/min)"": 0.63, ""incubation time (min)"": 5}, {""Mean CO2 production rate (mL/min)"": 29.0, ""SEM (mL/min)"": 1.31, ""incubation time (min)"": 10}, {""Mean CO2 production rate (mL/min)"": 32.0, ""SEM (mL/min)"": 1.76, ""incubation time (min)"": 15}, {""Mean CO2 production rate (mL/min)"": 43.0, ""SEM (mL/min)"": 1.51, ""incubation time (min)"": 20}, {""Mean CO2 production rate (mL/min)"": 46.0, ""SEM (mL/min)"": 2.07, ""incubation time (min)"": 25}, {""Mean CO2 production rate (mL/min)"": 57.0, ""SEM (mL/min)"": 3.14, ""incubation time (min)"": 30}]","{""accepted_variants"": [""points connected by line segments""], ""representation"": ""continuous measured series with connected adjacent points"", ""required_uncertainty"": ""symmetric plus/minus one SEM bars"", ""x_axis"": ""incubation time (min)"", ""y_axis"": ""mean CO2 production rate (mL/min)""}","[{""criterion_id"": ""REPRESENTATION_TYPE"", ""met_rule"": ""Uses a continuous x-axis graph with plotted points.""}, {""criterion_id"": ""X_UNIT"", ""met_rule"": ""X-axis includes the required variable and unit.""}, {""criterion_id"": ""Y_UNIT"", ""met_rule"": ""Y-axis includes the required variable and unit.""}, {""criterion_id"": ""X_SCALE"", ""met_rule"": ""Numeric x positions are proportional and interpretable.""}, {""criterion_id"": ""Y_SCALE"", ""met_rule"": ""Y-scale is interpretable and can represent all means and SEM bars.""}, {""criterion_id"": ""PLOT_VALUES"", ""met_rule"": ""All measured means are plotted at recoverable coordinates.""}, {""criterion_id"": ""POINT_CONNECTION"", ""met_rule"": ""Adjacent measured values are connected without replacing points.""}, {""criterion_id"": ""UNCERTAINTY_MARKS"", ""met_rule"": ""Each mean has centered symmetric plus/minus SEM bars.""}]",independently_authored_synthetic_research_seed_unverified,Research seed for hand-drawn graph capture and reviewer evaluation. Do not expose criterion definitions to the person drawing the graph.
HDG-2026-P1-SER-037,v0.1-research-seed,frq,short,canonical_answer,continuous_measured_series_supplied_uncertainty,,HDG-2026-P1-SER-037__response-01.jpg,"Researchers measured aquatic plant growth at several values of nitrate concentration. Use the data table to construct a graph with nitrate concentration on the x-axis and mean growth rate on the y-axis. Plot each mean at its measured x-value, connect adjacent measured values, and include symmetric error bars showing plus or minus one SEM.

Write the item ID HDG-2026-P1-SER-037 at the top of your page.

| nitrate concentration (mg/L) | Mean growth rate (mg/day) | SEM (mg/day) |
| --- | --- | --- |
| 0 | 47.15 | 1.65 |
| 2 | 48.15 | 2.17 |
| 5 | 49.27 | 2.71 |
| 10 | 50.0 | 1.75 |
| 20 | 47.15 | 2.12 |
| 40 | 30.31 | 1.67 |
| 80 | 9.34 | 0.4 |","Expected graph: continuous measured series with connected adjacent points; x-axis nitrate concentration (mg/L); y-axis mean growth rate (mg/day). Required criteria: REPRESENTATION_TYPE, X_UNIT, Y_UNIT, X_SCALE, Y_SCALE, PLOT_VALUES, POINT_CONNECTION, UNCERTAINTY_MARKS.",AP Biology|data analysis|quantitative graphing|response curves,aquatic plant growth|continuous measured series|SEM error bars,"[{""Mean growth rate (mg/day)"": 47.15, ""SEM (mg/day)"": 1.65, ""nitrate concentration (mg/L)"": 0}, {""Mean growth rate (mg/day)"": 48.15, ""SEM (mg/day)"": 2.17, ""nitrate concentration (mg/L)"": 2}, {""Mean growth rate (mg/day)"": 49.27, ""SEM (mg/day)"": 2.71, ""nitrate concentration (mg/L)"": 5}, {""Mean growth rate (mg/day)"": 50.0, ""SEM (mg/day)"": 1.75, ""nitrate concentration (mg/L)"": 10}, {""Mean growth rate (mg/day)"": 47.15, ""SEM (mg/day)"": 2.12, ""nitrate concentration (mg/L)"": 20}, {""Mean growth rate (mg/day)"": 30.31, ""SEM (mg/day)"": 1.67, ""nitrate concentration (mg/L)"": 40}, {""Mean growth rate (mg/day)"": 9.34, ""SEM (mg/day)"": 0.4, ""nitrate concentration (mg/L)"": 80}]","{""accepted_variants"": [""points connected by line segments""], ""representation"": ""continuous measured series with connected adjacent points"", ""required_uncertainty"": ""symmetric plus/minus one SEM bars"", ""x_axis"": ""nitrate concentration (mg/L)"", ""y_axis"": ""mean growth rate (mg/day)""}","[{""criterion_id"": ""REPRESENTATION_TYPE"", ""met_rule"": ""Uses a continuous x-axis graph with plotted points.""}, {""criterion_id"": ""X_UNIT"", ""met_rule"": ""X-axis includes the required variable and unit.""}, {""criterion_id"": ""Y_UNIT"", ""met_rule"": ""Y-axis includes the required variable and unit.""}, {""criterion_id"": ""X_SCALE"", ""met_rule"": ""Numeric x positions are proportional and interpretable.""}, {""criterion_id"": ""Y_SCALE"", ""met_rule"": ""Y-scale is interpretable and can represent all means and SEM bars.""}, {""criterion_id"": ""PLOT_VALUES"", ""met_rule"": ""All measured means are plotted at recoverable coordinates.""}, {""criterion_id"": ""POINT_CONNECTION"", ""met_rule"": ""Adjacent measured values are connected without replacing points.""}, {""criterion_id"": ""UNCERTAINTY_MARKS"", ""met_rule"": ""Each mean has centered symmetric plus/minus SEM bars.""}]",independently_authored_synthetic_research_seed_unverified,Research seed for hand-drawn graph capture and reviewer evaluation. Do not expose criterion definitions to the person drawing the graph.
HDG-2026-P1-SER-038,v0.1-research-seed,frq,short,canonical_answer,continuous_measured_series_supplied_uncertainty,,HDG-2026-P1-SER-038__response-01.jpg,"Researchers measured membrane transport at several values of external glucose. Use the data table to construct a graph with external glucose on the x-axis and mean uptake rate on the y-axis. Plot each mean at its measured x-value, connect adjacent measured values, and include symmetric error bars showing plus or minus one SEM.

Write the item ID HDG-2026-P1-SER-038 at the top of your page.

| external glucose (mM) | Mean uptake rate (pmol/min) | SEM (pmol/min) |
| --- | --- | --- |
| 0 | 7.07 | 0.4 |
| 1 | 19.63 | 1.08 |
| 2 | 27.25 | 0.95 |
| 4 | 31.88 | 1.43 |
| 8 | 34.68 | 1.91 |
| 12 | 36.38 | 1.27 |
| 16 | 37.41 | 1.68 |","Expected graph: continuous measured series with connected adjacent points; x-axis external glucose (mM); y-axis mean uptake rate (pmol/min). Required criteria: REPRESENTATION_TYPE, X_UNIT, Y_UNIT, X_SCALE, Y_SCALE, PLOT_VALUES, POINT_CONNECTION, UNCERTAINTY_MARKS.",AP Biology|data analysis|quantitative graphing|response curves,membrane transport|continuous measured series|SEM error bars,"[{""Mean uptake rate (pmol/min)"": 7.07, ""SEM (pmol/min)"": 0.4, ""external glucose (mM)"": 0}, {""Mean uptake rate (pmol/min)"": 19.63, ""SEM (pmol/min)"": 1.08, ""external glucose (mM)"": 1}, {""Mean uptake rate (pmol/min)"": 27.25, ""SEM (pmol/min)"": 0.95, ""external glucose (mM)"": 2}, {""Mean uptake rate (pmol/min)"": 31.88, ""SEM (pmol/min)"": 1.43, ""external glucose (mM)"": 4}, {""Mean uptake rate (pmol/min)"": 34.68, ""SEM (pmol/min)"": 1.91, ""external glucose (mM)"": 8}, {""Mean uptake rate (pmol/min)"": 36.38, ""SEM (pmol/min)"": 1.27, ""external glucose (mM)"": 12}, {""Mean uptake rate (pmol/min)"": 37.41, ""SEM (pmol/min)"": 1.68, ""external glucose (mM)"": 16}]","{""accepted_variants"": [""points connected by line segments""], ""representation"": ""continuous measured series with connected adjacent points"", ""required_uncertainty"": ""symmetric plus/minus one SEM bars"", ""x_axis"": ""external glucose (mM)"", ""y_axis"": ""mean uptake rate (pmol/min)""}","[{""criterion_id"": ""REPRESENTATION_TYPE"", ""met_rule"": ""Uses a continuous x-axis graph with plotted points.""}, {""criterion_id"": ""X_UNIT"", ""met_rule"": ""X-axis includes the required variable and unit.""}, {""criterion_id"": ""Y_UNIT"", ""met_rule"": ""Y-axis includes the required variable and unit.""}, {""criterion_id"": ""X_SCALE"", ""met_rule"": ""Numeric x positions are proportional and interpretable.""}, {""criterion_id"": ""Y_SCALE"", ""met_rule"": ""Y-scale is interpretable and can represent all means and SEM bars.""}, {""criterion_id"": ""PLOT_VALUES"", ""met_rule"": ""All measured means are plotted at recoverable coordinates.""}, {""criterion_id"": ""POINT_CONNECTION"", ""met_rule"": ""Adjacent measured values are connected without replacing points.""}, {""criterion_id"": ""UNCERTAINTY_MARKS"", ""met_rule"": ""Each mean has centered symmetric plus/minus SEM bars.""}]",independently_authored_synthetic_research_seed_unverified,Research seed for hand-drawn graph capture and reviewer evaluation. Do not expose criterion definitions to the person drawing the graph.
HDG-2026-P1-SER-039,v0.1-research-seed,frq,short,canonical_answer,continuous_measured_series_supplied_uncertainty,,HDG-2026-P1-SER-039__response-01.jpg,"Researchers measured cell survival at several values of UV exposure time. Use the data table to construct a graph with UV exposure time on the x-axis and mean surviving cells on the y-axis. Plot each mean at its measured x-value, connect adjacent measured values, and include symmetric error bars showing plus or minus one SEM.

Write the item ID HDG-2026-P1-SER-039 at the top of your page.

| UV exposure time (s) | Mean surviving cells (%) | SEM (%) |
| --- | --- | --- |
| 0 | 80.0 | 4.4 |
| 10 | 72.0 | 2.52 |
| 20 | 64.0 | 2.88 |
| 40 | 56.0 | 3.08 |
| 60 | 48.0 | 1.68 |
| 90 | 40.0 | 1.8 |
| 120 | 32.0 | 1.76 |","Expected graph: continuous measured series with connected adjacent points; x-axis UV exposure time (s); y-axis mean surviving cells (%). Required criteria: REPRESENTATION_TYPE, X_UNIT, Y_UNIT, X_SCALE, Y_SCALE, PLOT_VALUES, POINT_CONNECTION, UNCERTAINTY_MARKS.",AP Biology|data analysis|quantitative graphing|response curves,cell survival|continuous measured series|SEM error bars,"[{""Mean surviving cells (%)"": 80.0, ""SEM (%)"": 4.4, ""UV exposure time (s)"": 0}, {""Mean surviving cells (%)"": 72.0, ""SEM (%)"": 2.52, ""UV exposure time (s)"": 10}, {""Mean surviving cells (%)"": 64.0, ""SEM (%)"": 2.88, ""UV exposure time (s)"": 20}, {""Mean surviving cells (%)"": 56.0, ""SEM (%)"": 3.08, ""UV exposure time (s)"": 40}, {""Mean surviving cells (%)"": 48.0, ""SEM (%)"": 1.68, ""UV exposure time (s)"": 60}, {""Mean surviving cells (%)"": 40.0, ""SEM (%)"": 1.8, ""UV exposure time (s)"": 90}, {""Mean surviving cells (%)"": 32.0, ""SEM (%)"": 1.76, ""UV exposure time (s)"": 120}]","{""accepted_variants"": [""points connected by line segments""], ""representation"": ""continuous measured series with connected adjacent points"", ""required_uncertainty"": ""symmetric plus/minus one SEM bars"", ""x_axis"": ""UV exposure time (s)"", ""y_axis"": ""mean surviving cells (%)""}","[{""criterion_id"": ""REPRESENTATION_TYPE"", ""met_rule"": ""Uses a continuous x-axis graph with plotted points.""}, {""criterion_id"": ""X_UNIT"", ""met_rule"": ""X-axis includes the required variable and unit.""}, {""criterion_id"": ""Y_UNIT"", ""met_rule"": ""Y-axis includes the required variable and unit.""}, {""criterion_id"": ""X_SCALE"", ""met_rule"": ""Numeric x positions are proportional and interpretable.""}, {""criterion_id"": ""Y_SCALE"", ""met_rule"": ""Y-scale is interpretable and can represent all means and SEM bars.""}, {""criterion_id"": ""PLOT_VALUES"", ""met_rule"": ""All measured means are plotted at recoverable coordinates.""}, {""criterion_id"": ""POINT_CONNECTION"", ""met_rule"": ""Adjacent measured values are connected without replacing points.""}, {""criterion_id"": ""UNCERTAINTY_MARKS"", ""met_rule"": ""Each mean has centered symmetric plus/minus SEM bars.""}]",independently_authored_synthetic_research_seed_unverified,Research seed for hand-drawn graph capture and reviewer evaluation. Do not expose criterion definitions to the person drawing the graph.
HDG-2026-P1-SER-040,v0.1-research-seed,frq,short,canonical_answer,continuous_measured_series_supplied_uncertainty,,HDG-2026-P1-SER-040__response-01.jpg,"Researchers measured enzyme activity at several values of pH. Use the data table to construct a graph with pH on the x-axis and mean relative activity on the y-axis. Plot each mean at its measured x-value, connect adjacent measured values, and include symmetric error bars showing plus or minus one SEM.

Write the item ID HDG-2026-P1-SER-040 at the top of your page.

| pH (pH units) | Mean relative activity (%) | SEM (%) |
| --- | --- | --- |
| 4 | 15.0 | 0.53 |
| 5 | 18.0 | 0.81 |
| 6 | 29.0 | 1.6 |
| 7 | 32.0 | 1.12 |
| 8 | 43.0 | 1.94 |
| 9 | 46.0 | 2.53 |
| 10 | 57.0 | 2.0 |","Expected graph: continuous measured series with connected adjacent points; x-axis pH (pH units); y-axis mean relative activity (%). Required criteria: REPRESENTATION_TYPE, X_UNIT, Y_UNIT, X_SCALE, Y_SCALE, PLOT_VALUES, POINT_CONNECTION, UNCERTAINTY_MARKS.",AP Biology|data analysis|quantitative graphing|response curves,enzyme activity|continuous measured series|SEM error bars,"[{""Mean relative activity (%)"": 15.0, ""SEM (%)"": 0.53, ""pH (pH units)"": 4}, {""Mean relative activity (%)"": 18.0, ""SEM (%)"": 0.81, ""pH (pH units)"": 5}, {""Mean relative activity (%)"": 29.0, ""SEM (%)"": 1.6, ""pH (pH units)"": 6}, {""Mean relative activity (%)"": 32.0, ""SEM (%)"": 1.12, ""pH (pH units)"": 7}, {""Mean relative activity (%)"": 43.0, ""SEM (%)"": 1.94, ""pH (pH units)"": 8}, {""Mean relative activity (%)"": 46.0, ""SEM (%)"": 2.53, ""pH (pH units)"": 9}, {""Mean relative activity (%)"": 57.0, ""SEM (%)"": 2.0, ""pH (pH units)"": 10}]","{""accepted_variants"": [""points connected by line segments""], ""representation"": ""continuous measured series with connected adjacent points"", ""required_uncertainty"": ""symmetric plus/minus one SEM bars"", ""x_axis"": ""pH (pH units)"", ""y_axis"": ""mean relative activity (%)""}","[{""criterion_id"": ""REPRESENTATION_TYPE"", ""met_rule"": ""Uses a continuous x-axis graph with plotted points.""}, {""criterion_id"": ""X_UNIT"", ""met_rule"": ""X-axis includes the required variable and unit.""}, {""criterion_id"": ""Y_UNIT"", ""met_rule"": ""Y-axis includes the required variable and unit.""}, {""criterion_id"": ""X_SCALE"", ""met_rule"": ""Numeric x positions are proportional and interpretable.""}, {""criterion_id"": ""Y_SCALE"", ""met_rule"": ""Y-scale is interpretable and can represent all means and SEM bars.""}, {""criterion_id"": ""PLOT_VALUES"", ""met_rule"": ""All measured means are plotted at recoverable coordinates.""}, {""criterion_id"": ""POINT_CONNECTION"", ""met_rule"": ""Adjacent measured values are connected without replacing points.""}, {""criterion_id"": ""UNCERTAINTY_MARKS"", ""met_rule"": ""Each mean has centered symmetric plus/minus SEM bars.""}]",independently_authored_synthetic_research_seed_unverified,Research seed for hand-drawn graph capture and reviewer evaluation. Do not expose criterion definitions to the person drawing the graph.
HDG-2026-P1-SER-041,v0.1-research-seed,frq,short,canonical_answer,continuous_measured_series_supplied_uncertainty,,HDG-2026-P1-SER-041__response-01.jpg,"Researchers measured enzyme reaction rate at several values of temperature. Use the data table to construct a graph with temperature on the x-axis and mean reaction rate on the y-axis. Plot each mean at its measured x-value, connect adjacent measured values, and include symmetric error bars showing plus or minus one SEM.

Write the item ID HDG-2026-P1-SER-041 at the top of your page.

| temperature (deg C) | Mean reaction rate (umol/min) | SEM (umol/min) |
| --- | --- | --- |
| 10 | 22.64 | 1.02 |
| 18 | 34.47 | 1.9 |
| 26 | 46.06 | 1.61 |
| 34 | 51.0 | 2.3 |
| 42 | 46.06 | 2.53 |
| 50 | 34.47 | 1.21 |
| 58 | 22.64 | 1.02 |","Expected graph: continuous measured series with connected adjacent points; x-axis temperature (deg C); y-axis mean reaction rate (umol/min). Required criteria: REPRESENTATION_TYPE, X_UNIT, Y_UNIT, X_SCALE, Y_SCALE, PLOT_VALUES, POINT_CONNECTION, UNCERTAINTY_MARKS.",AP Biology|data analysis|quantitative graphing|response curves,enzyme reaction rate|continuous measured series|SEM error bars,"[{""Mean reaction rate (umol/min)"": 22.64, ""SEM (umol/min)"": 1.02, ""temperature (deg C)"": 10}, {""Mean reaction rate (umol/min)"": 34.47, ""SEM (umol/min)"": 1.9, ""temperature (deg C)"": 18}, {""Mean reaction rate (umol/min)"": 46.06, ""SEM (umol/min)"": 1.61, ""temperature (deg C)"": 26}, {""Mean reaction rate (umol/min)"": 51.0, ""SEM (umol/min)"": 2.3, ""temperature (deg C)"": 34}, {""Mean reaction rate (umol/min)"": 46.06, ""SEM (umol/min)"": 2.53, ""temperature (deg C)"": 42}, {""Mean reaction rate (umol/min)"": 34.47, ""SEM (umol/min)"": 1.21, ""temperature (deg C)"": 50}, {""Mean reaction rate (umol/min)"": 22.64, ""SEM (umol/min)"": 1.02, ""temperature (deg C)"": 58}]","{""accepted_variants"": [""points connected by line segments""], ""representation"": ""continuous measured series with connected adjacent points"", ""required_uncertainty"": ""symmetric plus/minus one SEM bars"", ""x_axis"": ""temperature (deg C)"", ""y_axis"": ""mean reaction rate (umol/min)""}","[{""criterion_id"": ""REPRESENTATION_TYPE"", ""met_rule"": ""Uses a continuous x-axis graph with plotted points.""}, {""criterion_id"": ""X_UNIT"", ""met_rule"": ""X-axis includes the required variable and unit.""}, {""criterion_id"": ""Y_UNIT"", ""met_rule"": ""Y-axis includes the required variable and unit.""}, {""criterion_id"": ""X_SCALE"", ""met_rule"": ""Numeric x positions are proportional and interpretable.""}, {""criterion_id"": ""Y_SCALE"", ""met_rule"": ""Y-scale is interpretable and can represent all means and SEM bars.""}, {""criterion_id"": ""PLOT_VALUES"", ""met_rule"": ""All measured means are plotted at recoverable coordinates.""}, {""criterion_id"": ""POINT_CONNECTION"", ""met_rule"": ""Adjacent measured values are connected without replacing points.""}, {""criterion_id"": ""UNCERTAINTY_MARKS"", ""met_rule"": ""Each mean has centered symmetric plus/minus SEM bars.""}]",independently_authored_synthetic_research_seed_unverified,Research seed for hand-drawn graph capture and reviewer evaluation. Do not expose criterion definitions to the person drawing the graph.
HDG-2026-P1-SER-042,v0.1-research-seed,frq,short,canonical_answer,continuous_measured_series_supplied_uncertainty,,HDG-2026-P1-SER-042__response-01.jpg,"Researchers measured photosynthetic oxygen release at several values of light intensity. Use the data table to construct a graph with light intensity on the x-axis and mean oxygen release on the y-axis. Plot each mean at its measured x-value, connect adjacent measured values, and include symmetric error bars showing plus or minus one SEM.

Write the item ID HDG-2026-P1-SER-042 at the top of your page.

| light intensity (umol photons/m^2/s) | Mean oxygen release (umol O2/min) | SEM (umol O2/min) |
| --- | --- | --- |
| 0 | 9.97 | 0.55 |
| 100 | 27.69 | 0.97 |
| 250 | 38.43 | 1.73 |
| 500 | 44.95 | 2.47 |
| 800 | 48.91 | 1.71 |
| 1100 | 51.3 | 2.31 |
| 1400 | 52.76 | 2.9 |","Expected graph: continuous measured series with connected adjacent points; x-axis light intensity (umol photons/m^2/s); y-axis mean oxygen release (umol O2/min). Required criteria: REPRESENTATION_TYPE, X_UNIT, Y_UNIT, X_SCALE, Y_SCALE, PLOT_VALUES, POINT_CONNECTION, UNCERTAINTY_MARKS.",AP Biology|data analysis|quantitative graphing|response curves,photosynthetic oxygen release|continuous measured series|SEM error bars,"[{""Mean oxygen release (umol O2/min)"": 9.97, ""SEM (umol O2/min)"": 0.55, ""light intensity (umol photons/m^2/s)"": 0}, {""Mean oxygen release (umol O2/min)"": 27.69, ""SEM (umol O2/min)"": 0.97, ""light intensity (umol photons/m^2/s)"": 100}, {""Mean oxygen release (umol O2/min)"": 38.43, ""SEM (umol O2/min)"": 1.73, ""light intensity (umol photons/m^2/s)"": 250}, {""Mean oxygen release (umol O2/min)"": 44.95, ""SEM (umol O2/min)"": 2.47, ""light intensity (umol photons/m^2/s)"": 500}, {""Mean oxygen release (umol O2/min)"": 48.91, ""SEM (umol O2/min)"": 1.71, ""light intensity (umol photons/m^2/s)"": 800}, {""Mean oxygen release (umol O2/min)"": 51.3, ""SEM (umol O2/min)"": 2.31, ""light intensity (umol photons/m^2/s)"": 1100}, {""Mean oxygen release (umol O2/min)"": 52.76, ""SEM (umol O2/min)"": 2.9, ""light intensity (umol photons/m^2/s)"": 1400}]","{""accepted_variants"": [""points connected by line segments""], ""representation"": ""continuous measured series with connected adjacent points"", ""required_uncertainty"": ""symmetric plus/minus one SEM bars"", ""x_axis"": ""light intensity (umol photons/m^2/s)"", ""y_axis"": ""mean oxygen release (umol O2/min)""}","[{""criterion_id"": ""REPRESENTATION_TYPE"", ""met_rule"": ""Uses a continuous x-axis graph with plotted points.""}, {""criterion_id"": ""X_UNIT"", ""met_rule"": ""X-axis includes the required variable and unit.""}, {""criterion_id"": ""Y_UNIT"", ""met_rule"": ""Y-axis includes the required variable and unit.""}, {""criterion_id"": ""X_SCALE"", ""met_rule"": ""Numeric x positions are proportional and interpretable.""}, {""criterion_id"": ""Y_SCALE"", ""met_rule"": ""Y-scale is interpretable and can represent all means and SEM bars.""}, {""criterion_id"": ""PLOT_VALUES"", ""met_rule"": ""All measured means are plotted at recoverable coordinates.""}, {""criterion_id"": ""POINT_CONNECTION"", ""met_rule"": ""Adjacent measured values are connected without replacing points.""}, {""criterion_id"": ""UNCERTAINTY_MARKS"", ""met_rule"": ""Each mean has centered symmetric plus/minus SEM bars.""}]",independently_authored_synthetic_research_seed_unverified,Research seed for hand-drawn graph capture and reviewer evaluation. Do not expose criterion definitions to the person drawing the graph.
HDG-2026-P1-SER-043,v0.1-research-seed,frq,short,canonical_answer,continuous_measured_series_supplied_uncertainty,,HDG-2026-P1-SER-043__response-01.jpg,"Researchers measured pigment absorbance at several values of wavelength. Use the data table to construct a graph with wavelength on the x-axis and mean absorbance on the y-axis. Plot each mean at its measured x-value, connect adjacent measured values, and include symmetric error bars showing plus or minus one SEM.

Write the item ID HDG-2026-P1-SER-043 at the top of your page.

| wavelength (nm) | Mean absorbance (a.u.) | SEM (a.u.) |
| --- | --- | --- |
| 420 | 75.0 | 2.63 |
| 460 | 69.0 | 3.11 |
| 500 | 63.0 | 3.47 |
| 540 | 57.0 | 2.0 |
| 580 | 51.0 | 2.3 |
| 620 | 45.0 | 2.48 |
| 660 | 39.0 | 1.37 |","Expected graph: continuous measured series with connected adjacent points; x-axis wavelength (nm); y-axis mean absorbance (a.u.). Required criteria: REPRESENTATION_TYPE, X_UNIT, Y_UNIT, X_SCALE, Y_SCALE, PLOT_VALUES, POINT_CONNECTION, UNCERTAINTY_MARKS.",AP Biology|data analysis|quantitative graphing|response curves,pigment absorbance|continuous measured series|SEM error bars,"[{""Mean absorbance (a.u.)"": 75.0, ""SEM (a.u.)"": 2.63, ""wavelength (nm)"": 420}, {""Mean absorbance (a.u.)"": 69.0, ""SEM (a.u.)"": 3.11, ""wavelength (nm)"": 460}, {""Mean absorbance (a.u.)"": 63.0, ""SEM (a.u.)"": 3.47, ""wavelength (nm)"": 500}, {""Mean absorbance (a.u.)"": 57.0, ""SEM (a.u.)"": 2.0, ""wavelength (nm)"": 540}, {""Mean absorbance (a.u.)"": 51.0, ""SEM (a.u.)"": 2.3, ""wavelength (nm)"": 580}, {""Mean absorbance (a.u.)"": 45.0, ""SEM (a.u.)"": 2.48, ""wavelength (nm)"": 620}, {""Mean absorbance (a.u.)"": 39.0, ""SEM (a.u.)"": 1.37, ""wavelength (nm)"": 660}]","{""accepted_variants"": [""points connected by line segments""], ""representation"": ""continuous measured series with connected adjacent points"", ""required_uncertainty"": ""symmetric plus/minus one SEM bars"", ""x_axis"": ""wavelength (nm)"", ""y_axis"": ""mean absorbance (a.u.)""}","[{""criterion_id"": ""REPRESENTATION_TYPE"", ""met_rule"": ""Uses a continuous x-axis graph with plotted points.""}, {""criterion_id"": ""X_UNIT"", ""met_rule"": ""X-axis includes the required variable and unit.""}, {""criterion_id"": ""Y_UNIT"", ""met_rule"": ""Y-axis includes the required variable and unit.""}, {""criterion_id"": ""X_SCALE"", ""met_rule"": ""Numeric x positions are proportional and interpretable.""}, {""criterion_id"": ""Y_SCALE"", ""met_rule"": ""Y-scale is interpretable and can represent all means and SEM bars.""}, {""criterion_id"": ""PLOT_VALUES"", ""met_rule"": ""All measured means are plotted at recoverable coordinates.""}, {""criterion_id"": ""POINT_CONNECTION"", ""met_rule"": ""Adjacent measured values are connected without replacing points.""}, {""criterion_id"": ""UNCERTAINTY_MARKS"", ""met_rule"": ""Each mean has centered symmetric plus/minus SEM bars.""}]",independently_authored_synthetic_research_seed_unverified,Research seed for hand-drawn graph capture and reviewer evaluation. Do not expose criterion definitions to the person drawing the graph.
HDG-2026-P1-SER-044,v0.1-research-seed,frq,short,canonical_answer,continuous_measured_series_supplied_uncertainty,,HDG-2026-P1-SER-044__response-01.jpg,"Researchers measured seedling growth at several values of days after planting. Use the data table to construct a graph with days after planting on the x-axis and mean height on the y-axis. Plot each mean at its measured x-value, connect adjacent measured values, and include symmetric error bars showing plus or minus one SEM.

Write the item ID HDG-2026-P1-SER-044 at the top of your page.

| days after planting (days) | Mean height (cm) | SEM (cm) |
| --- | --- | --- |
| 0 | 15.0 | 0.68 |
| 2 | 18.0 | 0.99 |
| 4 | 29.0 | 1.02 |
| 6 | 32.0 | 1.44 |
| 8 | 43.0 | 2.37 |
| 10 | 46.0 | 1.61 |
| 12 | 57.0 | 2.57 |","Expected graph: continuous measured series with connected adjacent points; x-axis days after planting (days); y-axis mean height (cm). Required criteria: REPRESENTATION_TYPE, X_UNIT, Y_UNIT, X_SCALE, Y_SCALE, PLOT_VALUES, POINT_CONNECTION, UNCERTAINTY_MARKS.",AP Biology|data analysis|quantitative graphing|response curves,seedling growth|continuous measured series|SEM error bars,"[{""Mean height (cm)"": 15.0, ""SEM (cm)"": 0.68, ""days after planting (days)"": 0}, {""Mean height (cm)"": 18.0, ""SEM (cm)"": 0.99, ""days after planting (days)"": 2}, {""Mean height (cm)"": 29.0, ""SEM (cm)"": 1.02, ""days after planting (days)"": 4}, {""Mean height (cm)"": 32.0, ""SEM (cm)"": 1.44, ""days after planting (days)"": 6}, {""Mean height (cm)"": 43.0, ""SEM (cm)"": 2.37, ""days after planting (days)"": 8}, {""Mean height (cm)"": 46.0, ""SEM (cm)"": 1.61, ""days after planting (days)"": 10}, {""Mean height (cm)"": 57.0, ""SEM (cm)"": 2.57, ""days after planting (days)"": 12}]","{""accepted_variants"": [""points connected by line segments""], ""representation"": ""continuous measured series with connected adjacent points"", ""required_uncertainty"": ""symmetric plus/minus one SEM bars"", ""x_axis"": ""days after planting (days)"", ""y_axis"": ""mean height (cm)""}","[{""criterion_id"": ""REPRESENTATION_TYPE"", ""met_rule"": ""Uses a continuous x-axis graph with plotted points.""}, {""criterion_id"": ""X_UNIT"", ""met_rule"": ""X-axis includes the required variable and unit.""}, {""criterion_id"": ""Y_UNIT"", ""met_rule"": ""Y-axis includes the required variable and unit.""}, {""criterion_id"": ""X_SCALE"", ""met_rule"": ""Numeric x positions are proportional and interpretable.""}, {""criterion_id"": ""Y_SCALE"", ""met_rule"": ""Y-scale is interpretable and can represent all means and SEM bars.""}, {""criterion_id"": ""PLOT_VALUES"", ""met_rule"": ""All measured means are plotted at recoverable coordinates.""}, {""criterion_id"": ""POINT_CONNECTION"", ""met_rule"": ""Adjacent measured values are connected without replacing points.""}, {""criterion_id"": ""UNCERTAINTY_MARKS"", ""met_rule"": ""Each mean has centered symmetric plus/minus SEM bars.""}]",independently_authored_synthetic_research_seed_unverified,Research seed for hand-drawn graph capture and reviewer evaluation. Do not expose criterion definitions to the person drawing the graph.
HDG-2026-P1-SER-045,v0.1-research-seed,frq,short,canonical_answer,continuous_measured_series_supplied_uncertainty,,HDG-2026-P1-SER-045__response-01.jpg,"Researchers measured heart cell contraction at several values of calcium concentration. Use the data table to construct a graph with calcium concentration on the x-axis and mean contractions per min on the y-axis. Plot each mean at its measured x-value, connect adjacent measured values, and include symmetric error bars showing plus or minus one SEM.

Write the item ID HDG-2026-P1-SER-045 at the top of your page.

| calcium concentration (mM) | Mean contractions per min (beats/min) | SEM (beats/min) |
| --- | --- | --- |
| 0.2 | 32.31 | 1.78 |
| 0.5 | 37.06 | 1.3 |
| 1 | 44.55 | 2.0 |
| 2 | 52.0 | 2.86 |
| 3 | 44.55 | 1.56 |
| 4 | 29.23 | 1.32 |
| 5 | 17.24 | 0.95 |","Expected graph: continuous measured series with connected adjacent points; x-axis calcium concentration (mM); y-axis mean contractions per min (beats/min). Required criteria: REPRESENTATION_TYPE, X_UNIT, Y_UNIT, X_SCALE, Y_SCALE, PLOT_VALUES, POINT_CONNECTION, UNCERTAINTY_MARKS.",AP Biology|data analysis|quantitative graphing|response curves,heart cell contraction|continuous measured series|SEM error bars,"[{""Mean contractions per min (beats/min)"": 32.31, ""SEM (beats/min)"": 1.78, ""calcium concentration (mM)"": 0.2}, {""Mean contractions per min (beats/min)"": 37.06, ""SEM (beats/min)"": 1.3, ""calcium concentration (mM)"": 0.5}, {""Mean contractions per min (beats/min)"": 44.55, ""SEM (beats/min)"": 2.0, ""calcium concentration (mM)"": 1}, {""Mean contractions per min (beats/min)"": 52.0, ""SEM (beats/min)"": 2.86, ""calcium concentration (mM)"": 2}, {""Mean contractions per min (beats/min)"": 44.55, ""SEM (beats/min)"": 1.56, ""calcium concentration (mM)"": 3}, {""Mean contractions per min (beats/min)"": 29.23, ""SEM (beats/min)"": 1.32, ""calcium concentration (mM)"": 4}, {""Mean contractions per min (beats/min)"": 17.24, ""SEM (beats/min)"": 0.95, ""calcium concentration (mM)"": 5}]","{""accepted_variants"": [""points connected by line segments""], ""representation"": ""continuous measured series with connected adjacent points"", ""required_uncertainty"": ""symmetric plus/minus one SEM bars"", ""x_axis"": ""calcium concentration (mM)"", ""y_axis"": ""mean contractions per min (beats/min)""}","[{""criterion_id"": ""REPRESENTATION_TYPE"", ""met_rule"": ""Uses a continuous x-axis graph with plotted points.""}, {""criterion_id"": ""X_UNIT"", ""met_rule"": ""X-axis includes the required variable and unit.""}, {""criterion_id"": ""Y_UNIT"", ""met_rule"": ""Y-axis includes the required variable and unit.""}, {""criterion_id"": ""X_SCALE"", ""met_rule"": ""Numeric x positions are proportional and interpretable.""}, {""criterion_id"": ""Y_SCALE"", ""met_rule"": ""Y-scale is interpretable and can represent all means and SEM bars.""}, {""criterion_id"": ""PLOT_VALUES"", ""met_rule"": ""All measured means are plotted at recoverable coordinates.""}, {""criterion_id"": ""POINT_CONNECTION"", ""met_rule"": ""Adjacent measured values are connected without replacing points.""}, {""criterion_id"": ""UNCERTAINTY_MARKS"", ""met_rule"": ""Each mean has centered symmetric plus/minus SEM bars.""}]",independently_authored_synthetic_research_seed_unverified,Research seed for hand-drawn graph capture and reviewer evaluation. Do not expose criterion definitions to the person drawing the graph.
HDG-2026-P1-SER-046,v0.1-research-seed,frq,short,canonical_answer,continuous_measured_series_supplied_uncertainty,,HDG-2026-P1-SER-046__response-01.jpg,"Researchers measured fermentation rate at several values of incubation time. Use the data table to construct a graph with incubation time on the x-axis and mean CO2 production rate on the y-axis. Plot each mean at its measured x-value, connect adjacent measured values, and include symmetric error bars showing plus or minus one SEM.

Write the item ID HDG-2026-P1-SER-046 at the top of your page.

| incubation time (min) | Mean CO2 production rate (mL/min) | SEM (mL/min) |
| --- | --- | --- |
| 0 | 8.52 | 0.4 |
| 5 | 23.66 | 1.06 |
| 10 | 32.84 | 1.81 |
| 15 | 38.41 | 1.34 |
| 20 | 41.79 | 1.88 |
| 25 | 43.84 | 2.41 |
| 30 | 45.08 | 1.58 |","Expected graph: continuous measured series with connected adjacent points; x-axis incubation time (min); y-axis mean CO2 production rate (mL/min). Required criteria: REPRESENTATION_TYPE, X_UNIT, Y_UNIT, X_SCALE, Y_SCALE, PLOT_VALUES, POINT_CONNECTION, UNCERTAINTY_MARKS.",AP Biology|data analysis|quantitative graphing|response curves,fermentation rate|continuous measured series|SEM error bars,"[{""Mean CO2 production rate (mL/min)"": 8.52, ""SEM (mL/min)"": 0.4, ""incubation time (min)"": 0}, {""Mean CO2 production rate (mL/min)"": 23.66, ""SEM (mL/min)"": 1.06, ""incubation time (min)"": 5}, {""Mean CO2 production rate (mL/min)"": 32.84, ""SEM (mL/min)"": 1.81, ""incubation time (min)"": 10}, {""Mean CO2 production rate (mL/min)"": 38.41, ""SEM (mL/min)"": 1.34, ""incubation time (min)"": 15}, {""Mean CO2 production rate (mL/min)"": 41.79, ""SEM (mL/min)"": 1.88, ""incubation time (min)"": 20}, {""Mean CO2 production rate (mL/min)"": 43.84, ""SEM (mL/min)"": 2.41, ""incubation time (min)"": 25}, {""Mean CO2 production rate (mL/min)"": 45.08, ""SEM (mL/min)"": 1.58, ""incubation time (min)"": 30}]","{""accepted_variants"": [""points connected by line segments""], ""representation"": ""continuous measured series with connected adjacent points"", ""required_uncertainty"": ""symmetric plus/minus one SEM bars"", ""x_axis"": ""incubation time (min)"", ""y_axis"": ""mean CO2 production rate (mL/min)""}","[{""criterion_id"": ""REPRESENTATION_TYPE"", ""met_rule"": ""Uses a continuous x-axis graph with plotted points.""}, {""criterion_id"": ""X_UNIT"", ""met_rule"": ""X-axis includes the required variable and unit.""}, {""criterion_id"": ""Y_UNIT"", ""met_rule"": ""Y-axis includes the required variable and unit.""}, {""criterion_id"": ""X_SCALE"", ""met_rule"": ""Numeric x positions are proportional and interpretable.""}, {""criterion_id"": ""Y_SCALE"", ""met_rule"": ""Y-scale is interpretable and can represent all means and SEM bars.""}, {""criterion_id"": ""PLOT_VALUES"", ""met_rule"": ""All measured means are plotted at recoverable coordinates.""}, {""criterion_id"": ""POINT_CONNECTION"", ""met_rule"": ""Adjacent measured values are connected without replacing points.""}, {""criterion_id"": ""UNCERTAINTY_MARKS"", ""met_rule"": ""Each mean has centered symmetric plus/minus SEM bars.""}]",independently_authored_synthetic_research_seed_unverified,Research seed for hand-drawn graph capture and reviewer evaluation. Do not expose criterion definitions to the person drawing the graph.
HDG-2026-P1-SER-047,v0.1-research-seed,frq,short,canonical_answer,continuous_measured_series_supplied_uncertainty,,HDG-2026-P1-SER-047__response-01.jpg,"Researchers measured aquatic plant growth at several values of nitrate concentration. Use the data table to construct a graph with nitrate concentration on the x-axis and mean growth rate on the y-axis. Plot each mean at its measured x-value, connect adjacent measured values, and include symmetric error bars showing plus or minus one SEM.

Write the item ID HDG-2026-P1-SER-047 at the top of your page.

| nitrate concentration (mg/L) | Mean growth rate (mg/day) | SEM (mg/day) |
| --- | --- | --- |
| 0 | 70.0 | 3.15 |
| 2 | 63.0 | 3.47 |
| 5 | 56.0 | 1.96 |
| 10 | 49.0 | 2.21 |
| 20 | 42.0 | 2.31 |
| 40 | 35.0 | 1.23 |
| 80 | 28.0 | 1.26 |","Expected graph: continuous measured series with connected adjacent points; x-axis nitrate concentration (mg/L); y-axis mean growth rate (mg/day). Required criteria: REPRESENTATION_TYPE, X_UNIT, Y_UNIT, X_SCALE, Y_SCALE, PLOT_VALUES, POINT_CONNECTION, UNCERTAINTY_MARKS.",AP Biology|data analysis|quantitative graphing|response curves,aquatic plant growth|continuous measured series|SEM error bars,"[{""Mean growth rate (mg/day)"": 70.0, ""SEM (mg/day)"": 3.15, ""nitrate concentration (mg/L)"": 0}, {""Mean growth rate (mg/day)"": 63.0, ""SEM (mg/day)"": 3.47, ""nitrate concentration (mg/L)"": 2}, {""Mean growth rate (mg/day)"": 56.0, ""SEM (mg/day)"": 1.96, ""nitrate concentration (mg/L)"": 5}, {""Mean growth rate (mg/day)"": 49.0, ""SEM (mg/day)"": 2.21, ""nitrate concentration (mg/L)"": 10}, {""Mean growth rate (mg/day)"": 42.0, ""SEM (mg/day)"": 2.31, ""nitrate concentration (mg/L)"": 20}, {""Mean growth rate (mg/day)"": 35.0, ""SEM (mg/day)"": 1.23, ""nitrate concentration (mg/L)"": 40}, {""Mean growth rate (mg/day)"": 28.0, ""SEM (mg/day)"": 1.26, ""nitrate concentration (mg/L)"": 80}]","{""accepted_variants"": [""points connected by line segments""], ""representation"": ""continuous measured series with connected adjacent points"", ""required_uncertainty"": ""symmetric plus/minus one SEM bars"", ""x_axis"": ""nitrate concentration (mg/L)"", ""y_axis"": ""mean growth rate (mg/day)""}","[{""criterion_id"": ""REPRESENTATION_TYPE"", ""met_rule"": ""Uses a continuous x-axis graph with plotted points.""}, {""criterion_id"": ""X_UNIT"", ""met_rule"": ""X-axis includes the required variable and unit.""}, {""criterion_id"": ""Y_UNIT"", ""met_rule"": ""Y-axis includes the required variable and unit.""}, {""criterion_id"": ""X_SCALE"", ""met_rule"": ""Numeric x positions are proportional and interpretable.""}, {""criterion_id"": ""Y_SCALE"", ""met_rule"": ""Y-scale is interpretable and can represent all means and SEM bars.""}, {""criterion_id"": ""PLOT_VALUES"", ""met_rule"": ""All measured means are plotted at recoverable coordinates.""}, {""criterion_id"": ""POINT_CONNECTION"", ""met_rule"": ""Adjacent measured values are connected without replacing points.""}, {""criterion_id"": ""UNCERTAINTY_MARKS"", ""met_rule"": ""Each mean has centered symmetric plus/minus SEM bars.""}]",independently_authored_synthetic_research_seed_unverified,Research seed for hand-drawn graph capture and reviewer evaluation. Do not expose criterion definitions to the person drawing the graph.
HDG-2026-P1-SER-048,v0.1-research-seed,frq,short,canonical_answer,continuous_measured_series_supplied_uncertainty,,HDG-2026-P1-SER-048__response-01.jpg,"Researchers measured membrane transport at several values of external glucose. Use the data table to construct a graph with external glucose on the x-axis and mean uptake rate on the y-axis. Plot each mean at its measured x-value, connect adjacent measured values, and include symmetric error bars showing plus or minus one SEM.

Write the item ID HDG-2026-P1-SER-048 at the top of your page.

| external glucose (mM) | Mean uptake rate (pmol/min) | SEM (pmol/min) |
| --- | --- | --- |
| 0 | 15.0 | 0.83 |
| 1 | 18.0 | 0.63 |
| 2 | 29.0 | 1.31 |
| 4 | 32.0 | 1.76 |
| 8 | 43.0 | 1.51 |
| 12 | 46.0 | 2.07 |
| 16 | 57.0 | 3.14 |","Expected graph: continuous measured series with connected adjacent points; x-axis external glucose (mM); y-axis mean uptake rate (pmol/min). Required criteria: REPRESENTATION_TYPE, X_UNIT, Y_UNIT, X_SCALE, Y_SCALE, PLOT_VALUES, POINT_CONNECTION, UNCERTAINTY_MARKS.",AP Biology|data analysis|quantitative graphing|response curves,membrane transport|continuous measured series|SEM error bars,"[{""Mean uptake rate (pmol/min)"": 15.0, ""SEM (pmol/min)"": 0.83, ""external glucose (mM)"": 0}, {""Mean uptake rate (pmol/min)"": 18.0, ""SEM (pmol/min)"": 0.63, ""external glucose (mM)"": 1}, {""Mean uptake rate (pmol/min)"": 29.0, ""SEM (pmol/min)"": 1.31, ""external glucose (mM)"": 2}, {""Mean uptake rate (pmol/min)"": 32.0, ""SEM (pmol/min)"": 1.76, ""external glucose (mM)"": 4}, {""Mean uptake rate (pmol/min)"": 43.0, ""SEM (pmol/min)"": 1.51, ""external glucose (mM)"": 8}, {""Mean uptake rate (pmol/min)"": 46.0, ""SEM (pmol/min)"": 2.07, ""external glucose (mM)"": 12}, {""Mean uptake rate (pmol/min)"": 57.0, ""SEM (pmol/min)"": 3.14, ""external glucose (mM)"": 16}]","{""accepted_variants"": [""points connected by line segments""], ""representation"": ""continuous measured series with connected adjacent points"", ""required_uncertainty"": ""symmetric plus/minus one SEM bars"", ""x_axis"": ""external glucose (mM)"", ""y_axis"": ""mean uptake rate (pmol/min)""}","[{""criterion_id"": ""REPRESENTATION_TYPE"", ""met_rule"": ""Uses a continuous x-axis graph with plotted points.""}, {""criterion_id"": ""X_UNIT"", ""met_rule"": ""X-axis includes the required variable and unit.""}, {""criterion_id"": ""Y_UNIT"", ""met_rule"": ""Y-axis includes the required variable and unit.""}, {""criterion_id"": ""X_SCALE"", ""met_rule"": ""Numeric x positions are proportional and interpretable.""}, {""criterion_id"": ""Y_SCALE"", ""met_rule"": ""Y-scale is interpretable and can represent all means and SEM bars.""}, {""criterion_id"": ""PLOT_VALUES"", ""met_rule"": ""All measured means are plotted at recoverable coordinates.""}, {""criterion_id"": ""POINT_CONNECTION"", ""met_rule"": ""Adjacent measured values are connected without replacing points.""}, {""criterion_id"": ""UNCERTAINTY_MARKS"", ""met_rule"": ""Each mean has centered symmetric plus/minus SEM bars.""}]",independently_authored_synthetic_research_seed_unverified,Research seed for hand-drawn graph capture and reviewer evaluation. Do not expose criterion definitions to the person drawing the graph.
HDG-2026-P1-SER-049,v0.1-research-seed,frq,short,canonical_answer,continuous_measured_series_supplied_uncertainty,,HDG-2026-P1-SER-049__response-01.jpg,"Researchers measured cell survival at several values of UV exposure time. Use the data table to construct a graph with UV exposure time on the x-axis and mean surviving cells on the y-axis. Plot each mean at its measured x-value, connect adjacent measured values, and include symmetric error bars showing plus or minus one SEM.

Write the item ID HDG-2026-P1-SER-049 at the top of your page.

| UV exposure time (s) | Mean surviving cells (%) | SEM (%) |
| --- | --- | --- |
| 0 | 33.47 | 1.17 |
| 10 | 39.7 | 1.79 |
| 20 | 45.06 | 2.48 |
| 40 | 50.0 | 1.75 |
| 60 | 45.06 | 2.03 |
| 90 | 27.23 | 1.5 |
| 120 | 13.68 | 0.48 |","Expected graph: continuous measured series with connected adjacent points; x-axis UV exposure time (s); y-axis mean surviving cells (%). Required criteria: REPRESENTATION_TYPE, X_UNIT, Y_UNIT, X_SCALE, Y_SCALE, PLOT_VALUES, POINT_CONNECTION, UNCERTAINTY_MARKS.",AP Biology|data analysis|quantitative graphing|response curves,cell survival|continuous measured series|SEM error bars,"[{""Mean surviving cells (%)"": 33.47, ""SEM (%)"": 1.17, ""UV exposure time (s)"": 0}, {""Mean surviving cells (%)"": 39.7, ""SEM (%)"": 1.79, ""UV exposure time (s)"": 10}, {""Mean surviving cells (%)"": 45.06, ""SEM (%)"": 2.48, ""UV exposure time (s)"": 20}, {""Mean surviving cells (%)"": 50.0, ""SEM (%)"": 1.75, ""UV exposure time (s)"": 40}, {""Mean surviving cells (%)"": 45.06, ""SEM (%)"": 2.03, ""UV exposure time (s)"": 60}, {""Mean surviving cells (%)"": 27.23, ""SEM (%)"": 1.5, ""UV exposure time (s)"": 90}, {""Mean surviving cells (%)"": 13.68, ""SEM (%)"": 0.48, ""UV exposure time (s)"": 120}]","{""accepted_variants"": [""points connected by line segments""], ""representation"": ""continuous measured series with connected adjacent points"", ""required_uncertainty"": ""symmetric plus/minus one SEM bars"", ""x_axis"": ""UV exposure time (s)"", ""y_axis"": ""mean surviving cells (%)""}","[{""criterion_id"": ""REPRESENTATION_TYPE"", ""met_rule"": ""Uses a continuous x-axis graph with plotted points.""}, {""criterion_id"": ""X_UNIT"", ""met_rule"": ""X-axis includes the required variable and unit.""}, {""criterion_id"": ""Y_UNIT"", ""met_rule"": ""Y-axis includes the required variable and unit.""}, {""criterion_id"": ""X_SCALE"", ""met_rule"": ""Numeric x positions are proportional and interpretable.""}, {""criterion_id"": ""Y_SCALE"", ""met_rule"": ""Y-scale is interpretable and can represent all means and SEM bars.""}, {""criterion_id"": ""PLOT_VALUES"", ""met_rule"": ""All measured means are plotted at recoverable coordinates.""}, {""criterion_id"": ""POINT_CONNECTION"", ""met_rule"": ""Adjacent measured values are connected without replacing points.""}, {""criterion_id"": ""UNCERTAINTY_MARKS"", ""met_rule"": ""Each mean has centered symmetric plus/minus SEM bars.""}]",independently_authored_synthetic_research_seed_unverified,Research seed for hand-drawn graph capture and reviewer evaluation. Do not expose criterion definitions to the person drawing the graph.
HDG-2026-P1-SER-050,v0.1-research-seed,frq,short,canonical_answer,continuous_measured_series_supplied_uncertainty,,HDG-2026-P1-SER-050__response-01.jpg,"Researchers measured enzyme activity at several values of pH. Use the data table to construct a graph with pH on the x-axis and mean relative activity on the y-axis. Plot each mean at its measured x-value, connect adjacent measured values, and include symmetric error bars showing plus or minus one SEM.

Write the item ID HDG-2026-P1-SER-050 at the top of your page.

| pH (pH units) | Mean relative activity (%) | SEM (%) |
| --- | --- | --- |
| 4 | 7.07 | 0.4 |
| 5 | 19.63 | 1.08 |
| 6 | 27.25 | 0.95 |
| 7 | 31.88 | 1.43 |
| 8 | 34.68 | 1.91 |
| 9 | 36.38 | 1.27 |
| 10 | 37.41 | 1.68 |","Expected graph: continuous measured series with connected adjacent points; x-axis pH (pH units); y-axis mean relative activity (%). Required criteria: REPRESENTATION_TYPE, X_UNIT, Y_UNIT, X_SCALE, Y_SCALE, PLOT_VALUES, POINT_CONNECTION, UNCERTAINTY_MARKS.",AP Biology|data analysis|quantitative graphing|response curves,enzyme activity|continuous measured series|SEM error bars,"[{""Mean relative activity (%)"": 7.07, ""SEM (%)"": 0.4, ""pH (pH units)"": 4}, {""Mean relative activity (%)"": 19.63, ""SEM (%)"": 1.08, ""pH (pH units)"": 5}, {""Mean relative activity (%)"": 27.25, ""SEM (%)"": 0.95, ""pH (pH units)"": 6}, {""Mean relative activity (%)"": 31.88, ""SEM (%)"": 1.43, ""pH (pH units)"": 7}, {""Mean relative activity (%)"": 34.68, ""SEM (%)"": 1.91, ""pH (pH units)"": 8}, {""Mean relative activity (%)"": 36.38, ""SEM (%)"": 1.27, ""pH (pH units)"": 9}, {""Mean relative activity (%)"": 37.41, ""SEM (%)"": 1.68, ""pH (pH units)"": 10}]","{""accepted_variants"": [""points connected by line segments""], ""representation"": ""continuous measured series with connected adjacent points"", ""required_uncertainty"": ""symmetric plus/minus one SEM bars"", ""x_axis"": ""pH (pH units)"", ""y_axis"": ""mean relative activity (%)""}","[{""criterion_id"": ""REPRESENTATION_TYPE"", ""met_rule"": ""Uses a continuous x-axis graph with plotted points.""}, {""criterion_id"": ""X_UNIT"", ""met_rule"": ""X-axis includes the required variable and unit.""}, {""criterion_id"": ""Y_UNIT"", ""met_rule"": ""Y-axis includes the required variable and unit.""}, {""criterion_id"": ""X_SCALE"", ""met_rule"": ""Numeric x positions are proportional and interpretable.""}, {""criterion_id"": ""Y_SCALE"", ""met_rule"": ""Y-scale is interpretable and can represent all means and SEM bars.""}, {""criterion_id"": ""PLOT_VALUES"", ""met_rule"": ""All measured means are plotted at recoverable coordinates.""}, {""criterion_id"": ""POINT_CONNECTION"", ""met_rule"": ""Adjacent measured values are connected without replacing points.""}, {""criterion_id"": ""UNCERTAINTY_MARKS"", ""met_rule"": ""Each mean has centered symmetric plus/minus SEM bars.""}]",independently_authored_synthetic_research_seed_unverified,Research seed for hand-drawn graph capture and reviewer evaluation. Do not expose criterion definitions to the person drawing the graph.
HDG-2026-P1-EST-001,v0.1-research-seed,frq,short,canonical_answer,continuous_relationship_graph_derived_estimate,zero_intercept_estimate,HDG-2026-P1-EST-001__response-01.jpg,"Researchers measured water movement in model cells across a range of external solute concentration. Construct a graph with external solute concentration on the x-axis and percent mass change on the y-axis. Plot the paired observations, draw one best-fit relationship, mark where the relationship crosses zero change, and report the estimated external solute concentration at zero change with units.

Write the item ID HDG-2026-P1-EST-001 at the top of your page.

| external solute concentration (M) | percent mass change (%) |
| --- | --- |
| 0.0 | 12.92 |
| 0.15 | 7.22 |
| 0.3 | 1.52 |
| 0.45 | -4.18 |
| 0.6 | -9.88 |
| 0.75 | -15.58 |
| 0.9 | -21.28 |","Expected graph: paired-data graph with one best-fit relationship and zero-intercept annotation; x-axis external solute concentration (M); y-axis percent mass change (%). Required criteria: REPRESENTATION_TYPE, X_UNIT, Y_UNIT, X_SCALE, Y_SCALE, PLOT_VALUES, BEST_FIT_RELATIONSHIP, ZERO_INTERCEPT_ANNOTATION, ESTIMATE_VALUE.",AP Biology|data analysis|graph-derived estimates|model interpretation,water movement in model cells|zero-intercept estimate|paired data,"[{""external solute concentration (M)"": 0.0, ""percent mass change (%)"": 12.92}, {""external solute concentration (M)"": 0.15, ""percent mass change (%)"": 7.22}, {""external solute concentration (M)"": 0.3, ""percent mass change (%)"": 1.52}, {""external solute concentration (M)"": 0.45, ""percent mass change (%)"": -4.18}, {""external solute concentration (M)"": 0.6, ""percent mass change (%)"": -9.88}, {""external solute concentration (M)"": 0.75, ""percent mass change (%)"": -15.58}, {""external solute concentration (M)"": 0.9, ""percent mass change (%)"": -21.28}]","{""expected_estimate_approx"": 0.34, ""representation"": ""paired-data graph with one best-fit relationship and zero-intercept annotation"", ""required_estimate"": ""x-value where percent mass change equals zero"", ""x_axis"": ""external solute concentration (M)"", ""y_axis"": ""percent mass change (%)""}","[{""criterion_id"": ""REPRESENTATION_TYPE"", ""met_rule"": ""Uses a continuous paired-data graph.""}, {""criterion_id"": ""X_UNIT"", ""met_rule"": ""X-axis includes required variable and unit.""}, {""criterion_id"": ""Y_UNIT"", ""met_rule"": ""Y-axis includes required variable and unit.""}, {""criterion_id"": ""X_SCALE"", ""met_rule"": ""Numeric x positions are proportional and interpretable.""}, {""criterion_id"": ""Y_SCALE"", ""met_rule"": ""Y-axis includes zero and all observations.""}, {""criterion_id"": ""PLOT_VALUES"", ""met_rule"": ""All paired observations are plotted at recoverable coordinates.""}, {""criterion_id"": ""BEST_FIT_RELATIONSHIP"", ""met_rule"": ""One best-fit relationship summarizes the observations.""}, {""criterion_id"": ""ZERO_INTERCEPT_ANNOTATION"", ""met_rule"": ""Annotation visibly links the zero crossing to the x-axis.""}, {""criterion_id"": ""ESTIMATE_VALUE"", ""met_rule"": ""Reported estimate has value and unit consistent with graph annotation.""}]",independently_authored_synthetic_research_seed_unverified,Research seed for hand-drawn graph capture and reviewer evaluation. Do not expose criterion definitions to the person drawing the graph.
HDG-2026-P1-EST-002,v0.1-research-seed,frq,short,canonical_answer,continuous_relationship_graph_derived_estimate,zero_intercept_estimate,HDG-2026-P1-EST-002__response-01.jpg,"Researchers measured dialysis bag mass change across a range of sucrose concentration. Construct a graph with sucrose concentration on the x-axis and percent mass change on the y-axis. Plot the paired observations, draw one best-fit relationship, mark where the relationship crosses zero change, and report the estimated sucrose concentration at zero change with units.

Write the item ID HDG-2026-P1-EST-002 at the top of your page.

| sucrose concentration (M) | percent mass change (%) |
| --- | --- |
| 0.0 | 16.99 |
| 0.15 | 10.54 |
| 0.3 | 4.09 |
| 0.45 | -2.36 |
| 0.6 | -8.81 |
| 0.75 | -15.26 |
| 0.9 | -21.71 |","Expected graph: paired-data graph with one best-fit relationship and zero-intercept annotation; x-axis sucrose concentration (M); y-axis percent mass change (%). Required criteria: REPRESENTATION_TYPE, X_UNIT, Y_UNIT, X_SCALE, Y_SCALE, PLOT_VALUES, BEST_FIT_RELATIONSHIP, ZERO_INTERCEPT_ANNOTATION, ESTIMATE_VALUE.",AP Biology|data analysis|graph-derived estimates|model interpretation,dialysis bag mass change|zero-intercept estimate|paired data,"[{""percent mass change (%)"": 16.99, ""sucrose concentration (M)"": 0.0}, {""percent mass change (%)"": 10.54, ""sucrose concentration (M)"": 0.15}, {""percent mass change (%)"": 4.09, ""sucrose concentration (M)"": 0.3}, {""percent mass change (%)"": -2.36, ""sucrose concentration (M)"": 0.45}, {""percent mass change (%)"": -8.81, ""sucrose concentration (M)"": 0.6}, {""percent mass change (%)"": -15.26, ""sucrose concentration (M)"": 0.75}, {""percent mass change (%)"": -21.71, ""sucrose concentration (M)"": 0.9}]","{""expected_estimate_approx"": 0.4, ""representation"": ""paired-data graph with one best-fit relationship and zero-intercept annotation"", ""required_estimate"": ""x-value where percent mass change equals zero"", ""x_axis"": ""sucrose concentration (M)"", ""y_axis"": ""percent mass change (%)""}","[{""criterion_id"": ""REPRESENTATION_TYPE"", ""met_rule"": ""Uses a continuous paired-data graph.""}, {""criterion_id"": ""X_UNIT"", ""met_rule"": ""X-axis includes required variable and unit.""}, {""criterion_id"": ""Y_UNIT"", ""met_rule"": ""Y-axis includes required variable and unit.""}, {""criterion_id"": ""X_SCALE"", ""met_rule"": ""Numeric x positions are proportional and interpretable.""}, {""criterion_id"": ""Y_SCALE"", ""met_rule"": ""Y-axis includes zero and all observations.""}, {""criterion_id"": ""PLOT_VALUES"", ""met_rule"": ""All paired observations are plotted at recoverable coordinates.""}, {""criterion_id"": ""BEST_FIT_RELATIONSHIP"", ""met_rule"": ""One best-fit relationship summarizes the observations.""}, {""criterion_id"": ""ZERO_INTERCEPT_ANNOTATION"", ""met_rule"": ""Annotation visibly links the zero crossing to the x-axis.""}, {""criterion_id"": ""ESTIMATE_VALUE"", ""met_rule"": ""Reported estimate has value and unit consistent with graph annotation.""}]",independently_authored_synthetic_research_seed_unverified,Research seed for hand-drawn graph capture and reviewer evaluation. Do not expose criterion definitions to the person drawing the graph.
HDG-2026-P1-EST-003,v0.1-research-seed,frq,short,canonical_answer,continuous_relationship_graph_derived_estimate,zero_intercept_estimate,HDG-2026-P1-EST-003__response-01.jpg,"Researchers measured plant tissue osmosis across a range of external salt concentration. Construct a graph with external salt concentration on the x-axis and percent mass change on the y-axis. Plot the paired observations, draw one best-fit relationship, mark where the relationship crosses zero change, and report the estimated external salt concentration at zero change with units.

Write the item ID HDG-2026-P1-EST-003 at the top of your page.

| external salt concentration (%) | percent mass change (%) |
| --- | --- |
| 0.0 | 21.6 |
| 0.15 | 14.4 |
| 0.3 | 7.2 |
| 0.45 | 0.0 |
| 0.6 | -7.2 |
| 0.75 | -14.4 |
| 0.9 | -21.6 |","Expected graph: paired-data graph with one best-fit relationship and zero-intercept annotation; x-axis external salt concentration (%); y-axis percent mass change (%). Required criteria: REPRESENTATION_TYPE, X_UNIT, Y_UNIT, X_SCALE, Y_SCALE, PLOT_VALUES, BEST_FIT_RELATIONSHIP, ZERO_INTERCEPT_ANNOTATION, ESTIMATE_VALUE.",AP Biology|data analysis|graph-derived estimates|model interpretation,plant tissue osmosis|zero-intercept estimate|paired data,"[{""external salt concentration (%)"": 0.0, ""percent mass change (%)"": 21.6}, {""external salt concentration (%)"": 0.15, ""percent mass change (%)"": 14.4}, {""external salt concentration (%)"": 0.3, ""percent mass change (%)"": 7.2}, {""external salt concentration (%)"": 0.45, ""percent mass change (%)"": 0.0}, {""external salt concentration (%)"": 0.6, ""percent mass change (%)"": -7.2}, {""external salt concentration (%)"": 0.75, ""percent mass change (%)"": -14.4}, {""external salt concentration (%)"": 0.9, ""percent mass change (%)"": -21.6}]","{""expected_estimate_approx"": 0.45, ""representation"": ""paired-data graph with one best-fit relationship and zero-intercept annotation"", ""required_estimate"": ""x-value where percent mass change equals zero"", ""x_axis"": ""external salt concentration (%)"", ""y_axis"": ""percent mass change (%)""}","[{""criterion_id"": ""REPRESENTATION_TYPE"", ""met_rule"": ""Uses a continuous paired-data graph.""}, {""criterion_id"": ""X_UNIT"", ""met_rule"": ""X-axis includes required variable and unit.""}, {""criterion_id"": ""Y_UNIT"", ""met_rule"": ""Y-axis includes required variable and unit.""}, {""criterion_id"": ""X_SCALE"", ""met_rule"": ""Numeric x positions are proportional and interpretable.""}, {""criterion_id"": ""Y_SCALE"", ""met_rule"": ""Y-axis includes zero and all observations.""}, {""criterion_id"": ""PLOT_VALUES"", ""met_rule"": ""All paired observations are plotted at recoverable coordinates.""}, {""criterion_id"": ""BEST_FIT_RELATIONSHIP"", ""met_rule"": ""One best-fit relationship summarizes the observations.""}, {""criterion_id"": ""ZERO_INTERCEPT_ANNOTATION"", ""met_rule"": ""Annotation visibly links the zero crossing to the x-axis.""}, {""criterion_id"": ""ESTIMATE_VALUE"", ""met_rule"": ""Reported estimate has value and unit consistent with graph annotation.""}]",independently_authored_synthetic_research_seed_unverified,Research seed for hand-drawn graph capture and reviewer evaluation. Do not expose criterion definitions to the person drawing the graph.
HDG-2026-P1-EST-004,v0.1-research-seed,frq,short,canonical_answer,continuous_relationship_graph_derived_estimate,zero_intercept_estimate,HDG-2026-P1-EST-004__response-01.jpg,"Researchers measured enzyme inhibitor response across a range of inhibitor concentration. Construct a graph with inhibitor concentration on the x-axis and change from control on the y-axis. Plot the paired observations, draw one best-fit relationship, mark where the relationship crosses zero change, and report the estimated inhibitor concentration at zero change with units.

Write the item ID HDG-2026-P1-EST-004 at the top of your page.

| inhibitor concentration (mM) | change from control (%) |
| --- | --- |
| 0.0 | 26.77 |
| 0.15 | 18.82 |
| 0.3 | 10.87 |
| 0.45 | 2.92 |
| 0.6 | -5.03 |
| 0.75 | -12.98 |
| 0.9 | -20.93 |","Expected graph: paired-data graph with one best-fit relationship and zero-intercept annotation; x-axis inhibitor concentration (mM); y-axis change from control (%). Required criteria: REPRESENTATION_TYPE, X_UNIT, Y_UNIT, X_SCALE, Y_SCALE, PLOT_VALUES, BEST_FIT_RELATIONSHIP, ZERO_INTERCEPT_ANNOTATION, ESTIMATE_VALUE.",AP Biology|data analysis|graph-derived estimates|model interpretation,enzyme inhibitor response|zero-intercept estimate|paired data,"[{""change from control (%)"": 26.77, ""inhibitor concentration (mM)"": 0.0}, {""change from control (%)"": 18.82, ""inhibitor concentration (mM)"": 0.15}, {""change from control (%)"": 10.87, ""inhibitor concentration (mM)"": 0.3}, {""change from control (%)"": 2.92, ""inhibitor concentration (mM)"": 0.45}, {""change from control (%)"": -5.03, ""inhibitor concentration (mM)"": 0.6}, {""change from control (%)"": -12.98, ""inhibitor concentration (mM)"": 0.75}, {""change from control (%)"": -20.93, ""inhibitor concentration (mM)"": 0.9}]","{""expected_estimate_approx"": 0.51, ""representation"": ""paired-data graph with one best-fit relationship and zero-intercept annotation"", ""required_estimate"": ""x-value where change from control equals zero"", ""x_axis"": ""inhibitor concentration (mM)"", ""y_axis"": ""change from control (%)""}","[{""criterion_id"": ""REPRESENTATION_TYPE"", ""met_rule"": ""Uses a continuous paired-data graph.""}, {""criterion_id"": ""X_UNIT"", ""met_rule"": ""X-axis includes required variable and unit.""}, {""criterion_id"": ""Y_UNIT"", ""met_rule"": ""Y-axis includes required variable and unit.""}, {""criterion_id"": ""X_SCALE"", ""met_rule"": ""Numeric x positions are proportional and interpretable.""}, {""criterion_id"": ""Y_SCALE"", ""met_rule"": ""Y-axis includes zero and all observations.""}, {""criterion_id"": ""PLOT_VALUES"", ""met_rule"": ""All paired observations are plotted at recoverable coordinates.""}, {""criterion_id"": ""BEST_FIT_RELATIONSHIP"", ""met_rule"": ""One best-fit relationship summarizes the observations.""}, {""criterion_id"": ""ZERO_INTERCEPT_ANNOTATION"", ""met_rule"": ""Annotation visibly links the zero crossing to the x-axis.""}, {""criterion_id"": ""ESTIMATE_VALUE"", ""met_rule"": ""Reported estimate has value and unit consistent with graph annotation.""}]",independently_authored_synthetic_research_seed_unverified,Research seed for hand-drawn graph capture and reviewer evaluation. Do not expose criterion definitions to the person drawing the graph.
HDG-2026-P1-EST-005,v0.1-research-seed,frq,short,canonical_answer,continuous_relationship_graph_derived_estimate,zero_intercept_estimate,HDG-2026-P1-EST-005__response-01.jpg,"Researchers measured microbial growth balance across a range of antibiotic concentration. Construct a graph with antibiotic concentration on the x-axis and net growth change on the y-axis. Plot the paired observations, draw one best-fit relationship, mark where the relationship crosses zero change, and report the estimated antibiotic concentration at zero change with units.

Write the item ID HDG-2026-P1-EST-005 at the top of your page.

| antibiotic concentration (ug/mL) | net growth change (%) |
| --- | --- |
| 0.0 | 21.28 |
| 0.15 | 15.58 |
| 0.3 | 9.88 |
| 0.45 | 4.18 |
| 0.6 | -1.52 |
| 0.75 | -7.22 |
| 0.9 | -12.92 |","Expected graph: paired-data graph with one best-fit relationship and zero-intercept annotation; x-axis antibiotic concentration (ug/mL); y-axis net growth change (%). Required criteria: REPRESENTATION_TYPE, X_UNIT, Y_UNIT, X_SCALE, Y_SCALE, PLOT_VALUES, BEST_FIT_RELATIONSHIP, ZERO_INTERCEPT_ANNOTATION, ESTIMATE_VALUE.",AP Biology|data analysis|graph-derived estimates|model interpretation,microbial growth balance|zero-intercept estimate|paired data,"[{""antibiotic concentration (ug/mL)"": 0.0, ""net growth change (%)"": 21.28}, {""antibiotic concentration (ug/mL)"": 0.15, ""net growth change (%)"": 15.58}, {""antibiotic concentration (ug/mL)"": 0.3, ""net growth change (%)"": 9.88}, {""antibiotic concentration (ug/mL)"": 0.45, ""net growth change (%)"": 4.18}, {""antibiotic concentration (ug/mL)"": 0.6, ""net growth change (%)"": -1.52}, {""antibiotic concentration (ug/mL)"": 0.75, ""net growth change (%)"": -7.22}, {""antibiotic concentration (ug/mL)"": 0.9, ""net growth change (%)"": -12.92}]","{""expected_estimate_approx"": 0.56, ""representation"": ""paired-data graph with one best-fit relationship and zero-intercept annotation"", ""required_estimate"": ""x-value where net growth change equals zero"", ""x_axis"": ""antibiotic concentration (ug/mL)"", ""y_axis"": ""net growth change (%)""}","[{""criterion_id"": ""REPRESENTATION_TYPE"", ""met_rule"": ""Uses a continuous paired-data graph.""}, {""criterion_id"": ""X_UNIT"", ""met_rule"": ""X-axis includes required variable and unit.""}, {""criterion_id"": ""Y_UNIT"", ""met_rule"": ""Y-axis includes required variable and unit.""}, {""criterion_id"": ""X_SCALE"", ""met_rule"": ""Numeric x positions are proportional and interpretable.""}, {""criterion_id"": ""Y_SCALE"", ""met_rule"": ""Y-axis includes zero and all observations.""}, {""criterion_id"": ""PLOT_VALUES"", ""met_rule"": ""All paired observations are plotted at recoverable coordinates.""}, {""criterion_id"": ""BEST_FIT_RELATIONSHIP"", ""met_rule"": ""One best-fit relationship summarizes the observations.""}, {""criterion_id"": ""ZERO_INTERCEPT_ANNOTATION"", ""met_rule"": ""Annotation visibly links the zero crossing to the x-axis.""}, {""criterion_id"": ""ESTIMATE_VALUE"", ""met_rule"": ""Reported estimate has value and unit consistent with graph annotation.""}]",independently_authored_synthetic_research_seed_unverified,Research seed for hand-drawn graph capture and reviewer evaluation. Do not expose criterion definitions to the person drawing the graph.
HDG-2026-P1-EST-006,v0.1-research-seed,frq,short,canonical_answer,continuous_relationship_graph_derived_estimate,zero_intercept_estimate,HDG-2026-P1-EST-006__response-01.jpg,"Researchers measured water movement in model cells across a range of external solute concentration. Construct a graph with external solute concentration on the x-axis and percent mass change on the y-axis. Plot the paired observations, draw one best-fit relationship, mark where the relationship crosses zero change, and report the estimated external solute concentration at zero change with units.

Write the item ID HDG-2026-P1-EST-006 at the top of your page.

| external solute concentration (M) | percent mass change (%) |
| --- | --- |
| 0.0 | 14.62 |
| 0.15 | 8.17 |
| 0.3 | 1.72 |
| 0.45 | -4.73 |
| 0.6 | -11.18 |
| 0.75 | -17.63 |
| 0.9 | -24.08 |","Expected graph: paired-data graph with one best-fit relationship and zero-intercept annotation; x-axis external solute concentration (M); y-axis percent mass change (%). Required criteria: REPRESENTATION_TYPE, X_UNIT, Y_UNIT, X_SCALE, Y_SCALE, PLOT_VALUES, BEST_FIT_RELATIONSHIP, ZERO_INTERCEPT_ANNOTATION, ESTIMATE_VALUE.",AP Biology|data analysis|graph-derived estimates|model interpretation,water movement in model cells|zero-intercept estimate|paired data,"[{""external solute concentration (M)"": 0.0, ""percent mass change (%)"": 14.62}, {""external solute concentration (M)"": 0.15, ""percent mass change (%)"": 8.17}, {""external solute concentration (M)"": 0.3, ""percent mass change (%)"": 1.72}, {""external solute concentration (M)"": 0.45, ""percent mass change (%)"": -4.73}, {""external solute concentration (M)"": 0.6, ""percent mass change (%)"": -11.18}, {""external solute concentration (M)"": 0.75, ""percent mass change (%)"": -17.63}, {""external solute concentration (M)"": 0.9, ""percent mass change (%)"": -24.08}]","{""expected_estimate_approx"": 0.34, ""representation"": ""paired-data graph with one best-fit relationship and zero-intercept annotation"", ""required_estimate"": ""x-value where percent mass change equals zero"", ""x_axis"": ""external solute concentration (M)"", ""y_axis"": ""percent mass change (%)""}","[{""criterion_id"": ""REPRESENTATION_TYPE"", ""met_rule"": ""Uses a continuous paired-data graph.""}, {""criterion_id"": ""X_UNIT"", ""met_rule"": ""X-axis includes required variable and unit.""}, {""criterion_id"": ""Y_UNIT"", ""met_rule"": ""Y-axis includes required variable and unit.""}, {""criterion_id"": ""X_SCALE"", ""met_rule"": ""Numeric x positions are proportional and interpretable.""}, {""criterion_id"": ""Y_SCALE"", ""met_rule"": ""Y-axis includes zero and all observations.""}, {""criterion_id"": ""PLOT_VALUES"", ""met_rule"": ""All paired observations are plotted at recoverable coordinates.""}, {""criterion_id"": ""BEST_FIT_RELATIONSHIP"", ""met_rule"": ""One best-fit relationship summarizes the observations.""}, {""criterion_id"": ""ZERO_INTERCEPT_ANNOTATION"", ""met_rule"": ""Annotation visibly links the zero crossing to the x-axis.""}, {""criterion_id"": ""ESTIMATE_VALUE"", ""met_rule"": ""Reported estimate has value and unit consistent with graph annotation.""}]",independently_authored_synthetic_research_seed_unverified,Research seed for hand-drawn graph capture and reviewer evaluation. Do not expose criterion definitions to the person drawing the graph.
HDG-2026-P1-EST-007,v0.1-research-seed,frq,short,canonical_answer,continuous_relationship_graph_derived_estimate,zero_intercept_estimate,HDG-2026-P1-EST-007__response-01.jpg,"Researchers measured dialysis bag mass change across a range of sucrose concentration. Construct a graph with sucrose concentration on the x-axis and percent mass change on the y-axis. Plot the paired observations, draw one best-fit relationship, mark where the relationship crosses zero change, and report the estimated sucrose concentration at zero change with units.

Write the item ID HDG-2026-P1-EST-007 at the top of your page.

| sucrose concentration (M) | percent mass change (%) |
| --- | --- |
| 0.0 | 18.96 |
| 0.15 | 11.76 |
| 0.3 | 4.56 |
| 0.45 | -2.64 |
| 0.6 | -9.84 |
| 0.75 | -17.04 |
| 0.9 | -24.24 |","Expected graph: paired-data graph with one best-fit relationship and zero-intercept annotation; x-axis sucrose concentration (M); y-axis percent mass change (%). Required criteria: REPRESENTATION_TYPE, X_UNIT, Y_UNIT, X_SCALE, Y_SCALE, PLOT_VALUES, BEST_FIT_RELATIONSHIP, ZERO_INTERCEPT_ANNOTATION, ESTIMATE_VALUE.",AP Biology|data analysis|graph-derived estimates|model interpretation,dialysis bag mass change|zero-intercept estimate|paired data,"[{""percent mass change (%)"": 18.96, ""sucrose concentration (M)"": 0.0}, {""percent mass change (%)"": 11.76, ""sucrose concentration (M)"": 0.15}, {""percent mass change (%)"": 4.56, ""sucrose concentration (M)"": 0.3}, {""percent mass change (%)"": -2.64, ""sucrose concentration (M)"": 0.45}, {""percent mass change (%)"": -9.84, ""sucrose concentration (M)"": 0.6}, {""percent mass change (%)"": -17.04, ""sucrose concentration (M)"": 0.75}, {""percent mass change (%)"": -24.24, ""sucrose concentration (M)"": 0.9}]","{""expected_estimate_approx"": 0.4, ""representation"": ""paired-data graph with one best-fit relationship and zero-intercept annotation"", ""required_estimate"": ""x-value where percent mass change equals zero"", ""x_axis"": ""sucrose concentration (M)"", ""y_axis"": ""percent mass change (%)""}","[{""criterion_id"": ""REPRESENTATION_TYPE"", ""met_rule"": ""Uses a continuous paired-data graph.""}, {""criterion_id"": ""X_UNIT"", ""met_rule"": ""X-axis includes required variable and unit.""}, {""criterion_id"": ""Y_UNIT"", ""met_rule"": ""Y-axis includes required variable and unit.""}, {""criterion_id"": ""X_SCALE"", ""met_rule"": ""Numeric x positions are proportional and interpretable.""}, {""criterion_id"": ""Y_SCALE"", ""met_rule"": ""Y-axis includes zero and all observations.""}, {""criterion_id"": ""PLOT_VALUES"", ""met_rule"": ""All paired observations are plotted at recoverable coordinates.""}, {""criterion_id"": ""BEST_FIT_RELATIONSHIP"", ""met_rule"": ""One best-fit relationship summarizes the observations.""}, {""criterion_id"": ""ZERO_INTERCEPT_ANNOTATION"", ""met_rule"": ""Annotation visibly links the zero crossing to the x-axis.""}, {""criterion_id"": ""ESTIMATE_VALUE"", ""met_rule"": ""Reported estimate has value and unit consistent with graph annotation.""}]",independently_authored_synthetic_research_seed_unverified,Research seed for hand-drawn graph capture and reviewer evaluation. Do not expose criterion definitions to the person drawing the graph.
HDG-2026-P1-EST-008,v0.1-research-seed,frq,short,canonical_answer,continuous_relationship_graph_derived_estimate,zero_intercept_estimate,HDG-2026-P1-EST-008__response-01.jpg,"Researchers measured plant tissue osmosis across a range of external salt concentration. Construct a graph with external salt concentration on the x-axis and percent mass change on the y-axis. Plot the paired observations, draw one best-fit relationship, mark where the relationship crosses zero change, and report the estimated external salt concentration at zero change with units.

Write the item ID HDG-2026-P1-EST-008 at the top of your page.

| external salt concentration (%) | percent mass change (%) |
| --- | --- |
| 0.0 | 23.85 |
| 0.15 | 15.9 |
| 0.3 | 7.95 |
| 0.45 | 0.0 |
| 0.6 | -7.95 |
| 0.75 | -15.9 |
| 0.9 | -23.85 |","Expected graph: paired-data graph with one best-fit relationship and zero-intercept annotation; x-axis external salt concentration (%); y-axis percent mass change (%). Required criteria: REPRESENTATION_TYPE, X_UNIT, Y_UNIT, X_SCALE, Y_SCALE, PLOT_VALUES, BEST_FIT_RELATIONSHIP, ZERO_INTERCEPT_ANNOTATION, ESTIMATE_VALUE.",AP Biology|data analysis|graph-derived estimates|model interpretation,plant tissue osmosis|zero-intercept estimate|paired data,"[{""external salt concentration (%)"": 0.0, ""percent mass change (%)"": 23.85}, {""external salt concentration (%)"": 0.15, ""percent mass change (%)"": 15.9}, {""external salt concentration (%)"": 0.3, ""percent mass change (%)"": 7.95}, {""external salt concentration (%)"": 0.45, ""percent mass change (%)"": 0.0}, {""external salt concentration (%)"": 0.6, ""percent mass change (%)"": -7.95}, {""external salt concentration (%)"": 0.75, ""percent mass change (%)"": -15.9}, {""external salt concentration (%)"": 0.9, ""percent mass change (%)"": -23.85}]","{""expected_estimate_approx"": 0.45, ""representation"": ""paired-data graph with one best-fit relationship and zero-intercept annotation"", ""required_estimate"": ""x-value where percent mass change equals zero"", ""x_axis"": ""external salt concentration (%)"", ""y_axis"": ""percent mass change (%)""}","[{""criterion_id"": ""REPRESENTATION_TYPE"", ""met_rule"": ""Uses a continuous paired-data graph.""}, {""criterion_id"": ""X_UNIT"", ""met_rule"": ""X-axis includes required variable and unit.""}, {""criterion_id"": ""Y_UNIT"", ""met_rule"": ""Y-axis includes required variable and unit.""}, {""criterion_id"": ""X_SCALE"", ""met_rule"": ""Numeric x positions are proportional and interpretable.""}, {""criterion_id"": ""Y_SCALE"", ""met_rule"": ""Y-axis includes zero and all observations.""}, {""criterion_id"": ""PLOT_VALUES"", ""met_rule"": ""All paired observations are plotted at recoverable coordinates.""}, {""criterion_id"": ""BEST_FIT_RELATIONSHIP"", ""met_rule"": ""One best-fit relationship summarizes the observations.""}, {""criterion_id"": ""ZERO_INTERCEPT_ANNOTATION"", ""met_rule"": ""Annotation visibly links the zero crossing to the x-axis.""}, {""criterion_id"": ""ESTIMATE_VALUE"", ""met_rule"": ""Reported estimate has value and unit consistent with graph annotation.""}]",independently_authored_synthetic_research_seed_unverified,Research seed for hand-drawn graph capture and reviewer evaluation. Do not expose criterion definitions to the person drawing the graph.
HDG-2026-P1-EST-009,v0.1-research-seed,frq,short,canonical_answer,continuous_relationship_graph_derived_estimate,zero_intercept_estimate,HDG-2026-P1-EST-009__response-01.jpg,"Researchers measured enzyme inhibitor response across a range of inhibitor concentration. Construct a graph with inhibitor concentration on the x-axis and change from control on the y-axis. Plot the paired observations, draw one best-fit relationship, mark where the relationship crosses zero change, and report the estimated inhibitor concentration at zero change with units.

Write the item ID HDG-2026-P1-EST-009 at the top of your page.

| inhibitor concentration (mM) | change from control (%) |
| --- | --- |
| 0.0 | 19.19 |
| 0.15 | 13.49 |
| 0.3 | 7.79 |
| 0.45 | 2.09 |
| 0.6 | -3.61 |
| 0.75 | -9.31 |
| 0.9 | -15.01 |","Expected graph: paired-data graph with one best-fit relationship and zero-intercept annotation; x-axis inhibitor concentration (mM); y-axis change from control (%). Required criteria: REPRESENTATION_TYPE, X_UNIT, Y_UNIT, X_SCALE, Y_SCALE, PLOT_VALUES, BEST_FIT_RELATIONSHIP, ZERO_INTERCEPT_ANNOTATION, ESTIMATE_VALUE.",AP Biology|data analysis|graph-derived estimates|model interpretation,enzyme inhibitor response|zero-intercept estimate|paired data,"[{""change from control (%)"": 19.19, ""inhibitor concentration (mM)"": 0.0}, {""change from control (%)"": 13.49, ""inhibitor concentration (mM)"": 0.15}, {""change from control (%)"": 7.79, ""inhibitor concentration (mM)"": 0.3}, {""change from control (%)"": 2.09, ""inhibitor concentration (mM)"": 0.45}, {""change from control (%)"": -3.61, ""inhibitor concentration (mM)"": 0.6}, {""change from control (%)"": -9.31, ""inhibitor concentration (mM)"": 0.75}, {""change from control (%)"": -15.01, ""inhibitor concentration (mM)"": 0.9}]","{""expected_estimate_approx"": 0.51, ""representation"": ""paired-data graph with one best-fit relationship and zero-intercept annotation"", ""required_estimate"": ""x-value where change from control equals zero"", ""x_axis"": ""inhibitor concentration (mM)"", ""y_axis"": ""change from control (%)""}","[{""criterion_id"": ""REPRESENTATION_TYPE"", ""met_rule"": ""Uses a continuous paired-data graph.""}, {""criterion_id"": ""X_UNIT"", ""met_rule"": ""X-axis includes required variable and unit.""}, {""criterion_id"": ""Y_UNIT"", ""met_rule"": ""Y-axis includes required variable and unit.""}, {""criterion_id"": ""X_SCALE"", ""met_rule"": ""Numeric x positions are proportional and interpretable.""}, {""criterion_id"": ""Y_SCALE"", ""met_rule"": ""Y-axis includes zero and all observations.""}, {""criterion_id"": ""PLOT_VALUES"", ""met_rule"": ""All paired observations are plotted at recoverable coordinates.""}, {""criterion_id"": ""BEST_FIT_RELATIONSHIP"", ""met_rule"": ""One best-fit relationship summarizes the observations.""}, {""criterion_id"": ""ZERO_INTERCEPT_ANNOTATION"", ""met_rule"": ""Annotation visibly links the zero crossing to the x-axis.""}, {""criterion_id"": ""ESTIMATE_VALUE"", ""met_rule"": ""Reported estimate has value and unit consistent with graph annotation.""}]",independently_authored_synthetic_research_seed_unverified,Research seed for hand-drawn graph capture and reviewer evaluation. Do not expose criterion definitions to the person drawing the graph.
HDG-2026-P1-EST-010,v0.1-research-seed,frq,short,canonical_answer,continuous_relationship_graph_derived_estimate,zero_intercept_estimate,HDG-2026-P1-EST-010__response-01.jpg,"Researchers measured microbial growth balance across a range of antibiotic concentration. Construct a graph with antibiotic concentration on the x-axis and net growth change on the y-axis. Plot the paired observations, draw one best-fit relationship, mark where the relationship crosses zero change, and report the estimated antibiotic concentration at zero change with units.

Write the item ID HDG-2026-P1-EST-010 at the top of your page.

| antibiotic concentration (ug/mL) | net growth change (%) |
| --- | --- |
| 0.0 | 24.08 |
| 0.15 | 17.63 |
| 0.3 | 11.18 |
| 0.45 | 4.73 |
| 0.6 | -1.72 |
| 0.75 | -8.17 |
| 0.9 | -14.62 |","Expected graph: paired-data graph with one best-fit relationship and zero-intercept annotation; x-axis antibiotic concentration (ug/mL); y-axis net growth change (%). Required criteria: REPRESENTATION_TYPE, X_UNIT, Y_UNIT, X_SCALE, Y_SCALE, PLOT_VALUES, BEST_FIT_RELATIONSHIP, ZERO_INTERCEPT_ANNOTATION, ESTIMATE_VALUE.",AP Biology|data analysis|graph-derived estimates|model interpretation,microbial growth balance|zero-intercept estimate|paired data,"[{""antibiotic concentration (ug/mL)"": 0.0, ""net growth change (%)"": 24.08}, {""antibiotic concentration (ug/mL)"": 0.15, ""net growth change (%)"": 17.63}, {""antibiotic concentration (ug/mL)"": 0.3, ""net growth change (%)"": 11.18}, {""antibiotic concentration (ug/mL)"": 0.45, ""net growth change (%)"": 4.73}, {""antibiotic concentration (ug/mL)"": 0.6, ""net growth change (%)"": -1.72}, {""antibiotic concentration (ug/mL)"": 0.75, ""net growth change (%)"": -8.17}, {""antibiotic concentration (ug/mL)"": 0.9, ""net growth change (%)"": -14.62}]","{""expected_estimate_approx"": 0.56, ""representation"": ""paired-data graph with one best-fit relationship and zero-intercept annotation"", ""required_estimate"": ""x-value where net growth change equals zero"", ""x_axis"": ""antibiotic concentration (ug/mL)"", ""y_axis"": ""net growth change (%)""}","[{""criterion_id"": ""REPRESENTATION_TYPE"", ""met_rule"": ""Uses a continuous paired-data graph.""}, {""criterion_id"": ""X_UNIT"", ""met_rule"": ""X-axis includes required variable and unit.""}, {""criterion_id"": ""Y_UNIT"", ""met_rule"": ""Y-axis includes required variable and unit.""}, {""criterion_id"": ""X_SCALE"", ""met_rule"": ""Numeric x positions are proportional and interpretable.""}, {""criterion_id"": ""Y_SCALE"", ""met_rule"": ""Y-axis includes zero and all observations.""}, {""criterion_id"": ""PLOT_VALUES"", ""met_rule"": ""All paired observations are plotted at recoverable coordinates.""}, {""criterion_id"": ""BEST_FIT_RELATIONSHIP"", ""met_rule"": ""One best-fit relationship summarizes the observations.""}, {""criterion_id"": ""ZERO_INTERCEPT_ANNOTATION"", ""met_rule"": ""Annotation visibly links the zero crossing to the x-axis.""}, {""criterion_id"": ""ESTIMATE_VALUE"", ""met_rule"": ""Reported estimate has value and unit consistent with graph annotation.""}]",independently_authored_synthetic_research_seed_unverified,Research seed for hand-drawn graph capture and reviewer evaluation. Do not expose criterion definitions to the person drawing the graph.
HDG-2026-P1-EST-011,v0.1-research-seed,frq,short,canonical_answer,continuous_relationship_graph_derived_estimate,zero_intercept_estimate,HDG-2026-P1-EST-011__response-01.jpg,"Researchers measured water movement in model cells across a range of external solute concentration. Construct a graph with external solute concentration on the x-axis and percent mass change on the y-axis. Plot the paired observations, draw one best-fit relationship, mark where the relationship crosses zero change, and report the estimated external solute concentration at zero change with units.

Write the item ID HDG-2026-P1-EST-011 at the top of your page.

| external solute concentration (M) | percent mass change (%) |
| --- | --- |
| 0.0 | 16.32 |
| 0.15 | 9.12 |
| 0.3 | 1.92 |
| 0.45 | -5.28 |
| 0.6 | -12.48 |
| 0.75 | -19.68 |
| 0.9 | -26.88 |","Expected graph: paired-data graph with one best-fit relationship and zero-intercept annotation; x-axis external solute concentration (M); y-axis percent mass change (%). Required criteria: REPRESENTATION_TYPE, X_UNIT, Y_UNIT, X_SCALE, Y_SCALE, PLOT_VALUES, BEST_FIT_RELATIONSHIP, ZERO_INTERCEPT_ANNOTATION, ESTIMATE_VALUE.",AP Biology|data analysis|graph-derived estimates|model interpretation,water movement in model cells|zero-intercept estimate|paired data,"[{""external solute concentration (M)"": 0.0, ""percent mass change (%)"": 16.32}, {""external solute concentration (M)"": 0.15, ""percent mass change (%)"": 9.12}, {""external solute concentration (M)"": 0.3, ""percent mass change (%)"": 1.92}, {""external solute concentration (M)"": 0.45, ""percent mass change (%)"": -5.28}, {""external solute concentration (M)"": 0.6, ""percent mass change (%)"": -12.48}, {""external solute concentration (M)"": 0.75, ""percent mass change (%)"": -19.68}, {""external solute concentration (M)"": 0.9, ""percent mass change (%)"": -26.88}]","{""expected_estimate_approx"": 0.34, ""representation"": ""paired-data graph with one best-fit relationship and zero-intercept annotation"", ""required_estimate"": ""x-value where percent mass change equals zero"", ""x_axis"": ""external solute concentration (M)"", ""y_axis"": ""percent mass change (%)""}","[{""criterion_id"": ""REPRESENTATION_TYPE"", ""met_rule"": ""Uses a continuous paired-data graph.""}, {""criterion_id"": ""X_UNIT"", ""met_rule"": ""X-axis includes required variable and unit.""}, {""criterion_id"": ""Y_UNIT"", ""met_rule"": ""Y-axis includes required variable and unit.""}, {""criterion_id"": ""X_SCALE"", ""met_rule"": ""Numeric x positions are proportional and interpretable.""}, {""criterion_id"": ""Y_SCALE"", ""met_rule"": ""Y-axis includes zero and all observations.""}, {""criterion_id"": ""PLOT_VALUES"", ""met_rule"": ""All paired observations are plotted at recoverable coordinates.""}, {""criterion_id"": ""BEST_FIT_RELATIONSHIP"", ""met_rule"": ""One best-fit relationship summarizes the observations.""}, {""criterion_id"": ""ZERO_INTERCEPT_ANNOTATION"", ""met_rule"": ""Annotation visibly links the zero crossing to the x-axis.""}, {""criterion_id"": ""ESTIMATE_VALUE"", ""met_rule"": ""Reported estimate has value and unit consistent with graph annotation.""}]",independently_authored_synthetic_research_seed_unverified,Research seed for hand-drawn graph capture and reviewer evaluation. Do not expose criterion definitions to the person drawing the graph.
HDG-2026-P1-EST-012,v0.1-research-seed,frq,short,canonical_answer,continuous_relationship_graph_derived_estimate,zero_intercept_estimate,HDG-2026-P1-EST-012__response-01.jpg,"Researchers measured dialysis bag mass change across a range of sucrose concentration. Construct a graph with sucrose concentration on the x-axis and percent mass change on the y-axis. Plot the paired observations, draw one best-fit relationship, mark where the relationship crosses zero change, and report the estimated sucrose concentration at zero change with units.

Write the item ID HDG-2026-P1-EST-012 at the top of your page.

| sucrose concentration (M) | percent mass change (%) |
| --- | --- |
| 0.0 | 20.94 |
| 0.15 | 12.99 |
| 0.3 | 5.04 |
| 0.45 | -2.91 |
| 0.6 | -10.86 |
| 0.75 | -18.81 |
| 0.9 | -26.76 |","Expected graph: paired-data graph with one best-fit relationship and zero-intercept annotation; x-axis sucrose concentration (M); y-axis percent mass change (%). Required criteria: REPRESENTATION_TYPE, X_UNIT, Y_UNIT, X_SCALE, Y_SCALE, PLOT_VALUES, BEST_FIT_RELATIONSHIP, ZERO_INTERCEPT_ANNOTATION, ESTIMATE_VALUE.",AP Biology|data analysis|graph-derived estimates|model interpretation,dialysis bag mass change|zero-intercept estimate|paired data,"[{""percent mass change (%)"": 20.94, ""sucrose concentration (M)"": 0.0}, {""percent mass change (%)"": 12.99, ""sucrose concentration (M)"": 0.15}, {""percent mass change (%)"": 5.04, ""sucrose concentration (M)"": 0.3}, {""percent mass change (%)"": -2.91, ""sucrose concentration (M)"": 0.45}, {""percent mass change (%)"": -10.86, ""sucrose concentration (M)"": 0.6}, {""percent mass change (%)"": -18.81, ""sucrose concentration (M)"": 0.75}, {""percent mass change (%)"": -26.76, ""sucrose concentration (M)"": 0.9}]","{""expected_estimate_approx"": 0.4, ""representation"": ""paired-data graph with one best-fit relationship and zero-intercept annotation"", ""required_estimate"": ""x-value where percent mass change equals zero"", ""x_axis"": ""sucrose concentration (M)"", ""y_axis"": ""percent mass change (%)""}","[{""criterion_id"": ""REPRESENTATION_TYPE"", ""met_rule"": ""Uses a continuous paired-data graph.""}, {""criterion_id"": ""X_UNIT"", ""met_rule"": ""X-axis includes required variable and unit.""}, {""criterion_id"": ""Y_UNIT"", ""met_rule"": ""Y-axis includes required variable and unit.""}, {""criterion_id"": ""X_SCALE"", ""met_rule"": ""Numeric x positions are proportional and interpretable.""}, {""criterion_id"": ""Y_SCALE"", ""met_rule"": ""Y-axis includes zero and all observations.""}, {""criterion_id"": ""PLOT_VALUES"", ""met_rule"": ""All paired observations are plotted at recoverable coordinates.""}, {""criterion_id"": ""BEST_FIT_RELATIONSHIP"", ""met_rule"": ""One best-fit relationship summarizes the observations.""}, {""criterion_id"": ""ZERO_INTERCEPT_ANNOTATION"", ""met_rule"": ""Annotation visibly links the zero crossing to the x-axis.""}, {""criterion_id"": ""ESTIMATE_VALUE"", ""met_rule"": ""Reported estimate has value and unit consistent with graph annotation.""}]",independently_authored_synthetic_research_seed_unverified,Research seed for hand-drawn graph capture and reviewer evaluation. Do not expose criterion definitions to the person drawing the graph.
HDG-2026-P1-EST-013,v0.1-research-seed,frq,short,canonical_answer,continuous_relationship_graph_derived_estimate,zero_intercept_estimate,HDG-2026-P1-EST-013__response-01.jpg,"Researchers measured plant tissue osmosis across a range of external salt concentration. Construct a graph with external salt concentration on the x-axis and percent mass change on the y-axis. Plot the paired observations, draw one best-fit relationship, mark where the relationship crosses zero change, and report the estimated external salt concentration at zero change with units.

Write the item ID HDG-2026-P1-EST-013 at the top of your page.

| external salt concentration (%) | percent mass change (%) |
| --- | --- |
| 0.0 | 17.1 |
| 0.15 | 11.4 |
| 0.3 | 5.7 |
| 0.45 | 0.0 |
| 0.6 | -5.7 |
| 0.75 | -11.4 |
| 0.9 | -17.1 |","Expected graph: paired-data graph with one best-fit relationship and zero-intercept annotation; x-axis external salt concentration (%); y-axis percent mass change (%). Required criteria: REPRESENTATION_TYPE, X_UNIT, Y_UNIT, X_SCALE, Y_SCALE, PLOT_VALUES, BEST_FIT_RELATIONSHIP, ZERO_INTERCEPT_ANNOTATION, ESTIMATE_VALUE.",AP Biology|data analysis|graph-derived estimates|model interpretation,plant tissue osmosis|zero-intercept estimate|paired data,"[{""external salt concentration (%)"": 0.0, ""percent mass change (%)"": 17.1}, {""external salt concentration (%)"": 0.15, ""percent mass change (%)"": 11.4}, {""external salt concentration (%)"": 0.3, ""percent mass change (%)"": 5.7}, {""external salt concentration (%)"": 0.45, ""percent mass change (%)"": 0.0}, {""external salt concentration (%)"": 0.6, ""percent mass change (%)"": -5.7}, {""external salt concentration (%)"": 0.75, ""percent mass change (%)"": -11.4}, {""external salt concentration (%)"": 0.9, ""percent mass change (%)"": -17.1}]","{""expected_estimate_approx"": 0.45, ""representation"": ""paired-data graph with one best-fit relationship and zero-intercept annotation"", ""required_estimate"": ""x-value where percent mass change equals zero"", ""x_axis"": ""external salt concentration (%)"", ""y_axis"": ""percent mass change (%)""}","[{""criterion_id"": ""REPRESENTATION_TYPE"", ""met_rule"": ""Uses a continuous paired-data graph.""}, {""criterion_id"": ""X_UNIT"", ""met_rule"": ""X-axis includes required variable and unit.""}, {""criterion_id"": ""Y_UNIT"", ""met_rule"": ""Y-axis includes required variable and unit.""}, {""criterion_id"": ""X_SCALE"", ""met_rule"": ""Numeric x positions are proportional and interpretable.""}, {""criterion_id"": ""Y_SCALE"", ""met_rule"": ""Y-axis includes zero and all observations.""}, {""criterion_id"": ""PLOT_VALUES"", ""met_rule"": ""All paired observations are plotted at recoverable coordinates.""}, {""criterion_id"": ""BEST_FIT_RELATIONSHIP"", ""met_rule"": ""One best-fit relationship summarizes the observations.""}, {""criterion_id"": ""ZERO_INTERCEPT_ANNOTATION"", ""met_rule"": ""Annotation visibly links the zero crossing to the x-axis.""}, {""criterion_id"": ""ESTIMATE_VALUE"", ""met_rule"": ""Reported estimate has value and unit consistent with graph annotation.""}]",independently_authored_synthetic_research_seed_unverified,Research seed for hand-drawn graph capture and reviewer evaluation. Do not expose criterion definitions to the person drawing the graph.
HDG-2026-P1-EST-014,v0.1-research-seed,frq,short,canonical_answer,continuous_relationship_graph_derived_estimate,zero_intercept_estimate,HDG-2026-P1-EST-014__response-01.jpg,"Researchers measured enzyme inhibitor response across a range of inhibitor concentration. Construct a graph with inhibitor concentration on the x-axis and change from control on the y-axis. Plot the paired observations, draw one best-fit relationship, mark where the relationship crosses zero change, and report the estimated inhibitor concentration at zero change with units.

Write the item ID HDG-2026-P1-EST-014 at the top of your page.

| inhibitor concentration (mM) | change from control (%) |
| --- | --- |
| 0.0 | 21.72 |
| 0.15 | 15.27 |
| 0.3 | 8.82 |
| 0.45 | 2.37 |
| 0.6 | -4.08 |
| 0.75 | -10.53 |
| 0.9 | -16.98 |","Expected graph: paired-data graph with one best-fit relationship and zero-intercept annotation; x-axis inhibitor concentration (mM); y-axis change from control (%). Required criteria: REPRESENTATION_TYPE, X_UNIT, Y_UNIT, X_SCALE, Y_SCALE, PLOT_VALUES, BEST_FIT_RELATIONSHIP, ZERO_INTERCEPT_ANNOTATION, ESTIMATE_VALUE.",AP Biology|data analysis|graph-derived estimates|model interpretation,enzyme inhibitor response|zero-intercept estimate|paired data,"[{""change from control (%)"": 21.72, ""inhibitor concentration (mM)"": 0.0}, {""change from control (%)"": 15.27, ""inhibitor concentration (mM)"": 0.15}, {""change from control (%)"": 8.82, ""inhibitor concentration (mM)"": 0.3}, {""change from control (%)"": 2.37, ""inhibitor concentration (mM)"": 0.45}, {""change from control (%)"": -4.08, ""inhibitor concentration (mM)"": 0.6}, {""change from control (%)"": -10.53, ""inhibitor concentration (mM)"": 0.75}, {""change from control (%)"": -16.98, ""inhibitor concentration (mM)"": 0.9}]","{""expected_estimate_approx"": 0.51, ""representation"": ""paired-data graph with one best-fit relationship and zero-intercept annotation"", ""required_estimate"": ""x-value where change from control equals zero"", ""x_axis"": ""inhibitor concentration (mM)"", ""y_axis"": ""change from control (%)""}","[{""criterion_id"": ""REPRESENTATION_TYPE"", ""met_rule"": ""Uses a continuous paired-data graph.""}, {""criterion_id"": ""X_UNIT"", ""met_rule"": ""X-axis includes required variable and unit.""}, {""criterion_id"": ""Y_UNIT"", ""met_rule"": ""Y-axis includes required variable and unit.""}, {""criterion_id"": ""X_SCALE"", ""met_rule"": ""Numeric x positions are proportional and interpretable.""}, {""criterion_id"": ""Y_SCALE"", ""met_rule"": ""Y-axis includes zero and all observations.""}, {""criterion_id"": ""PLOT_VALUES"", ""met_rule"": ""All paired observations are plotted at recoverable coordinates.""}, {""criterion_id"": ""BEST_FIT_RELATIONSHIP"", ""met_rule"": ""One best-fit relationship summarizes the observations.""}, {""criterion_id"": ""ZERO_INTERCEPT_ANNOTATION"", ""met_rule"": ""Annotation visibly links the zero crossing to the x-axis.""}, {""criterion_id"": ""ESTIMATE_VALUE"", ""met_rule"": ""Reported estimate has value and unit consistent with graph annotation.""}]",independently_authored_synthetic_research_seed_unverified,Research seed for hand-drawn graph capture and reviewer evaluation. Do not expose criterion definitions to the person drawing the graph.
HDG-2026-P1-EST-015,v0.1-research-seed,frq,short,canonical_answer,continuous_relationship_graph_derived_estimate,zero_intercept_estimate,HDG-2026-P1-EST-015__response-01.jpg,"Researchers measured microbial growth balance across a range of antibiotic concentration. Construct a graph with antibiotic concentration on the x-axis and net growth change on the y-axis. Plot the paired observations, draw one best-fit relationship, mark where the relationship crosses zero change, and report the estimated antibiotic concentration at zero change with units.

Write the item ID HDG-2026-P1-EST-015 at the top of your page.

| antibiotic concentration (ug/mL) | net growth change (%) |
| --- | --- |
| 0.0 | 26.88 |
| 0.15 | 19.68 |
| 0.3 | 12.48 |
| 0.45 | 5.28 |
| 0.6 | -1.92 |
| 0.75 | -9.12 |
| 0.9 | -16.32 |","Expected graph: paired-data graph with one best-fit relationship and zero-intercept annotation; x-axis antibiotic concentration (ug/mL); y-axis net growth change (%). Required criteria: REPRESENTATION_TYPE, X_UNIT, Y_UNIT, X_SCALE, Y_SCALE, PLOT_VALUES, BEST_FIT_RELATIONSHIP, ZERO_INTERCEPT_ANNOTATION, ESTIMATE_VALUE.",AP Biology|data analysis|graph-derived estimates|model interpretation,microbial growth balance|zero-intercept estimate|paired data,"[{""antibiotic concentration (ug/mL)"": 0.0, ""net growth change (%)"": 26.88}, {""antibiotic concentration (ug/mL)"": 0.15, ""net growth change (%)"": 19.68}, {""antibiotic concentration (ug/mL)"": 0.3, ""net growth change (%)"": 12.48}, {""antibiotic concentration (ug/mL)"": 0.45, ""net growth change (%)"": 5.28}, {""antibiotic concentration (ug/mL)"": 0.6, ""net growth change (%)"": -1.92}, {""antibiotic concentration (ug/mL)"": 0.75, ""net growth change (%)"": -9.12}, {""antibiotic concentration (ug/mL)"": 0.9, ""net growth change (%)"": -16.32}]","{""expected_estimate_approx"": 0.56, ""representation"": ""paired-data graph with one best-fit relationship and zero-intercept annotation"", ""required_estimate"": ""x-value where net growth change equals zero"", ""x_axis"": ""antibiotic concentration (ug/mL)"", ""y_axis"": ""net growth change (%)""}","[{""criterion_id"": ""REPRESENTATION_TYPE"", ""met_rule"": ""Uses a continuous paired-data graph.""}, {""criterion_id"": ""X_UNIT"", ""met_rule"": ""X-axis includes required variable and unit.""}, {""criterion_id"": ""Y_UNIT"", ""met_rule"": ""Y-axis includes required variable and unit.""}, {""criterion_id"": ""X_SCALE"", ""met_rule"": ""Numeric x positions are proportional and interpretable.""}, {""criterion_id"": ""Y_SCALE"", ""met_rule"": ""Y-axis includes zero and all observations.""}, {""criterion_id"": ""PLOT_VALUES"", ""met_rule"": ""All paired observations are plotted at recoverable coordinates.""}, {""criterion_id"": ""BEST_FIT_RELATIONSHIP"", ""met_rule"": ""One best-fit relationship summarizes the observations.""}, {""criterion_id"": ""ZERO_INTERCEPT_ANNOTATION"", ""met_rule"": ""Annotation visibly links the zero crossing to the x-axis.""}, {""criterion_id"": ""ESTIMATE_VALUE"", ""met_rule"": ""Reported estimate has value and unit consistent with graph annotation.""}]",independently_authored_synthetic_research_seed_unverified,Research seed for hand-drawn graph capture and reviewer evaluation. Do not expose criterion definitions to the person drawing the graph.
HDG-2026-P1-EST-016,v0.1-research-seed,frq,short,canonical_answer,continuous_relationship_graph_derived_estimate,zero_intercept_estimate,HDG-2026-P1-EST-016__response-01.jpg,"Researchers measured water movement in model cells across a range of external solute concentration. Construct a graph with external solute concentration on the x-axis and percent mass change on the y-axis. Plot the paired observations, draw one best-fit relationship, mark where the relationship crosses zero change, and report the estimated external solute concentration at zero change with units.

Write the item ID HDG-2026-P1-EST-016 at the top of your page.

| external solute concentration (M) | percent mass change (%) |
| --- | --- |
| 0.0 | 18.02 |
| 0.15 | 10.07 |
| 0.3 | 2.12 |
| 0.45 | -5.83 |
| 0.6 | -13.78 |
| 0.75 | -21.73 |
| 0.9 | -29.68 |","Expected graph: paired-data graph with one best-fit relationship and zero-intercept annotation; x-axis external solute concentration (M); y-axis percent mass change (%). Required criteria: REPRESENTATION_TYPE, X_UNIT, Y_UNIT, X_SCALE, Y_SCALE, PLOT_VALUES, BEST_FIT_RELATIONSHIP, ZERO_INTERCEPT_ANNOTATION, ESTIMATE_VALUE.",AP Biology|data analysis|graph-derived estimates|model interpretation,water movement in model cells|zero-intercept estimate|paired data,"[{""external solute concentration (M)"": 0.0, ""percent mass change (%)"": 18.02}, {""external solute concentration (M)"": 0.15, ""percent mass change (%)"": 10.07}, {""external solute concentration (M)"": 0.3, ""percent mass change (%)"": 2.12}, {""external solute concentration (M)"": 0.45, ""percent mass change (%)"": -5.83}, {""external solute concentration (M)"": 0.6, ""percent mass change (%)"": -13.78}, {""external solute concentration (M)"": 0.75, ""percent mass change (%)"": -21.73}, {""external solute concentration (M)"": 0.9, ""percent mass change (%)"": -29.68}]","{""expected_estimate_approx"": 0.34, ""representation"": ""paired-data graph with one best-fit relationship and zero-intercept annotation"", ""required_estimate"": ""x-value where percent mass change equals zero"", ""x_axis"": ""external solute concentration (M)"", ""y_axis"": ""percent mass change (%)""}","[{""criterion_id"": ""REPRESENTATION_TYPE"", ""met_rule"": ""Uses a continuous paired-data graph.""}, {""criterion_id"": ""X_UNIT"", ""met_rule"": ""X-axis includes required variable and unit.""}, {""criterion_id"": ""Y_UNIT"", ""met_rule"": ""Y-axis includes required variable and unit.""}, {""criterion_id"": ""X_SCALE"", ""met_rule"": ""Numeric x positions are proportional and interpretable.""}, {""criterion_id"": ""Y_SCALE"", ""met_rule"": ""Y-axis includes zero and all observations.""}, {""criterion_id"": ""PLOT_VALUES"", ""met_rule"": ""All paired observations are plotted at recoverable coordinates.""}, {""criterion_id"": ""BEST_FIT_RELATIONSHIP"", ""met_rule"": ""One best-fit relationship summarizes the observations.""}, {""criterion_id"": ""ZERO_INTERCEPT_ANNOTATION"", ""met_rule"": ""Annotation visibly links the zero crossing to the x-axis.""}, {""criterion_id"": ""ESTIMATE_VALUE"", ""met_rule"": ""Reported estimate has value and unit consistent with graph annotation.""}]",independently_authored_synthetic_research_seed_unverified,Research seed for hand-drawn graph capture and reviewer evaluation. Do not expose criterion definitions to the person drawing the graph.
HDG-2026-P1-EST-017,v0.1-research-seed,frq,short,canonical_answer,continuous_relationship_graph_derived_estimate,zero_intercept_estimate,HDG-2026-P1-EST-017__response-01.jpg,"Researchers measured dialysis bag mass change across a range of sucrose concentration. Construct a graph with sucrose concentration on the x-axis and percent mass change on the y-axis. Plot the paired observations, draw one best-fit relationship, mark where the relationship crosses zero change, and report the estimated sucrose concentration at zero change with units.

Write the item ID HDG-2026-P1-EST-017 at the top of your page.

| sucrose concentration (M) | percent mass change (%) |
| --- | --- |
| 0.0 | 15.01 |
| 0.15 | 9.31 |
| 0.3 | 3.61 |
| 0.45 | -2.09 |
| 0.6 | -7.79 |
| 0.75 | -13.49 |
| 0.9 | -19.19 |","Expected graph: paired-data graph with one best-fit relationship and zero-intercept annotation; x-axis sucrose concentration (M); y-axis percent mass change (%). Required criteria: REPRESENTATION_TYPE, X_UNIT, Y_UNIT, X_SCALE, Y_SCALE, PLOT_VALUES, BEST_FIT_RELATIONSHIP, ZERO_INTERCEPT_ANNOTATION, ESTIMATE_VALUE.",AP Biology|data analysis|graph-derived estimates|model interpretation,dialysis bag mass change|zero-intercept estimate|paired data,"[{""percent mass change (%)"": 15.01, ""sucrose concentration (M)"": 0.0}, {""percent mass change (%)"": 9.31, ""sucrose concentration (M)"": 0.15}, {""percent mass change (%)"": 3.61, ""sucrose concentration (M)"": 0.3}, {""percent mass change (%)"": -2.09, ""sucrose concentration (M)"": 0.45}, {""percent mass change (%)"": -7.79, ""sucrose concentration (M)"": 0.6}, {""percent mass change (%)"": -13.49, ""sucrose concentration (M)"": 0.75}, {""percent mass change (%)"": -19.19, ""sucrose concentration (M)"": 0.9}]","{""expected_estimate_approx"": 0.4, ""representation"": ""paired-data graph with one best-fit relationship and zero-intercept annotation"", ""required_estimate"": ""x-value where percent mass change equals zero"", ""x_axis"": ""sucrose concentration (M)"", ""y_axis"": ""percent mass change (%)""}","[{""criterion_id"": ""REPRESENTATION_TYPE"", ""met_rule"": ""Uses a continuous paired-data graph.""}, {""criterion_id"": ""X_UNIT"", ""met_rule"": ""X-axis includes required variable and unit.""}, {""criterion_id"": ""Y_UNIT"", ""met_rule"": ""Y-axis includes required variable and unit.""}, {""criterion_id"": ""X_SCALE"", ""met_rule"": ""Numeric x positions are proportional and interpretable.""}, {""criterion_id"": ""Y_SCALE"", ""met_rule"": ""Y-axis includes zero and all observations.""}, {""criterion_id"": ""PLOT_VALUES"", ""met_rule"": ""All paired observations are plotted at recoverable coordinates.""}, {""criterion_id"": ""BEST_FIT_RELATIONSHIP"", ""met_rule"": ""One best-fit relationship summarizes the observations.""}, {""criterion_id"": ""ZERO_INTERCEPT_ANNOTATION"", ""met_rule"": ""Annotation visibly links the zero crossing to the x-axis.""}, {""criterion_id"": ""ESTIMATE_VALUE"", ""met_rule"": ""Reported estimate has value and unit consistent with graph annotation.""}]",independently_authored_synthetic_research_seed_unverified,Research seed for hand-drawn graph capture and reviewer evaluation. Do not expose criterion definitions to the person drawing the graph.
HDG-2026-P1-EST-018,v0.1-research-seed,frq,short,canonical_answer,continuous_relationship_graph_derived_estimate,zero_intercept_estimate,HDG-2026-P1-EST-018__response-01.jpg,"Researchers measured plant tissue osmosis across a range of external salt concentration. Construct a graph with external salt concentration on the x-axis and percent mass change on the y-axis. Plot the paired observations, draw one best-fit relationship, mark where the relationship crosses zero change, and report the estimated external salt concentration at zero change with units.

Write the item ID HDG-2026-P1-EST-018 at the top of your page.

| external salt concentration (%) | percent mass change (%) |
| --- | --- |
| 0.0 | 19.35 |
| 0.15 | 12.9 |
| 0.3 | 6.45 |
| 0.45 | 0.0 |
| 0.6 | -6.45 |
| 0.75 | -12.9 |
| 0.9 | -19.35 |","Expected graph: paired-data graph with one best-fit relationship and zero-intercept annotation; x-axis external salt concentration (%); y-axis percent mass change (%). Required criteria: REPRESENTATION_TYPE, X_UNIT, Y_UNIT, X_SCALE, Y_SCALE, PLOT_VALUES, BEST_FIT_RELATIONSHIP, ZERO_INTERCEPT_ANNOTATION, ESTIMATE_VALUE.",AP Biology|data analysis|graph-derived estimates|model interpretation,plant tissue osmosis|zero-intercept estimate|paired data,"[{""external salt concentration (%)"": 0.0, ""percent mass change (%)"": 19.35}, {""external salt concentration (%)"": 0.15, ""percent mass change (%)"": 12.9}, {""external salt concentration (%)"": 0.3, ""percent mass change (%)"": 6.45}, {""external salt concentration (%)"": 0.45, ""percent mass change (%)"": 0.0}, {""external salt concentration (%)"": 0.6, ""percent mass change (%)"": -6.45}, {""external salt concentration (%)"": 0.75, ""percent mass change (%)"": -12.9}, {""external salt concentration (%)"": 0.9, ""percent mass change (%)"": -19.35}]","{""expected_estimate_approx"": 0.45, ""representation"": ""paired-data graph with one best-fit relationship and zero-intercept annotation"", ""required_estimate"": ""x-value where percent mass change equals zero"", ""x_axis"": ""external salt concentration (%)"", ""y_axis"": ""percent mass change (%)""}","[{""criterion_id"": ""REPRESENTATION_TYPE"", ""met_rule"": ""Uses a continuous paired-data graph.""}, {""criterion_id"": ""X_UNIT"", ""met_rule"": ""X-axis includes required variable and unit.""}, {""criterion_id"": ""Y_UNIT"", ""met_rule"": ""Y-axis includes required variable and unit.""}, {""criterion_id"": ""X_SCALE"", ""met_rule"": ""Numeric x positions are proportional and interpretable.""}, {""criterion_id"": ""Y_SCALE"", ""met_rule"": ""Y-axis includes zero and all observations.""}, {""criterion_id"": ""PLOT_VALUES"", ""met_rule"": ""All paired observations are plotted at recoverable coordinates.""}, {""criterion_id"": ""BEST_FIT_RELATIONSHIP"", ""met_rule"": ""One best-fit relationship summarizes the observations.""}, {""criterion_id"": ""ZERO_INTERCEPT_ANNOTATION"", ""met_rule"": ""Annotation visibly links the zero crossing to the x-axis.""}, {""criterion_id"": ""ESTIMATE_VALUE"", ""met_rule"": ""Reported estimate has value and unit consistent with graph annotation.""}]",independently_authored_synthetic_research_seed_unverified,Research seed for hand-drawn graph capture and reviewer evaluation. Do not expose criterion definitions to the person drawing the graph.
HDG-2026-P1-EST-019,v0.1-research-seed,frq,short,canonical_answer,continuous_relationship_graph_derived_estimate,zero_intercept_estimate,HDG-2026-P1-EST-019__response-01.jpg,"Researchers measured enzyme inhibitor response across a range of inhibitor concentration. Construct a graph with inhibitor concentration on the x-axis and change from control on the y-axis. Plot the paired observations, draw one best-fit relationship, mark where the relationship crosses zero change, and report the estimated inhibitor concentration at zero change with units.

Write the item ID HDG-2026-P1-EST-019 at the top of your page.

| inhibitor concentration (mM) | change from control (%) |
| --- | --- |
| 0.0 | 24.24 |
| 0.15 | 17.04 |
| 0.3 | 9.84 |
| 0.45 | 2.64 |
| 0.6 | -4.56 |
| 0.75 | -11.76 |
| 0.9 | -18.96 |","Expected graph: paired-data graph with one best-fit relationship and zero-intercept annotation; x-axis inhibitor concentration (mM); y-axis change from control (%). Required criteria: REPRESENTATION_TYPE, X_UNIT, Y_UNIT, X_SCALE, Y_SCALE, PLOT_VALUES, BEST_FIT_RELATIONSHIP, ZERO_INTERCEPT_ANNOTATION, ESTIMATE_VALUE.",AP Biology|data analysis|graph-derived estimates|model interpretation,enzyme inhibitor response|zero-intercept estimate|paired data,"[{""change from control (%)"": 24.24, ""inhibitor concentration (mM)"": 0.0}, {""change from control (%)"": 17.04, ""inhibitor concentration (mM)"": 0.15}, {""change from control (%)"": 9.84, ""inhibitor concentration (mM)"": 0.3}, {""change from control (%)"": 2.64, ""inhibitor concentration (mM)"": 0.45}, {""change from control (%)"": -4.56, ""inhibitor concentration (mM)"": 0.6}, {""change from control (%)"": -11.76, ""inhibitor concentration (mM)"": 0.75}, {""change from control (%)"": -18.96, ""inhibitor concentration (mM)"": 0.9}]","{""expected_estimate_approx"": 0.51, ""representation"": ""paired-data graph with one best-fit relationship and zero-intercept annotation"", ""required_estimate"": ""x-value where change from control equals zero"", ""x_axis"": ""inhibitor concentration (mM)"", ""y_axis"": ""change from control (%)""}","[{""criterion_id"": ""REPRESENTATION_TYPE"", ""met_rule"": ""Uses a continuous paired-data graph.""}, {""criterion_id"": ""X_UNIT"", ""met_rule"": ""X-axis includes required variable and unit.""}, {""criterion_id"": ""Y_UNIT"", ""met_rule"": ""Y-axis includes required variable and unit.""}, {""criterion_id"": ""X_SCALE"", ""met_rule"": ""Numeric x positions are proportional and interpretable.""}, {""criterion_id"": ""Y_SCALE"", ""met_rule"": ""Y-axis includes zero and all observations.""}, {""criterion_id"": ""PLOT_VALUES"", ""met_rule"": ""All paired observations are plotted at recoverable coordinates.""}, {""criterion_id"": ""BEST_FIT_RELATIONSHIP"", ""met_rule"": ""One best-fit relationship summarizes the observations.""}, {""criterion_id"": ""ZERO_INTERCEPT_ANNOTATION"", ""met_rule"": ""Annotation visibly links the zero crossing to the x-axis.""}, {""criterion_id"": ""ESTIMATE_VALUE"", ""met_rule"": ""Reported estimate has value and unit consistent with graph annotation.""}]",independently_authored_synthetic_research_seed_unverified,Research seed for hand-drawn graph capture and reviewer evaluation. Do not expose criterion definitions to the person drawing the graph.
HDG-2026-P1-EST-020,v0.1-research-seed,frq,short,canonical_answer,continuous_relationship_graph_derived_estimate,zero_intercept_estimate,HDG-2026-P1-EST-020__response-01.jpg,"Researchers measured microbial growth balance across a range of antibiotic concentration. Construct a graph with antibiotic concentration on the x-axis and net growth change on the y-axis. Plot the paired observations, draw one best-fit relationship, mark where the relationship crosses zero change, and report the estimated antibiotic concentration at zero change with units.

Write the item ID HDG-2026-P1-EST-020 at the top of your page.

| antibiotic concentration (ug/mL) | net growth change (%) |
| --- | --- |
| 0.0 | 29.68 |
| 0.15 | 21.73 |
| 0.3 | 13.78 |
| 0.45 | 5.83 |
| 0.6 | -2.12 |
| 0.75 | -10.07 |
| 0.9 | -18.02 |","Expected graph: paired-data graph with one best-fit relationship and zero-intercept annotation; x-axis antibiotic concentration (ug/mL); y-axis net growth change (%). Required criteria: REPRESENTATION_TYPE, X_UNIT, Y_UNIT, X_SCALE, Y_SCALE, PLOT_VALUES, BEST_FIT_RELATIONSHIP, ZERO_INTERCEPT_ANNOTATION, ESTIMATE_VALUE.",AP Biology|data analysis|graph-derived estimates|model interpretation,microbial growth balance|zero-intercept estimate|paired data,"[{""antibiotic concentration (ug/mL)"": 0.0, ""net growth change (%)"": 29.68}, {""antibiotic concentration (ug/mL)"": 0.15, ""net growth change (%)"": 21.73}, {""antibiotic concentration (ug/mL)"": 0.3, ""net growth change (%)"": 13.78}, {""antibiotic concentration (ug/mL)"": 0.45, ""net growth change (%)"": 5.83}, {""antibiotic concentration (ug/mL)"": 0.6, ""net growth change (%)"": -2.12}, {""antibiotic concentration (ug/mL)"": 0.75, ""net growth change (%)"": -10.07}, {""antibiotic concentration (ug/mL)"": 0.9, ""net growth change (%)"": -18.02}]","{""expected_estimate_approx"": 0.56, ""representation"": ""paired-data graph with one best-fit relationship and zero-intercept annotation"", ""required_estimate"": ""x-value where net growth change equals zero"", ""x_axis"": ""antibiotic concentration (ug/mL)"", ""y_axis"": ""net growth change (%)""}","[{""criterion_id"": ""REPRESENTATION_TYPE"", ""met_rule"": ""Uses a continuous paired-data graph.""}, {""criterion_id"": ""X_UNIT"", ""met_rule"": ""X-axis includes required variable and unit.""}, {""criterion_id"": ""Y_UNIT"", ""met_rule"": ""Y-axis includes required variable and unit.""}, {""criterion_id"": ""X_SCALE"", ""met_rule"": ""Numeric x positions are proportional and interpretable.""}, {""criterion_id"": ""Y_SCALE"", ""met_rule"": ""Y-axis includes zero and all observations.""}, {""criterion_id"": ""PLOT_VALUES"", ""met_rule"": ""All paired observations are plotted at recoverable coordinates.""}, {""criterion_id"": ""BEST_FIT_RELATIONSHIP"", ""met_rule"": ""One best-fit relationship summarizes the observations.""}, {""criterion_id"": ""ZERO_INTERCEPT_ANNOTATION"", ""met_rule"": ""Annotation visibly links the zero crossing to the x-axis.""}, {""criterion_id"": ""ESTIMATE_VALUE"", ""met_rule"": ""Reported estimate has value and unit consistent with graph annotation.""}]",independently_authored_synthetic_research_seed_unverified,Research seed for hand-drawn graph capture and reviewer evaluation. Do not expose criterion definitions to the person drawing the graph.
HDG-2026-P1-EST-021,v0.1-research-seed,frq,short,canonical_answer,continuous_relationship_graph_derived_estimate,zero_intercept_estimate,HDG-2026-P1-EST-021__response-01.jpg,"Researchers measured water movement in model cells across a range of external solute concentration. Construct a graph with external solute concentration on the x-axis and percent mass change on the y-axis. Plot the paired observations, draw one best-fit relationship, mark where the relationship crosses zero change, and report the estimated external solute concentration at zero change with units.

Write the item ID HDG-2026-P1-EST-021 at the top of your page.

| external solute concentration (M) | percent mass change (%) |
| --- | --- |
| 0.0 | 12.92 |
| 0.15 | 7.22 |
| 0.3 | 1.52 |
| 0.45 | -4.18 |
| 0.6 | -9.88 |
| 0.75 | -15.58 |
| 0.9 | -21.28 |","Expected graph: paired-data graph with one best-fit relationship and zero-intercept annotation; x-axis external solute concentration (M); y-axis percent mass change (%). Required criteria: REPRESENTATION_TYPE, X_UNIT, Y_UNIT, X_SCALE, Y_SCALE, PLOT_VALUES, BEST_FIT_RELATIONSHIP, ZERO_INTERCEPT_ANNOTATION, ESTIMATE_VALUE.",AP Biology|data analysis|graph-derived estimates|model interpretation,water movement in model cells|zero-intercept estimate|paired data,"[{""external solute concentration (M)"": 0.0, ""percent mass change (%)"": 12.92}, {""external solute concentration (M)"": 0.15, ""percent mass change (%)"": 7.22}, {""external solute concentration (M)"": 0.3, ""percent mass change (%)"": 1.52}, {""external solute concentration (M)"": 0.45, ""percent mass change (%)"": -4.18}, {""external solute concentration (M)"": 0.6, ""percent mass change (%)"": -9.88}, {""external solute concentration (M)"": 0.75, ""percent mass change (%)"": -15.58}, {""external solute concentration (M)"": 0.9, ""percent mass change (%)"": -21.28}]","{""expected_estimate_approx"": 0.34, ""representation"": ""paired-data graph with one best-fit relationship and zero-intercept annotation"", ""required_estimate"": ""x-value where percent mass change equals zero"", ""x_axis"": ""external solute concentration (M)"", ""y_axis"": ""percent mass change (%)""}","[{""criterion_id"": ""REPRESENTATION_TYPE"", ""met_rule"": ""Uses a continuous paired-data graph.""}, {""criterion_id"": ""X_UNIT"", ""met_rule"": ""X-axis includes required variable and unit.""}, {""criterion_id"": ""Y_UNIT"", ""met_rule"": ""Y-axis includes required variable and unit.""}, {""criterion_id"": ""X_SCALE"", ""met_rule"": ""Numeric x positions are proportional and interpretable.""}, {""criterion_id"": ""Y_SCALE"", ""met_rule"": ""Y-axis includes zero and all observations.""}, {""criterion_id"": ""PLOT_VALUES"", ""met_rule"": ""All paired observations are plotted at recoverable coordinates.""}, {""criterion_id"": ""BEST_FIT_RELATIONSHIP"", ""met_rule"": ""One best-fit relationship summarizes the observations.""}, {""criterion_id"": ""ZERO_INTERCEPT_ANNOTATION"", ""met_rule"": ""Annotation visibly links the zero crossing to the x-axis.""}, {""criterion_id"": ""ESTIMATE_VALUE"", ""met_rule"": ""Reported estimate has value and unit consistent with graph annotation.""}]",independently_authored_synthetic_research_seed_unverified,Research seed for hand-drawn graph capture and reviewer evaluation. Do not expose criterion definitions to the person drawing the graph.
HDG-2026-P1-EST-022,v0.1-research-seed,frq,short,canonical_answer,continuous_relationship_graph_derived_estimate,zero_intercept_estimate,HDG-2026-P1-EST-022__response-01.jpg,"Researchers measured dialysis bag mass change across a range of sucrose concentration. Construct a graph with sucrose concentration on the x-axis and percent mass change on the y-axis. Plot the paired observations, draw one best-fit relationship, mark where the relationship crosses zero change, and report the estimated sucrose concentration at zero change with units.

Write the item ID HDG-2026-P1-EST-022 at the top of your page.

| sucrose concentration (M) | percent mass change (%) |
| --- | --- |
| 0.0 | 16.99 |
| 0.15 | 10.54 |
| 0.3 | 4.09 |
| 0.45 | -2.36 |
| 0.6 | -8.81 |
| 0.75 | -15.26 |
| 0.9 | -21.71 |","Expected graph: paired-data graph with one best-fit relationship and zero-intercept annotation; x-axis sucrose concentration (M); y-axis percent mass change (%). Required criteria: REPRESENTATION_TYPE, X_UNIT, Y_UNIT, X_SCALE, Y_SCALE, PLOT_VALUES, BEST_FIT_RELATIONSHIP, ZERO_INTERCEPT_ANNOTATION, ESTIMATE_VALUE.",AP Biology|data analysis|graph-derived estimates|model interpretation,dialysis bag mass change|zero-intercept estimate|paired data,"[{""percent mass change (%)"": 16.99, ""sucrose concentration (M)"": 0.0}, {""percent mass change (%)"": 10.54, ""sucrose concentration (M)"": 0.15}, {""percent mass change (%)"": 4.09, ""sucrose concentration (M)"": 0.3}, {""percent mass change (%)"": -2.36, ""sucrose concentration (M)"": 0.45}, {""percent mass change (%)"": -8.81, ""sucrose concentration (M)"": 0.6}, {""percent mass change (%)"": -15.26, ""sucrose concentration (M)"": 0.75}, {""percent mass change (%)"": -21.71, ""sucrose concentration (M)"": 0.9}]","{""expected_estimate_approx"": 0.4, ""representation"": ""paired-data graph with one best-fit relationship and zero-intercept annotation"", ""required_estimate"": ""x-value where percent mass change equals zero"", ""x_axis"": ""sucrose concentration (M)"", ""y_axis"": ""percent mass change (%)""}","[{""criterion_id"": ""REPRESENTATION_TYPE"", ""met_rule"": ""Uses a continuous paired-data graph.""}, {""criterion_id"": ""X_UNIT"", ""met_rule"": ""X-axis includes required variable and unit.""}, {""criterion_id"": ""Y_UNIT"", ""met_rule"": ""Y-axis includes required variable and unit.""}, {""criterion_id"": ""X_SCALE"", ""met_rule"": ""Numeric x positions are proportional and interpretable.""}, {""criterion_id"": ""Y_SCALE"", ""met_rule"": ""Y-axis includes zero and all observations.""}, {""criterion_id"": ""PLOT_VALUES"", ""met_rule"": ""All paired observations are plotted at recoverable coordinates.""}, {""criterion_id"": ""BEST_FIT_RELATIONSHIP"", ""met_rule"": ""One best-fit relationship summarizes the observations.""}, {""criterion_id"": ""ZERO_INTERCEPT_ANNOTATION"", ""met_rule"": ""Annotation visibly links the zero crossing to the x-axis.""}, {""criterion_id"": ""ESTIMATE_VALUE"", ""met_rule"": ""Reported estimate has value and unit consistent with graph annotation.""}]",independently_authored_synthetic_research_seed_unverified,Research seed for hand-drawn graph capture and reviewer evaluation. Do not expose criterion definitions to the person drawing the graph.
HDG-2026-P1-EST-023,v0.1-research-seed,frq,short,canonical_answer,continuous_relationship_graph_derived_estimate,zero_intercept_estimate,HDG-2026-P1-EST-023__response-01.jpg,"Researchers measured plant tissue osmosis across a range of external salt concentration. Construct a graph with external salt concentration on the x-axis and percent mass change on the y-axis. Plot the paired observations, draw one best-fit relationship, mark where the relationship crosses zero change, and report the estimated external salt concentration at zero change with units.

Write the item ID HDG-2026-P1-EST-023 at the top of your page.

| external salt concentration (%) | percent mass change (%) |
| --- | --- |
| 0.0 | 21.6 |
| 0.15 | 14.4 |
| 0.3 | 7.2 |
| 0.45 | 0.0 |
| 0.6 | -7.2 |
| 0.75 | -14.4 |
| 0.9 | -21.6 |","Expected graph: paired-data graph with one best-fit relationship and zero-intercept annotation; x-axis external salt concentration (%); y-axis percent mass change (%). Required criteria: REPRESENTATION_TYPE, X_UNIT, Y_UNIT, X_SCALE, Y_SCALE, PLOT_VALUES, BEST_FIT_RELATIONSHIP, ZERO_INTERCEPT_ANNOTATION, ESTIMATE_VALUE.",AP Biology|data analysis|graph-derived estimates|model interpretation,plant tissue osmosis|zero-intercept estimate|paired data,"[{""external salt concentration (%)"": 0.0, ""percent mass change (%)"": 21.6}, {""external salt concentration (%)"": 0.15, ""percent mass change (%)"": 14.4}, {""external salt concentration (%)"": 0.3, ""percent mass change (%)"": 7.2}, {""external salt concentration (%)"": 0.45, ""percent mass change (%)"": 0.0}, {""external salt concentration (%)"": 0.6, ""percent mass change (%)"": -7.2}, {""external salt concentration (%)"": 0.75, ""percent mass change (%)"": -14.4}, {""external salt concentration (%)"": 0.9, ""percent mass change (%)"": -21.6}]","{""expected_estimate_approx"": 0.45, ""representation"": ""paired-data graph with one best-fit relationship and zero-intercept annotation"", ""required_estimate"": ""x-value where percent mass change equals zero"", ""x_axis"": ""external salt concentration (%)"", ""y_axis"": ""percent mass change (%)""}","[{""criterion_id"": ""REPRESENTATION_TYPE"", ""met_rule"": ""Uses a continuous paired-data graph.""}, {""criterion_id"": ""X_UNIT"", ""met_rule"": ""X-axis includes required variable and unit.""}, {""criterion_id"": ""Y_UNIT"", ""met_rule"": ""Y-axis includes required variable and unit.""}, {""criterion_id"": ""X_SCALE"", ""met_rule"": ""Numeric x positions are proportional and interpretable.""}, {""criterion_id"": ""Y_SCALE"", ""met_rule"": ""Y-axis includes zero and all observations.""}, {""criterion_id"": ""PLOT_VALUES"", ""met_rule"": ""All paired observations are plotted at recoverable coordinates.""}, {""criterion_id"": ""BEST_FIT_RELATIONSHIP"", ""met_rule"": ""One best-fit relationship summarizes the observations.""}, {""criterion_id"": ""ZERO_INTERCEPT_ANNOTATION"", ""met_rule"": ""Annotation visibly links the zero crossing to the x-axis.""}, {""criterion_id"": ""ESTIMATE_VALUE"", ""met_rule"": ""Reported estimate has value and unit consistent with graph annotation.""}]",independently_authored_synthetic_research_seed_unverified,Research seed for hand-drawn graph capture and reviewer evaluation. Do not expose criterion definitions to the person drawing the graph.
HDG-2026-P1-EST-024,v0.1-research-seed,frq,short,canonical_answer,continuous_relationship_graph_derived_estimate,zero_intercept_estimate,HDG-2026-P1-EST-024__response-01.jpg,"Researchers measured enzyme inhibitor response across a range of inhibitor concentration. Construct a graph with inhibitor concentration on the x-axis and change from control on the y-axis. Plot the paired observations, draw one best-fit relationship, mark where the relationship crosses zero change, and report the estimated inhibitor concentration at zero change with units.

Write the item ID HDG-2026-P1-EST-024 at the top of your page.

| inhibitor concentration (mM) | change from control (%) |
| --- | --- |
| 0.0 | 26.77 |
| 0.15 | 18.82 |
| 0.3 | 10.87 |
| 0.45 | 2.92 |
| 0.6 | -5.03 |
| 0.75 | -12.98 |
| 0.9 | -20.93 |","Expected graph: paired-data graph with one best-fit relationship and zero-intercept annotation; x-axis inhibitor concentration (mM); y-axis change from control (%). Required criteria: REPRESENTATION_TYPE, X_UNIT, Y_UNIT, X_SCALE, Y_SCALE, PLOT_VALUES, BEST_FIT_RELATIONSHIP, ZERO_INTERCEPT_ANNOTATION, ESTIMATE_VALUE.",AP Biology|data analysis|graph-derived estimates|model interpretation,enzyme inhibitor response|zero-intercept estimate|paired data,"[{""change from control (%)"": 26.77, ""inhibitor concentration (mM)"": 0.0}, {""change from control (%)"": 18.82, ""inhibitor concentration (mM)"": 0.15}, {""change from control (%)"": 10.87, ""inhibitor concentration (mM)"": 0.3}, {""change from control (%)"": 2.92, ""inhibitor concentration (mM)"": 0.45}, {""change from control (%)"": -5.03, ""inhibitor concentration (mM)"": 0.6}, {""change from control (%)"": -12.98, ""inhibitor concentration (mM)"": 0.75}, {""change from control (%)"": -20.93, ""inhibitor concentration (mM)"": 0.9}]","{""expected_estimate_approx"": 0.51, ""representation"": ""paired-data graph with one best-fit relationship and zero-intercept annotation"", ""required_estimate"": ""x-value where change from control equals zero"", ""x_axis"": ""inhibitor concentration (mM)"", ""y_axis"": ""change from control (%)""}","[{""criterion_id"": ""REPRESENTATION_TYPE"", ""met_rule"": ""Uses a continuous paired-data graph.""}, {""criterion_id"": ""X_UNIT"", ""met_rule"": ""X-axis includes required variable and unit.""}, {""criterion_id"": ""Y_UNIT"", ""met_rule"": ""Y-axis includes required variable and unit.""}, {""criterion_id"": ""X_SCALE"", ""met_rule"": ""Numeric x positions are proportional and interpretable.""}, {""criterion_id"": ""Y_SCALE"", ""met_rule"": ""Y-axis includes zero and all observations.""}, {""criterion_id"": ""PLOT_VALUES"", ""met_rule"": ""All paired observations are plotted at recoverable coordinates.""}, {""criterion_id"": ""BEST_FIT_RELATIONSHIP"", ""met_rule"": ""One best-fit relationship summarizes the observations.""}, {""criterion_id"": ""ZERO_INTERCEPT_ANNOTATION"", ""met_rule"": ""Annotation visibly links the zero crossing to the x-axis.""}, {""criterion_id"": ""ESTIMATE_VALUE"", ""met_rule"": ""Reported estimate has value and unit consistent with graph annotation.""}]",independently_authored_synthetic_research_seed_unverified,Research seed for hand-drawn graph capture and reviewer evaluation. Do not expose criterion definitions to the person drawing the graph.
HDG-2026-P1-EST-025,v0.1-research-seed,frq,short,canonical_answer,continuous_relationship_graph_derived_estimate,zero_intercept_estimate,HDG-2026-P1-EST-025__response-01.jpg,"Researchers measured microbial growth balance across a range of antibiotic concentration. Construct a graph with antibiotic concentration on the x-axis and net growth change on the y-axis. Plot the paired observations, draw one best-fit relationship, mark where the relationship crosses zero change, and report the estimated antibiotic concentration at zero change with units.

Write the item ID HDG-2026-P1-EST-025 at the top of your page.

| antibiotic concentration (ug/mL) | net growth change (%) |
| --- | --- |
| 0.0 | 21.28 |
| 0.15 | 15.58 |
| 0.3 | 9.88 |
| 0.45 | 4.18 |
| 0.6 | -1.52 |
| 0.75 | -7.22 |
| 0.9 | -12.92 |","Expected graph: paired-data graph with one best-fit relationship and zero-intercept annotation; x-axis antibiotic concentration (ug/mL); y-axis net growth change (%). Required criteria: REPRESENTATION_TYPE, X_UNIT, Y_UNIT, X_SCALE, Y_SCALE, PLOT_VALUES, BEST_FIT_RELATIONSHIP, ZERO_INTERCEPT_ANNOTATION, ESTIMATE_VALUE.",AP Biology|data analysis|graph-derived estimates|model interpretation,microbial growth balance|zero-intercept estimate|paired data,"[{""antibiotic concentration (ug/mL)"": 0.0, ""net growth change (%)"": 21.28}, {""antibiotic concentration (ug/mL)"": 0.15, ""net growth change (%)"": 15.58}, {""antibiotic concentration (ug/mL)"": 0.3, ""net growth change (%)"": 9.88}, {""antibiotic concentration (ug/mL)"": 0.45, ""net growth change (%)"": 4.18}, {""antibiotic concentration (ug/mL)"": 0.6, ""net growth change (%)"": -1.52}, {""antibiotic concentration (ug/mL)"": 0.75, ""net growth change (%)"": -7.22}, {""antibiotic concentration (ug/mL)"": 0.9, ""net growth change (%)"": -12.92}]","{""expected_estimate_approx"": 0.56, ""representation"": ""paired-data graph with one best-fit relationship and zero-intercept annotation"", ""required_estimate"": ""x-value where net growth change equals zero"", ""x_axis"": ""antibiotic concentration (ug/mL)"", ""y_axis"": ""net growth change (%)""}","[{""criterion_id"": ""REPRESENTATION_TYPE"", ""met_rule"": ""Uses a continuous paired-data graph.""}, {""criterion_id"": ""X_UNIT"", ""met_rule"": ""X-axis includes required variable and unit.""}, {""criterion_id"": ""Y_UNIT"", ""met_rule"": ""Y-axis includes required variable and unit.""}, {""criterion_id"": ""X_SCALE"", ""met_rule"": ""Numeric x positions are proportional and interpretable.""}, {""criterion_id"": ""Y_SCALE"", ""met_rule"": ""Y-axis includes zero and all observations.""}, {""criterion_id"": ""PLOT_VALUES"", ""met_rule"": ""All paired observations are plotted at recoverable coordinates.""}, {""criterion_id"": ""BEST_FIT_RELATIONSHIP"", ""met_rule"": ""One best-fit relationship summarizes the observations.""}, {""criterion_id"": ""ZERO_INTERCEPT_ANNOTATION"", ""met_rule"": ""Annotation visibly links the zero crossing to the x-axis.""}, {""criterion_id"": ""ESTIMATE_VALUE"", ""met_rule"": ""Reported estimate has value and unit consistent with graph annotation.""}]",independently_authored_synthetic_research_seed_unverified,Research seed for hand-drawn graph capture and reviewer evaluation. Do not expose criterion definitions to the person drawing the graph.
HDG-2026-P1-EST-026,v0.1-research-seed,frq,short,canonical_answer,continuous_relationship_graph_derived_estimate,plateau_estimate,HDG-2026-P1-EST-026__response-01.jpg,"Researchers measured microbial culture density over increasing time. Construct a graph with time on the x-axis and culture density on the y-axis. Plot the paired observations, draw a smooth trend that remains consistent with the data, mark the level-off region, and report the estimated level-off value with units.

Write the item ID HDG-2026-P1-EST-026 at the top of your page.

| time (hr) | culture density (10^5 cells/mL) |
| --- | --- |
| 0 | 5.54 |
| 2 | 19.62 |
| 4 | 26.21 |
| 6 | 29.29 |
| 8 | 30.73 |
| 10 | 31.41 |
| 12 | 31.72 |","Expected graph: paired-data graph with smooth trend and level-off annotation; x-axis time (hr); y-axis culture density (10^5 cells/mL). Required criteria: REPRESENTATION_TYPE, X_UNIT, Y_UNIT, X_SCALE, Y_SCALE, PLOT_VALUES, BEST_FIT_RELATIONSHIP, PLATEAU_ANNOTATION, ESTIMATE_VALUE.",AP Biology|data analysis|graph-derived estimates|model interpretation,microbial culture density|plateau estimate|paired data,"[{""culture density (10^5 cells/mL)"": 5.54, ""time (hr)"": 0}, {""culture density (10^5 cells/mL)"": 19.62, ""time (hr)"": 2}, {""culture density (10^5 cells/mL)"": 26.21, ""time (hr)"": 4}, {""culture density (10^5 cells/mL)"": 29.29, ""time (hr)"": 6}, {""culture density (10^5 cells/mL)"": 30.73, ""time (hr)"": 8}, {""culture density (10^5 cells/mL)"": 31.41, ""time (hr)"": 10}, {""culture density (10^5 cells/mL)"": 31.72, ""time (hr)"": 12}]","{""expected_estimate_approx"": 32.0, ""representation"": ""paired-data graph with smooth trend and level-off annotation"", ""required_estimate"": ""level-off value of culture density"", ""x_axis"": ""time (hr)"", ""y_axis"": ""culture density (10^5 cells/mL)""}","[{""criterion_id"": ""REPRESENTATION_TYPE"", ""met_rule"": ""Uses a continuous paired-data graph.""}, {""criterion_id"": ""X_UNIT"", ""met_rule"": ""X-axis includes required variable and unit.""}, {""criterion_id"": ""Y_UNIT"", ""met_rule"": ""Y-axis includes required variable and unit.""}, {""criterion_id"": ""X_SCALE"", ""met_rule"": ""Numeric x positions are proportional and interpretable.""}, {""criterion_id"": ""Y_SCALE"", ""met_rule"": ""Y-scale is interpretable and represents all observations.""}, {""criterion_id"": ""PLOT_VALUES"", ""met_rule"": ""All paired observations are plotted at recoverable coordinates.""}, {""criterion_id"": ""BEST_FIT_RELATIONSHIP"", ""met_rule"": ""Smooth trend remains consistent with plotted observations.""}, {""criterion_id"": ""PLATEAU_ANNOTATION"", ""met_rule"": ""Annotation visibly identifies the level-off region.""}, {""criterion_id"": ""ESTIMATE_VALUE"", ""met_rule"": ""Reported estimate has value and unit consistent with graph annotation.""}]",independently_authored_synthetic_research_seed_unverified,Research seed for hand-drawn graph capture and reviewer evaluation. Do not expose criterion definitions to the person drawing the graph.
HDG-2026-P1-EST-027,v0.1-research-seed,frq,short,canonical_answer,continuous_relationship_graph_derived_estimate,plateau_estimate,HDG-2026-P1-EST-027__response-01.jpg,"Researchers measured transport protein uptake over increasing substrate concentration. Construct a graph with substrate concentration on the x-axis and uptake rate on the y-axis. Plot the paired observations, draw a smooth trend that remains consistent with the data, mark the level-off region, and report the estimated level-off value with units.

Write the item ID HDG-2026-P1-EST-027 at the top of your page.

| substrate concentration (mM) | uptake rate (pmol/min) |
| --- | --- |
| 0 | 6.96 |
| 2 | 23.71 |
| 4 | 30.8 |
| 6 | 33.8 |
| 8 | 35.07 |
| 10 | 35.61 |
| 12 | 35.83 |","Expected graph: paired-data graph with smooth trend and level-off annotation; x-axis substrate concentration (mM); y-axis uptake rate (pmol/min). Required criteria: REPRESENTATION_TYPE, X_UNIT, Y_UNIT, X_SCALE, Y_SCALE, PLOT_VALUES, BEST_FIT_RELATIONSHIP, PLATEAU_ANNOTATION, ESTIMATE_VALUE.",AP Biology|data analysis|graph-derived estimates|model interpretation,transport protein uptake|plateau estimate|paired data,"[{""substrate concentration (mM)"": 0, ""uptake rate (pmol/min)"": 6.96}, {""substrate concentration (mM)"": 2, ""uptake rate (pmol/min)"": 23.71}, {""substrate concentration (mM)"": 4, ""uptake rate (pmol/min)"": 30.8}, {""substrate concentration (mM)"": 6, ""uptake rate (pmol/min)"": 33.8}, {""substrate concentration (mM)"": 8, ""uptake rate (pmol/min)"": 35.07}, {""substrate concentration (mM)"": 10, ""uptake rate (pmol/min)"": 35.61}, {""substrate concentration (mM)"": 12, ""uptake rate (pmol/min)"": 35.83}]","{""expected_estimate_approx"": 36.0, ""representation"": ""paired-data graph with smooth trend and level-off annotation"", ""required_estimate"": ""level-off value of uptake rate"", ""x_axis"": ""substrate concentration (mM)"", ""y_axis"": ""uptake rate (pmol/min)""}","[{""criterion_id"": ""REPRESENTATION_TYPE"", ""met_rule"": ""Uses a continuous paired-data graph.""}, {""criterion_id"": ""X_UNIT"", ""met_rule"": ""X-axis includes required variable and unit.""}, {""criterion_id"": ""Y_UNIT"", ""met_rule"": ""Y-axis includes required variable and unit.""}, {""criterion_id"": ""X_SCALE"", ""met_rule"": ""Numeric x positions are proportional and interpretable.""}, {""criterion_id"": ""Y_SCALE"", ""met_rule"": ""Y-scale is interpretable and represents all observations.""}, {""criterion_id"": ""PLOT_VALUES"", ""met_rule"": ""All paired observations are plotted at recoverable coordinates.""}, {""criterion_id"": ""BEST_FIT_RELATIONSHIP"", ""met_rule"": ""Smooth trend remains consistent with plotted observations.""}, {""criterion_id"": ""PLATEAU_ANNOTATION"", ""met_rule"": ""Annotation visibly identifies the level-off region.""}, {""criterion_id"": ""ESTIMATE_VALUE"", ""met_rule"": ""Reported estimate has value and unit consistent with graph annotation.""}]",independently_authored_synthetic_research_seed_unverified,Research seed for hand-drawn graph capture and reviewer evaluation. Do not expose criterion definitions to the person drawing the graph.
HDG-2026-P1-EST-028,v0.1-research-seed,frq,short,canonical_answer,continuous_relationship_graph_derived_estimate,plateau_estimate,HDG-2026-P1-EST-028__response-01.jpg,"Researchers measured photosynthetic rate over increasing light intensity. Construct a graph with light intensity on the x-axis and oxygen release on the y-axis. Plot the paired observations, draw a smooth trend that remains consistent with the data, mark the level-off region, and report the estimated level-off value with units.

Write the item ID HDG-2026-P1-EST-028 at the top of your page.

| light intensity (umol photons/m^2/s) | oxygen release (umol O2/min) |
| --- | --- |
| 0 | 8.53 |
| 2 | 27.95 |
| 4 | 35.39 |
| 6 | 38.23 |
| 8 | 39.32 |
| 10 | 39.74 |
| 12 | 39.9 |","Expected graph: paired-data graph with smooth trend and level-off annotation; x-axis light intensity (umol photons/m^2/s); y-axis oxygen release (umol O2/min). Required criteria: REPRESENTATION_TYPE, X_UNIT, Y_UNIT, X_SCALE, Y_SCALE, PLOT_VALUES, BEST_FIT_RELATIONSHIP, PLATEAU_ANNOTATION, ESTIMATE_VALUE.",AP Biology|data analysis|graph-derived estimates|model interpretation,photosynthetic rate|plateau estimate|paired data,"[{""light intensity (umol photons/m^2/s)"": 0, ""oxygen release (umol O2/min)"": 8.53}, {""light intensity (umol photons/m^2/s)"": 2, ""oxygen release (umol O2/min)"": 27.95}, {""light intensity (umol photons/m^2/s)"": 4, ""oxygen release (umol O2/min)"": 35.39}, {""light intensity (umol photons/m^2/s)"": 6, ""oxygen release (umol O2/min)"": 38.23}, {""light intensity (umol photons/m^2/s)"": 8, ""oxygen release (umol O2/min)"": 39.32}, {""light intensity (umol photons/m^2/s)"": 10, ""oxygen release (umol O2/min)"": 39.74}, {""light intensity (umol photons/m^2/s)"": 12, ""oxygen release (umol O2/min)"": 39.9}]","{""expected_estimate_approx"": 40.0, ""representation"": ""paired-data graph with smooth trend and level-off annotation"", ""required_estimate"": ""level-off value of oxygen release"", ""x_axis"": ""light intensity (umol photons/m^2/s)"", ""y_axis"": ""oxygen release (umol O2/min)""}","[{""criterion_id"": ""REPRESENTATION_TYPE"", ""met_rule"": ""Uses a continuous paired-data graph.""}, {""criterion_id"": ""X_UNIT"", ""met_rule"": ""X-axis includes required variable and unit.""}, {""criterion_id"": ""Y_UNIT"", ""met_rule"": ""Y-axis includes required variable and unit.""}, {""criterion_id"": ""X_SCALE"", ""met_rule"": ""Numeric x positions are proportional and interpretable.""}, {""criterion_id"": ""Y_SCALE"", ""met_rule"": ""Y-scale is interpretable and represents all observations.""}, {""criterion_id"": ""PLOT_VALUES"", ""met_rule"": ""All paired observations are plotted at recoverable coordinates.""}, {""criterion_id"": ""BEST_FIT_RELATIONSHIP"", ""met_rule"": ""Smooth trend remains consistent with plotted observations.""}, {""criterion_id"": ""PLATEAU_ANNOTATION"", ""met_rule"": ""Annotation visibly identifies the level-off region.""}, {""criterion_id"": ""ESTIMATE_VALUE"", ""met_rule"": ""Reported estimate has value and unit consistent with graph annotation.""}]",independently_authored_synthetic_research_seed_unverified,Research seed for hand-drawn graph capture and reviewer evaluation. Do not expose criterion definitions to the person drawing the graph.
HDG-2026-P1-EST-029,v0.1-research-seed,frq,short,canonical_answer,continuous_relationship_graph_derived_estimate,plateau_estimate,HDG-2026-P1-EST-029__response-01.jpg,"Researchers measured enzyme product formation over increasing time. Construct a graph with time on the x-axis and product concentration on the y-axis. Plot the paired observations, draw a smooth trend that remains consistent with the data, mark the level-off region, and report the estimated level-off value with units.

Write the item ID HDG-2026-P1-EST-029 at the top of your page.

| time (min) | product concentration (uM) |
| --- | --- |
| 0 | 6.69 |
| 2 | 24.72 |
| 4 | 34.03 |
| 6 | 38.85 |
| 8 | 41.34 |
| 10 | 42.62 |
| 12 | 43.29 |","Expected graph: paired-data graph with smooth trend and level-off annotation; x-axis time (min); y-axis product concentration (uM). Required criteria: REPRESENTATION_TYPE, X_UNIT, Y_UNIT, X_SCALE, Y_SCALE, PLOT_VALUES, BEST_FIT_RELATIONSHIP, PLATEAU_ANNOTATION, ESTIMATE_VALUE.",AP Biology|data analysis|graph-derived estimates|model interpretation,enzyme product formation|plateau estimate|paired data,"[{""product concentration (uM)"": 6.69, ""time (min)"": 0}, {""product concentration (uM)"": 24.72, ""time (min)"": 2}, {""product concentration (uM)"": 34.03, ""time (min)"": 4}, {""product concentration (uM)"": 38.85, ""time (min)"": 6}, {""product concentration (uM)"": 41.34, ""time (min)"": 8}, {""product concentration (uM)"": 42.62, ""time (min)"": 10}, {""product concentration (uM)"": 43.29, ""time (min)"": 12}]","{""expected_estimate_approx"": 44.0, ""representation"": ""paired-data graph with smooth trend and level-off annotation"", ""required_estimate"": ""level-off value of product concentration"", ""x_axis"": ""time (min)"", ""y_axis"": ""product concentration (uM)""}","[{""criterion_id"": ""REPRESENTATION_TYPE"", ""met_rule"": ""Uses a continuous paired-data graph.""}, {""criterion_id"": ""X_UNIT"", ""met_rule"": ""X-axis includes required variable and unit.""}, {""criterion_id"": ""Y_UNIT"", ""met_rule"": ""Y-axis includes required variable and unit.""}, {""criterion_id"": ""X_SCALE"", ""met_rule"": ""Numeric x positions are proportional and interpretable.""}, {""criterion_id"": ""Y_SCALE"", ""met_rule"": ""Y-scale is interpretable and represents all observations.""}, {""criterion_id"": ""PLOT_VALUES"", ""met_rule"": ""All paired observations are plotted at recoverable coordinates.""}, {""criterion_id"": ""BEST_FIT_RELATIONSHIP"", ""met_rule"": ""Smooth trend remains consistent with plotted observations.""}, {""criterion_id"": ""PLATEAU_ANNOTATION"", ""met_rule"": ""Annotation visibly identifies the level-off region.""}, {""criterion_id"": ""ESTIMATE_VALUE"", ""met_rule"": ""Reported estimate has value and unit consistent with graph annotation.""}]",independently_authored_synthetic_research_seed_unverified,Research seed for hand-drawn graph capture and reviewer evaluation. Do not expose criterion definitions to the person drawing the graph.
HDG-2026-P1-EST-030,v0.1-research-seed,frq,short,canonical_answer,continuous_relationship_graph_derived_estimate,plateau_estimate,HDG-2026-P1-EST-030__response-01.jpg,"Researchers measured population growth in a flask over increasing time. Construct a graph with time on the x-axis and population density on the y-axis. Plot the paired observations, draw a smooth trend that remains consistent with the data, mark the level-off region, and report the estimated level-off value with units.

Write the item ID HDG-2026-P1-EST-030 at the top of your page.

| time (hr) | population density (10^5 cells/mL) |
| --- | --- |
| 0 | 8.31 |
| 2 | 29.44 |
| 4 | 39.32 |
| 6 | 43.94 |
| 8 | 46.1 |
| 10 | 47.11 |
| 12 | 47.58 |","Expected graph: paired-data graph with smooth trend and level-off annotation; x-axis time (hr); y-axis population density (10^5 cells/mL). Required criteria: REPRESENTATION_TYPE, X_UNIT, Y_UNIT, X_SCALE, Y_SCALE, PLOT_VALUES, BEST_FIT_RELATIONSHIP, PLATEAU_ANNOTATION, ESTIMATE_VALUE.",AP Biology|data analysis|graph-derived estimates|model interpretation,population growth in a flask|plateau estimate|paired data,"[{""population density (10^5 cells/mL)"": 8.31, ""time (hr)"": 0}, {""population density (10^5 cells/mL)"": 29.44, ""time (hr)"": 2}, {""population density (10^5 cells/mL)"": 39.32, ""time (hr)"": 4}, {""population density (10^5 cells/mL)"": 43.94, ""time (hr)"": 6}, {""population density (10^5 cells/mL)"": 46.1, ""time (hr)"": 8}, {""population density (10^5 cells/mL)"": 47.11, ""time (hr)"": 10}, {""population density (10^5 cells/mL)"": 47.58, ""time (hr)"": 12}]","{""expected_estimate_approx"": 48.0, ""representation"": ""paired-data graph with smooth trend and level-off annotation"", ""required_estimate"": ""level-off value of population density"", ""x_axis"": ""time (hr)"", ""y_axis"": ""population density (10^5 cells/mL)""}","[{""criterion_id"": ""REPRESENTATION_TYPE"", ""met_rule"": ""Uses a continuous paired-data graph.""}, {""criterion_id"": ""X_UNIT"", ""met_rule"": ""X-axis includes required variable and unit.""}, {""criterion_id"": ""Y_UNIT"", ""met_rule"": ""Y-axis includes required variable and unit.""}, {""criterion_id"": ""X_SCALE"", ""met_rule"": ""Numeric x positions are proportional and interpretable.""}, {""criterion_id"": ""Y_SCALE"", ""met_rule"": ""Y-scale is interpretable and represents all observations.""}, {""criterion_id"": ""PLOT_VALUES"", ""met_rule"": ""All paired observations are plotted at recoverable coordinates.""}, {""criterion_id"": ""BEST_FIT_RELATIONSHIP"", ""met_rule"": ""Smooth trend remains consistent with plotted observations.""}, {""criterion_id"": ""PLATEAU_ANNOTATION"", ""met_rule"": ""Annotation visibly identifies the level-off region.""}, {""criterion_id"": ""ESTIMATE_VALUE"", ""met_rule"": ""Reported estimate has value and unit consistent with graph annotation.""}]",independently_authored_synthetic_research_seed_unverified,Research seed for hand-drawn graph capture and reviewer evaluation. Do not expose criterion definitions to the person drawing the graph.
HDG-2026-P1-EST-031,v0.1-research-seed,frq,short,canonical_answer,continuous_relationship_graph_derived_estimate,plateau_estimate,HDG-2026-P1-EST-031__response-01.jpg,"Researchers measured microbial culture density over increasing time. Construct a graph with time on the x-axis and culture density on the y-axis. Plot the paired observations, draw a smooth trend that remains consistent with the data, mark the level-off region, and report the estimated level-off value with units.

Write the item ID HDG-2026-P1-EST-031 at the top of your page.

| time (hr) | culture density (10^5 cells/mL) |
| --- | --- |
| 0 | 5.42 |
| 2 | 18.44 |
| 4 | 23.96 |
| 6 | 26.29 |
| 8 | 27.28 |
| 10 | 27.69 |
| 12 | 27.87 |","Expected graph: paired-data graph with smooth trend and level-off annotation; x-axis time (hr); y-axis culture density (10^5 cells/mL). Required criteria: REPRESENTATION_TYPE, X_UNIT, Y_UNIT, X_SCALE, Y_SCALE, PLOT_VALUES, BEST_FIT_RELATIONSHIP, PLATEAU_ANNOTATION, ESTIMATE_VALUE.",AP Biology|data analysis|graph-derived estimates|model interpretation,microbial culture density|plateau estimate|paired data,"[{""culture density (10^5 cells/mL)"": 5.42, ""time (hr)"": 0}, {""culture density (10^5 cells/mL)"": 18.44, ""time (hr)"": 2}, {""culture density (10^5 cells/mL)"": 23.96, ""time (hr)"": 4}, {""culture density (10^5 cells/mL)"": 26.29, ""time (hr)"": 6}, {""culture density (10^5 cells/mL)"": 27.28, ""time (hr)"": 8}, {""culture density (10^5 cells/mL)"": 27.69, ""time (hr)"": 10}, {""culture density (10^5 cells/mL)"": 27.87, ""time (hr)"": 12}]","{""expected_estimate_approx"": 28.0, ""representation"": ""paired-data graph with smooth trend and level-off annotation"", ""required_estimate"": ""level-off value of culture density"", ""x_axis"": ""time (hr)"", ""y_axis"": ""culture density (10^5 cells/mL)""}","[{""criterion_id"": ""REPRESENTATION_TYPE"", ""met_rule"": ""Uses a continuous paired-data graph.""}, {""criterion_id"": ""X_UNIT"", ""met_rule"": ""X-axis includes required variable and unit.""}, {""criterion_id"": ""Y_UNIT"", ""met_rule"": ""Y-axis includes required variable and unit.""}, {""criterion_id"": ""X_SCALE"", ""met_rule"": ""Numeric x positions are proportional and interpretable.""}, {""criterion_id"": ""Y_SCALE"", ""met_rule"": ""Y-scale is interpretable and represents all observations.""}, {""criterion_id"": ""PLOT_VALUES"", ""met_rule"": ""All paired observations are plotted at recoverable coordinates.""}, {""criterion_id"": ""BEST_FIT_RELATIONSHIP"", ""met_rule"": ""Smooth trend remains consistent with plotted observations.""}, {""criterion_id"": ""PLATEAU_ANNOTATION"", ""met_rule"": ""Annotation visibly identifies the level-off region.""}, {""criterion_id"": ""ESTIMATE_VALUE"", ""met_rule"": ""Reported estimate has value and unit consistent with graph annotation.""}]",independently_authored_synthetic_research_seed_unverified,Research seed for hand-drawn graph capture and reviewer evaluation. Do not expose criterion definitions to the person drawing the graph.
HDG-2026-P1-EST-032,v0.1-research-seed,frq,short,canonical_answer,continuous_relationship_graph_derived_estimate,plateau_estimate,HDG-2026-P1-EST-032__response-01.jpg,"Researchers measured transport protein uptake over increasing substrate concentration. Construct a graph with substrate concentration on the x-axis and uptake rate on the y-axis. Plot the paired observations, draw a smooth trend that remains consistent with the data, mark the level-off region, and report the estimated level-off value with units.

Write the item ID HDG-2026-P1-EST-032 at the top of your page.

| substrate concentration (mM) | uptake rate (pmol/min) |
| --- | --- |
| 0 | 6.83 |
| 2 | 22.36 |
| 4 | 28.31 |
| 6 | 30.59 |
| 8 | 31.46 |
| 10 | 31.79 |
| 12 | 31.92 |","Expected graph: paired-data graph with smooth trend and level-off annotation; x-axis substrate concentration (mM); y-axis uptake rate (pmol/min). Required criteria: REPRESENTATION_TYPE, X_UNIT, Y_UNIT, X_SCALE, Y_SCALE, PLOT_VALUES, BEST_FIT_RELATIONSHIP, PLATEAU_ANNOTATION, ESTIMATE_VALUE.",AP Biology|data analysis|graph-derived estimates|model interpretation,transport protein uptake|plateau estimate|paired data,"[{""substrate concentration (mM)"": 0, ""uptake rate (pmol/min)"": 6.83}, {""substrate concentration (mM)"": 2, ""uptake rate (pmol/min)"": 22.36}, {""substrate concentration (mM)"": 4, ""uptake rate (pmol/min)"": 28.31}, {""substrate concentration (mM)"": 6, ""uptake rate (pmol/min)"": 30.59}, {""substrate concentration (mM)"": 8, ""uptake rate (pmol/min)"": 31.46}, {""substrate concentration (mM)"": 10, ""uptake rate (pmol/min)"": 31.79}, {""substrate concentration (mM)"": 12, ""uptake rate (pmol/min)"": 31.92}]","{""expected_estimate_approx"": 32.0, ""representation"": ""paired-data graph with smooth trend and level-off annotation"", ""required_estimate"": ""level-off value of uptake rate"", ""x_axis"": ""substrate concentration (mM)"", ""y_axis"": ""uptake rate (pmol/min)""}","[{""criterion_id"": ""REPRESENTATION_TYPE"", ""met_rule"": ""Uses a continuous paired-data graph.""}, {""criterion_id"": ""X_UNIT"", ""met_rule"": ""X-axis includes required variable and unit.""}, {""criterion_id"": ""Y_UNIT"", ""met_rule"": ""Y-axis includes required variable and unit.""}, {""criterion_id"": ""X_SCALE"", ""met_rule"": ""Numeric x positions are proportional and interpretable.""}, {""criterion_id"": ""Y_SCALE"", ""met_rule"": ""Y-scale is interpretable and represents all observations.""}, {""criterion_id"": ""PLOT_VALUES"", ""met_rule"": ""All paired observations are plotted at recoverable coordinates.""}, {""criterion_id"": ""BEST_FIT_RELATIONSHIP"", ""met_rule"": ""Smooth trend remains consistent with plotted observations.""}, {""criterion_id"": ""PLATEAU_ANNOTATION"", ""met_rule"": ""Annotation visibly identifies the level-off region.""}, {""criterion_id"": ""ESTIMATE_VALUE"", ""met_rule"": ""Reported estimate has value and unit consistent with graph annotation.""}]",independently_authored_synthetic_research_seed_unverified,Research seed for hand-drawn graph capture and reviewer evaluation. Do not expose criterion definitions to the person drawing the graph.
HDG-2026-P1-EST-033,v0.1-research-seed,frq,short,canonical_answer,continuous_relationship_graph_derived_estimate,plateau_estimate,HDG-2026-P1-EST-033__response-01.jpg,"Researchers measured photosynthetic rate over increasing light intensity. Construct a graph with light intensity on the x-axis and oxygen release on the y-axis. Plot the paired observations, draw a smooth trend that remains consistent with the data, mark the level-off region, and report the estimated level-off value with units.

Write the item ID HDG-2026-P1-EST-033 at the top of your page.

| light intensity (umol photons/m^2/s) | oxygen release (umol O2/min) |
| --- | --- |
| 0 | 5.48 |
| 2 | 20.22 |
| 4 | 27.85 |
| 6 | 31.79 |
| 8 | 33.82 |
| 10 | 34.87 |
| 12 | 35.42 |","Expected graph: paired-data graph with smooth trend and level-off annotation; x-axis light intensity (umol photons/m^2/s); y-axis oxygen release (umol O2/min). Required criteria: REPRESENTATION_TYPE, X_UNIT, Y_UNIT, X_SCALE, Y_SCALE, PLOT_VALUES, BEST_FIT_RELATIONSHIP, PLATEAU_ANNOTATION, ESTIMATE_VALUE.",AP Biology|data analysis|graph-derived estimates|model interpretation,photosynthetic rate|plateau estimate|paired data,"[{""light intensity (umol photons/m^2/s)"": 0, ""oxygen release (umol O2/min)"": 5.48}, {""light intensity (umol photons/m^2/s)"": 2, ""oxygen release (umol O2/min)"": 20.22}, {""light intensity (umol photons/m^2/s)"": 4, ""oxygen release (umol O2/min)"": 27.85}, {""light intensity (umol photons/m^2/s)"": 6, ""oxygen release (umol O2/min)"": 31.79}, {""light intensity (umol photons/m^2/s)"": 8, ""oxygen release (umol O2/min)"": 33.82}, {""light intensity (umol photons/m^2/s)"": 10, ""oxygen release (umol O2/min)"": 34.87}, {""light intensity (umol photons/m^2/s)"": 12, ""oxygen release (umol O2/min)"": 35.42}]","{""expected_estimate_approx"": 36.0, ""representation"": ""paired-data graph with smooth trend and level-off annotation"", ""required_estimate"": ""level-off value of oxygen release"", ""x_axis"": ""light intensity (umol photons/m^2/s)"", ""y_axis"": ""oxygen release (umol O2/min)""}","[{""criterion_id"": ""REPRESENTATION_TYPE"", ""met_rule"": ""Uses a continuous paired-data graph.""}, {""criterion_id"": ""X_UNIT"", ""met_rule"": ""X-axis includes required variable and unit.""}, {""criterion_id"": ""Y_UNIT"", ""met_rule"": ""Y-axis includes required variable and unit.""}, {""criterion_id"": ""X_SCALE"", ""met_rule"": ""Numeric x positions are proportional and interpretable.""}, {""criterion_id"": ""Y_SCALE"", ""met_rule"": ""Y-scale is interpretable and represents all observations.""}, {""criterion_id"": ""PLOT_VALUES"", ""met_rule"": ""All paired observations are plotted at recoverable coordinates.""}, {""criterion_id"": ""BEST_FIT_RELATIONSHIP"", ""met_rule"": ""Smooth trend remains consistent with plotted observations.""}, {""criterion_id"": ""PLATEAU_ANNOTATION"", ""met_rule"": ""Annotation visibly identifies the level-off region.""}, {""criterion_id"": ""ESTIMATE_VALUE"", ""met_rule"": ""Reported estimate has value and unit consistent with graph annotation.""}]",independently_authored_synthetic_research_seed_unverified,Research seed for hand-drawn graph capture and reviewer evaluation. Do not expose criterion definitions to the person drawing the graph.
HDG-2026-P1-EST-034,v0.1-research-seed,frq,short,canonical_answer,continuous_relationship_graph_derived_estimate,plateau_estimate,HDG-2026-P1-EST-034__response-01.jpg,"Researchers measured enzyme product formation over increasing time. Construct a graph with time on the x-axis and product concentration on the y-axis. Plot the paired observations, draw a smooth trend that remains consistent with the data, mark the level-off region, and report the estimated level-off value with units.

Write the item ID HDG-2026-P1-EST-034 at the top of your page.

| time (min) | product concentration (uM) |
| --- | --- |
| 0 | 6.92 |
| 2 | 24.53 |
| 4 | 32.77 |
| 6 | 36.62 |
| 8 | 38.42 |
| 10 | 39.26 |
| 12 | 39.65 |","Expected graph: paired-data graph with smooth trend and level-off annotation; x-axis time (min); y-axis product concentration (uM). Required criteria: REPRESENTATION_TYPE, X_UNIT, Y_UNIT, X_SCALE, Y_SCALE, PLOT_VALUES, BEST_FIT_RELATIONSHIP, PLATEAU_ANNOTATION, ESTIMATE_VALUE.",AP Biology|data analysis|graph-derived estimates|model interpretation,enzyme product formation|plateau estimate|paired data,"[{""product concentration (uM)"": 6.92, ""time (min)"": 0}, {""product concentration (uM)"": 24.53, ""time (min)"": 2}, {""product concentration (uM)"": 32.77, ""time (min)"": 4}, {""product concentration (uM)"": 36.62, ""time (min)"": 6}, {""product concentration (uM)"": 38.42, ""time (min)"": 8}, {""product concentration (uM)"": 39.26, ""time (min)"": 10}, {""product concentration (uM)"": 39.65, ""time (min)"": 12}]","{""expected_estimate_approx"": 40.0, ""representation"": ""paired-data graph with smooth trend and level-off annotation"", ""required_estimate"": ""level-off value of product concentration"", ""x_axis"": ""time (min)"", ""y_axis"": ""product concentration (uM)""}","[{""criterion_id"": ""REPRESENTATION_TYPE"", ""met_rule"": ""Uses a continuous paired-data graph.""}, {""criterion_id"": ""X_UNIT"", ""met_rule"": ""X-axis includes required variable and unit.""}, {""criterion_id"": ""Y_UNIT"", ""met_rule"": ""Y-axis includes required variable and unit.""}, {""criterion_id"": ""X_SCALE"", ""met_rule"": ""Numeric x positions are proportional and interpretable.""}, {""criterion_id"": ""Y_SCALE"", ""met_rule"": ""Y-scale is interpretable and represents all observations.""}, {""criterion_id"": ""PLOT_VALUES"", ""met_rule"": ""All paired observations are plotted at recoverable coordinates.""}, {""criterion_id"": ""BEST_FIT_RELATIONSHIP"", ""met_rule"": ""Smooth trend remains consistent with plotted observations.""}, {""criterion_id"": ""PLATEAU_ANNOTATION"", ""met_rule"": ""Annotation visibly identifies the level-off region.""}, {""criterion_id"": ""ESTIMATE_VALUE"", ""met_rule"": ""Reported estimate has value and unit consistent with graph annotation.""}]",independently_authored_synthetic_research_seed_unverified,Research seed for hand-drawn graph capture and reviewer evaluation. Do not expose criterion definitions to the person drawing the graph.
HDG-2026-P1-EST-035,v0.1-research-seed,frq,short,canonical_answer,continuous_relationship_graph_derived_estimate,plateau_estimate,HDG-2026-P1-EST-035__response-01.jpg,"Researchers measured population growth in a flask over increasing time. Construct a graph with time on the x-axis and population density on the y-axis. Plot the paired observations, draw a smooth trend that remains consistent with the data, mark the level-off region, and report the estimated level-off value with units.

Write the item ID HDG-2026-P1-EST-035 at the top of your page.

| time (hr) | population density (10^5 cells/mL) |
| --- | --- |
| 0 | 8.51 |
| 2 | 28.98 |
| 4 | 37.65 |
| 6 | 41.31 |
| 8 | 42.86 |
| 10 | 43.52 |
| 12 | 43.8 |","Expected graph: paired-data graph with smooth trend and level-off annotation; x-axis time (hr); y-axis population density (10^5 cells/mL). Required criteria: REPRESENTATION_TYPE, X_UNIT, Y_UNIT, X_SCALE, Y_SCALE, PLOT_VALUES, BEST_FIT_RELATIONSHIP, PLATEAU_ANNOTATION, ESTIMATE_VALUE.",AP Biology|data analysis|graph-derived estimates|model interpretation,population growth in a flask|plateau estimate|paired data,"[{""population density (10^5 cells/mL)"": 8.51, ""time (hr)"": 0}, {""population density (10^5 cells/mL)"": 28.98, ""time (hr)"": 2}, {""population density (10^5 cells/mL)"": 37.65, ""time (hr)"": 4}, {""population density (10^5 cells/mL)"": 41.31, ""time (hr)"": 6}, {""population density (10^5 cells/mL)"": 42.86, ""time (hr)"": 8}, {""population density (10^5 cells/mL)"": 43.52, ""time (hr)"": 10}, {""population density (10^5 cells/mL)"": 43.8, ""time (hr)"": 12}]","{""expected_estimate_approx"": 44.0, ""representation"": ""paired-data graph with smooth trend and level-off annotation"", ""required_estimate"": ""level-off value of population density"", ""x_axis"": ""time (hr)"", ""y_axis"": ""population density (10^5 cells/mL)""}","[{""criterion_id"": ""REPRESENTATION_TYPE"", ""met_rule"": ""Uses a continuous paired-data graph.""}, {""criterion_id"": ""X_UNIT"", ""met_rule"": ""X-axis includes required variable and unit.""}, {""criterion_id"": ""Y_UNIT"", ""met_rule"": ""Y-axis includes required variable and unit.""}, {""criterion_id"": ""X_SCALE"", ""met_rule"": ""Numeric x positions are proportional and interpretable.""}, {""criterion_id"": ""Y_SCALE"", ""met_rule"": ""Y-scale is interpretable and represents all observations.""}, {""criterion_id"": ""PLOT_VALUES"", ""met_rule"": ""All paired observations are plotted at recoverable coordinates.""}, {""criterion_id"": ""BEST_FIT_RELATIONSHIP"", ""met_rule"": ""Smooth trend remains consistent with plotted observations.""}, {""criterion_id"": ""PLATEAU_ANNOTATION"", ""met_rule"": ""Annotation visibly identifies the level-off region.""}, {""criterion_id"": ""ESTIMATE_VALUE"", ""met_rule"": ""Reported estimate has value and unit consistent with graph annotation.""}]",independently_authored_synthetic_research_seed_unverified,Research seed for hand-drawn graph capture and reviewer evaluation. Do not expose criterion definitions to the person drawing the graph.
HDG-2026-P1-EST-036,v0.1-research-seed,frq,short,canonical_answer,continuous_relationship_graph_derived_estimate,plateau_estimate,HDG-2026-P1-EST-036__response-01.jpg,"Researchers measured microbial culture density over increasing time. Construct a graph with time on the x-axis and culture density on the y-axis. Plot the paired observations, draw a smooth trend that remains consistent with the data, mark the level-off region, and report the estimated level-off value with units.

Write the item ID HDG-2026-P1-EST-036 at the top of your page.

| time (hr) | culture density (10^5 cells/mL) |
| --- | --- |
| 0 | 10.24 |
| 2 | 33.54 |
| 4 | 42.46 |
| 6 | 45.88 |
| 8 | 47.19 |
| 10 | 47.69 |
| 12 | 47.88 |","Expected graph: paired-data graph with smooth trend and level-off annotation; x-axis time (hr); y-axis culture density (10^5 cells/mL). Required criteria: REPRESENTATION_TYPE, X_UNIT, Y_UNIT, X_SCALE, Y_SCALE, PLOT_VALUES, BEST_FIT_RELATIONSHIP, PLATEAU_ANNOTATION, ESTIMATE_VALUE.",AP Biology|data analysis|graph-derived estimates|model interpretation,microbial culture density|plateau estimate|paired data,"[{""culture density (10^5 cells/mL)"": 10.24, ""time (hr)"": 0}, {""culture density (10^5 cells/mL)"": 33.54, ""time (hr)"": 2}, {""culture density (10^5 cells/mL)"": 42.46, ""time (hr)"": 4}, {""culture density (10^5 cells/mL)"": 45.88, ""time (hr)"": 6}, {""culture density (10^5 cells/mL)"": 47.19, ""time (hr)"": 8}, {""culture density (10^5 cells/mL)"": 47.69, ""time (hr)"": 10}, {""culture density (10^5 cells/mL)"": 47.88, ""time (hr)"": 12}]","{""expected_estimate_approx"": 48.0, ""representation"": ""paired-data graph with smooth trend and level-off annotation"", ""required_estimate"": ""level-off value of culture density"", ""x_axis"": ""time (hr)"", ""y_axis"": ""culture density (10^5 cells/mL)""}","[{""criterion_id"": ""REPRESENTATION_TYPE"", ""met_rule"": ""Uses a continuous paired-data graph.""}, {""criterion_id"": ""X_UNIT"", ""met_rule"": ""X-axis includes required variable and unit.""}, {""criterion_id"": ""Y_UNIT"", ""met_rule"": ""Y-axis includes required variable and unit.""}, {""criterion_id"": ""X_SCALE"", ""met_rule"": ""Numeric x positions are proportional and interpretable.""}, {""criterion_id"": ""Y_SCALE"", ""met_rule"": ""Y-scale is interpretable and represents all observations.""}, {""criterion_id"": ""PLOT_VALUES"", ""met_rule"": ""All paired observations are plotted at recoverable coordinates.""}, {""criterion_id"": ""BEST_FIT_RELATIONSHIP"", ""met_rule"": ""Smooth trend remains consistent with plotted observations.""}, {""criterion_id"": ""PLATEAU_ANNOTATION"", ""met_rule"": ""Annotation visibly identifies the level-off region.""}, {""criterion_id"": ""ESTIMATE_VALUE"", ""met_rule"": ""Reported estimate has value and unit consistent with graph annotation.""}]",independently_authored_synthetic_research_seed_unverified,Research seed for hand-drawn graph capture and reviewer evaluation. Do not expose criterion definitions to the person drawing the graph.
HDG-2026-P1-EST-037,v0.1-research-seed,frq,short,canonical_answer,continuous_relationship_graph_derived_estimate,plateau_estimate,HDG-2026-P1-EST-037__response-01.jpg,"Researchers measured transport protein uptake over increasing substrate concentration. Construct a graph with substrate concentration on the x-axis and uptake rate on the y-axis. Plot the paired observations, draw a smooth trend that remains consistent with the data, mark the level-off region, and report the estimated level-off value with units.

Write the item ID HDG-2026-P1-EST-037 at the top of your page.

| substrate concentration (mM) | uptake rate (pmol/min) |
| --- | --- |
| 0 | 4.26 |
| 2 | 15.73 |
| 4 | 21.66 |
| 6 | 24.72 |
| 8 | 26.31 |
| 10 | 27.12 |
| 12 | 27.55 |","Expected graph: paired-data graph with smooth trend and level-off annotation; x-axis substrate concentration (mM); y-axis uptake rate (pmol/min). Required criteria: REPRESENTATION_TYPE, X_UNIT, Y_UNIT, X_SCALE, Y_SCALE, PLOT_VALUES, BEST_FIT_RELATIONSHIP, PLATEAU_ANNOTATION, ESTIMATE_VALUE.",AP Biology|data analysis|graph-derived estimates|model interpretation,transport protein uptake|plateau estimate|paired data,"[{""substrate concentration (mM)"": 0, ""uptake rate (pmol/min)"": 4.26}, {""substrate concentration (mM)"": 2, ""uptake rate (pmol/min)"": 15.73}, {""substrate concentration (mM)"": 4, ""uptake rate (pmol/min)"": 21.66}, {""substrate concentration (mM)"": 6, ""uptake rate (pmol/min)"": 24.72}, {""substrate concentration (mM)"": 8, ""uptake rate (pmol/min)"": 26.31}, {""substrate concentration (mM)"": 10, ""uptake rate (pmol/min)"": 27.12}, {""substrate concentration (mM)"": 12, ""uptake rate (pmol/min)"": 27.55}]","{""expected_estimate_approx"": 28.0, ""representation"": ""paired-data graph with smooth trend and level-off annotation"", ""required_estimate"": ""level-off value of uptake rate"", ""x_axis"": ""substrate concentration (mM)"", ""y_axis"": ""uptake rate (pmol/min)""}","[{""criterion_id"": ""REPRESENTATION_TYPE"", ""met_rule"": ""Uses a continuous paired-data graph.""}, {""criterion_id"": ""X_UNIT"", ""met_rule"": ""X-axis includes required variable and unit.""}, {""criterion_id"": ""Y_UNIT"", ""met_rule"": ""Y-axis includes required variable and unit.""}, {""criterion_id"": ""X_SCALE"", ""met_rule"": ""Numeric x positions are proportional and interpretable.""}, {""criterion_id"": ""Y_SCALE"", ""met_rule"": ""Y-scale is interpretable and represents all observations.""}, {""criterion_id"": ""PLOT_VALUES"", ""met_rule"": ""All paired observations are plotted at recoverable coordinates.""}, {""criterion_id"": ""BEST_FIT_RELATIONSHIP"", ""met_rule"": ""Smooth trend remains consistent with plotted observations.""}, {""criterion_id"": ""PLATEAU_ANNOTATION"", ""met_rule"": ""Annotation visibly identifies the level-off region.""}, {""criterion_id"": ""ESTIMATE_VALUE"", ""met_rule"": ""Reported estimate has value and unit consistent with graph annotation.""}]",independently_authored_synthetic_research_seed_unverified,Research seed for hand-drawn graph capture and reviewer evaluation. Do not expose criterion definitions to the person drawing the graph.
HDG-2026-P1-EST-038,v0.1-research-seed,frq,short,canonical_answer,continuous_relationship_graph_derived_estimate,plateau_estimate,HDG-2026-P1-EST-038__response-01.jpg,"Researchers measured photosynthetic rate over increasing light intensity. Construct a graph with light intensity on the x-axis and oxygen release on the y-axis. Plot the paired observations, draw a smooth trend that remains consistent with the data, mark the level-off region, and report the estimated level-off value with units.

Write the item ID HDG-2026-P1-EST-038 at the top of your page.

| light intensity (umol photons/m^2/s) | oxygen release (umol O2/min) |
| --- | --- |
| 0 | 5.54 |
| 2 | 19.62 |
| 4 | 26.21 |
| 6 | 29.29 |
| 8 | 30.73 |
| 10 | 31.41 |
| 12 | 31.72 |","Expected graph: paired-data graph with smooth trend and level-off annotation; x-axis light intensity (umol photons/m^2/s); y-axis oxygen release (umol O2/min). Required criteria: REPRESENTATION_TYPE, X_UNIT, Y_UNIT, X_SCALE, Y_SCALE, PLOT_VALUES, BEST_FIT_RELATIONSHIP, PLATEAU_ANNOTATION, ESTIMATE_VALUE.",AP Biology|data analysis|graph-derived estimates|model interpretation,photosynthetic rate|plateau estimate|paired data,"[{""light intensity (umol photons/m^2/s)"": 0, ""oxygen release (umol O2/min)"": 5.54}, {""light intensity (umol photons/m^2/s)"": 2, ""oxygen release (umol O2/min)"": 19.62}, {""light intensity (umol photons/m^2/s)"": 4, ""oxygen release (umol O2/min)"": 26.21}, {""light intensity (umol photons/m^2/s)"": 6, ""oxygen release (umol O2/min)"": 29.29}, {""light intensity (umol photons/m^2/s)"": 8, ""oxygen release (umol O2/min)"": 30.73}, {""light intensity (umol photons/m^2/s)"": 10, ""oxygen release (umol O2/min)"": 31.41}, {""light intensity (umol photons/m^2/s)"": 12, ""oxygen release (umol O2/min)"": 31.72}]","{""expected_estimate_approx"": 32.0, ""representation"": ""paired-data graph with smooth trend and level-off annotation"", ""required_estimate"": ""level-off value of oxygen release"", ""x_axis"": ""light intensity (umol photons/m^2/s)"", ""y_axis"": ""oxygen release (umol O2/min)""}","[{""criterion_id"": ""REPRESENTATION_TYPE"", ""met_rule"": ""Uses a continuous paired-data graph.""}, {""criterion_id"": ""X_UNIT"", ""met_rule"": ""X-axis includes required variable and unit.""}, {""criterion_id"": ""Y_UNIT"", ""met_rule"": ""Y-axis includes required variable and unit.""}, {""criterion_id"": ""X_SCALE"", ""met_rule"": ""Numeric x positions are proportional and interpretable.""}, {""criterion_id"": ""Y_SCALE"", ""met_rule"": ""Y-scale is interpretable and represents all observations.""}, {""criterion_id"": ""PLOT_VALUES"", ""met_rule"": ""All paired observations are plotted at recoverable coordinates.""}, {""criterion_id"": ""BEST_FIT_RELATIONSHIP"", ""met_rule"": ""Smooth trend remains consistent with plotted observations.""}, {""criterion_id"": ""PLATEAU_ANNOTATION"", ""met_rule"": ""Annotation visibly identifies the level-off region.""}, {""criterion_id"": ""ESTIMATE_VALUE"", ""met_rule"": ""Reported estimate has value and unit consistent with graph annotation.""}]",independently_authored_synthetic_research_seed_unverified,Research seed for hand-drawn graph capture and reviewer evaluation. Do not expose criterion definitions to the person drawing the graph.
HDG-2026-P1-EST-039,v0.1-research-seed,frq,short,canonical_answer,continuous_relationship_graph_derived_estimate,plateau_estimate,HDG-2026-P1-EST-039__response-01.jpg,"Researchers measured enzyme product formation over increasing time. Construct a graph with time on the x-axis and product concentration on the y-axis. Plot the paired observations, draw a smooth trend that remains consistent with the data, mark the level-off region, and report the estimated level-off value with units.

Write the item ID HDG-2026-P1-EST-039 at the top of your page.

| time (min) | product concentration (uM) |
| --- | --- |
| 0 | 6.96 |
| 2 | 23.71 |
| 4 | 30.8 |
| 6 | 33.8 |
| 8 | 35.07 |
| 10 | 35.61 |
| 12 | 35.83 |","Expected graph: paired-data graph with smooth trend and level-off annotation; x-axis time (min); y-axis product concentration (uM). Required criteria: REPRESENTATION_TYPE, X_UNIT, Y_UNIT, X_SCALE, Y_SCALE, PLOT_VALUES, BEST_FIT_RELATIONSHIP, PLATEAU_ANNOTATION, ESTIMATE_VALUE.",AP Biology|data analysis|graph-derived estimates|model interpretation,enzyme product formation|plateau estimate|paired data,"[{""product concentration (uM)"": 6.96, ""time (min)"": 0}, {""product concentration (uM)"": 23.71, ""time (min)"": 2}, {""product concentration (uM)"": 30.8, ""time (min)"": 4}, {""product concentration (uM)"": 33.8, ""time (min)"": 6}, {""product concentration (uM)"": 35.07, ""time (min)"": 8}, {""product concentration (uM)"": 35.61, ""time (min)"": 10}, {""product concentration (uM)"": 35.83, ""time (min)"": 12}]","{""expected_estimate_approx"": 36.0, ""representation"": ""paired-data graph with smooth trend and level-off annotation"", ""required_estimate"": ""level-off value of product concentration"", ""x_axis"": ""time (min)"", ""y_axis"": ""product concentration (uM)""}","[{""criterion_id"": ""REPRESENTATION_TYPE"", ""met_rule"": ""Uses a continuous paired-data graph.""}, {""criterion_id"": ""X_UNIT"", ""met_rule"": ""X-axis includes required variable and unit.""}, {""criterion_id"": ""Y_UNIT"", ""met_rule"": ""Y-axis includes required variable and unit.""}, {""criterion_id"": ""X_SCALE"", ""met_rule"": ""Numeric x positions are proportional and interpretable.""}, {""criterion_id"": ""Y_SCALE"", ""met_rule"": ""Y-scale is interpretable and represents all observations.""}, {""criterion_id"": ""PLOT_VALUES"", ""met_rule"": ""All paired observations are plotted at recoverable coordinates.""}, {""criterion_id"": ""BEST_FIT_RELATIONSHIP"", ""met_rule"": ""Smooth trend remains consistent with plotted observations.""}, {""criterion_id"": ""PLATEAU_ANNOTATION"", ""met_rule"": ""Annotation visibly identifies the level-off region.""}, {""criterion_id"": ""ESTIMATE_VALUE"", ""met_rule"": ""Reported estimate has value and unit consistent with graph annotation.""}]",independently_authored_synthetic_research_seed_unverified,Research seed for hand-drawn graph capture and reviewer evaluation. Do not expose criterion definitions to the person drawing the graph.
HDG-2026-P1-EST-040,v0.1-research-seed,frq,short,canonical_answer,continuous_relationship_graph_derived_estimate,plateau_estimate,HDG-2026-P1-EST-040__response-01.jpg,"Researchers measured population growth in a flask over increasing time. Construct a graph with time on the x-axis and population density on the y-axis. Plot the paired observations, draw a smooth trend that remains consistent with the data, mark the level-off region, and report the estimated level-off value with units.

Write the item ID HDG-2026-P1-EST-040 at the top of your page.

| time (hr) | population density (10^5 cells/mL) |
| --- | --- |
| 0 | 8.53 |
| 2 | 27.95 |
| 4 | 35.39 |
| 6 | 38.23 |
| 8 | 39.32 |
| 10 | 39.74 |
| 12 | 39.9 |","Expected graph: paired-data graph with smooth trend and level-off annotation; x-axis time (hr); y-axis population density (10^5 cells/mL). Required criteria: REPRESENTATION_TYPE, X_UNIT, Y_UNIT, X_SCALE, Y_SCALE, PLOT_VALUES, BEST_FIT_RELATIONSHIP, PLATEAU_ANNOTATION, ESTIMATE_VALUE.",AP Biology|data analysis|graph-derived estimates|model interpretation,population growth in a flask|plateau estimate|paired data,"[{""population density (10^5 cells/mL)"": 8.53, ""time (hr)"": 0}, {""population density (10^5 cells/mL)"": 27.95, ""time (hr)"": 2}, {""population density (10^5 cells/mL)"": 35.39, ""time (hr)"": 4}, {""population density (10^5 cells/mL)"": 38.23, ""time (hr)"": 6}, {""population density (10^5 cells/mL)"": 39.32, ""time (hr)"": 8}, {""population density (10^5 cells/mL)"": 39.74, ""time (hr)"": 10}, {""population density (10^5 cells/mL)"": 39.9, ""time (hr)"": 12}]","{""expected_estimate_approx"": 40.0, ""representation"": ""paired-data graph with smooth trend and level-off annotation"", ""required_estimate"": ""level-off value of population density"", ""x_axis"": ""time (hr)"", ""y_axis"": ""population density (10^5 cells/mL)""}","[{""criterion_id"": ""REPRESENTATION_TYPE"", ""met_rule"": ""Uses a continuous paired-data graph.""}, {""criterion_id"": ""X_UNIT"", ""met_rule"": ""X-axis includes required variable and unit.""}, {""criterion_id"": ""Y_UNIT"", ""met_rule"": ""Y-axis includes required variable and unit.""}, {""criterion_id"": ""X_SCALE"", ""met_rule"": ""Numeric x positions are proportional and interpretable.""}, {""criterion_id"": ""Y_SCALE"", ""met_rule"": ""Y-scale is interpretable and represents all observations.""}, {""criterion_id"": ""PLOT_VALUES"", ""met_rule"": ""All paired observations are plotted at recoverable coordinates.""}, {""criterion_id"": ""BEST_FIT_RELATIONSHIP"", ""met_rule"": ""Smooth trend remains consistent with plotted observations.""}, {""criterion_id"": ""PLATEAU_ANNOTATION"", ""met_rule"": ""Annotation visibly identifies the level-off region.""}, {""criterion_id"": ""ESTIMATE_VALUE"", ""met_rule"": ""Reported estimate has value and unit consistent with graph annotation.""}]",independently_authored_synthetic_research_seed_unverified,Research seed for hand-drawn graph capture and reviewer evaluation. Do not expose criterion definitions to the person drawing the graph.
HDG-2026-P1-EST-041,v0.1-research-seed,frq,short,canonical_answer,continuous_relationship_graph_derived_estimate,plateau_estimate,HDG-2026-P1-EST-041__response-01.jpg,"Researchers measured microbial culture density over increasing time. Construct a graph with time on the x-axis and culture density on the y-axis. Plot the paired observations, draw a smooth trend that remains consistent with the data, mark the level-off region, and report the estimated level-off value with units.

Write the item ID HDG-2026-P1-EST-041 at the top of your page.

| time (hr) | culture density (10^5 cells/mL) |
| --- | --- |
| 0 | 6.69 |
| 2 | 24.72 |
| 4 | 34.03 |
| 6 | 38.85 |
| 8 | 41.34 |
| 10 | 42.62 |
| 12 | 43.29 |","Expected graph: paired-data graph with smooth trend and level-off annotation; x-axis time (hr); y-axis culture density (10^5 cells/mL). Required criteria: REPRESENTATION_TYPE, X_UNIT, Y_UNIT, X_SCALE, Y_SCALE, PLOT_VALUES, BEST_FIT_RELATIONSHIP, PLATEAU_ANNOTATION, ESTIMATE_VALUE.",AP Biology|data analysis|graph-derived estimates|model interpretation,microbial culture density|plateau estimate|paired data,"[{""culture density (10^5 cells/mL)"": 6.69, ""time (hr)"": 0}, {""culture density (10^5 cells/mL)"": 24.72, ""time (hr)"": 2}, {""culture density (10^5 cells/mL)"": 34.03, ""time (hr)"": 4}, {""culture density (10^5 cells/mL)"": 38.85, ""time (hr)"": 6}, {""culture density (10^5 cells/mL)"": 41.34, ""time (hr)"": 8}, {""culture density (10^5 cells/mL)"": 42.62, ""time (hr)"": 10}, {""culture density (10^5 cells/mL)"": 43.29, ""time (hr)"": 12}]","{""expected_estimate_approx"": 44.0, ""representation"": ""paired-data graph with smooth trend and level-off annotation"", ""required_estimate"": ""level-off value of culture density"", ""x_axis"": ""time (hr)"", ""y_axis"": ""culture density (10^5 cells/mL)""}","[{""criterion_id"": ""REPRESENTATION_TYPE"", ""met_rule"": ""Uses a continuous paired-data graph.""}, {""criterion_id"": ""X_UNIT"", ""met_rule"": ""X-axis includes required variable and unit.""}, {""criterion_id"": ""Y_UNIT"", ""met_rule"": ""Y-axis includes required variable and unit.""}, {""criterion_id"": ""X_SCALE"", ""met_rule"": ""Numeric x positions are proportional and interpretable.""}, {""criterion_id"": ""Y_SCALE"", ""met_rule"": ""Y-scale is interpretable and represents all observations.""}, {""criterion_id"": ""PLOT_VALUES"", ""met_rule"": ""All paired observations are plotted at recoverable coordinates.""}, {""criterion_id"": ""BEST_FIT_RELATIONSHIP"", ""met_rule"": ""Smooth trend remains consistent with plotted observations.""}, {""criterion_id"": ""PLATEAU_ANNOTATION"", ""met_rule"": ""Annotation visibly identifies the level-off region.""}, {""criterion_id"": ""ESTIMATE_VALUE"", ""met_rule"": ""Reported estimate has value and unit consistent with graph annotation.""}]",independently_authored_synthetic_research_seed_unverified,Research seed for hand-drawn graph capture and reviewer evaluation. Do not expose criterion definitions to the person drawing the graph.
HDG-2026-P1-EST-042,v0.1-research-seed,frq,short,canonical_answer,continuous_relationship_graph_derived_estimate,plateau_estimate,HDG-2026-P1-EST-042__response-01.jpg,"Researchers measured transport protein uptake over increasing substrate concentration. Construct a graph with substrate concentration on the x-axis and uptake rate on the y-axis. Plot the paired observations, draw a smooth trend that remains consistent with the data, mark the level-off region, and report the estimated level-off value with units.

Write the item ID HDG-2026-P1-EST-042 at the top of your page.

| substrate concentration (mM) | uptake rate (pmol/min) |
| --- | --- |
| 0 | 8.31 |
| 2 | 29.44 |
| 4 | 39.32 |
| 6 | 43.94 |
| 8 | 46.1 |
| 10 | 47.11 |
| 12 | 47.58 |","Expected graph: paired-data graph with smooth trend and level-off annotation; x-axis substrate concentration (mM); y-axis uptake rate (pmol/min). Required criteria: REPRESENTATION_TYPE, X_UNIT, Y_UNIT, X_SCALE, Y_SCALE, PLOT_VALUES, BEST_FIT_RELATIONSHIP, PLATEAU_ANNOTATION, ESTIMATE_VALUE.",AP Biology|data analysis|graph-derived estimates|model interpretation,transport protein uptake|plateau estimate|paired data,"[{""substrate concentration (mM)"": 0, ""uptake rate (pmol/min)"": 8.31}, {""substrate concentration (mM)"": 2, ""uptake rate (pmol/min)"": 29.44}, {""substrate concentration (mM)"": 4, ""uptake rate (pmol/min)"": 39.32}, {""substrate concentration (mM)"": 6, ""uptake rate (pmol/min)"": 43.94}, {""substrate concentration (mM)"": 8, ""uptake rate (pmol/min)"": 46.1}, {""substrate concentration (mM)"": 10, ""uptake rate (pmol/min)"": 47.11}, {""substrate concentration (mM)"": 12, ""uptake rate (pmol/min)"": 47.58}]","{""expected_estimate_approx"": 48.0, ""representation"": ""paired-data graph with smooth trend and level-off annotation"", ""required_estimate"": ""level-off value of uptake rate"", ""x_axis"": ""substrate concentration (mM)"", ""y_axis"": ""uptake rate (pmol/min)""}","[{""criterion_id"": ""REPRESENTATION_TYPE"", ""met_rule"": ""Uses a continuous paired-data graph.""}, {""criterion_id"": ""X_UNIT"", ""met_rule"": ""X-axis includes required variable and unit.""}, {""criterion_id"": ""Y_UNIT"", ""met_rule"": ""Y-axis includes required variable and unit.""}, {""criterion_id"": ""X_SCALE"", ""met_rule"": ""Numeric x positions are proportional and interpretable.""}, {""criterion_id"": ""Y_SCALE"", ""met_rule"": ""Y-scale is interpretable and represents all observations.""}, {""criterion_id"": ""PLOT_VALUES"", ""met_rule"": ""All paired observations are plotted at recoverable coordinates.""}, {""criterion_id"": ""BEST_FIT_RELATIONSHIP"", ""met_rule"": ""Smooth trend remains consistent with plotted observations.""}, {""criterion_id"": ""PLATEAU_ANNOTATION"", ""met_rule"": ""Annotation visibly identifies the level-off region.""}, {""criterion_id"": ""ESTIMATE_VALUE"", ""met_rule"": ""Reported estimate has value and unit consistent with graph annotation.""}]",independently_authored_synthetic_research_seed_unverified,Research seed for hand-drawn graph capture and reviewer evaluation. Do not expose criterion definitions to the person drawing the graph.
HDG-2026-P1-EST-043,v0.1-research-seed,frq,short,canonical_answer,continuous_relationship_graph_derived_estimate,plateau_estimate,HDG-2026-P1-EST-043__response-01.jpg,"Researchers measured photosynthetic rate over increasing light intensity. Construct a graph with light intensity on the x-axis and oxygen release on the y-axis. Plot the paired observations, draw a smooth trend that remains consistent with the data, mark the level-off region, and report the estimated level-off value with units.

Write the item ID HDG-2026-P1-EST-043 at the top of your page.

| light intensity (umol photons/m^2/s) | oxygen release (umol O2/min) |
| --- | --- |
| 0 | 5.42 |
| 2 | 18.44 |
| 4 | 23.96 |
| 6 | 26.29 |
| 8 | 27.28 |
| 10 | 27.69 |
| 12 | 27.87 |","Expected graph: paired-data graph with smooth trend and level-off annotation; x-axis light intensity (umol photons/m^2/s); y-axis oxygen release (umol O2/min). Required criteria: REPRESENTATION_TYPE, X_UNIT, Y_UNIT, X_SCALE, Y_SCALE, PLOT_VALUES, BEST_FIT_RELATIONSHIP, PLATEAU_ANNOTATION, ESTIMATE_VALUE.",AP Biology|data analysis|graph-derived estimates|model interpretation,photosynthetic rate|plateau estimate|paired data,"[{""light intensity (umol photons/m^2/s)"": 0, ""oxygen release (umol O2/min)"": 5.42}, {""light intensity (umol photons/m^2/s)"": 2, ""oxygen release (umol O2/min)"": 18.44}, {""light intensity (umol photons/m^2/s)"": 4, ""oxygen release (umol O2/min)"": 23.96}, {""light intensity (umol photons/m^2/s)"": 6, ""oxygen release (umol O2/min)"": 26.29}, {""light intensity (umol photons/m^2/s)"": 8, ""oxygen release (umol O2/min)"": 27.28}, {""light intensity (umol photons/m^2/s)"": 10, ""oxygen release (umol O2/min)"": 27.69}, {""light intensity (umol photons/m^2/s)"": 12, ""oxygen release (umol O2/min)"": 27.87}]","{""expected_estimate_approx"": 28.0, ""representation"": ""paired-data graph with smooth trend and level-off annotation"", ""required_estimate"": ""level-off value of oxygen release"", ""x_axis"": ""light intensity (umol photons/m^2/s)"", ""y_axis"": ""oxygen release (umol O2/min)""}","[{""criterion_id"": ""REPRESENTATION_TYPE"", ""met_rule"": ""Uses a continuous paired-data graph.""}, {""criterion_id"": ""X_UNIT"", ""met_rule"": ""X-axis includes required variable and unit.""}, {""criterion_id"": ""Y_UNIT"", ""met_rule"": ""Y-axis includes required variable and unit.""}, {""criterion_id"": ""X_SCALE"", ""met_rule"": ""Numeric x positions are proportional and interpretable.""}, {""criterion_id"": ""Y_SCALE"", ""met_rule"": ""Y-scale is interpretable and represents all observations.""}, {""criterion_id"": ""PLOT_VALUES"", ""met_rule"": ""All paired observations are plotted at recoverable coordinates.""}, {""criterion_id"": ""BEST_FIT_RELATIONSHIP"", ""met_rule"": ""Smooth trend remains consistent with plotted observations.""}, {""criterion_id"": ""PLATEAU_ANNOTATION"", ""met_rule"": ""Annotation visibly identifies the level-off region.""}, {""criterion_id"": ""ESTIMATE_VALUE"", ""met_rule"": ""Reported estimate has value and unit consistent with graph annotation.""}]",independently_authored_synthetic_research_seed_unverified,Research seed for hand-drawn graph capture and reviewer evaluation. Do not expose criterion definitions to the person drawing the graph.
HDG-2026-P1-EST-044,v0.1-research-seed,frq,short,canonical_answer,continuous_relationship_graph_derived_estimate,plateau_estimate,HDG-2026-P1-EST-044__response-01.jpg,"Researchers measured enzyme product formation over increasing time. Construct a graph with time on the x-axis and product concentration on the y-axis. Plot the paired observations, draw a smooth trend that remains consistent with the data, mark the level-off region, and report the estimated level-off value with units.

Write the item ID HDG-2026-P1-EST-044 at the top of your page.

| time (min) | product concentration (uM) |
| --- | --- |
| 0 | 6.83 |
| 2 | 22.36 |
| 4 | 28.31 |
| 6 | 30.59 |
| 8 | 31.46 |
| 10 | 31.79 |
| 12 | 31.92 |","Expected graph: paired-data graph with smooth trend and level-off annotation; x-axis time (min); y-axis product concentration (uM). Required criteria: REPRESENTATION_TYPE, X_UNIT, Y_UNIT, X_SCALE, Y_SCALE, PLOT_VALUES, BEST_FIT_RELATIONSHIP, PLATEAU_ANNOTATION, ESTIMATE_VALUE.",AP Biology|data analysis|graph-derived estimates|model interpretation,enzyme product formation|plateau estimate|paired data,"[{""product concentration (uM)"": 6.83, ""time (min)"": 0}, {""product concentration (uM)"": 22.36, ""time (min)"": 2}, {""product concentration (uM)"": 28.31, ""time (min)"": 4}, {""product concentration (uM)"": 30.59, ""time (min)"": 6}, {""product concentration (uM)"": 31.46, ""time (min)"": 8}, {""product concentration (uM)"": 31.79, ""time (min)"": 10}, {""product concentration (uM)"": 31.92, ""time (min)"": 12}]","{""expected_estimate_approx"": 32.0, ""representation"": ""paired-data graph with smooth trend and level-off annotation"", ""required_estimate"": ""level-off value of product concentration"", ""x_axis"": ""time (min)"", ""y_axis"": ""product concentration (uM)""}","[{""criterion_id"": ""REPRESENTATION_TYPE"", ""met_rule"": ""Uses a continuous paired-data graph.""}, {""criterion_id"": ""X_UNIT"", ""met_rule"": ""X-axis includes required variable and unit.""}, {""criterion_id"": ""Y_UNIT"", ""met_rule"": ""Y-axis includes required variable and unit.""}, {""criterion_id"": ""X_SCALE"", ""met_rule"": ""Numeric x positions are proportional and interpretable.""}, {""criterion_id"": ""Y_SCALE"", ""met_rule"": ""Y-scale is interpretable and represents all observations.""}, {""criterion_id"": ""PLOT_VALUES"", ""met_rule"": ""All paired observations are plotted at recoverable coordinates.""}, {""criterion_id"": ""BEST_FIT_RELATIONSHIP"", ""met_rule"": ""Smooth trend remains consistent with plotted observations.""}, {""criterion_id"": ""PLATEAU_ANNOTATION"", ""met_rule"": ""Annotation visibly identifies the level-off region.""}, {""criterion_id"": ""ESTIMATE_VALUE"", ""met_rule"": ""Reported estimate has value and unit consistent with graph annotation.""}]",independently_authored_synthetic_research_seed_unverified,Research seed for hand-drawn graph capture and reviewer evaluation. Do not expose criterion definitions to the person drawing the graph.
HDG-2026-P1-EST-045,v0.1-research-seed,frq,short,canonical_answer,continuous_relationship_graph_derived_estimate,plateau_estimate,HDG-2026-P1-EST-045__response-01.jpg,"Researchers measured population growth in a flask over increasing time. Construct a graph with time on the x-axis and population density on the y-axis. Plot the paired observations, draw a smooth trend that remains consistent with the data, mark the level-off region, and report the estimated level-off value with units.

Write the item ID HDG-2026-P1-EST-045 at the top of your page.

| time (hr) | population density (10^5 cells/mL) |
| --- | --- |
| 0 | 5.48 |
| 2 | 20.22 |
| 4 | 27.85 |
| 6 | 31.79 |
| 8 | 33.82 |
| 10 | 34.87 |
| 12 | 35.42 |","Expected graph: paired-data graph with smooth trend and level-off annotation; x-axis time (hr); y-axis population density (10^5 cells/mL). Required criteria: REPRESENTATION_TYPE, X_UNIT, Y_UNIT, X_SCALE, Y_SCALE, PLOT_VALUES, BEST_FIT_RELATIONSHIP, PLATEAU_ANNOTATION, ESTIMATE_VALUE.",AP Biology|data analysis|graph-derived estimates|model interpretation,population growth in a flask|plateau estimate|paired data,"[{""population density (10^5 cells/mL)"": 5.48, ""time (hr)"": 0}, {""population density (10^5 cells/mL)"": 20.22, ""time (hr)"": 2}, {""population density (10^5 cells/mL)"": 27.85, ""time (hr)"": 4}, {""population density (10^5 cells/mL)"": 31.79, ""time (hr)"": 6}, {""population density (10^5 cells/mL)"": 33.82, ""time (hr)"": 8}, {""population density (10^5 cells/mL)"": 34.87, ""time (hr)"": 10}, {""population density (10^5 cells/mL)"": 35.42, ""time (hr)"": 12}]","{""expected_estimate_approx"": 36.0, ""representation"": ""paired-data graph with smooth trend and level-off annotation"", ""required_estimate"": ""level-off value of population density"", ""x_axis"": ""time (hr)"", ""y_axis"": ""population density (10^5 cells/mL)""}","[{""criterion_id"": ""REPRESENTATION_TYPE"", ""met_rule"": ""Uses a continuous paired-data graph.""}, {""criterion_id"": ""X_UNIT"", ""met_rule"": ""X-axis includes required variable and unit.""}, {""criterion_id"": ""Y_UNIT"", ""met_rule"": ""Y-axis includes required variable and unit.""}, {""criterion_id"": ""X_SCALE"", ""met_rule"": ""Numeric x positions are proportional and interpretable.""}, {""criterion_id"": ""Y_SCALE"", ""met_rule"": ""Y-scale is interpretable and represents all observations.""}, {""criterion_id"": ""PLOT_VALUES"", ""met_rule"": ""All paired observations are plotted at recoverable coordinates.""}, {""criterion_id"": ""BEST_FIT_RELATIONSHIP"", ""met_rule"": ""Smooth trend remains consistent with plotted observations.""}, {""criterion_id"": ""PLATEAU_ANNOTATION"", ""met_rule"": ""Annotation visibly identifies the level-off region.""}, {""criterion_id"": ""ESTIMATE_VALUE"", ""met_rule"": ""Reported estimate has value and unit consistent with graph annotation.""}]",independently_authored_synthetic_research_seed_unverified,Research seed for hand-drawn graph capture and reviewer evaluation. Do not expose criterion definitions to the person drawing the graph.
HDG-2026-P1-EST-046,v0.1-research-seed,frq,short,canonical_answer,continuous_relationship_graph_derived_estimate,plateau_estimate,HDG-2026-P1-EST-046__response-01.jpg,"Researchers measured microbial culture density over increasing time. Construct a graph with time on the x-axis and culture density on the y-axis. Plot the paired observations, draw a smooth trend that remains consistent with the data, mark the level-off region, and report the estimated level-off value with units.

Write the item ID HDG-2026-P1-EST-046 at the top of your page.

| time (hr) | culture density (10^5 cells/mL) |
| --- | --- |
| 0 | 6.92 |
| 2 | 24.53 |
| 4 | 32.77 |
| 6 | 36.62 |
| 8 | 38.42 |
| 10 | 39.26 |
| 12 | 39.65 |","Expected graph: paired-data graph with smooth trend and level-off annotation; x-axis time (hr); y-axis culture density (10^5 cells/mL). Required criteria: REPRESENTATION_TYPE, X_UNIT, Y_UNIT, X_SCALE, Y_SCALE, PLOT_VALUES, BEST_FIT_RELATIONSHIP, PLATEAU_ANNOTATION, ESTIMATE_VALUE.",AP Biology|data analysis|graph-derived estimates|model interpretation,microbial culture density|plateau estimate|paired data,"[{""culture density (10^5 cells/mL)"": 6.92, ""time (hr)"": 0}, {""culture density (10^5 cells/mL)"": 24.53, ""time (hr)"": 2}, {""culture density (10^5 cells/mL)"": 32.77, ""time (hr)"": 4}, {""culture density (10^5 cells/mL)"": 36.62, ""time (hr)"": 6}, {""culture density (10^5 cells/mL)"": 38.42, ""time (hr)"": 8}, {""culture density (10^5 cells/mL)"": 39.26, ""time (hr)"": 10}, {""culture density (10^5 cells/mL)"": 39.65, ""time (hr)"": 12}]","{""expected_estimate_approx"": 40.0, ""representation"": ""paired-data graph with smooth trend and level-off annotation"", ""required_estimate"": ""level-off value of culture density"", ""x_axis"": ""time (hr)"", ""y_axis"": ""culture density (10^5 cells/mL)""}","[{""criterion_id"": ""REPRESENTATION_TYPE"", ""met_rule"": ""Uses a continuous paired-data graph.""}, {""criterion_id"": ""X_UNIT"", ""met_rule"": ""X-axis includes required variable and unit.""}, {""criterion_id"": ""Y_UNIT"", ""met_rule"": ""Y-axis includes required variable and unit.""}, {""criterion_id"": ""X_SCALE"", ""met_rule"": ""Numeric x positions are proportional and interpretable.""}, {""criterion_id"": ""Y_SCALE"", ""met_rule"": ""Y-scale is interpretable and represents all observations.""}, {""criterion_id"": ""PLOT_VALUES"", ""met_rule"": ""All paired observations are plotted at recoverable coordinates.""}, {""criterion_id"": ""BEST_FIT_RELATIONSHIP"", ""met_rule"": ""Smooth trend remains consistent with plotted observations.""}, {""criterion_id"": ""PLATEAU_ANNOTATION"", ""met_rule"": ""Annotation visibly identifies the level-off region.""}, {""criterion_id"": ""ESTIMATE_VALUE"", ""met_rule"": ""Reported estimate has value and unit consistent with graph annotation.""}]",independently_authored_synthetic_research_seed_unverified,Research seed for hand-drawn graph capture and reviewer evaluation. Do not expose criterion definitions to the person drawing the graph.
HDG-2026-P1-EST-047,v0.1-research-seed,frq,short,canonical_answer,continuous_relationship_graph_derived_estimate,plateau_estimate,HDG-2026-P1-EST-047__response-01.jpg,"Researchers measured transport protein uptake over increasing substrate concentration. Construct a graph with substrate concentration on the x-axis and uptake rate on the y-axis. Plot the paired observations, draw a smooth trend that remains consistent with the data, mark the level-off region, and report the estimated level-off value with units.

Write the item ID HDG-2026-P1-EST-047 at the top of your page.

| substrate concentration (mM) | uptake rate (pmol/min) |
| --- | --- |
| 0 | 8.51 |
| 2 | 28.98 |
| 4 | 37.65 |
| 6 | 41.31 |
| 8 | 42.86 |
| 10 | 43.52 |
| 12 | 43.8 |","Expected graph: paired-data graph with smooth trend and level-off annotation; x-axis substrate concentration (mM); y-axis uptake rate (pmol/min). Required criteria: REPRESENTATION_TYPE, X_UNIT, Y_UNIT, X_SCALE, Y_SCALE, PLOT_VALUES, BEST_FIT_RELATIONSHIP, PLATEAU_ANNOTATION, ESTIMATE_VALUE.",AP Biology|data analysis|graph-derived estimates|model interpretation,transport protein uptake|plateau estimate|paired data,"[{""substrate concentration (mM)"": 0, ""uptake rate (pmol/min)"": 8.51}, {""substrate concentration (mM)"": 2, ""uptake rate (pmol/min)"": 28.98}, {""substrate concentration (mM)"": 4, ""uptake rate (pmol/min)"": 37.65}, {""substrate concentration (mM)"": 6, ""uptake rate (pmol/min)"": 41.31}, {""substrate concentration (mM)"": 8, ""uptake rate (pmol/min)"": 42.86}, {""substrate concentration (mM)"": 10, ""uptake rate (pmol/min)"": 43.52}, {""substrate concentration (mM)"": 12, ""uptake rate (pmol/min)"": 43.8}]","{""expected_estimate_approx"": 44.0, ""representation"": ""paired-data graph with smooth trend and level-off annotation"", ""required_estimate"": ""level-off value of uptake rate"", ""x_axis"": ""substrate concentration (mM)"", ""y_axis"": ""uptake rate (pmol/min)""}","[{""criterion_id"": ""REPRESENTATION_TYPE"", ""met_rule"": ""Uses a continuous paired-data graph.""}, {""criterion_id"": ""X_UNIT"", ""met_rule"": ""X-axis includes required variable and unit.""}, {""criterion_id"": ""Y_UNIT"", ""met_rule"": ""Y-axis includes required variable and unit.""}, {""criterion_id"": ""X_SCALE"", ""met_rule"": ""Numeric x positions are proportional and interpretable.""}, {""criterion_id"": ""Y_SCALE"", ""met_rule"": ""Y-scale is interpretable and represents all observations.""}, {""criterion_id"": ""PLOT_VALUES"", ""met_rule"": ""All paired observations are plotted at recoverable coordinates.""}, {""criterion_id"": ""BEST_FIT_RELATIONSHIP"", ""met_rule"": ""Smooth trend remains consistent with plotted observations.""}, {""criterion_id"": ""PLATEAU_ANNOTATION"", ""met_rule"": ""Annotation visibly identifies the level-off region.""}, {""criterion_id"": ""ESTIMATE_VALUE"", ""met_rule"": ""Reported estimate has value and unit consistent with graph annotation.""}]",independently_authored_synthetic_research_seed_unverified,Research seed for hand-drawn graph capture and reviewer evaluation. Do not expose criterion definitions to the person drawing the graph.
HDG-2026-P1-EST-048,v0.1-research-seed,frq,short,canonical_answer,continuous_relationship_graph_derived_estimate,plateau_estimate,HDG-2026-P1-EST-048__response-01.jpg,"Researchers measured photosynthetic rate over increasing light intensity. Construct a graph with light intensity on the x-axis and oxygen release on the y-axis. Plot the paired observations, draw a smooth trend that remains consistent with the data, mark the level-off region, and report the estimated level-off value with units.

Write the item ID HDG-2026-P1-EST-048 at the top of your page.

| light intensity (umol photons/m^2/s) | oxygen release (umol O2/min) |
| --- | --- |
| 0 | 10.24 |
| 2 | 33.54 |
| 4 | 42.46 |
| 6 | 45.88 |
| 8 | 47.19 |
| 10 | 47.69 |
| 12 | 47.88 |","Expected graph: paired-data graph with smooth trend and level-off annotation; x-axis light intensity (umol photons/m^2/s); y-axis oxygen release (umol O2/min). Required criteria: REPRESENTATION_TYPE, X_UNIT, Y_UNIT, X_SCALE, Y_SCALE, PLOT_VALUES, BEST_FIT_RELATIONSHIP, PLATEAU_ANNOTATION, ESTIMATE_VALUE.",AP Biology|data analysis|graph-derived estimates|model interpretation,photosynthetic rate|plateau estimate|paired data,"[{""light intensity (umol photons/m^2/s)"": 0, ""oxygen release (umol O2/min)"": 10.24}, {""light intensity (umol photons/m^2/s)"": 2, ""oxygen release (umol O2/min)"": 33.54}, {""light intensity (umol photons/m^2/s)"": 4, ""oxygen release (umol O2/min)"": 42.46}, {""light intensity (umol photons/m^2/s)"": 6, ""oxygen release (umol O2/min)"": 45.88}, {""light intensity (umol photons/m^2/s)"": 8, ""oxygen release (umol O2/min)"": 47.19}, {""light intensity (umol photons/m^2/s)"": 10, ""oxygen release (umol O2/min)"": 47.69}, {""light intensity (umol photons/m^2/s)"": 12, ""oxygen release (umol O2/min)"": 47.88}]","{""expected_estimate_approx"": 48.0, ""representation"": ""paired-data graph with smooth trend and level-off annotation"", ""required_estimate"": ""level-off value of oxygen release"", ""x_axis"": ""light intensity (umol photons/m^2/s)"", ""y_axis"": ""oxygen release (umol O2/min)""}","[{""criterion_id"": ""REPRESENTATION_TYPE"", ""met_rule"": ""Uses a continuous paired-data graph.""}, {""criterion_id"": ""X_UNIT"", ""met_rule"": ""X-axis includes required variable and unit.""}, {""criterion_id"": ""Y_UNIT"", ""met_rule"": ""Y-axis includes required variable and unit.""}, {""criterion_id"": ""X_SCALE"", ""met_rule"": ""Numeric x positions are proportional and interpretable.""}, {""criterion_id"": ""Y_SCALE"", ""met_rule"": ""Y-scale is interpretable and represents all observations.""}, {""criterion_id"": ""PLOT_VALUES"", ""met_rule"": ""All paired observations are plotted at recoverable coordinates.""}, {""criterion_id"": ""BEST_FIT_RELATIONSHIP"", ""met_rule"": ""Smooth trend remains consistent with plotted observations.""}, {""criterion_id"": ""PLATEAU_ANNOTATION"", ""met_rule"": ""Annotation visibly identifies the level-off region.""}, {""criterion_id"": ""ESTIMATE_VALUE"", ""met_rule"": ""Reported estimate has value and unit consistent with graph annotation.""}]",independently_authored_synthetic_research_seed_unverified,Research seed for hand-drawn graph capture and reviewer evaluation. Do not expose criterion definitions to the person drawing the graph.
HDG-2026-P1-EST-049,v0.1-research-seed,frq,short,canonical_answer,continuous_relationship_graph_derived_estimate,plateau_estimate,HDG-2026-P1-EST-049__response-01.jpg,"Researchers measured enzyme product formation over increasing time. Construct a graph with time on the x-axis and product concentration on the y-axis. Plot the paired observations, draw a smooth trend that remains consistent with the data, mark the level-off region, and report the estimated level-off value with units.

Write the item ID HDG-2026-P1-EST-049 at the top of your page.

| time (min) | product concentration (uM) |
| --- | --- |
| 0 | 4.26 |
| 2 | 15.73 |
| 4 | 21.66 |
| 6 | 24.72 |
| 8 | 26.31 |
| 10 | 27.12 |
| 12 | 27.55 |","Expected graph: paired-data graph with smooth trend and level-off annotation; x-axis time (min); y-axis product concentration (uM). Required criteria: REPRESENTATION_TYPE, X_UNIT, Y_UNIT, X_SCALE, Y_SCALE, PLOT_VALUES, BEST_FIT_RELATIONSHIP, PLATEAU_ANNOTATION, ESTIMATE_VALUE.",AP Biology|data analysis|graph-derived estimates|model interpretation,enzyme product formation|plateau estimate|paired data,"[{""product concentration (uM)"": 4.26, ""time (min)"": 0}, {""product concentration (uM)"": 15.73, ""time (min)"": 2}, {""product concentration (uM)"": 21.66, ""time (min)"": 4}, {""product concentration (uM)"": 24.72, ""time (min)"": 6}, {""product concentration (uM)"": 26.31, ""time (min)"": 8}, {""product concentration (uM)"": 27.12, ""time (min)"": 10}, {""product concentration (uM)"": 27.55, ""time (min)"": 12}]","{""expected_estimate_approx"": 28.0, ""representation"": ""paired-data graph with smooth trend and level-off annotation"", ""required_estimate"": ""level-off value of product concentration"", ""x_axis"": ""time (min)"", ""y_axis"": ""product concentration (uM)""}","[{""criterion_id"": ""REPRESENTATION_TYPE"", ""met_rule"": ""Uses a continuous paired-data graph.""}, {""criterion_id"": ""X_UNIT"", ""met_rule"": ""X-axis includes required variable and unit.""}, {""criterion_id"": ""Y_UNIT"", ""met_rule"": ""Y-axis includes required variable and unit.""}, {""criterion_id"": ""X_SCALE"", ""met_rule"": ""Numeric x positions are proportional and interpretable.""}, {""criterion_id"": ""Y_SCALE"", ""met_rule"": ""Y-scale is interpretable and represents all observations.""}, {""criterion_id"": ""PLOT_VALUES"", ""met_rule"": ""All paired observations are plotted at recoverable coordinates.""}, {""criterion_id"": ""BEST_FIT_RELATIONSHIP"", ""met_rule"": ""Smooth trend remains consistent with plotted observations.""}, {""criterion_id"": ""PLATEAU_ANNOTATION"", ""met_rule"": ""Annotation visibly identifies the level-off region.""}, {""criterion_id"": ""ESTIMATE_VALUE"", ""met_rule"": ""Reported estimate has value and unit consistent with graph annotation.""}]",independently_authored_synthetic_research_seed_unverified,Research seed for hand-drawn graph capture and reviewer evaluation. Do not expose criterion definitions to the person drawing the graph.
HDG-2026-P1-EST-050,v0.1-research-seed,frq,short,canonical_answer,continuous_relationship_graph_derived_estimate,plateau_estimate,HDG-2026-P1-EST-050__response-01.jpg,"Researchers measured population growth in a flask over increasing time. Construct a graph with time on the x-axis and population density on the y-axis. Plot the paired observations, draw a smooth trend that remains consistent with the data, mark the level-off region, and report the estimated level-off value with units.

Write the item ID HDG-2026-P1-EST-050 at the top of your page.

| time (hr) | population density (10^5 cells/mL) |
| --- | --- |
| 0 | 5.54 |
| 2 | 19.62 |
| 4 | 26.21 |
| 6 | 29.29 |
| 8 | 30.73 |
| 10 | 31.41 |
| 12 | 31.72 |","Expected graph: paired-data graph with smooth trend and level-off annotation; x-axis time (hr); y-axis population density (10^5 cells/mL). Required criteria: REPRESENTATION_TYPE, X_UNIT, Y_UNIT, X_SCALE, Y_SCALE, PLOT_VALUES, BEST_FIT_RELATIONSHIP, PLATEAU_ANNOTATION, ESTIMATE_VALUE.",AP Biology|data analysis|graph-derived estimates|model interpretation,population growth in a flask|plateau estimate|paired data,"[{""population density (10^5 cells/mL)"": 5.54, ""time (hr)"": 0}, {""population density (10^5 cells/mL)"": 19.62, ""time (hr)"": 2}, {""population density (10^5 cells/mL)"": 26.21, ""time (hr)"": 4}, {""population density (10^5 cells/mL)"": 29.29, ""time (hr)"": 6}, {""population density (10^5 cells/mL)"": 30.73, ""time (hr)"": 8}, {""population density (10^5 cells/mL)"": 31.41, ""time (hr)"": 10}, {""population density (10^5 cells/mL)"": 31.72, ""time (hr)"": 12}]","{""expected_estimate_approx"": 32.0, ""representation"": ""paired-data graph with smooth trend and level-off annotation"", ""required_estimate"": ""level-off value of population density"", ""x_axis"": ""time (hr)"", ""y_axis"": ""population density (10^5 cells/mL)""}","[{""criterion_id"": ""REPRESENTATION_TYPE"", ""met_rule"": ""Uses a continuous paired-data graph.""}, {""criterion_id"": ""X_UNIT"", ""met_rule"": ""X-axis includes required variable and unit.""}, {""criterion_id"": ""Y_UNIT"", ""met_rule"": ""Y-axis includes required variable and unit.""}, {""criterion_id"": ""X_SCALE"", ""met_rule"": ""Numeric x positions are proportional and interpretable.""}, {""criterion_id"": ""Y_SCALE"", ""met_rule"": ""Y-scale is interpretable and represents all observations.""}, {""criterion_id"": ""PLOT_VALUES"", ""met_rule"": ""All paired observations are plotted at recoverable coordinates.""}, {""criterion_id"": ""BEST_FIT_RELATIONSHIP"", ""met_rule"": ""Smooth trend remains consistent with plotted observations.""}, {""criterion_id"": ""PLATEAU_ANNOTATION"", ""met_rule"": ""Annotation visibly identifies the level-off region.""}, {""criterion_id"": ""ESTIMATE_VALUE"", ""met_rule"": ""Reported estimate has value and unit consistent with graph annotation.""}]",independently_authored_synthetic_research_seed_unverified,Research seed for hand-drawn graph capture and reviewer evaluation. Do not expose criterion definitions to the person drawing the graph.
