content_item_id,content_key,subject_key,item_type,primary_unit_number,primary_topic_code,primary_topic_title,alt_topic_code,confidence,agreement_with_author_prose,agreement_with_explainer_retrieval,rationale,needs_human,explainer_available
3a187fa6-d745-463a-be2b-49579aa87a84,APSTAT-MOD3-E002,ap-statistics,frq,1,1.1,Introducing Statistics: What Can We Learn from Data?,1.10,low,na,no,Checked against the grounded 1.1 explainer; item evidence remains ambiguous.,true,true
649b4aec-efb7-4ed1-a606-6b873ed321b8,APSTAT-MOD3-E005,ap-statistics,frq,2,2.2,Summary Statistics for Two Categorical Variables,1.3,medium,na,yes,Checked against the grounded 2.2 explainer; its core idea best matches the assessed skill.,false,true
d2ac22b2-f075-41df-a05d-897aa44f436b,APSTAT-MOD3-H001-INV,ap-statistics,frq,4,4.3,Justifying a Claim Based on a Confidence Interval for a Population Mean or Population Mean Difference,3.11,medium,na,yes,Checked against the grounded 4.3 explainer; its core idea best matches the assessed skill.,false,true
e053bb22-4805-44ab-9003-36b2e93987ab,APSTAT-MOD4-H001-INV,ap-statistics,frq,3,3.12,Setting Up a Test for the Difference Between Two Population Proportions,3.13,low,na,no,Checked against the grounded 3.12 explainer; item evidence remains ambiguous.,true,true
40c0226d-ff9d-4927-8c72-75b1cdbc2dd2,APSTAT-MOD4-M001,ap-statistics,frq,3,3.12,Setting Up a Test for the Difference Between Two Population Proportions,3.13,low,na,no,Checked against the grounded 3.12 explainer; item evidence remains ambiguous.,true,true
a2a8e8f7-f1f4-444f-a31d-cef8ec4d3c11,APSTAT-MOD4-M003,ap-statistics,frq,3,3.9,Sampling Distributions for the Difference Between Sample Proportions,4.6,low,na,no,Checked against the grounded 3.9 explainer; item evidence remains ambiguous.,true,true
c2f7d698-bd32-4f2e-bb91-c2119089c233,APSTAT-MOD4-M004,ap-statistics,frq,1,1.1,Introducing Statistics: What Can We Learn from Data?,1.10,low,na,no,Checked against the grounded 1.1 explainer; item evidence remains ambiguous.,true,true
c620d7d3-1a93-49ac-8d81-654c7767125f,APSTAT-MOD5-H001-INV,ap-statistics,frq,2,2.2,Summary Statistics for Two Categorical Variables,5.1,low,na,no,Checked against the grounded 2.2 explainer; item evidence remains ambiguous.,true,true
6a376f40-6f50-42b9-b478-27f91cd92aa1,APSTAT-MOD5-M001,ap-statistics,frq,1,1.1,Introducing Statistics: What Can We Learn from Data?,1.10,low,na,no,Checked against the grounded 1.1 explainer; item evidence remains ambiguous.,true,true
d070712f-9e57-4a0b-8af1-ef22b932dd3d,APSTAT-MOD6-H001,ap-statistics,frq,1,1.10,The Investigative Question Revisited and Data Collection,1.13,low,na,no,Checked against the grounded 1.10 explainer; item evidence remains ambiguous.,true,true
a067f214-64d3-48f4-b267-c41ce5fc5e5d,APSTAT-MOD6-H002-INV,ap-statistics,frq,5,5.5,Least-Squares Regression,1.10,medium,na,yes,Checked against the grounded 5.5 explainer; its core idea best matches the assessed skill.,false,true
5808c609-bc29-476a-a404-afa15124ebf3,APSTAT-MOD6-M002,ap-statistics,frq,3,3.10,Constructing a Confidence Interval for the Difference Between Two Population Proportions,3.11,low,na,no,Checked against the grounded 3.10 explainer; item evidence remains ambiguous.,true,true
7d8d53e7-8dc5-4175-b972-688ffe5f9edf,APSTAT-MOD7-H002-INV,ap-statistics,frq,3,3.14,Setting Up a Chi-Square Test for Homogeneity or Independence,3.15,low,na,no,Checked against the grounded 3.14 explainer; item evidence remains ambiguous.,true,true
35c5517b-23ad-497f-8eb5-10a36b7bcc11,APSTAT-MOD8-M004,ap-statistics,frq,5,5.3,Linear Regression Models,1.3,medium,na,yes,Corrected the prior regression pattern; the grounded 5.3 explainer is the closest closed-list match.,false,true
0d5cc3fa-48fa-44d6-a0c9-c8e9d6067a6e,apstats-frq-u12-001,ap-statistics,frq,1,1.8,Graphical Representations of Summary Statistics for One Quantitative Variable,1.4,medium,na,yes,Checked against the grounded 1.8 explainer; its core idea best matches the assessed skill.,false,true
d49c417a-ffc9-4836-a070-bd356e021b69,apstats-frq-u12-002,ap-statistics,frq,2,2.5,Mutually Exclusive Events,1.1,medium,na,yes,Checked against the grounded 2.5 explainer; its core idea best matches the assessed skill.,false,true
614b65b6-f98c-4319-ae0a-b540ce47233d,apstats-frq-u12-003,ap-statistics,frq,3,3.11,Justifying a Claim Based on a Confidence Interval for the Difference Between Two Population Proportions,3.9,low,na,no,Checked against the grounded 3.11 explainer; item evidence remains ambiguous.,true,true
66dba214-f1d0-41ba-a52e-1e16996ce0d7,apstats-frq-u12-004,ap-statistics,frq,1,1.6,Descriptions for One Quantitative Variable Distributions,1.7,medium,na,yes,Checked against the grounded 1.6 explainer; its core idea best matches the assessed skill.,false,true
c19e2b4d-b0f5-4944-a4d9-46840f005aab,apstats-frq-u12-005,ap-statistics,frq,1,1.8,Graphical Representations of Summary Statistics for One Quantitative Variable,,medium,na,yes,Checked against the grounded 1.8 explainer; its core idea best matches the assessed skill.,false,true
c9e06a78-dfe6-49eb-a069-5a3bf2aa1ad7,apstats-frq-u12-006,ap-statistics,frq,2,2.1,Tabular and Graphical Representations for the Distributions of Two Categorical Variables,,medium,na,yes,Checked against the grounded 2.1 explainer; its core idea best matches the assessed skill.,false,true
fd23b590-846f-49cc-a45d-16ff3d187c67,apstats-frq-u12-007,ap-statistics,frq,3,3.11,Justifying a Claim Based on a Confidence Interval for the Difference Between Two Population Proportions,3.12,low,na,no,Checked against the grounded 3.11 explainer; item evidence remains ambiguous.,true,true
ee476290-e8fa-491d-ad5f-49a9e4a51f25,apstats-frq-u12-008,ap-statistics,frq,2,2.2,Summary Statistics for Two Categorical Variables,2.9,low,na,no,Checked against the grounded 2.2 explainer; item evidence remains ambiguous.,true,true
d96694c3-cce5-407b-ae36-1656d7ce1164,apstats-frq-u12-009,ap-statistics,frq,1,1.1,Introducing Statistics: What Can We Learn from Data?,1.3,low,na,no,Checked against the grounded 1.1 explainer; item evidence remains ambiguous.,true,true
8a42ff98-03a4-4ba2-ac27-296c1932def9,apstats-frq-u12-010,ap-statistics,frq,3,3.11,Justifying a Claim Based on a Confidence Interval for the Difference Between Two Population Proportions,3.13,low,na,no,Checked against the grounded 3.11 explainer; item evidence remains ambiguous.,true,true
a4913da2-8e3b-4524-af90-74a5eb559735,apstats-frq-u12-011,ap-statistics,frq,4,4.3,Justifying a Claim Based on a Confidence Interval for a Population Mean or Population Mean Difference,4.4,low,na,no,Checked against the grounded 4.3 explainer; item evidence remains ambiguous.,true,true
4621efff-f4e8-4fd8-ac47-0c5600406d6c,apstats-frq-u12-012,ap-statistics,frq,4,4.8,Justifying a Claim Based on a Confidence Interval for the Difference Between Two Population Means,1.6,medium,na,yes,Checked against the grounded 4.8 explainer; its core idea best matches the assessed skill.,false,true
f7dbe26b-eb58-4ae1-a30a-c31b65767ee3,apstats-frq-u12-013,ap-statistics,frq,1,1.12,Potential Problems with Sampling,3.11,low,na,no,Checked against the grounded 1.12 explainer; item evidence remains ambiguous.,true,true
f4ca034a-6b6b-4a24-ae04-4ffb82eef35f,apstats-frq-u12-014,ap-statistics,frq,2,2.3,Estimating Probabilities Using Simulation,3.4,low,na,no,Checked against the grounded 2.3 explainer; item evidence remains ambiguous.,true,true
c15d8495-3926-4af0-a56d-b0ebd3901957,apstats-frq-u12-015,ap-statistics,frq,2,2.5,Mutually Exclusive Events,1.1,medium,na,yes,Checked against the grounded 2.5 explainer; its core idea best matches the assessed skill.,false,true
81508254-a2e0-4906-ae6f-e7a63e0ad431,apstats-frq-u12-016,ap-statistics,frq,2,2.8,Introduction to Random Variables and Probability Distributions,3.11,medium,na,yes,Checked against the grounded 2.8 explainer; its core idea best matches the assessed skill.,false,true
dcedcb2b-3c9d-4e14-a931-79ab0e8f47dc,apstats-frq-u12-017,ap-statistics,frq,1,1.3,Tabular Representation and Summary Statistics for One Categorical Variable,,medium,na,yes,Checked against the grounded 1.3 explainer; its core idea best matches the assessed skill.,false,true
b97d6604-1b56-4a08-a462-9a5b0e4af145,apstats-frq-u12-018,ap-statistics,frq,2,2.6,Conditional Probability,2.7,low,na,no,Checked against the grounded 2.6 explainer; item evidence remains ambiguous.,true,true
f90a9e1b-6fd9-4158-a668-f4ed22e3f8c6,apstats-frq-u12-019,ap-statistics,frq,2,2.12,Sampling Distributions and the Central Limit Theorem,,medium,na,yes,Checked against the grounded 2.12 explainer; its core idea best matches the assessed skill.,false,true
995aa8dd-b257-4228-a066-a045d75fcb58,apstats-frq-u12-020,ap-statistics,frq,1,1.7,Summary Statistics for One Quantitative Variable,1.8,low,na,no,Checked against the grounded 1.7 explainer; item evidence remains ambiguous.,true,true
88d04972-a32f-45c0-ba36-88f89a20e76a,APSTATS-HDG-2026-GRAPH-003,ap-statistics,frq,1,1.3,Tabular Representation and Summary Statistics for One Categorical Variable,1.8,low,no,no,Checked against the grounded 1.3 explainer; item evidence remains ambiguous.,true,true
247fa43c-12a1-4325-9e4a-3d2ac12ca337,APSTATS-HDG-2026-GRAPH-005,ap-statistics,frq,5,5.3,Linear Regression Models,5.5,low,yes,no,Checked against the grounded 5.3 explainer; item evidence remains ambiguous.,true,true
417f613e-9b7d-4006-a7ad-7af2192740d7,APSTATS-HDG-2026-GRAPH-007,ap-statistics,frq,1,1.3,Tabular Representation and Summary Statistics for One Categorical Variable,1.8,low,no,no,Checked against the grounded 1.3 explainer; item evidence remains ambiguous.,true,true
778dd6fe-3743-4854-a85d-41ef92621f5b,APSTATS-HDG-2026-GRAPH-008,ap-statistics,frq,1,1.3,Tabular Representation and Summary Statistics for One Categorical Variable,1.4,low,yes,no,Checked against the grounded 1.3 explainer; item evidence remains ambiguous.,true,true
66842193-66be-4a88-83d6-7c3ea74c727e,APSTATS-HDG-2026-GRAPH-010,ap-statistics,frq,1,1.3,Tabular Representation and Summary Statistics for One Categorical Variable,1.8,low,no,no,Checked against the grounded 1.3 explainer; item evidence remains ambiguous.,true,true
dabb1c22-319b-43b0-85e8-46fc2156160a,APSTATS-HDG-2026-GRAPH-013,ap-statistics,frq,1,1.3,Tabular Representation and Summary Statistics for One Categorical Variable,1.8,low,no,no,Checked against the grounded 1.3 explainer; item evidence remains ambiguous.,true,true
44955911-e8a2-4692-bbf5-a2371008e2e6,APSTATS-HDG-2026-GRAPH-014,ap-statistics,frq,1,1.3,Tabular Representation and Summary Statistics for One Categorical Variable,1.8,low,no,no,Checked against the grounded 1.3 explainer; item evidence remains ambiguous.,true,true
4089bbf4-bd0b-4fa5-ba51-74abc72743fc,APSTATS-HDG-2026-GRAPH-015,ap-statistics,frq,1,1.3,Tabular Representation and Summary Statistics for One Categorical Variable,1.8,low,no,no,Checked against the grounded 1.3 explainer; item evidence remains ambiguous.,true,true
95710146-eeba-4389-89db-a86dc33663c7,APSTATS-HDG-2026-GRAPH-016,ap-statistics,frq,1,1.3,Tabular Representation and Summary Statistics for One Categorical Variable,1.8,low,no,no,Checked against the grounded 1.3 explainer; item evidence remains ambiguous.,true,true
0dc051bb-9021-4fb3-a17e-29d934feb013,APSTATS-HDG-2026-GRAPH-017,ap-statistics,frq,1,1.3,Tabular Representation and Summary Statistics for One Categorical Variable,1.8,low,no,no,Checked against the grounded 1.3 explainer; item evidence remains ambiguous.,true,true
e175ed67-4d5c-4580-9665-070c7e8bd014,APSTATS-HDG-2026-GRAPH-018,ap-statistics,frq,1,1.3,Tabular Representation and Summary Statistics for One Categorical Variable,1.8,low,no,no,Checked against the grounded 1.3 explainer; item evidence remains ambiguous.,true,true
b8e5af02-dfec-4250-a74c-9a38a8323fa2,APSTATS-HDG-2026-GRAPH-019,ap-statistics,frq,1,1.3,Tabular Representation and Summary Statistics for One Categorical Variable,1.8,low,no,no,Checked against the grounded 1.3 explainer; item evidence remains ambiguous.,true,true
dfdfef1f-dd1f-43e4-a636-cb65824c2ef5,APSTATS-HDG-2026-GRAPH-020,ap-statistics,frq,1,1.3,Tabular Representation and Summary Statistics for One Categorical Variable,1.8,low,no,no,Checked against the grounded 1.3 explainer; item evidence remains ambiguous.,true,true
2e2f5711-77bc-436d-9610-0c51b18bf9e0,APSTATS-HDG-2026-GRAPH-023,ap-statistics,frq,1,1.3,Tabular Representation and Summary Statistics for One Categorical Variable,1.8,low,no,no,Checked against the grounded 1.3 explainer; item evidence remains ambiguous.,true,true
ecf62b6d-7462-4724-b009-83a8a821939f,APSTATS-HDG-2026-GRAPH-025,ap-statistics,frq,1,1.3,Tabular Representation and Summary Statistics for One Categorical Variable,1.8,low,no,no,Checked against the grounded 1.3 explainer; item evidence remains ambiguous.,true,true
f5d5f18f-37e3-4dec-bb2c-9aa76f0fd002,APSTATS-HDG-2026-GRAPH-027,ap-statistics,frq,1,1.3,Tabular Representation and Summary Statistics for One Categorical Variable,1.8,low,no,no,Checked against the grounded 1.3 explainer; item evidence remains ambiguous.,true,true
9a8bccd1-85e7-4192-a1bb-71aad94ffe4c,APSTATS-HDG-2026-GRAPH-028,ap-statistics,frq,1,1.3,Tabular Representation and Summary Statistics for One Categorical Variable,1.8,low,no,no,Checked against the grounded 1.3 explainer; item evidence remains ambiguous.,true,true
c63603c5-a620-4b06-aec0-b91d964db1f5,APSTATS-HDG-2026-GRAPH-030,ap-statistics,frq,1,1.3,Tabular Representation and Summary Statistics for One Categorical Variable,1.8,low,no,no,Checked against the grounded 1.3 explainer; item evidence remains ambiguous.,true,true
b1ee175c-2ac3-4bbb-8139-761847e05c63,APSTATS-HDG-2026-GRAPH-031,ap-statistics,frq,1,1.3,Tabular Representation and Summary Statistics for One Categorical Variable,1.8,low,no,no,Checked against the grounded 1.3 explainer; item evidence remains ambiguous.,true,true
ca5f0628-cd55-4293-a6d8-51a1cacb6437,APSTATS-HDG-2026-GRAPH-033,ap-statistics,frq,5,5.5,Least-Squares Regression,1.3,low,yes,no,Checked against the grounded 5.5 explainer; item evidence remains ambiguous.,true,true
cbe1dae5-51e8-4b26-87ff-9e457f3f054e,APSTATS-SFRQ-001,ap-statistics,frq,1,1.6,Descriptions for One Quantitative Variable Distributions,1.9,low,yes,no,Checked against the grounded 1.6 explainer; item evidence remains ambiguous.,true,true
29737886-6a8a-40e6-9bb9-4825cbe52d8b,APSTATS-SFRQ-002,ap-statistics,frq,2,2.2,Summary Statistics for Two Categorical Variables,1.1,medium,no,no,Checked against the grounded 2.2 explainer; item evidence remains ambiguous.,true,true
eb74b80e-3f89-430e-a5a2-741ece5451ef,APSTATS-SFRQ-003,ap-statistics,frq,5,5.5,Least-Squares Regression,2.2,medium,no,no,Checked against the grounded 5.5 explainer; item evidence remains ambiguous.,true,true
271dbf21-91e0-423d-9c01-72dfe57a0dbf,APSTATS-SFRQ-004,ap-statistics,frq,2,2.2,Summary Statistics for Two Categorical Variables,5.4,low,no,no,Checked against the grounded 2.2 explainer; item evidence remains ambiguous.,true,true
41f14ace-afaa-4882-9902-99207ac705ac,APSTATS-SFRQ-005,ap-statistics,frq,1,1.11,Random Sampling,3.2,low,yes,no,Checked against the grounded 1.11 explainer; item evidence remains ambiguous.,true,true
a1d72619-88fb-44f0-ba0c-6b541c05936b,APSTATS-SFRQ-007,ap-statistics,frq,2,2.8,Introduction to Random Variables and Probability Distributions,1.1,medium,yes,yes,Checked against the grounded 2.8 explainer; its core idea best matches the assessed skill.,false,true
af56da0a-d966-4882-bafb-d47d10b0b9fd,APSTATS-SFRQ-008,ap-statistics,frq,2,2.8,Introduction to Random Variables and Probability Distributions,2.2,medium,yes,yes,Checked against the grounded 2.8 explainer; its core idea best matches the assessed skill.,false,true
6117e0c1-110a-42de-b2a5-10f719c1cd5d,APSTATS-SFRQ-009,ap-statistics,frq,1,1.11,Random Sampling,2.11,low,yes,no,Checked against the grounded 1.11 explainer; item evidence remains ambiguous.,true,true
b6acbd1b-2851-400a-9761-116bb50712ef,APSTATS-SFRQ-010,ap-statistics,frq,1,1.11,Random Sampling,2.11,low,yes,no,Checked against the grounded 1.11 explainer; item evidence remains ambiguous.,true,true
520c93a1-2eb6-4363-88dd-42b182572364,APSTATS-SFRQ-011,ap-statistics,frq,3,3.3,Constructing a Confidence Interval for a Population Proportion,3.4,low,yes,no,Checked against the grounded 3.3 explainer; item evidence remains ambiguous.,true,true
f3201719-d216-4143-aa92-8d64a9c469aa,APSTATS-SFRQ-012,ap-statistics,frq,1,1.3,Tabular Representation and Summary Statistics for One Categorical Variable,1.7,low,yes,no,Checked against the grounded 1.3 explainer; item evidence remains ambiguous.,true,true
dd0be3bd-4c02-456d-a2b9-0cd59f18e774,APSTATS-SFRQ-013,ap-statistics,frq,3,3.10,Constructing a Confidence Interval for the Difference Between Two Population Proportions,3.11,low,no,no,Checked against the grounded 3.10 explainer; item evidence remains ambiguous.,true,true
822d2c2d-81f3-4ce1-8506-661a9d94dbcc,APSTATS-SFRQ-014,ap-statistics,frq,3,3.12,Setting Up a Test for the Difference Between Two Population Proportions,3.13,low,no,no,Checked against the grounded 3.12 explainer; item evidence remains ambiguous.,true,true
f21ce773-4813-47a9-98fe-e89cba300512,APSTATS-SFRQ-016,ap-statistics,frq,3,3.14,Setting Up a Chi-Square Test for Homogeneity or Independence,3.15,low,yes,no,Checked against the grounded 3.14 explainer; item evidence remains ambiguous.,true,true
1a5a44ca-1545-4ea0-bc50-86ac0489ff6c,STATS-MOD1-E001,ap-statistics,frq,3,3.10,Constructing a Confidence Interval for the Difference Between Two Population Proportions,3.11,low,na,no,Checked against the grounded 3.10 explainer; item evidence remains ambiguous.,true,true
43780d98-4cea-432e-86d7-182baf4d422c,STATS-MOD1-E002,ap-statistics,frq,1,1.3,Tabular Representation and Summary Statistics for One Categorical Variable,1.7,low,na,no,Checked against the grounded 1.3 explainer; item evidence remains ambiguous.,true,true
2d8d4d3d-1af7-4f45-b32e-93e8c9f03ce0,STATS-MOD1-E003,ap-statistics,frq,3,3.2,Sampling Distributions for Sample Proportions,3.9,low,na,no,Checked against the grounded 3.2 explainer; item evidence remains ambiguous.,true,true
cfabb50f-6bee-4c75-af53-7ba415dd697f,STATS-MOD1-E005,ap-statistics,frq,1,1.1,Introducing Statistics: What Can We Learn from Data?,1.10,low,na,no,Checked against the grounded 1.1 explainer; item evidence remains ambiguous.,true,true
d2affbe0-2481-4f00-8054-d42ff6398b27,STATS-MOD1-M001,ap-statistics,frq,1,1.11,Random Sampling,1.1,medium,na,yes,Checked against the grounded 1.11 explainer; its core idea best matches the assessed skill.,false,true
d9fb8bc8-8534-4259-ae09-8a82243aabce,STATS-MOD3-H006,ap-statistics,frq,2,2.2,Summary Statistics for Two Categorical Variables,4.6,low,na,no,Checked against the grounded 2.2 explainer; item evidence remains ambiguous.,true,true
0f7571c4-4327-45cf-9cc4-d9f822c8db65,STATS-MOD3-M006,ap-statistics,frq,1,1.3,Tabular Representation and Summary Statistics for One Categorical Variable,1.6,low,na,no,Checked against the grounded 1.3 explainer; item evidence remains ambiguous.,true,true
07edc710-16bb-4c09-b7d2-789cdc5a9926,STATS-MOD3-M007,ap-statistics,frq,2,2.12,Sampling Distributions and the Central Limit Theorem,4.1,medium,na,yes,Checked against the grounded 2.12 explainer; its core idea best matches the assessed skill.,false,true
af82b114-64dc-4161-a900-4e6de29ab303,STATS-MOD4-E005,ap-statistics,frq,3,3.10,Constructing a Confidence Interval for the Difference Between Two Population Proportions,3.11,low,na,no,Checked against the grounded 3.10 explainer; item evidence remains ambiguous.,true,true
bb2c9c91-f2c9-4312-a416-e6867c3fdaf3,STATS-MOD4-H012,ap-statistics,frq,1,1.13,Experimental Design,1.1,medium,na,yes,Checked against the grounded 1.13 explainer; its core idea best matches the assessed skill.,false,true
85d23dca-8f05-4e9e-9dbe-22600f8c5528,STATS-MOD4-M009,ap-statistics,frq,1,1.13,Experimental Design,1.1,medium,na,yes,Checked against the grounded 1.13 explainer; its core idea best matches the assessed skill.,false,true
4c9180d9-3f05-4fb6-a5f5-0b1e59100ad8,STATS-MOD9-H018,ap-statistics,frq,3,3.12,Setting Up a Test for the Difference Between Two Population Proportions,3.13,low,na,no,Checked against the grounded 3.12 explainer; item evidence remains ambiguous.,true,true
7db0ade2-21b7-4cd9-b0d9-59ad3cf3b731,apstat-4b-compare-097000,ap-statistics,mcq,4,4.3,Justifying a Claim Based on a Confidence Interval for a Population Mean or Population Mean Difference,4.8,low,na,no,Checked against the grounded 4.3 explainer; item evidence remains ambiguous.,true,true
d16208a1-86e9-4bbf-a227-6c35f62e8843,apstat-4b-compare-097001,ap-statistics,mcq,4,4.3,Justifying a Claim Based on a Confidence Interval for a Population Mean or Population Mean Difference,4.8,low,na,no,Checked against the grounded 4.3 explainer; item evidence remains ambiguous.,true,true
1aa847f3-d07e-49db-be54-141b4269649f,apstat-4b-compare-097002,ap-statistics,mcq,4,4.3,Justifying a Claim Based on a Confidence Interval for a Population Mean or Population Mean Difference,4.8,low,na,no,Checked against the grounded 4.3 explainer; item evidence remains ambiguous.,true,true
01083ec3-5f29-4827-99ed-5c9829f39274,apstat-4b-compare-097003,ap-statistics,mcq,4,4.3,Justifying a Claim Based on a Confidence Interval for a Population Mean or Population Mean Difference,4.8,low,na,no,Checked against the grounded 4.3 explainer; item evidence remains ambiguous.,true,true
9a86f050-4bb9-44d4-862c-9fca39c125c6,apstat-4b-compare-097004,ap-statistics,mcq,4,4.3,Justifying a Claim Based on a Confidence Interval for a Population Mean or Population Mean Difference,4.8,low,na,no,Checked against the grounded 4.3 explainer; item evidence remains ambiguous.,true,true
5f38db56-d845-4f9f-b674-be833f35e082,apstat-4b-compare-097005,ap-statistics,mcq,4,4.3,Justifying a Claim Based on a Confidence Interval for a Population Mean or Population Mean Difference,4.8,low,na,no,Checked against the grounded 4.3 explainer; item evidence remains ambiguous.,true,true
b9ac5ed0-6f91-435d-9a2b-1a8896e63db4,apstat-4b-compare-097006,ap-statistics,mcq,4,4.3,Justifying a Claim Based on a Confidence Interval for a Population Mean or Population Mean Difference,4.6,low,na,no,Checked against the grounded 4.3 explainer; item evidence remains ambiguous.,true,true
495a6980-940c-49ee-918b-73ed1dee2043,apstat-4b-compare-097007,ap-statistics,mcq,4,4.3,Justifying a Claim Based on a Confidence Interval for a Population Mean or Population Mean Difference,4.6,low,na,no,Checked against the grounded 4.3 explainer; item evidence remains ambiguous.,true,true
72dd5024-8a93-4752-90c9-4099341517bc,apstat-4b-compare-097008,ap-statistics,mcq,4,4.3,Justifying a Claim Based on a Confidence Interval for a Population Mean or Population Mean Difference,4.8,low,na,no,Checked against the grounded 4.3 explainer; item evidence remains ambiguous.,true,true
59af95bc-6b6e-4c79-987d-fb7b0455fdbd,apstat-4b-compare-097009,ap-statistics,mcq,4,4.3,Justifying a Claim Based on a Confidence Interval for a Population Mean or Population Mean Difference,4.8,low,na,no,Checked against the grounded 4.3 explainer; item evidence remains ambiguous.,true,true
967902b0-913a-4f3d-9593-944b80837cd9,apstat-4b-compare-097010,ap-statistics,mcq,4,4.3,Justifying a Claim Based on a Confidence Interval for a Population Mean or Population Mean Difference,4.6,low,na,no,Checked against the grounded 4.3 explainer; item evidence remains ambiguous.,true,true
929b3bb8-8e75-4666-8b7e-7b035f23bbf9,apstat-4b-compare-097011,ap-statistics,mcq,4,4.3,Justifying a Claim Based on a Confidence Interval for a Population Mean or Population Mean Difference,4.8,low,na,no,Checked against the grounded 4.3 explainer; item evidence remains ambiguous.,true,true
14480321-788c-445d-886a-4ee986b1380b,apstat-4b-compare-097012,ap-statistics,mcq,4,4.3,Justifying a Claim Based on a Confidence Interval for a Population Mean or Population Mean Difference,4.6,low,na,no,Checked against the grounded 4.3 explainer; item evidence remains ambiguous.,true,true
fde38ef5-516a-405a-9d6a-ae5c7ebf5625,apstat-4b-compare-097013,ap-statistics,mcq,4,4.3,Justifying a Claim Based on a Confidence Interval for a Population Mean or Population Mean Difference,4.8,low,na,no,Checked against the grounded 4.3 explainer; item evidence remains ambiguous.,true,true
f8b8d309-d590-453c-ba1a-de5a50422847,apstat-4b-compare-097014,ap-statistics,mcq,4,4.3,Justifying a Claim Based on a Confidence Interval for a Population Mean or Population Mean Difference,4.6,low,na,no,Checked against the grounded 4.3 explainer; item evidence remains ambiguous.,true,true
9569b2b0-7a19-441a-ba3b-feda8f69c1eb,apstat-4b-compare-097015,ap-statistics,mcq,4,4.3,Justifying a Claim Based on a Confidence Interval for a Population Mean or Population Mean Difference,4.6,low,na,no,Checked against the grounded 4.3 explainer; item evidence remains ambiguous.,true,true
7c2556fb-1586-4e84-87bd-549fbb32cf16,apstat-4b-compare-097016,ap-statistics,mcq,4,4.3,Justifying a Claim Based on a Confidence Interval for a Population Mean or Population Mean Difference,4.8,low,na,no,Checked against the grounded 4.3 explainer; item evidence remains ambiguous.,true,true
42ed8387-2e57-40fd-bd85-8b911aa08ed5,apstat-4b-compare-097017,ap-statistics,mcq,4,4.3,Justifying a Claim Based on a Confidence Interval for a Population Mean or Population Mean Difference,4.8,low,na,no,Checked against the grounded 4.3 explainer; item evidence remains ambiguous.,true,true
1e1e7327-606f-44f8-8b21-64ca4ab00343,apstat-4b-compare-097018,ap-statistics,mcq,4,4.3,Justifying a Claim Based on a Confidence Interval for a Population Mean or Population Mean Difference,4.8,low,na,no,Checked against the grounded 4.3 explainer; item evidence remains ambiguous.,true,true
5005a284-5856-4f5e-a6c2-93d208d392fc,apstat-4b-compare-097019,ap-statistics,mcq,4,4.3,Justifying a Claim Based on a Confidence Interval for a Population Mean or Population Mean Difference,4.8,low,na,no,Checked against the grounded 4.3 explainer; item evidence remains ambiguous.,true,true
cc470e39-255e-465c-a93f-2d6e3c325b89,apstat-compare_stats-090000,ap-statistics,mcq,1,1.9,Comparisons of the Distributions for One Quantitative Variable,1.7,medium,na,yes,Corrected the prior comparison pattern; the grounded 1.9 explainer is the closest closed-list match.,false,true
499e91c6-ea09-4f5e-baff-7b07f25ee78b,apstat-compare_stats-090001,ap-statistics,mcq,1,1.9,Comparisons of the Distributions for One Quantitative Variable,1.7,medium,na,yes,Corrected the prior comparison pattern; the grounded 1.9 explainer is the closest closed-list match.,false,true
e40f868d-5b8f-46bf-bd03-4fcc938613b5,apstat-compare_stats-090002,ap-statistics,mcq,1,1.9,Comparisons of the Distributions for One Quantitative Variable,1.7,medium,na,yes,Corrected the prior comparison pattern; the grounded 1.9 explainer is the closest closed-list match.,false,true
68849543-8c77-46f6-9c44-db7e1b18163e,apstat-compare_stats-090003,ap-statistics,mcq,1,1.9,Comparisons of the Distributions for One Quantitative Variable,1.7,medium,na,yes,Corrected the prior comparison pattern; the grounded 1.9 explainer is the closest closed-list match.,false,true
a290d67d-8ae1-46c4-9eb0-c3d19e4000ad,apstat-compare_stats-090004,ap-statistics,mcq,1,1.9,Comparisons of the Distributions for One Quantitative Variable,1.7,medium,na,yes,Corrected the prior comparison pattern; the grounded 1.9 explainer is the closest closed-list match.,false,true
9cd1fc73-a3aa-42de-9a38-ed27e68de5cb,apstat-compare_stats-090005,ap-statistics,mcq,1,1.9,Comparisons of the Distributions for One Quantitative Variable,1.7,medium,na,yes,Corrected the prior comparison pattern; the grounded 1.9 explainer is the closest closed-list match.,false,true
fce2322b-6c24-4427-a9b0-145cb69fd593,apstat-compare_stats-090006,ap-statistics,mcq,1,1.9,Comparisons of the Distributions for One Quantitative Variable,1.7,medium,na,yes,Corrected the prior comparison pattern; the grounded 1.9 explainer is the closest closed-list match.,false,true
501b459c-50ab-4057-8b14-e5b824dd5c2c,apstat-compare_stats-090007,ap-statistics,mcq,1,1.9,Comparisons of the Distributions for One Quantitative Variable,1.7,medium,na,yes,Corrected the prior comparison pattern; the grounded 1.9 explainer is the closest closed-list match.,false,true
a0030be0-3d35-495a-a5cf-a64b716f2237,apstat-compare_stats-090008,ap-statistics,mcq,1,1.9,Comparisons of the Distributions for One Quantitative Variable,1.7,medium,na,yes,Corrected the prior comparison pattern; the grounded 1.9 explainer is the closest closed-list match.,false,true
7293fb74-a05d-4e94-8904-4436832d2103,apstat-compare_stats-090009,ap-statistics,mcq,1,1.9,Comparisons of the Distributions for One Quantitative Variable,1.7,medium,na,yes,Corrected the prior comparison pattern; the grounded 1.9 explainer is the closest closed-list match.,false,true
8ed5e5cd-bc8a-4706-9a17-dc233d48f53a,apstat-compare_stats-090010,ap-statistics,mcq,1,1.9,Comparisons of the Distributions for One Quantitative Variable,1.7,medium,na,yes,Corrected the prior comparison pattern; the grounded 1.9 explainer is the closest closed-list match.,false,true
f6cb6927-3342-4803-acc7-67118765b7a6,apstat-compare_stats-090011,ap-statistics,mcq,1,1.9,Comparisons of the Distributions for One Quantitative Variable,1.7,medium,na,yes,Corrected the prior comparison pattern; the grounded 1.9 explainer is the closest closed-list match.,false,true
40e339b1-ea48-4a3c-aa5f-59d511dbf531,apstat-compare_stats-090012,ap-statistics,mcq,1,1.9,Comparisons of the Distributions for One Quantitative Variable,1.7,medium,na,yes,Corrected the prior comparison pattern; the grounded 1.9 explainer is the closest closed-list match.,false,true
99d9c4cb-b92c-4f9b-b47a-76bb3a556e2f,apstat-compare_stats-090013,ap-statistics,mcq,1,1.9,Comparisons of the Distributions for One Quantitative Variable,1.7,medium,na,yes,Corrected the prior comparison pattern; the grounded 1.9 explainer is the closest closed-list match.,false,true
0f5d9a4f-cebc-40e5-8bbe-1bf54864ef3f,apstat-compare_stats-090014,ap-statistics,mcq,1,1.9,Comparisons of the Distributions for One Quantitative Variable,1.7,medium,na,yes,Corrected the prior comparison pattern; the grounded 1.9 explainer is the closest closed-list match.,false,true
cafad641-e2b9-46a5-8204-3bf73d9c899f,apstat-compare_stats-090015,ap-statistics,mcq,1,1.9,Comparisons of the Distributions for One Quantitative Variable,1.7,medium,na,yes,Corrected the prior comparison pattern; the grounded 1.9 explainer is the closest closed-list match.,false,true
141b84a1-8e40-4e9e-8fc7-a67565129ef2,apstat-compare_stats-090016,ap-statistics,mcq,1,1.9,Comparisons of the Distributions for One Quantitative Variable,1.7,medium,na,yes,Corrected the prior comparison pattern; the grounded 1.9 explainer is the closest closed-list match.,false,true
2ccbc0dc-6539-402c-b1e4-623d99db6116,apstat-compare_stats-090017,ap-statistics,mcq,1,1.9,Comparisons of the Distributions for One Quantitative Variable,1.7,medium,na,yes,Corrected the prior comparison pattern; the grounded 1.9 explainer is the closest closed-list match.,false,true
45e7e50e-6ccf-4054-8d06-891f05f615c5,apstat-compare_stats-090018,ap-statistics,mcq,1,1.9,Comparisons of the Distributions for One Quantitative Variable,1.7,medium,na,yes,Corrected the prior comparison pattern; the grounded 1.9 explainer is the closest closed-list match.,false,true
16367987-197b-4fd5-848a-95ba4d8bebf0,apstat-compare_stats-090019,ap-statistics,mcq,1,1.9,Comparisons of the Distributions for One Quantitative Variable,1.7,medium,na,yes,Corrected the prior comparison pattern; the grounded 1.9 explainer is the closest closed-list match.,false,true
5b23352c-c3fa-4a0c-8933-8a4b7ffaf945,apstat-lsrl_predict-005000,ap-statistics,mcq,5,5.3,Linear Regression Models,1.3,medium,na,yes,Corrected the prior regression pattern; the grounded 5.3 explainer is the closest closed-list match.,false,true
4bb5c2f8-0ab8-4227-8f66-6b6def95b136,apstat-lsrl_predict-005001,ap-statistics,mcq,5,5.3,Linear Regression Models,1.3,medium,na,yes,Corrected the prior regression pattern; the grounded 5.3 explainer is the closest closed-list match.,false,true
965cf0d2-3f37-4944-ab8e-3b4a8be1b652,apstat-lsrl_predict-005002,ap-statistics,mcq,5,5.3,Linear Regression Models,1.3,medium,na,yes,Corrected the prior regression pattern; the grounded 5.3 explainer is the closest closed-list match.,false,true
f0da6014-0f5d-4ce0-a731-66063b5797a2,apstat-summary_stats-090000,ap-statistics,mcq,1,1.7,Summary Statistics for One Quantitative Variable,1.8,low,na,no,Checked against the grounded 1.7 explainer; item evidence remains ambiguous.,true,true
2b063ad8-738a-40c8-858c-6e1c4a7204d6,apstat-summary_stats-090001,ap-statistics,mcq,1,1.7,Summary Statistics for One Quantitative Variable,1.8,low,na,no,Checked against the grounded 1.7 explainer; item evidence remains ambiguous.,true,true
ac4d3a6b-1d4b-47ce-a364-ce7fb95bb56a,apstat-summary_stats-090002,ap-statistics,mcq,1,1.7,Summary Statistics for One Quantitative Variable,1.8,low,na,no,Checked against the grounded 1.7 explainer; item evidence remains ambiguous.,true,true
d50bc7f9-cad7-4567-9fbb-0c626fec7151,apstat-summary_stats-090003,ap-statistics,mcq,1,1.7,Summary Statistics for One Quantitative Variable,1.8,low,na,no,Checked against the grounded 1.7 explainer; item evidence remains ambiguous.,true,true
0433533a-5461-4bed-9e99-66713d4f6561,apstat-summary_stats-090004,ap-statistics,mcq,1,1.7,Summary Statistics for One Quantitative Variable,1.8,low,na,no,Checked against the grounded 1.7 explainer; item evidence remains ambiguous.,true,true
37735ec5-d177-4f7f-aa4b-497df871da35,apstat-summary_stats-090005,ap-statistics,mcq,1,1.7,Summary Statistics for One Quantitative Variable,1.8,low,na,no,Checked against the grounded 1.7 explainer; item evidence remains ambiguous.,true,true
f4aa7eba-a38b-466a-bf32-edfae5f5a676,apstat-summary_stats-090006,ap-statistics,mcq,1,1.7,Summary Statistics for One Quantitative Variable,1.8,low,na,no,Checked against the grounded 1.7 explainer; item evidence remains ambiguous.,true,true
3777af92-7049-4691-af15-31ec140baae7,apstat-summary_stats-090007,ap-statistics,mcq,1,1.7,Summary Statistics for One Quantitative Variable,1.8,low,na,no,Checked against the grounded 1.7 explainer; item evidence remains ambiguous.,true,true
15f3e1ba-8950-42d3-9f6b-e9ab8da30593,apstat-summary_stats-090008,ap-statistics,mcq,1,1.7,Summary Statistics for One Quantitative Variable,1.8,low,na,no,Checked against the grounded 1.7 explainer; item evidence remains ambiguous.,true,true
42668bcb-63b0-4cb7-a865-bc896e32ea55,apstat-summary_stats-090009,ap-statistics,mcq,1,1.7,Summary Statistics for One Quantitative Variable,1.8,low,na,no,Checked against the grounded 1.7 explainer; item evidence remains ambiguous.,true,true
ac4f56b6-c442-4a93-92b9-a88a3c0a1486,apstat-summary_stats-090010,ap-statistics,mcq,1,1.7,Summary Statistics for One Quantitative Variable,1.8,low,na,no,Checked against the grounded 1.7 explainer; item evidence remains ambiguous.,true,true
71469c6b-2f7f-4479-bf4e-9b1a85dbb56c,apstat-summary_stats-090011,ap-statistics,mcq,1,1.7,Summary Statistics for One Quantitative Variable,1.8,low,na,no,Checked against the grounded 1.7 explainer; item evidence remains ambiguous.,true,true
f290c308-8a72-48f9-9092-12b332c5d8ec,apstat-summary_stats-090012,ap-statistics,mcq,1,1.7,Summary Statistics for One Quantitative Variable,1.8,low,na,no,Checked against the grounded 1.7 explainer; item evidence remains ambiguous.,true,true
9eac7e43-9b8b-4168-9dc2-ea5ff7e75f0a,apstat-summary_stats-090013,ap-statistics,mcq,1,1.7,Summary Statistics for One Quantitative Variable,1.8,low,na,no,Checked against the grounded 1.7 explainer; item evidence remains ambiguous.,true,true
caab716d-74dd-4a50-8483-a99573708cd1,apstat-summary_stats-090014,ap-statistics,mcq,1,1.7,Summary Statistics for One Quantitative Variable,1.8,low,na,no,Checked against the grounded 1.7 explainer; item evidence remains ambiguous.,true,true
809d712f-5200-4ccd-8674-9a8dbd08ac3b,apstat-summary_stats-090015,ap-statistics,mcq,1,1.7,Summary Statistics for One Quantitative Variable,1.8,low,na,no,Checked against the grounded 1.7 explainer; item evidence remains ambiguous.,true,true
4471806c-6298-4e1d-9bab-6c56ec3eee05,apstat-summary_stats-090016,ap-statistics,mcq,1,1.7,Summary Statistics for One Quantitative Variable,1.8,low,na,no,Checked against the grounded 1.7 explainer; item evidence remains ambiguous.,true,true
31f9e1d9-385b-44bb-8146-b09e8a032860,apstat-summary_stats-090017,ap-statistics,mcq,1,1.7,Summary Statistics for One Quantitative Variable,1.8,low,na,no,Checked against the grounded 1.7 explainer; item evidence remains ambiguous.,true,true
179c9e44-82b7-46a3-8ae7-5e7715f8aeba,apstat-summary_stats-090018,ap-statistics,mcq,1,1.7,Summary Statistics for One Quantitative Variable,1.8,low,na,no,Checked against the grounded 1.7 explainer; item evidence remains ambiguous.,true,true
9948edb0-4eb9-4cac-be09-123c88268622,apstat-summary_stats-090019,ap-statistics,mcq,1,1.7,Summary Statistics for One Quantitative Variable,1.8,low,na,no,Checked against the grounded 1.7 explainer; item evidence remains ambiguous.,true,true
ed001230-8216-4f24-b63f-4428bdbd07bf,apstat-u1-11-2a-sampling-101000,ap-statistics,mcq,1,1.11,Random Sampling,3.10,low,na,no,Checked against the grounded 1.11 explainer; item evidence remains ambiguous.,true,true
c4065503-53cb-4638-b4a5-509ea51f5832,apstat-u1-11-2a-sampling-101001,ap-statistics,mcq,1,1.11,Random Sampling,4.1,medium,na,yes,Corrected the prior sampling pattern; the grounded 1.11 explainer is the closest closed-list match.,false,true
317421de-3cf0-42d7-b77b-0020b7fe8161,apstat-u1-11-2a-sampling-101002,ap-statistics,mcq,1,1.11,Random Sampling,4.1,medium,na,yes,Corrected the prior sampling pattern; the grounded 1.11 explainer is the closest closed-list match.,false,true
4c8036bb-8dd3-4b95-869d-986c9fe6fa45,apstat-u1-11-2a-sampling-101003,ap-statistics,mcq,1,1.11,Random Sampling,3.2,low,na,no,Checked against the grounded 1.11 explainer; item evidence remains ambiguous.,true,true
0cb5ece5-3e26-480c-bfca-4d9c478c3a6c,apstat-u1-11-2a-sampling-101004,ap-statistics,mcq,1,1.11,Random Sampling,4.1,medium,na,yes,Corrected the prior sampling pattern; the grounded 1.11 explainer is the closest closed-list match.,false,true
6752d045-8afa-4236-a3a1-16f59a86a1a1,apstat-u1-11-2a-sampling-101005,ap-statistics,mcq,1,1.11,Random Sampling,3.10,low,na,no,Checked against the grounded 1.11 explainer; item evidence remains ambiguous.,true,true
b4248cbe-53e4-4672-ab53-79d272f2358a,apstat-u1-11-2a-sampling-101006,ap-statistics,mcq,1,1.11,Random Sampling,4.1,medium,na,yes,Corrected the prior sampling pattern; the grounded 1.11 explainer is the closest closed-list match.,false,true
f912b3c2-f978-4e25-93e0-e9ac8de4b501,apstat-u1-11-2a-sampling-101007,ap-statistics,mcq,1,1.11,Random Sampling,3.2,low,na,no,Checked against the grounded 1.11 explainer; item evidence remains ambiguous.,true,true
a4090ab8-7e79-401b-846a-3d6c09b3e9d2,apstat-u1-11-2a-sampling-101008,ap-statistics,mcq,1,1.11,Random Sampling,3.10,low,na,no,Checked against the grounded 1.11 explainer; item evidence remains ambiguous.,true,true
2324bef6-f678-4ec9-9d62-f6266f2ee940,apstat-u1-11-2a-sampling-101009,ap-statistics,mcq,1,1.11,Random Sampling,3.10,low,na,no,Checked against the grounded 1.11 explainer; item evidence remains ambiguous.,true,true
8a2c4b33-ea79-4b25-9cd9-430b38c29421,apstat-u1-11-2a-sampling-101010,ap-statistics,mcq,1,1.11,Random Sampling,3.2,low,na,no,Checked against the grounded 1.11 explainer; item evidence remains ambiguous.,true,true
3c95c5c6-9ceb-4259-9b6e-489b7df8449c,apstat-u1-11-2a-sampling-101011,ap-statistics,mcq,1,1.11,Random Sampling,4.1,medium,na,yes,Corrected the prior sampling pattern; the grounded 1.11 explainer is the closest closed-list match.,false,true
69d691b2-ab0e-4ef4-82d6-57f74a749145,apstat-u1-11-2a-sampling-101012,ap-statistics,mcq,1,1.11,Random Sampling,4.1,medium,na,yes,Corrected the prior sampling pattern; the grounded 1.11 explainer is the closest closed-list match.,false,true
f9bc58a1-cf19-4bf8-a13f-773b1df6154a,apstat-u1-11-2a-sampling-101013,ap-statistics,mcq,1,1.11,Random Sampling,4.1,medium,na,yes,Corrected the prior sampling pattern; the grounded 1.11 explainer is the closest closed-list match.,false,true
f5b3dfb1-c7b4-41cf-a09c-9b3f2d8085ea,apstat-u1-11-2a-sampling-101014,ap-statistics,mcq,1,1.11,Random Sampling,3.10,low,na,no,Checked against the grounded 1.11 explainer; item evidence remains ambiguous.,true,true
6eddea6b-645a-4c02-9af1-880c64505fdb,apstat-u1-11-2a-sampling-101015,ap-statistics,mcq,1,1.11,Random Sampling,4.1,medium,na,yes,Corrected the prior sampling pattern; the grounded 1.11 explainer is the closest closed-list match.,false,true
06229693-b034-4e11-b074-4937da5fc2d3,apstat-u1-11-2a-sampling-101016,ap-statistics,mcq,1,1.11,Random Sampling,4.1,medium,na,yes,Corrected the prior sampling pattern; the grounded 1.11 explainer is the closest closed-list match.,false,true
6f05c86a-044f-4152-af3c-b2d61b79fbce,apstat-u1-11-2a-sampling-101017,ap-statistics,mcq,1,1.11,Random Sampling,3.10,low,na,no,Checked against the grounded 1.11 explainer; item evidence remains ambiguous.,true,true
423e45b5-0ce4-4a9c-bdb9-c5c695ab4cfd,apstat-u1-11-2a-sampling-101018,ap-statistics,mcq,1,1.11,Random Sampling,4.1,medium,na,yes,Corrected the prior sampling pattern; the grounded 1.11 explainer is the closest closed-list match.,false,true
842aa22c-4a0d-49cc-b91c-4f994f30d2db,apstat-u1-11-2a-sampling-101019,ap-statistics,mcq,1,1.11,Random Sampling,4.1,medium,na,yes,Corrected the prior sampling pattern; the grounded 1.11 explainer is the closest closed-list match.,false,true
d1c1f39c-eca0-4dae-83c0-f26527434067,apstat-u1-12-2a-bias-101200,ap-statistics,mcq,1,1.10,The Investigative Question Revisited and Data Collection,1.1,medium,na,yes,Checked against the grounded 1.10 explainer; its core idea best matches the assessed skill.,false,true
3b2603e2-43e4-4636-a099-54213b0da429,apstat-u1-12-2a-bias-101201,ap-statistics,mcq,1,1.10,The Investigative Question Revisited and Data Collection,1.1,medium,na,yes,Checked against the grounded 1.10 explainer; its core idea best matches the assessed skill.,false,true
d098685b-e0aa-40b2-8151-b635ff0960b0,apstat-u1-12-2a-bias-101202,ap-statistics,mcq,1,1.10,The Investigative Question Revisited and Data Collection,1.1,medium,na,yes,Checked against the grounded 1.10 explainer; its core idea best matches the assessed skill.,false,true
dbf24537-14df-4cb2-89bb-b1822498074b,apstat-u1-12-2a-bias-101203,ap-statistics,mcq,1,1.10,The Investigative Question Revisited and Data Collection,1.1,medium,na,yes,Checked against the grounded 1.10 explainer; its core idea best matches the assessed skill.,false,true
db16900a-bd4a-4bae-881b-1852327a1269,apstat-u1-12-2a-bias-101204,ap-statistics,mcq,1,1.1,Introducing Statistics: What Can We Learn from Data?,1.10,low,na,no,Checked against the grounded 1.1 explainer; item evidence remains ambiguous.,true,true
6bc15dd8-2089-482d-af27-cd34a10bb6cf,apstat-u1-12-2a-bias-101205,ap-statistics,mcq,1,1.10,The Investigative Question Revisited and Data Collection,3.2,low,na,no,Checked against the grounded 1.10 explainer; item evidence remains ambiguous.,true,true
684f24ed-ad59-448f-8946-1b8ac06178bf,apstat-u1-12-2a-bias-101206,ap-statistics,mcq,1,1.10,The Investigative Question Revisited and Data Collection,1.1,medium,na,yes,Checked against the grounded 1.10 explainer; its core idea best matches the assessed skill.,false,true
2ce51f8f-ecf6-4031-8cdf-f482e8f1b5ee,apstat-u1-12-2a-bias-101207,ap-statistics,mcq,1,1.10,The Investigative Question Revisited and Data Collection,1.1,medium,na,yes,Checked against the grounded 1.10 explainer; its core idea best matches the assessed skill.,false,true
3db0702b-34ea-4bf7-a032-544722d08c39,apstat-u1-12-2a-bias-101208,ap-statistics,mcq,1,1.10,The Investigative Question Revisited and Data Collection,1.1,medium,na,yes,Checked against the grounded 1.10 explainer; its core idea best matches the assessed skill.,false,true
4a77f708-7445-40c4-a9cd-1a9662caf647,apstat-u1-12-2a-bias-101209,ap-statistics,mcq,1,1.10,The Investigative Question Revisited and Data Collection,1.1,medium,na,yes,Checked against the grounded 1.10 explainer; its core idea best matches the assessed skill.,false,true
799e01e4-4998-48a9-81f7-39e24e5e7d21,apstat-u1-12-2a-bias-101210,ap-statistics,mcq,1,1.10,The Investigative Question Revisited and Data Collection,1.1,medium,na,yes,Checked against the grounded 1.10 explainer; its core idea best matches the assessed skill.,false,true
1353182c-7fd1-41ce-b231-582737980d35,apstat-u1-12-2a-bias-101211,ap-statistics,mcq,1,1.10,The Investigative Question Revisited and Data Collection,3.2,low,na,no,Checked against the grounded 1.10 explainer; item evidence remains ambiguous.,true,true
cb01f0f2-a4d9-4abf-940c-1f58626bf162,apstat-u1-12-2a-bias-101212,ap-statistics,mcq,1,1.10,The Investigative Question Revisited and Data Collection,1.1,medium,na,yes,Checked against the grounded 1.10 explainer; its core idea best matches the assessed skill.,false,true
48e03b22-3821-4f54-b8e9-787ce3878252,apstat-u1-12-2a-bias-101213,ap-statistics,mcq,1,1.10,The Investigative Question Revisited and Data Collection,1.1,medium,na,yes,Checked against the grounded 1.10 explainer; its core idea best matches the assessed skill.,false,true
1b43c739-1bf9-4def-b0b2-15b0e08cc6aa,apstat-u1-12-2a-bias-101214,ap-statistics,mcq,1,1.10,The Investigative Question Revisited and Data Collection,1.1,medium,na,yes,Checked against the grounded 1.10 explainer; its core idea best matches the assessed skill.,false,true
1b428340-8bb1-44b7-8451-a3c2cd0c3919,apstat-u1-12-2a-bias-101215,ap-statistics,mcq,1,1.10,The Investigative Question Revisited and Data Collection,1.1,medium,na,yes,Checked against the grounded 1.10 explainer; its core idea best matches the assessed skill.,false,true
71952051-0fe0-43d0-90e9-b9822bfa8528,apstat-u1-12-2a-bias-101216,ap-statistics,mcq,1,1.10,The Investigative Question Revisited and Data Collection,1.1,medium,na,yes,Checked against the grounded 1.10 explainer; its core idea best matches the assessed skill.,false,true
5d6f11a0-250a-40fd-b64c-382bb30ddb39,apstat-u1-12-2a-bias-101217,ap-statistics,mcq,1,1.10,The Investigative Question Revisited and Data Collection,1.1,medium,na,yes,Checked against the grounded 1.10 explainer; its core idea best matches the assessed skill.,false,true
7fe2adb8-31b6-4766-9541-bc640fde234f,apstat-u1-12-2a-bias-101218,ap-statistics,mcq,1,1.10,The Investigative Question Revisited and Data Collection,1.1,medium,na,yes,Checked against the grounded 1.10 explainer; its core idea best matches the assessed skill.,false,true
967276c3-d74d-47b1-aadc-6eab7cd85185,apstat-u1-12-2a-bias-101219,ap-statistics,mcq,1,1.10,The Investigative Question Revisited and Data Collection,1.1,medium,na,yes,Checked against the grounded 1.10 explainer; its core idea best matches the assessed skill.,false,true
27fd7a11-b48b-4aea-84ac-871520cfd54f,apstat-u1-13-2a-design-101300,ap-statistics,mcq,1,1.3,Tabular Representation and Summary Statistics for One Categorical Variable,1.7,low,na,no,Checked against the grounded 1.3 explainer; item evidence remains ambiguous.,true,true
73d1ffcb-3fb7-403c-b967-1fe5c2384eb8,apstat-u1-13-2a-design-101301,ap-statistics,mcq,1,1.3,Tabular Representation and Summary Statistics for One Categorical Variable,1.7,low,na,no,Checked against the grounded 1.3 explainer; item evidence remains ambiguous.,true,true
9afbc9c7-8a25-45ce-969d-9dddda1ef023,apstat-u1-13-2a-design-101302,ap-statistics,mcq,1,1.3,Tabular Representation and Summary Statistics for One Categorical Variable,1.7,low,na,no,Checked against the grounded 1.3 explainer; item evidence remains ambiguous.,true,true
034f641f-ebcd-490f-8739-f22fe3bd7675,apstat-u1-13-2a-design-101303,ap-statistics,mcq,2,2.2,Summary Statistics for Two Categorical Variables,3.10,low,na,no,Checked against the grounded 2.2 explainer; item evidence remains ambiguous.,true,true
23467258-fa4c-4312-8c4d-928051e1fa97,apstat-u1-13-2a-design-101304,ap-statistics,mcq,2,2.2,Summary Statistics for Two Categorical Variables,3.10,low,na,no,Checked against the grounded 2.2 explainer; item evidence remains ambiguous.,true,true
6137dac1-c29f-4ef5-8d81-3380526d80c6,apstat-u1-13-2a-design-101305,ap-statistics,mcq,2,2.2,Summary Statistics for Two Categorical Variables,3.10,low,na,no,Checked against the grounded 2.2 explainer; item evidence remains ambiguous.,true,true
8ee8398a-adb9-4c6d-aabc-64fe01bf6dd4,apstat-u1-13-2a-design-101306,ap-statistics,mcq,1,1.3,Tabular Representation and Summary Statistics for One Categorical Variable,1.7,low,na,no,Checked against the grounded 1.3 explainer; item evidence remains ambiguous.,true,true
6f241333-e14d-4dcb-aebc-369a8f0ae49f,apstat-u1-13-2a-design-101307,ap-statistics,mcq,1,1.3,Tabular Representation and Summary Statistics for One Categorical Variable,1.7,low,na,no,Checked against the grounded 1.3 explainer; item evidence remains ambiguous.,true,true
9c1dfa56-5fdb-4e0f-8898-fc2758beee65,apstat-u1-13-2a-design-101308,ap-statistics,mcq,1,1.3,Tabular Representation and Summary Statistics for One Categorical Variable,1.7,low,na,no,Checked against the grounded 1.3 explainer; item evidence remains ambiguous.,true,true
3723ffa2-22fe-4e12-9e34-55d7de9636fe,apstat-u1-13-2a-design-101309,ap-statistics,mcq,1,1.3,Tabular Representation and Summary Statistics for One Categorical Variable,1.7,low,na,no,Checked against the grounded 1.3 explainer; item evidence remains ambiguous.,true,true
3141ada2-c89d-466f-b88e-69811f4da68e,apstat-u1-13-2a-design-101310,ap-statistics,mcq,2,2.2,Summary Statistics for Two Categorical Variables,3.10,low,na,no,Checked against the grounded 2.2 explainer; item evidence remains ambiguous.,true,true
8f40f9cc-afd9-465a-abe4-f6bd128e6ae2,apstat-u1-13-2a-design-101311,ap-statistics,mcq,1,1.3,Tabular Representation and Summary Statistics for One Categorical Variable,1.7,low,na,no,Checked against the grounded 1.3 explainer; item evidence remains ambiguous.,true,true
6f67d4aa-05ab-4575-b15d-41fb421fa700,apstat-u1-13-2a-design-101312,ap-statistics,mcq,1,1.3,Tabular Representation and Summary Statistics for One Categorical Variable,1.7,low,na,no,Checked against the grounded 1.3 explainer; item evidence remains ambiguous.,true,true
bf184b6f-3262-453a-b9db-d8357d1bdc5c,apstat-u1-13-2a-design-101313,ap-statistics,mcq,1,1.3,Tabular Representation and Summary Statistics for One Categorical Variable,1.7,low,na,no,Checked against the grounded 1.3 explainer; item evidence remains ambiguous.,true,true
579cb034-9af3-4086-8dce-c3b31e3fc3dc,apstat-u1-13-2a-design-101314,ap-statistics,mcq,1,1.3,Tabular Representation and Summary Statistics for One Categorical Variable,1.7,low,na,no,Checked against the grounded 1.3 explainer; item evidence remains ambiguous.,true,true
4fda0bce-5fe7-4372-a06f-7dbe7e96dd8e,apstat-u1-13-2a-design-101315,ap-statistics,mcq,1,1.1,Introducing Statistics: What Can We Learn from Data?,1.3,low,na,no,Checked against the grounded 1.1 explainer; item evidence remains ambiguous.,true,true
5d649f97-945d-4f52-add2-01ac1ca39091,apstat-u1-13-2a-design-101316,ap-statistics,mcq,1,1.3,Tabular Representation and Summary Statistics for One Categorical Variable,1.7,low,na,no,Checked against the grounded 1.3 explainer; item evidence remains ambiguous.,true,true
c335cff3-9ad5-4ac8-a98b-c0e38bc9e49b,apstat-u1-13-2a-design-101317,ap-statistics,mcq,1,1.3,Tabular Representation and Summary Statistics for One Categorical Variable,1.7,low,na,no,Checked against the grounded 1.3 explainer; item evidence remains ambiguous.,true,true
8e910bd2-2932-4872-8ada-b2e16ca21eca,apstat-u1-13-2a-design-101318,ap-statistics,mcq,1,1.1,Introducing Statistics: What Can We Learn from Data?,1.3,low,na,no,Checked against the grounded 1.1 explainer; item evidence remains ambiguous.,true,true
1664c00a-ce9c-4bc4-87ec-658c77683f3f,apstat-u1-13-2a-design-101319,ap-statistics,mcq,1,1.3,Tabular Representation and Summary Statistics for One Categorical Variable,1.7,low,na,no,Checked against the grounded 1.3 explainer; item evidence remains ambiguous.,true,true
00133d35-1021-472c-9111-74b41ae9da19,apstat-u1-2-2a-variables-102000,ap-statistics,mcq,1,1.3,Tabular Representation and Summary Statistics for One Categorical Variable,1.7,low,na,no,Checked against the grounded 1.3 explainer; item evidence remains ambiguous.,true,true
6920f4b8-81a7-40a2-b6a2-ad9740f3aaa5,apstat-u1-2-2a-variables-102001,ap-statistics,mcq,1,1.3,Tabular Representation and Summary Statistics for One Categorical Variable,1.7,low,na,no,Checked against the grounded 1.3 explainer; item evidence remains ambiguous.,true,true
3d72aa2b-3ccf-482c-91b3-e71503ed78f0,apstat-u1-2-2a-variables-102002,ap-statistics,mcq,1,1.3,Tabular Representation and Summary Statistics for One Categorical Variable,1.7,low,na,no,Checked against the grounded 1.3 explainer; item evidence remains ambiguous.,true,true
4225488d-8024-4914-9410-58d63121b298,apstat-u1-2-2a-variables-102003,ap-statistics,mcq,1,1.3,Tabular Representation and Summary Statistics for One Categorical Variable,1.7,low,na,no,Checked against the grounded 1.3 explainer; item evidence remains ambiguous.,true,true
12a14035-9b50-4006-ae3b-adf396b3e0de,apstat-u1-2-2a-variables-102004,ap-statistics,mcq,1,1.3,Tabular Representation and Summary Statistics for One Categorical Variable,1.7,low,na,no,Checked against the grounded 1.3 explainer; item evidence remains ambiguous.,true,true
7d462381-73cb-46f8-b7c3-126f71ef0144,apstat-u1-2-2a-variables-102005,ap-statistics,mcq,1,1.3,Tabular Representation and Summary Statistics for One Categorical Variable,1.7,low,na,no,Checked against the grounded 1.3 explainer; item evidence remains ambiguous.,true,true
9a6f8c54-8797-4248-bb8b-260e2d83fd38,apstat-u1-2-2a-variables-102006,ap-statistics,mcq,1,1.3,Tabular Representation and Summary Statistics for One Categorical Variable,1.7,low,na,no,Checked against the grounded 1.3 explainer; item evidence remains ambiguous.,true,true
6a90d992-f284-4a85-9149-4d4d4fd62ae3,apstat-u1-2-2a-variables-102007,ap-statistics,mcq,1,1.3,Tabular Representation and Summary Statistics for One Categorical Variable,1.7,low,na,no,Checked against the grounded 1.3 explainer; item evidence remains ambiguous.,true,true
ffd0d5a8-6929-46d2-ac4a-351f54fa8979,apstat-u1-2-2a-variables-102008,ap-statistics,mcq,1,1.3,Tabular Representation and Summary Statistics for One Categorical Variable,1.7,low,na,no,Checked against the grounded 1.3 explainer; item evidence remains ambiguous.,true,true
5a221aaf-2764-4b8e-b78f-53c2605c0dc6,apstat-u1-2-2a-variables-102009,ap-statistics,mcq,1,1.3,Tabular Representation and Summary Statistics for One Categorical Variable,1.7,low,na,no,Checked against the grounded 1.3 explainer; item evidence remains ambiguous.,true,true
2cdbf818-2b2f-4947-b68a-5ed1f5d20a2a,apstat-u1-2-2a-variables-102010,ap-statistics,mcq,1,1.3,Tabular Representation and Summary Statistics for One Categorical Variable,1.7,low,na,no,Checked against the grounded 1.3 explainer; item evidence remains ambiguous.,true,true
a218504e-e494-4270-b623-175032222ff6,apstat-u1-2-2a-variables-102011,ap-statistics,mcq,1,1.3,Tabular Representation and Summary Statistics for One Categorical Variable,1.7,low,na,no,Checked against the grounded 1.3 explainer; item evidence remains ambiguous.,true,true
0becb8d8-20d7-4820-8ad3-39fc40c186cc,apstat-u1-2-2a-variables-102012,ap-statistics,mcq,1,1.3,Tabular Representation and Summary Statistics for One Categorical Variable,1.7,low,na,no,Checked against the grounded 1.3 explainer; item evidence remains ambiguous.,true,true
620ae0de-9035-435c-a21d-25a60e73f8db,apstat-u1-2-2a-variables-102013,ap-statistics,mcq,1,1.3,Tabular Representation and Summary Statistics for One Categorical Variable,1.7,low,na,no,Checked against the grounded 1.3 explainer; item evidence remains ambiguous.,true,true
9fab8fb3-4a2a-4ad6-a1c5-1354ae4b401d,apstat-u1-2-2a-variables-102014,ap-statistics,mcq,1,1.3,Tabular Representation and Summary Statistics for One Categorical Variable,1.7,low,na,no,Checked against the grounded 1.3 explainer; item evidence remains ambiguous.,true,true
8af5796e-1e7d-4548-9096-b3fcbac8bec3,apstat-u1-2-2a-variables-102015,ap-statistics,mcq,1,1.3,Tabular Representation and Summary Statistics for One Categorical Variable,1.7,low,na,no,Checked against the grounded 1.3 explainer; item evidence remains ambiguous.,true,true
29ef41e5-73bf-4656-a826-757bf6fb34e5,apstat-u1-2-2a-variables-102016,ap-statistics,mcq,1,1.3,Tabular Representation and Summary Statistics for One Categorical Variable,1.7,low,na,no,Checked against the grounded 1.3 explainer; item evidence remains ambiguous.,true,true
885b888d-7544-43d7-9a88-c9160ceb2662,apstat-u1-2-2a-variables-102017,ap-statistics,mcq,1,1.3,Tabular Representation and Summary Statistics for One Categorical Variable,1.7,low,na,no,Checked against the grounded 1.3 explainer; item evidence remains ambiguous.,true,true
71378b90-34ec-4b4c-a029-d7cb13725c64,apstat-u1-2-2a-variables-102018,ap-statistics,mcq,1,1.3,Tabular Representation and Summary Statistics for One Categorical Variable,1.7,low,na,no,Checked against the grounded 1.3 explainer; item evidence remains ambiguous.,true,true
407e995d-702e-46eb-9b2e-8c4d2a7ca9d3,apstat-u1-2-2a-variables-102019,ap-statistics,mcq,1,1.3,Tabular Representation and Summary Statistics for One Categorical Variable,1.7,low,na,no,Checked against the grounded 1.3 explainer; item evidence remains ambiguous.,true,true
22d66f90-7b45-4d26-b001-57d0f9c845e6,apstat-u1-5-3a-graphs-105000,ap-statistics,mcq,1,1.3,Tabular Representation and Summary Statistics for One Categorical Variable,1.7,medium,na,yes,Checked against the grounded 1.3 explainer; its core idea best matches the assessed skill.,false,true
f17cb555-9907-4710-b8ad-81640e5c7307,apstat-u1-5-3a-graphs-105001,ap-statistics,mcq,1,1.3,Tabular Representation and Summary Statistics for One Categorical Variable,1.7,medium,na,yes,Checked against the grounded 1.3 explainer; its core idea best matches the assessed skill.,false,true
f50bd16b-76f1-4f32-8f08-85b3400e1d5e,apstat-u1-5-3a-graphs-105002,ap-statistics,mcq,1,1.3,Tabular Representation and Summary Statistics for One Categorical Variable,1.7,medium,na,yes,Checked against the grounded 1.3 explainer; its core idea best matches the assessed skill.,false,true
f4f5c833-4a97-4874-aa6b-775658f783ce,apstat-u1-5-3a-graphs-105003,ap-statistics,mcq,1,1.3,Tabular Representation and Summary Statistics for One Categorical Variable,1.7,medium,na,yes,Checked against the grounded 1.3 explainer; its core idea best matches the assessed skill.,false,true
d9850838-27a8-48c6-8dea-ff46dbace6e8,apstat-u1-5-3a-graphs-105004,ap-statistics,mcq,1,1.3,Tabular Representation and Summary Statistics for One Categorical Variable,1.7,medium,na,yes,Checked against the grounded 1.3 explainer; its core idea best matches the assessed skill.,false,true
9432e5a1-29d0-4dc8-ab3c-92bb2b9a6bcd,apstat-u1-5-3a-graphs-105005,ap-statistics,mcq,1,1.3,Tabular Representation and Summary Statistics for One Categorical Variable,1.7,medium,na,yes,Checked against the grounded 1.3 explainer; its core idea best matches the assessed skill.,false,true
4680fa25-b743-45b4-89d4-cc1c54ac325e,apstat-u1-5-3a-graphs-105006,ap-statistics,mcq,1,1.3,Tabular Representation and Summary Statistics for One Categorical Variable,1.7,medium,na,yes,Checked against the grounded 1.3 explainer; its core idea best matches the assessed skill.,false,true
601aadfe-e7e1-4eca-9a28-9a749a63b7ce,apstat-u1-5-3a-graphs-105007,ap-statistics,mcq,1,1.3,Tabular Representation and Summary Statistics for One Categorical Variable,1.7,medium,na,yes,Checked against the grounded 1.3 explainer; its core idea best matches the assessed skill.,false,true
cd922413-6ef6-47fc-9a08-3acd7b292326,apstat-u1-5-3a-graphs-105008,ap-statistics,mcq,1,1.3,Tabular Representation and Summary Statistics for One Categorical Variable,1.7,medium,na,yes,Checked against the grounded 1.3 explainer; its core idea best matches the assessed skill.,false,true
34d7a4cc-677e-4aa5-bdcf-ea67228c2a1b,apstat-u1-5-3a-graphs-105009,ap-statistics,mcq,1,1.3,Tabular Representation and Summary Statistics for One Categorical Variable,1.7,medium,na,yes,Checked against the grounded 1.3 explainer; its core idea best matches the assessed skill.,false,true
9f40c065-12f7-4eb4-8583-1af6a780e141,apstat-u1-5-3a-graphs-105010,ap-statistics,mcq,1,1.3,Tabular Representation and Summary Statistics for One Categorical Variable,1.7,medium,na,yes,Checked against the grounded 1.3 explainer; its core idea best matches the assessed skill.,false,true
baa12732-edbe-4e0a-b44c-3f569784b818,apstat-u1-5-3a-graphs-105011,ap-statistics,mcq,1,1.3,Tabular Representation and Summary Statistics for One Categorical Variable,1.7,medium,na,yes,Checked against the grounded 1.3 explainer; its core idea best matches the assessed skill.,false,true
26203ac7-b8c3-49e8-97f3-843cdfc42ca4,apstat-u1-5-3a-graphs-105012,ap-statistics,mcq,1,1.3,Tabular Representation and Summary Statistics for One Categorical Variable,1.7,medium,na,yes,Checked against the grounded 1.3 explainer; its core idea best matches the assessed skill.,false,true
ef2a690e-76ab-4809-8f3b-1e1f2ef3a81b,apstat-u1-5-3a-graphs-105013,ap-statistics,mcq,1,1.3,Tabular Representation and Summary Statistics for One Categorical Variable,1.7,medium,na,yes,Checked against the grounded 1.3 explainer; its core idea best matches the assessed skill.,false,true
65d894e7-0d2b-4221-874d-0fd7d441f1da,apstat-u1-5-3a-graphs-105014,ap-statistics,mcq,1,1.3,Tabular Representation and Summary Statistics for One Categorical Variable,1.7,medium,na,yes,Checked against the grounded 1.3 explainer; its core idea best matches the assessed skill.,false,true
477f8b3e-22cc-46e8-9581-beda87b7ef08,apstat-u1-5-3a-graphs-105015,ap-statistics,mcq,1,1.3,Tabular Representation and Summary Statistics for One Categorical Variable,1.7,medium,na,yes,Checked against the grounded 1.3 explainer; its core idea best matches the assessed skill.,false,true
c686fe19-43f5-40b7-bddd-9588d92cd95e,apstat-u1-5-3a-graphs-105016,ap-statistics,mcq,1,1.3,Tabular Representation and Summary Statistics for One Categorical Variable,1.7,medium,na,yes,Checked against the grounded 1.3 explainer; its core idea best matches the assessed skill.,false,true
2157bd77-ee62-4e55-8eef-26e769e3f929,apstat-u1-5-3a-graphs-105017,ap-statistics,mcq,1,1.3,Tabular Representation and Summary Statistics for One Categorical Variable,1.7,medium,na,yes,Checked against the grounded 1.3 explainer; its core idea best matches the assessed skill.,false,true
ff425057-b916-4853-ac9b-319561e2440b,apstat-u1-5-3a-graphs-105018,ap-statistics,mcq,1,1.3,Tabular Representation and Summary Statistics for One Categorical Variable,1.7,medium,na,yes,Checked against the grounded 1.3 explainer; its core idea best matches the assessed skill.,false,true
7fed113a-8dc5-4162-9124-4e472bb861d8,apstat-u1-5-3a-graphs-105019,ap-statistics,mcq,1,1.3,Tabular Representation and Summary Statistics for One Categorical Variable,1.7,medium,na,yes,Checked against the grounded 1.3 explainer; its core idea best matches the assessed skill.,false,true
3ca0d36f-10d7-42b0-8e05-1abdbc7df96f,apstat-u1-6-4a-distribution-106000,ap-statistics,mcq,1,1.7,Summary Statistics for One Quantitative Variable,1.8,low,na,no,Checked against the grounded 1.7 explainer; item evidence remains ambiguous.,true,true
385f10c3-a893-4aac-b9b8-695452c37f92,apstat-u1-6-4a-distribution-106001,ap-statistics,mcq,1,1.7,Summary Statistics for One Quantitative Variable,1.8,low,na,no,Checked against the grounded 1.7 explainer; item evidence remains ambiguous.,true,true
cbc1bb4a-4ad7-4d94-8b5e-d0b46935b323,apstat-u1-6-4a-distribution-106002,ap-statistics,mcq,1,1.7,Summary Statistics for One Quantitative Variable,1.8,low,na,no,Checked against the grounded 1.7 explainer; item evidence remains ambiguous.,true,true
0699fd98-5975-4e40-bb66-10f5d9b0bedb,apstat-u1-6-4a-distribution-106003,ap-statistics,mcq,1,1.7,Summary Statistics for One Quantitative Variable,1.8,low,na,no,Checked against the grounded 1.7 explainer; item evidence remains ambiguous.,true,true
d884687c-3870-4d79-b684-cadd1152875f,apstat-u1-6-4a-distribution-106004,ap-statistics,mcq,1,1.7,Summary Statistics for One Quantitative Variable,1.8,low,na,no,Checked against the grounded 1.7 explainer; item evidence remains ambiguous.,true,true
0d808171-b06a-4155-a02b-e386d485c24e,apstat-u1-6-4a-distribution-106005,ap-statistics,mcq,1,1.7,Summary Statistics for One Quantitative Variable,1.8,low,na,no,Checked against the grounded 1.7 explainer; item evidence remains ambiguous.,true,true
e281a7d0-83d8-48a8-9986-a7c3d265cf4c,apstat-u1-6-4a-distribution-106006,ap-statistics,mcq,1,1.7,Summary Statistics for One Quantitative Variable,1.8,low,na,no,Checked against the grounded 1.7 explainer; item evidence remains ambiguous.,true,true
fa848c20-7799-4707-bcec-fdf737ed9a95,apstat-u1-6-4a-distribution-106007,ap-statistics,mcq,1,1.7,Summary Statistics for One Quantitative Variable,1.8,low,na,no,Checked against the grounded 1.7 explainer; item evidence remains ambiguous.,true,true
3426719a-5a17-4b68-943f-2d05e4e08144,apstat-u1-6-4a-distribution-106008,ap-statistics,mcq,1,1.7,Summary Statistics for One Quantitative Variable,1.8,low,na,no,Checked against the grounded 1.7 explainer; item evidence remains ambiguous.,true,true
8f6b2202-b6c4-4935-aae5-4bcc198a975f,apstat-u1-6-4a-distribution-106009,ap-statistics,mcq,1,1.7,Summary Statistics for One Quantitative Variable,1.8,low,na,no,Checked against the grounded 1.7 explainer; item evidence remains ambiguous.,true,true
52ca1742-9dc5-4de6-9ca9-5fcfc9e60e0a,apstat-u1-6-4a-distribution-106010,ap-statistics,mcq,1,1.7,Summary Statistics for One Quantitative Variable,1.8,low,na,no,Checked against the grounded 1.7 explainer; item evidence remains ambiguous.,true,true
1e5d852b-96bb-4751-a86f-31a728a28eca,apstat-u1-6-4a-distribution-106011,ap-statistics,mcq,1,1.7,Summary Statistics for One Quantitative Variable,1.8,low,na,no,Checked against the grounded 1.7 explainer; item evidence remains ambiguous.,true,true
660ac6e9-8791-4f67-af4d-7394d603b724,apstat-u1-6-4a-distribution-106012,ap-statistics,mcq,1,1.7,Summary Statistics for One Quantitative Variable,1.8,low,na,no,Checked against the grounded 1.7 explainer; item evidence remains ambiguous.,true,true
a3b69385-65ed-438b-bcc8-4ab08402e0f7,apstat-u1-6-4a-distribution-106013,ap-statistics,mcq,1,1.7,Summary Statistics for One Quantitative Variable,1.8,low,na,no,Checked against the grounded 1.7 explainer; item evidence remains ambiguous.,true,true
9405e091-854b-40b0-809f-810670b784d6,apstat-u1-6-4a-distribution-106014,ap-statistics,mcq,1,1.7,Summary Statistics for One Quantitative Variable,1.8,low,na,no,Checked against the grounded 1.7 explainer; item evidence remains ambiguous.,true,true
10f12376-b73c-4f75-a333-dcf4cfe7d95a,apstat-u1-6-4a-distribution-106015,ap-statistics,mcq,1,1.7,Summary Statistics for One Quantitative Variable,1.8,low,na,no,Checked against the grounded 1.7 explainer; item evidence remains ambiguous.,true,true
30ca4e3a-f012-4fd7-a1c8-880cebd6ec73,apstat-u1-6-4a-distribution-106016,ap-statistics,mcq,1,1.7,Summary Statistics for One Quantitative Variable,1.8,low,na,no,Checked against the grounded 1.7 explainer; item evidence remains ambiguous.,true,true
11d10283-18e9-4639-b04a-05a3218afd90,apstat-u1-6-4a-distribution-106017,ap-statistics,mcq,1,1.7,Summary Statistics for One Quantitative Variable,1.8,low,na,no,Checked against the grounded 1.7 explainer; item evidence remains ambiguous.,true,true
dd4ba5ac-3d18-4253-a572-6a5c20883e0e,apstat-u1-6-4a-distribution-106018,ap-statistics,mcq,1,1.7,Summary Statistics for One Quantitative Variable,1.8,low,na,no,Checked against the grounded 1.7 explainer; item evidence remains ambiguous.,true,true
30f2fef2-37ec-4699-9f49-a79de2152285,apstat-u1-6-4a-distribution-106019,ap-statistics,mcq,1,1.7,Summary Statistics for One Quantitative Variable,1.8,low,na,no,Checked against the grounded 1.7 explainer; item evidence remains ambiguous.,true,true
ce2689ff-d88e-495a-afd8-872a7143f475,apstat-u1-8-3a-boxplots-108000,ap-statistics,mcq,1,1.7,Summary Statistics for One Quantitative Variable,1.8,low,na,no,Checked against the grounded 1.7 explainer; item evidence remains ambiguous.,true,true
1b26150d-b5f3-453e-962a-4d4865235b7c,apstat-u1-8-3a-boxplots-108001,ap-statistics,mcq,1,1.7,Summary Statistics for One Quantitative Variable,1.8,low,na,no,Checked against the grounded 1.7 explainer; item evidence remains ambiguous.,true,true
f53bf38a-6080-43d0-b5fb-8f9cc9ae38e3,apstat-u1-8-3a-boxplots-108002,ap-statistics,mcq,1,1.7,Summary Statistics for One Quantitative Variable,1.8,low,na,no,Checked against the grounded 1.7 explainer; item evidence remains ambiguous.,true,true
fbed1115-c94f-49df-91b4-1d656732fc78,apstat-u1-8-3a-boxplots-108003,ap-statistics,mcq,1,1.7,Summary Statistics for One Quantitative Variable,1.8,low,na,no,Checked against the grounded 1.7 explainer; item evidence remains ambiguous.,true,true
e7d38a9a-629d-44ca-a59e-a8c58db89d9e,apstat-u1-8-3a-boxplots-108004,ap-statistics,mcq,1,1.7,Summary Statistics for One Quantitative Variable,1.8,low,na,no,Checked against the grounded 1.7 explainer; item evidence remains ambiguous.,true,true
1df1c563-2bf3-4453-aa78-9ad1718039e7,apstat-u1-8-3a-boxplots-108005,ap-statistics,mcq,1,1.7,Summary Statistics for One Quantitative Variable,1.8,low,na,no,Checked against the grounded 1.7 explainer; item evidence remains ambiguous.,true,true
358839a0-14cd-4702-af86-534181592afd,apstat-u1-8-3a-boxplots-108006,ap-statistics,mcq,1,1.7,Summary Statistics for One Quantitative Variable,1.8,low,na,no,Checked against the grounded 1.7 explainer; item evidence remains ambiguous.,true,true
d35d0eab-5f50-43a8-9838-eb9933c002db,apstat-u1-8-3a-boxplots-108007,ap-statistics,mcq,1,1.7,Summary Statistics for One Quantitative Variable,1.8,low,na,no,Checked against the grounded 1.7 explainer; item evidence remains ambiguous.,true,true
6d248b16-f668-45a6-8420-3e6e027b4740,apstat-u1-8-3a-boxplots-108008,ap-statistics,mcq,1,1.7,Summary Statistics for One Quantitative Variable,1.8,low,na,no,Checked against the grounded 1.7 explainer; item evidence remains ambiguous.,true,true
bc68b41b-dfa0-4fdd-9c59-1a47ed7a9ffd,apstat-u1-8-3a-boxplots-108009,ap-statistics,mcq,1,1.7,Summary Statistics for One Quantitative Variable,1.8,low,na,no,Checked against the grounded 1.7 explainer; item evidence remains ambiguous.,true,true
9ba067a5-45ce-463e-add4-87c4cd1b6c54,apstat-u1-8-3a-boxplots-108010,ap-statistics,mcq,1,1.7,Summary Statistics for One Quantitative Variable,1.8,low,na,no,Checked against the grounded 1.7 explainer; item evidence remains ambiguous.,true,true
42874775-2b14-47ae-9bce-61e4d8d590b3,apstat-u1-8-3a-boxplots-108011,ap-statistics,mcq,1,1.7,Summary Statistics for One Quantitative Variable,1.8,low,na,no,Checked against the grounded 1.7 explainer; item evidence remains ambiguous.,true,true
6f90363e-bd3b-415e-bc89-5095e86b36be,apstat-u1-8-3a-boxplots-108012,ap-statistics,mcq,1,1.7,Summary Statistics for One Quantitative Variable,1.8,low,na,no,Checked against the grounded 1.7 explainer; item evidence remains ambiguous.,true,true
4ea074e2-f29e-4f03-b59b-f927e0c1deeb,apstat-u1-8-3a-boxplots-108013,ap-statistics,mcq,1,1.7,Summary Statistics for One Quantitative Variable,1.8,low,na,no,Checked against the grounded 1.7 explainer; item evidence remains ambiguous.,true,true
a30f1ce8-6515-4a6b-b36a-6fe8d50f6639,apstat-u1-8-3a-boxplots-108014,ap-statistics,mcq,1,1.7,Summary Statistics for One Quantitative Variable,1.8,low,na,no,Checked against the grounded 1.7 explainer; item evidence remains ambiguous.,true,true
779526c4-2360-438b-baa5-d2bc386181e5,apstat-u1-8-3a-boxplots-108015,ap-statistics,mcq,1,1.7,Summary Statistics for One Quantitative Variable,1.8,low,na,no,Checked against the grounded 1.7 explainer; item evidence remains ambiguous.,true,true
74f6ab83-aadc-450f-92c4-41b2521de3fe,apstat-u1-8-3a-boxplots-108016,ap-statistics,mcq,1,1.7,Summary Statistics for One Quantitative Variable,1.8,low,na,no,Checked against the grounded 1.7 explainer; item evidence remains ambiguous.,true,true
6cb109cb-beb8-4e70-8d90-10151efa2fc3,apstat-u1-8-3a-boxplots-108017,ap-statistics,mcq,1,1.7,Summary Statistics for One Quantitative Variable,1.8,low,na,no,Checked against the grounded 1.7 explainer; item evidence remains ambiguous.,true,true
163fe08f-02f5-4be0-8c80-5642bb60f332,apstat-u1-8-3a-boxplots-108018,ap-statistics,mcq,1,1.7,Summary Statistics for One Quantitative Variable,1.8,low,na,no,Checked against the grounded 1.7 explainer; item evidence remains ambiguous.,true,true
4f43f68d-b4b3-420b-b1a3-2800823ead6f,apstat-u1-8-3a-boxplots-108019,ap-statistics,mcq,1,1.7,Summary Statistics for One Quantitative Variable,1.8,low,na,no,Checked against the grounded 1.7 explainer; item evidence remains ambiguous.,true,true
ac0f6ad6-20a2-4de6-9d29-56f2eee9392a,APSTATS-MCQ-001,ap-statistics,mcq,2,2.2,Summary Statistics for Two Categorical Variables,1.3,medium,no,no,Checked against the grounded 2.2 explainer; item evidence remains ambiguous.,true,true
590cd7ea-cd9a-4a5e-832f-7a00c3f1b8e6,APSTATS-MCQ-001-CAL,ap-statistics,mcq,2,2.2,Summary Statistics for Two Categorical Variables,1.3,medium,no,no,Checked against the grounded 2.2 explainer; item evidence remains ambiguous.,true,true
e4f2d003-4353-4a80-9b53-08f3a8d06ab1,APSTATS-MCQ-002,ap-statistics,mcq,4,4.6,Sampling Distributions for the Difference Between Two Sample Means,2.1,medium,yes,yes,Checked against the grounded 4.6 explainer; its core idea best matches the assessed skill.,false,true
6c2e8617-66ed-484a-9fe2-d1bf33a0b5d5,APSTATS-MCQ-003-CAL,ap-statistics,mcq,5,5.5,Least-Squares Regression,,medium,yes,yes,Checked against the grounded 5.5 explainer; its core idea best matches the assessed skill.,false,true
61b590c1-2e52-4bc6-ad7e-399de26f0670,APSTATS-MCQ-004,ap-statistics,mcq,5,5.5,Least-Squares Regression,1.1,medium,no,no,Checked against the grounded 5.5 explainer; item evidence remains ambiguous.,true,true
de9b4998-3e88-45ef-aeda-9a238571ebbb,APSTATS-MCQ-004-CAL,ap-statistics,mcq,5,5.5,Least-Squares Regression,1.1,medium,no,no,Checked against the grounded 5.5 explainer; item evidence remains ambiguous.,true,true
9c06fe8a-ef4e-4ba7-9f78-26a08ade67d1,APSTATS-MCQ-005,ap-statistics,mcq,3,3.11,Justifying a Claim Based on a Confidence Interval for the Difference Between Two Population Proportions,3.9,low,no,no,Checked against the grounded 3.11 explainer; item evidence remains ambiguous.,true,true
33ee0e0e-4cb3-431e-bf76-f4f622c2e6ab,APSTATS-MCQ-005-CAL,ap-statistics,mcq,3,3.11,Justifying a Claim Based on a Confidence Interval for the Difference Between Two Population Proportions,3.9,low,no,no,Checked against the grounded 3.11 explainer; item evidence remains ambiguous.,true,true
ac4b7d87-2e8d-4d69-ba25-fd764e6b497f,APSTATS-MCQ-006,ap-statistics,mcq,1,1.13,Experimental Design,1.3,medium,yes,yes,Checked against the grounded 1.13 explainer; its core idea best matches the assessed skill.,false,true
acce1443-26d8-463a-91df-414604d7036c,APSTATS-MCQ-006-CAL,ap-statistics,mcq,1,1.13,Experimental Design,1.3,medium,yes,yes,Checked against the grounded 1.13 explainer; its core idea best matches the assessed skill.,false,true
291e1dc4-ce1d-45c9-9a3d-ed206fb5397c,APSTATS-MCQ-008-CAL,ap-statistics,mcq,2,2.2,Summary Statistics for Two Categorical Variables,2.8,low,yes,no,Checked against the grounded 2.2 explainer; item evidence remains ambiguous.,true,true
4da611b4-f14f-4478-8a40-2ed9744477c4,APSTATS-MCQ-009,ap-statistics,mcq,2,2.12,Sampling Distributions and the Central Limit Theorem,,medium,yes,yes,Checked against the grounded 2.12 explainer; its core idea best matches the assessed skill.,false,true
e5d16b42-7b57-440b-b3a4-c044bd8c773c,APSTATS-MCQ-009-CAL,ap-statistics,mcq,2,2.12,Sampling Distributions and the Central Limit Theorem,,medium,yes,yes,Checked against the grounded 2.12 explainer; its core idea best matches the assessed skill.,false,true
8d27f7fd-b55c-4931-a2e5-2ac4c9f4daed,APSTATS-MCQ-010-CAL,ap-statistics,mcq,3,3.2,Sampling Distributions for Sample Proportions,3.4,low,yes,no,Checked against the grounded 3.2 explainer; item evidence remains ambiguous.,true,true
65238ef6-b008-4543-a3cb-018a6b7c8451,APSTATS-MCQ-011,ap-statistics,mcq,3,3.4,Justifying a Claim Based on a Confidence Interval for a Population Proportion,3.11,medium,yes,yes,Checked against the grounded 3.4 explainer; its core idea best matches the assessed skill.,false,true
82f24da9-556c-4266-b163-ba2147e558db,APSTATS-MCQ-011-CAL,ap-statistics,mcq,3,3.4,Justifying a Claim Based on a Confidence Interval for a Population Proportion,3.11,medium,yes,yes,Checked against the grounded 3.4 explainer; its core idea best matches the assessed skill.,false,true
4fe5bc8e-8efc-4ac2-8ef2-d235c2321941,APSTATS-MCQ-013,ap-statistics,mcq,4,4.2,Constructing a Confidence Interval for a Population Mean or Population Mean Difference,4.3,low,yes,no,Checked against the grounded 4.2 explainer; item evidence remains ambiguous.,true,true
5692c37e-d47e-4d0d-8163-6cf2321aff90,APSTATS-MCQ-013-CAL,ap-statistics,mcq,4,4.3,Justifying a Claim Based on a Confidence Interval for a Population Mean or Population Mean Difference,4.2,medium,yes,yes,Checked against the grounded 4.3 explainer; its core idea best matches the assessed skill.,false,true
2ad32dd5-dee0-48f1-a624-a2b57e127d74,APSTATS-MCQ-014,ap-statistics,mcq,3,3.12,Setting Up a Test for the Difference Between Two Population Proportions,3.13,low,yes,no,Checked against the grounded 3.12 explainer; item evidence remains ambiguous.,true,true
37267cf0-b493-4d79-8991-9716023331c8,APSTATS-MCQ-014-CAL,ap-statistics,mcq,3,3.11,Justifying a Claim Based on a Confidence Interval for the Difference Between Two Population Proportions,3.12,low,yes,no,Checked against the grounded 3.11 explainer; item evidence remains ambiguous.,true,true
6911479d-3b9f-48ae-bd28-f28f775ba509,APSTATS-MCQ-016-CAL,ap-statistics,mcq,3,3.14,Setting Up a Chi-Square Test for Homogeneity or Independence,3.15,low,yes,no,Checked against the grounded 3.14 explainer; item evidence remains ambiguous.,true,true
347b8d6e-259e-4ba5-a2c7-19911381cf51,APSTATS-MCQ-018-CAL,ap-statistics,mcq,3,3.13,Carrying Out a Test for the Difference Between Two Population Proportions,4.10,low,yes,no,Checked against the grounded 3.13 explainer; item evidence remains ambiguous.,true,true
6f807db9-169e-4ee4-be80-c4a87658a003,APSTATS-MCQ-019,ap-statistics,mcq,1,1.3,Tabular Representation and Summary Statistics for One Categorical Variable,1.7,low,no,no,Checked against the grounded 1.3 explainer; item evidence remains ambiguous.,true,true
fe0b6b43-ebfa-413e-b762-878e5b9713a5,APSTATS-MCQ-020,ap-statistics,mcq,4,4.3,Justifying a Claim Based on a Confidence Interval for a Population Mean or Population Mean Difference,4.4,low,no,no,Checked against the grounded 4.3 explainer; item evidence remains ambiguous.,true,true
18ae04f7-9b87-4ff6-969f-21aefc78c42c,APSTATS-MCQ-021,ap-statistics,mcq,1,1.3,Tabular Representation and Summary Statistics for One Categorical Variable,1.7,low,no,no,Checked against the grounded 1.3 explainer; item evidence remains ambiguous.,true,true
14499662-732a-400a-8b05-644cc91b3d93,APSTATS-MCQ-022,ap-statistics,mcq,1,1.3,Tabular Representation and Summary Statistics for One Categorical Variable,1.7,low,no,no,Checked against the grounded 1.3 explainer; item evidence remains ambiguous.,true,true
35f102c0-6006-430e-976a-716915fc017a,APSTATS-MCQ-023,ap-statistics,mcq,4,4.3,Justifying a Claim Based on a Confidence Interval for a Population Mean or Population Mean Difference,1.1,medium,no,no,Checked against the grounded 4.3 explainer; item evidence remains ambiguous.,true,true
997bc646-fe66-4c6c-b66f-d5244d3e97cf,APSTATS-MCQ-024,ap-statistics,mcq,3,3.11,Justifying a Claim Based on a Confidence Interval for the Difference Between Two Population Proportions,4.8,low,no,no,Checked against the grounded 3.11 explainer; item evidence remains ambiguous.,true,true
bb6e2770-4f62-4701-9432-9d0410fdfcfa,APSTATS-MCQ-025,ap-statistics,mcq,1,1.1,Introducing Statistics: What Can We Learn from Data?,1.3,low,no,no,Checked against the grounded 1.1 explainer; item evidence remains ambiguous.,true,true
6f8c5dd3-3aca-4cc3-a5fc-26583442abc8,APSTATS-MCQ-026,ap-statistics,mcq,4,4.10,Carrying Out a Test for the Difference Between Two Population Means,4.3,low,no,no,Checked against the grounded 4.10 explainer; item evidence remains ambiguous.,true,true
40479152-0fbe-4c34-a845-d6978fb2a37c,APSTATS-MCQ-027,ap-statistics,mcq,4,4.3,Justifying a Claim Based on a Confidence Interval for a Population Mean or Population Mean Difference,4.2,medium,yes,yes,Checked against the grounded 4.3 explainer; its core idea best matches the assessed skill.,false,true
88730e3f-91f9-4115-89df-7fe2a405d683,APSTATS-MCQ-028,ap-statistics,mcq,2,2.2,Summary Statistics for Two Categorical Variables,3.11,low,no,no,Checked against the grounded 2.2 explainer; item evidence remains ambiguous.,true,true
d95ab036-87a0-47ee-ba6e-7433b9dd8f5b,APSTATS-MCQ-029,ap-statistics,mcq,1,1.1,Introducing Statistics: What Can We Learn from Data?,1.3,low,no,no,Checked against the grounded 1.1 explainer; item evidence remains ambiguous.,true,true
3d4c14b4-84d0-4302-ba3d-8b9441b8c869,APSTATS-MCQ-030,ap-statistics,mcq,4,4.3,Justifying a Claim Based on a Confidence Interval for a Population Mean or Population Mean Difference,1.1,medium,no,no,Checked against the grounded 4.3 explainer; item evidence remains ambiguous.,true,true
6ea124bf-3dee-40cb-8352-f35595e0c4f8,APSTATS-MCQ-031,ap-statistics,mcq,1,1.3,Tabular Representation and Summary Statistics for One Categorical Variable,1.7,low,no,no,Checked against the grounded 1.3 explainer; item evidence remains ambiguous.,true,true
e693fbc2-e0ff-410d-9552-c2ad9e3ebd67,APSTATS-MCQ-032,ap-statistics,mcq,1,1.3,Tabular Representation and Summary Statistics for One Categorical Variable,1.7,low,no,no,Checked against the grounded 1.3 explainer; item evidence remains ambiguous.,true,true
8f418ec5-bb6f-4b5b-879c-72ea36d72bdf,APSTATS-MCQ-033,ap-statistics,mcq,2,2.2,Summary Statistics for Two Categorical Variables,5.1,low,yes,no,Checked against the grounded 2.2 explainer; item evidence remains ambiguous.,true,true
3473d939-a4ff-42f7-b40e-a5dd192c28ab,APSTATS-MCQ-034,ap-statistics,mcq,1,1.1,Introducing Statistics: What Can We Learn from Data?,1.3,low,no,no,Checked against the grounded 1.1 explainer; item evidence remains ambiguous.,true,true
be65ce51-7d96-412e-91ee-74f468c4181f,APSTATS-MCQ-035,ap-statistics,mcq,5,5.5,Least-Squares Regression,,medium,yes,yes,Checked against the grounded 5.5 explainer; its core idea best matches the assessed skill.,false,true
771a639a-1537-48bc-9807-f91675e701f2,APSTATS-MCQ-036,ap-statistics,mcq,5,5.3,Linear Regression Models,1.3,medium,no,yes,Corrected the prior regression pattern; the grounded 5.3 explainer is the closest closed-list match.,false,true
3213356f-9a3e-47df-a521-f5d442875abf,APSTATS-MCQ-037,ap-statistics,mcq,1,1.11,Random Sampling,3.2,low,yes,no,Checked against the grounded 1.11 explainer; item evidence remains ambiguous.,true,true
3e4742b1-67fe-4389-ab41-463a4681e0b4,APSTATS-MCQ-038,ap-statistics,mcq,3,3.2,Sampling Distributions for Sample Proportions,3.9,low,yes,no,Checked against the grounded 3.2 explainer; item evidence remains ambiguous.,true,true
c62d4174-b221-427d-82e3-d3a2b3ce7dd4,APSTATS-MCQ-039,ap-statistics,mcq,1,1.13,Experimental Design,,medium,yes,yes,Checked against the grounded 1.13 explainer; its core idea best matches the assessed skill.,false,true
59b1077a-1584-47bc-a529-a9d06afa4c2b,APSTATS-MCQ-040,ap-statistics,mcq,1,1.11,Random Sampling,2.2,low,no,no,Checked against the grounded 1.11 explainer; item evidence remains ambiguous.,true,true
0e960a55-55c5-48d2-a135-2e35b13b258e,APSTATS-MCQ-041,ap-statistics,mcq,2,2.2,Summary Statistics for Two Categorical Variables,1.3,medium,yes,yes,Checked against the grounded 2.2 explainer; its core idea best matches the assessed skill.,false,true
be4c4fcd-bd1c-4124-90cb-5b4b52c2f7e5,APSTATS-MCQ-042,ap-statistics,mcq,2,2.8,Introduction to Random Variables and Probability Distributions,2.9,low,yes,no,Checked against the grounded 2.8 explainer; item evidence remains ambiguous.,true,true
7c24861b-c7bf-490f-87dd-715a51560c7a,APSTATS-MCQ-043,ap-statistics,mcq,1,1.1,Introducing Statistics: What Can We Learn from Data?,1.11,low,no,no,Checked against the grounded 1.1 explainer; item evidence remains ambiguous.,true,true
a69b9346-785c-45df-9f29-a6354052e402,APSTATS-MCQ-044,ap-statistics,mcq,1,1.1,Introducing Statistics: What Can We Learn from Data?,1.11,low,no,no,Checked against the grounded 1.1 explainer; item evidence remains ambiguous.,true,true
3c9929da-fef6-434a-8512-6d857f40c610,APSTATS-MCQ-045,ap-statistics,mcq,3,3.11,Justifying a Claim Based on a Confidence Interval for the Difference Between Two Population Proportions,3.13,low,no,no,Checked against the grounded 3.11 explainer; item evidence remains ambiguous.,true,true
a3d44672-c6f9-47c9-a716-47e2dc30be30,APSTATS-MCQ-046,ap-statistics,mcq,2,2.6,Conditional Probability,,medium,yes,yes,Checked against the grounded 2.6 explainer; its core idea best matches the assessed skill.,false,true
423d231a-f0a2-4478-86ac-917bd38ddf91,APSTATS-MCQ-047,ap-statistics,mcq,2,2.5,Mutually Exclusive Events,2.7,medium,no,no,Checked against the grounded 2.5 explainer; item evidence remains ambiguous.,true,true
1ef0193f-85d8-4769-b7cc-f30ef5d493b1,APSTATS-MCQ-048,ap-statistics,mcq,2,2.2,Summary Statistics for Two Categorical Variables,3.11,low,no,no,Checked against the grounded 2.2 explainer; item evidence remains ambiguous.,true,true
26523b4e-c77f-4ba9-a592-74386841c208,APSTATS-MCQ-049,ap-statistics,mcq,1,1.1,Introducing Statistics: What Can We Learn from Data?,1.3,low,no,no,Checked against the grounded 1.1 explainer; item evidence remains ambiguous.,true,true
05e76206-dbf6-494f-81cb-a055bc6a3de7,APSTATS-MCQ-050,ap-statistics,mcq,1,1.1,Introducing Statistics: What Can We Learn from Data?,1.3,low,no,no,Checked against the grounded 1.1 explainer; item evidence remains ambiguous.,true,true
22a1b712-6ab0-4c5a-a3b2-2b3b4e248f41,APSTATS-MCQ-051,ap-statistics,mcq,2,2.5,Mutually Exclusive Events,,medium,yes,yes,Checked against the grounded 2.5 explainer; its core idea best matches the assessed skill.,false,true
b33465a7-0f9a-4adc-91e2-1dfa175842eb,APSTATS-MCQ-052,ap-statistics,mcq,2,2.8,Introduction to Random Variables and Probability Distributions,2.10,medium,yes,yes,Checked against the grounded 2.8 explainer; its core idea best matches the assessed skill.,false,true
38c5be36-fd77-47be-b061-2f9e4d28fc75,APSTATS-MCQ-053,ap-statistics,mcq,2,2.10,The Binomial Distribution,1.1,medium,no,no,Checked against the grounded 2.10 explainer; item evidence remains ambiguous.,true,true
e49b8e85-2737-4664-8846-abc96d89a8c5,APSTATS-MCQ-054,ap-statistics,mcq,1,1.3,Tabular Representation and Summary Statistics for One Categorical Variable,1.7,low,no,no,Checked against the grounded 1.3 explainer; item evidence remains ambiguous.,true,true
2cb12761-b0a8-421b-ab3f-8e66d36218b9,APSTATS-MCQ-055,ap-statistics,mcq,3,3.11,Justifying a Claim Based on a Confidence Interval for the Difference Between Two Population Proportions,3.4,low,no,no,Checked against the grounded 3.11 explainer; item evidence remains ambiguous.,true,true
46f9669d-56fa-402c-9871-ef5b92646445,APSTATS-MCQ-056,ap-statistics,mcq,4,4.3,Justifying a Claim Based on a Confidence Interval for a Population Mean or Population Mean Difference,1.11,medium,yes,yes,Checked against the grounded 4.3 explainer; its core idea best matches the assessed skill.,false,true
80573ffb-e9b5-4507-b530-4b22e742e4e5,APSTATS-MCQ-057,ap-statistics,mcq,2,2.12,Sampling Distributions and the Central Limit Theorem,4.3,medium,no,no,Checked against the grounded 2.12 explainer; item evidence remains ambiguous.,true,true
b5e36781-5f96-4734-a896-52e7d98ef57b,APSTATS-MCQ-058,ap-statistics,mcq,3,3.4,Justifying a Claim Based on a Confidence Interval for a Population Proportion,3.11,medium,no,no,Checked against the grounded 3.4 explainer; item evidence remains ambiguous.,true,true
99eb17f3-cd99-40b3-9af4-465eb5193b11,APSTATS-MCQ-059,ap-statistics,mcq,3,3.11,Justifying a Claim Based on a Confidence Interval for the Difference Between Two Population Proportions,4.3,low,no,no,Checked against the grounded 3.11 explainer; item evidence remains ambiguous.,true,true
ecbf39b7-05c2-4632-9a78-126502a2fbc3,APSTATS-MCQ-060,ap-statistics,mcq,1,1.1,Introducing Statistics: What Can We Learn from Data?,1.10,low,no,no,Checked against the grounded 1.1 explainer; item evidence remains ambiguous.,true,true
e695f3ac-4910-47fc-b811-623bbebc730f,APSTATS-MCQ-061,ap-statistics,mcq,3,3.4,Justifying a Claim Based on a Confidence Interval for a Population Proportion,3.2,medium,yes,yes,Checked against the grounded 3.4 explainer; its core idea best matches the assessed skill.,false,true
fc7633e2-9b9e-4335-806e-199a64747862,APSTATS-MCQ-062,ap-statistics,mcq,3,3.11,Justifying a Claim Based on a Confidence Interval for the Difference Between Two Population Proportions,4.8,low,no,no,Checked against the grounded 3.11 explainer; item evidence remains ambiguous.,true,true
98d10d3a-7eea-481a-854f-7daf0cb997d1,APSTATS-MCQ-063,ap-statistics,mcq,1,1.1,Introducing Statistics: What Can We Learn from Data?,1.3,low,no,no,Checked against the grounded 1.1 explainer; item evidence remains ambiguous.,true,true
18565f1d-4de3-4e88-9a41-92ed9c84c0fe,APSTATS-MCQ-064,ap-statistics,mcq,3,3.11,Justifying a Claim Based on a Confidence Interval for the Difference Between Two Population Proportions,4.3,low,yes,no,Checked against the grounded 3.11 explainer; item evidence remains ambiguous.,true,true
0bf79bc4-d0ac-4066-95f6-faaf20382b79,APSTATS-MCQ-065,ap-statistics,mcq,4,4.3,Justifying a Claim Based on a Confidence Interval for a Population Mean or Population Mean Difference,1.1,medium,no,no,Checked against the grounded 4.3 explainer; item evidence remains ambiguous.,true,true
e05caae8-c128-498d-ac50-99f7080be477,APSTATS-MCQ-066,ap-statistics,mcq,4,4.3,Justifying a Claim Based on a Confidence Interval for a Population Mean or Population Mean Difference,4.4,low,no,no,Checked against the grounded 4.3 explainer; item evidence remains ambiguous.,true,true
bc8bf77c-c3a7-4d91-9862-642eb57d2eb4,APSTATS-MCQ-067,ap-statistics,mcq,3,3.4,Justifying a Claim Based on a Confidence Interval for a Population Proportion,3.5,low,yes,no,Checked against the grounded 3.4 explainer; item evidence remains ambiguous.,true,true
1a9fd885-25de-419b-839f-197ca2a9e38d,APSTATS-MCQ-068,ap-statistics,mcq,1,1.1,Introducing Statistics: What Can We Learn from Data?,2.2,low,no,no,Checked against the grounded 1.1 explainer; item evidence remains ambiguous.,true,true
e518aac2-44b7-40ee-aac3-44ad595193e2,APSTATS-MCQ-069,ap-statistics,mcq,1,1.3,Tabular Representation and Summary Statistics for One Categorical Variable,1.7,low,no,no,Checked against the grounded 1.3 explainer; item evidence remains ambiguous.,true,true
82889042-3bc1-486c-8200-b972410522d6,APSTATS-MCQ-070,ap-statistics,mcq,3,3.2,Sampling Distributions for Sample Proportions,3.9,low,yes,no,Checked against the grounded 3.2 explainer; item evidence remains ambiguous.,true,true
bd79d09f-1998-45e2-a30a-376c213181df,APSTATS-MCQ-071,ap-statistics,mcq,1,1.3,Tabular Representation and Summary Statistics for One Categorical Variable,1.7,low,no,no,Checked against the grounded 1.3 explainer; item evidence remains ambiguous.,true,true
5aa1ff51-39b1-4ac3-a648-e047574385a3,APSTATS-MCQ-072,ap-statistics,mcq,4,4.8,Justifying a Claim Based on a Confidence Interval for the Difference Between Two Population Means,3.11,medium,yes,yes,Checked against the grounded 4.8 explainer; its core idea best matches the assessed skill.,false,true
303cedc1-1c82-4c56-b07b-5661a50cefae,APSTATS-MCQ-073,ap-statistics,mcq,2,2.4,Introduction to Probability,2.6,low,yes,no,Checked against the grounded 2.4 explainer; item evidence remains ambiguous.,true,true
2b68aac7-70cd-4677-9bc0-bf3e71f52bf6,APSTATS-MCQ-074,ap-statistics,mcq,2,2.12,Sampling Distributions and the Central Limit Theorem,2.6,low,yes,no,Checked against the grounded 2.12 explainer; item evidence remains ambiguous.,true,true
0438c3a5-9016-43e3-9456-0d31907d9868,APSTATS-MCQ-075,ap-statistics,mcq,3,3.14,Setting Up a Chi-Square Test for Homogeneity or Independence,3.15,low,yes,no,Checked against the grounded 3.14 explainer; item evidence remains ambiguous.,true,true
615ee310-cb1f-47c9-8542-fb968ca51152,APSTATS-MCQ-076,ap-statistics,mcq,3,3.14,Setting Up a Chi-Square Test for Homogeneity or Independence,3.15,low,no,no,Checked against the grounded 3.14 explainer; item evidence remains ambiguous.,true,true
4a0cde69-239f-4f41-b3db-b99b50a364af,APSTATS-MCQ-078,ap-statistics,mcq,2,2.10,The Binomial Distribution,2.4,low,yes,no,Checked against the grounded 2.10 explainer; item evidence remains ambiguous.,true,true
01987033-09b6-46aa-951e-11eec09f5125,APSTATS-MCQ-079,ap-statistics,mcq,3,3.2,Sampling Distributions for Sample Proportions,3.9,low,yes,no,Checked against the grounded 3.2 explainer; item evidence remains ambiguous.,true,true
33e696fb-715b-4022-8030-82c642778129,APSTATS-MCQ-080,ap-statistics,mcq,1,1.1,Introducing Statistics: What Can We Learn from Data?,1.3,low,no,no,Checked against the grounded 1.1 explainer; item evidence remains ambiguous.,true,true
61091d9a-d9e8-4f37-8f5e-c14c49e9acf8,APSTATS-MCQ-081,ap-statistics,mcq,4,4.3,Justifying a Claim Based on a Confidence Interval for a Population Mean or Population Mean Difference,1.3,medium,yes,yes,Checked against the grounded 4.3 explainer; its core idea best matches the assessed skill.,false,true
bd5793b6-8c65-4dee-9eda-72a9d6c4a171,APSTATS-MCQ-082,ap-statistics,mcq,3,3.14,Setting Up a Chi-Square Test for Homogeneity or Independence,3.15,low,no,no,Checked against the grounded 3.14 explainer; item evidence remains ambiguous.,true,true
c4871d3c-0cdb-46fe-b952-0abd6541d3c4,APSTATS-MCQ-083,ap-statistics,mcq,1,1.3,Tabular Representation and Summary Statistics for One Categorical Variable,1.7,low,no,no,Checked against the grounded 1.3 explainer; item evidence remains ambiguous.,true,true
2f698870-8d90-4a91-a225-cd7ad743d388,APSTATS-MCQ-084,ap-statistics,mcq,1,1.3,Tabular Representation and Summary Statistics for One Categorical Variable,1.7,low,no,no,Checked against the grounded 1.3 explainer; item evidence remains ambiguous.,true,true
03b89bc0-d6e3-4440-abd8-a8b5d851a1cd,APSTATS-MCQ-085,ap-statistics,mcq,5,5.4,Residuals,1.1,medium,yes,yes,Checked against the grounded 5.4 explainer; its core idea best matches the assessed skill.,false,true
98ac4d52-1957-4d57-8f72-a4bbc43a0066,APSTATS-MCQ-087,ap-statistics,mcq,1,1.1,Introducing Statistics: What Can We Learn from Data?,1.3,low,no,no,Checked against the grounded 1.1 explainer; item evidence remains ambiguous.,true,true
1417fc9f-9177-4044-b44c-d6bbc62e2115,APSTATS-MCQ-088,ap-statistics,mcq,3,3.11,Justifying a Claim Based on a Confidence Interval for the Difference Between Two Population Proportions,4.8,low,yes,no,Checked against the grounded 3.11 explainer; item evidence remains ambiguous.,true,true
9e1afc88-21ee-4402-8a8f-ca780c570dea,APSTATS-MCQ-090,ap-statistics,mcq,3,3.11,Justifying a Claim Based on a Confidence Interval for the Difference Between Two Population Proportions,4.3,low,no,no,Checked against the grounded 3.11 explainer; item evidence remains ambiguous.,true,true
adab9369-6c97-42b9-bd09-b8bd7300d769,APSTATS-MCQ-091,ap-statistics,mcq,3,3.14,Setting Up a Chi-Square Test for Homogeneity or Independence,3.15,low,no,no,Checked against the grounded 3.14 explainer; item evidence remains ambiguous.,true,true
57a5f652-1c4a-492a-b292-9f6a2e58ceba,APSTATS-MCQ-092,ap-statistics,mcq,3,3.8,Potential Errors When Performing Tests,1.1,medium,yes,yes,Checked against the grounded 3.8 explainer; its core idea best matches the assessed skill.,false,true
5db92eef-32b8-4e9a-a996-8b5c6b0c91b7,APSTATS-MCQ-093,ap-statistics,mcq,1,1.3,Tabular Representation and Summary Statistics for One Categorical Variable,1.7,low,no,no,Checked against the grounded 1.3 explainer; item evidence remains ambiguous.,true,true
87db6ac3-aaea-4aa8-9afa-6fef36623109,APSTATS-MCQ-094,ap-statistics,mcq,3,3.11,Justifying a Claim Based on a Confidence Interval for the Difference Between Two Population Proportions,3.12,low,no,no,Checked against the grounded 3.11 explainer; item evidence remains ambiguous.,true,true
bd64b690-cb9c-462b-95f5-c06dbff2cb51,APSTATS-MCQ-095,ap-statistics,mcq,3,3.11,Justifying a Claim Based on a Confidence Interval for the Difference Between Two Population Proportions,4.6,low,no,no,Checked against the grounded 3.11 explainer; item evidence remains ambiguous.,true,true
5f138fc9-756f-4101-9481-35ec982fbb99,APSTATS-MCQ-096,ap-statistics,mcq,4,4.3,Justifying a Claim Based on a Confidence Interval for a Population Mean or Population Mean Difference,4.8,low,yes,no,Checked against the grounded 4.3 explainer; item evidence remains ambiguous.,true,true
1c732cb6-7ff1-4705-9b1b-599341b3e993,APSTATS-MCQ-097,ap-statistics,mcq,4,4.6,Sampling Distributions for the Difference Between Two Sample Means,4.8,low,no,no,Checked against the grounded 4.6 explainer; item evidence remains ambiguous.,true,true
e839c580-0946-4974-9b1a-6cbb4f7cd16f,APSTATS-MCQ-098,ap-statistics,mcq,3,3.11,Justifying a Claim Based on a Confidence Interval for the Difference Between Two Population Proportions,3.4,low,yes,no,Checked against the grounded 3.11 explainer; item evidence remains ambiguous.,true,true
7f1f09c3-1604-404d-a2e1-98049a614123,APSTATS-MCQ-099,ap-statistics,mcq,3,3.14,Setting Up a Chi-Square Test for Homogeneity or Independence,3.15,low,yes,no,Checked against the grounded 3.14 explainer; item evidence remains ambiguous.,true,true
af13f295-b633-4f76-b702-a4abf6d535e3,APSTATS-MCQ-100,ap-statistics,mcq,2,2.2,Summary Statistics for Two Categorical Variables,1.3,medium,yes,yes,Checked against the grounded 2.2 explainer; its core idea best matches the assessed skill.,false,true
b8c56de7-c28f-4eb2-86d4-96d9a9186400,APBIO-FRQ-L-003,biology,frq,5,5.3,Mendelian Genetics,5.4,low,yes,no,Checked against the grounded 5.3 explainer; item evidence remains ambiguous.,true,true
905df3c1-d797-456c-8caf-cfdb3721b29e,APBIO-FRQ-L-004,biology,frq,6,6.2,DNA Replication,6.1,medium,yes,yes,Checked against the grounded 6.2 explainer; its core idea best matches the assessed skill.,false,true
786c5b62-f352-4077-91bf-b2a788c152c0,APBIO-FRQ-L-006,biology,frq,7,7.5,Hardy-Weinberg Equilibrium,7.1,medium,yes,yes,Checked against the grounded 7.5 explainer; its core idea best matches the assessed skill.,false,true
5dca442d-b798-4ce8-9b1a-03ccfaf7aecc,APBIO-FRQ-L-008,biology,frq,2,2.7,Tonicity and Osmoregulation,1.1,medium,yes,yes,Corrected the prior osmosis pattern; the grounded 2.7 explainer is the closest closed-list match.,false,true
a1101c5f-7dfa-4899-b766-c8bdf3d1e366,APBIO-FRQ-L-012,biology,frq,3,3.2,Environmental Impacts on Enzyme Function,1.1,medium,yes,yes,Checked against the grounded 3.2 explainer; its core idea best matches the assessed skill.,false,true
ccf9a896-ab8f-48b6-9f19-10c043ab14af,APBIO-FRQ-L-013,biology,frq,2,2.1,Cell Structure and Function,,medium,yes,yes,Checked against the grounded 2.1 explainer; its core idea best matches the assessed skill.,false,true
beb10310-b7f6-45fe-922c-b2586ac07677,APBIO-FRQ-L-014,biology,frq,2,2.1,Cell Structure and Function,3.5,low,yes,no,Checked against the grounded 2.1 explainer; item evidence remains ambiguous.,true,true
4a84a371-50b8-47a1-8089-16ead0b41331,APBIO-FRQ-L-015,biology,frq,3,3.5,Cellular Respiration,3.3,medium,yes,yes,Checked against the grounded 3.5 explainer; its core idea best matches the assessed skill.,false,true
3f243cab-1291-4bac-8b7a-17ca56aad92c,APBIO-FRQ-L-016,biology,frq,3,3.5,Cellular Respiration,3.3,medium,yes,yes,Checked against the grounded 3.5 explainer; its core idea best matches the assessed skill.,false,true
f420df2b-d478-4795-b646-0f4a13a04b59,APBIO-FRQ-L-017,biology,frq,4,4.3,Signal Transduction Pathways,4.2,medium,yes,yes,Checked against the grounded 4.3 explainer; its core idea best matches the assessed skill.,false,true
65bd0d29-e854-416e-bd1c-3b5c966de99c,APBIO-FRQ-L-019,biology,frq,5,5.4,Non-Mendelian Genetics,,medium,yes,yes,Checked against the grounded 5.4 explainer; its core idea best matches the assessed skill.,false,true
0880b181-fd70-4b8e-8659-48aeac65fff0,APBIO-FRQ-L-021,biology,frq,6,6.5,Regulation of Gene Expression,6.6,medium,yes,yes,Checked against the grounded 6.5 explainer; its core idea best matches the assessed skill.,false,true
6ee01c8f-000f-402c-b224-ada511355345,APBIO-FRQ-L-026,biology,frq,5,5.2,Meiosis and Genetic Diversity,7.1,low,yes,no,Checked against the grounded 5.2 explainer; item evidence remains ambiguous.,true,true
490a27e7-d446-4ee0-bb76-fda55d29f5d1,APBIO-FRQ-L-030,biology,frq,3,3.2,Environmental Impacts on Enzyme Function,5.2,low,no,no,Checked against the grounded 3.2 explainer; item evidence remains ambiguous.,true,true
7e403aba-b29d-4d6f-9cc5-33cff23c2597,APBIO-FRQ-L-031,biology,frq,2,2.1,Cell Structure and Function,,medium,yes,yes,Checked against the grounded 2.1 explainer; its core idea best matches the assessed skill.,false,true
a0fa8005-6513-4521-8e4a-0581ac81cd7e,APBIO-FRQ-L-036,biology,frq,6,6.5,Regulation of Gene Expression,6.6,medium,yes,yes,Checked against the grounded 6.5 explainer; its core idea best matches the assessed skill.,false,true
eeda718e-35ea-4282-884d-a235e76acd6f,APBIO-FRQ-S-003,biology,frq,8,8.2,Energy Flow Through Ecosystems,2.5,medium,na,yes,Checked against the grounded 8.2 explainer; its core idea best matches the assessed skill.,false,true
ec8e7408-1f8a-44d9-9dbb-dd89eb8122b1,APBIO-FRQ-S-006,biology,frq,5,5.2,Meiosis and Genetic Diversity,,medium,na,yes,Checked against the grounded 5.2 explainer; its core idea best matches the assessed skill.,false,true
f07ecf14-7cfd-423a-80d1-f83d05d34ccb,APBIO-FRQ-S-007,biology,frq,3,3.3,Cellular Energy,3.5,low,na,no,Checked against the grounded 3.3 explainer; item evidence remains ambiguous.,true,true
0cb84009-f7a4-4315-975c-34a7fbf06e2b,APBIO-FRQ-S-009,biology,frq,2,2.1,Cell Structure and Function,6.3,low,na,no,Checked against the grounded 2.1 explainer; item evidence remains ambiguous.,true,true
15578bad-7da4-4a51-abde-595f5f9601d7,APBIO-FRQ-S-010,biology,frq,5,5.5,Environmental Effects on Phenotype,7.4,low,na,no,Checked against the grounded 5.5 explainer; item evidence remains ambiguous.,true,true
317c8f23-e810-4163-8f5f-f8ea0036c742,APBIO-FRQ-S-011,biology,frq,7,7.5,Hardy-Weinberg Equilibrium,2.2,medium,na,yes,Checked against the grounded 7.5 explainer; its core idea best matches the assessed skill.,false,true
b4249345-5510-4c46-b072-a1ea8219baa4,APBIO-FRQ-S-016,biology,frq,5,5.2,Meiosis and Genetic Diversity,6.5,low,na,no,Checked against the grounded 5.2 explainer; item evidence remains ambiguous.,true,true
5924211d-ad3e-43cf-9574-f3d900b4f647,APBIO-FRQ-S-017,biology,frq,3,3.3,Cellular Energy,3.5,low,na,no,Checked against the grounded 3.3 explainer; item evidence remains ambiguous.,true,true
5055732c-6852-4429-8d71-57836d8c5226,APBIO-FRQ-S-019,biology,frq,2,2.1,Cell Structure and Function,2.2,low,na,no,Checked against the grounded 2.1 explainer; item evidence remains ambiguous.,true,true
c1e627a9-49f0-4265-96fd-08cdf7169343,APBIO-FRQ-S-020,biology,frq,2,2.8,Mechanisms of Transport,4.4,low,na,no,Checked against the grounded 2.8 explainer; item evidence remains ambiguous.,true,true
c0d0ec3a-8b19-4ad4-b211-3a7083408b38,APBIO-FRQ-S-021,biology,frq,1,1.1,Structure of Water and Hydrogen Bonding,,medium,na,yes,Checked against the grounded 1.1 explainer; its core idea best matches the assessed skill.,false,true
b76a09ff-aecf-4e87-a17b-5b04285a08e7,APBIO-FRQ-S-023,biology,frq,3,3.2,Environmental Impacts on Enzyme Function,1.1,medium,na,yes,Checked against the grounded 3.2 explainer; its core idea best matches the assessed skill.,false,true
a3b95a8c-b537-4f07-aab6-5e3a606d930b,APBIO-FRQ-S-025,biology,frq,1,1.1,Structure of Water and Hydrogen Bonding,1.2,medium,na,yes,Checked against the grounded 1.1 explainer; its core idea best matches the assessed skill.,false,true
561eb0a2-a904-41dc-baee-b1b46f057dee,APBIO-FRQ-S-026,biology,frq,2,2.1,Cell Structure and Function,4.6,medium,na,yes,Checked against the grounded 2.1 explainer; its core idea best matches the assessed skill.,false,true
a7fe6aa6-8d05-4db0-a6bf-b057f549a1ac,APBIO-FRQ-S-028,biology,frq,2,2.2,Cell Size,2.3,low,na,no,Checked against the grounded 2.2 explainer; item evidence remains ambiguous.,true,true
ea4f4f45-60ef-44c9-828b-dbf61892eff7,APBIO-FRQ-S-029,biology,frq,1,1.1,Structure of Water and Hydrogen Bonding,2.1,low,na,no,Checked against the grounded 1.1 explainer; item evidence remains ambiguous.,true,true
ee3aa8b2-c996-4f32-aad4-27cd68568a42,APBIO-FRQ-S-031,biology,frq,1,1.1,Structure of Water and Hydrogen Bonding,1.6,low,na,no,Checked against the grounded 1.1 explainer; item evidence remains ambiguous.,true,true
afd0854c-343d-4e37-a066-05f23d319e03,APBIO-FRQ-S-032,biology,frq,2,2.6,Facilitated Diffusion,1.7,medium,na,yes,Checked against the grounded 2.6 explainer; its core idea best matches the assessed skill.,false,true
dd5e062b-5328-479c-bf77-16dc207957f4,APBIO-FRQ-S-033,biology,frq,2,2.1,Cell Structure and Function,2.10,low,na,no,Checked against the grounded 2.1 explainer; item evidence remains ambiguous.,true,true
09a23a59-2ede-438d-b94f-3cbb3e12c8d0,APBIO-FRQ-S-036,biology,frq,2,2.5,Membrane Transport,2.8,low,na,no,Checked against the grounded 2.5 explainer; item evidence remains ambiguous.,true,true
7e09a039-a38b-4acf-aa67-fdcb8da6d26e,APBIO-FRQ-S-038,biology,frq,8,8.2,Energy Flow Through Ecosystems,,medium,na,yes,Checked against the grounded 8.2 explainer; its core idea best matches the assessed skill.,false,true
d2195299-b1b0-4ae9-a109-54fa4b53a846,APBIO-FRQ-S-040,biology,frq,1,1.7,Proteins,2.1,low,na,no,Checked against the grounded 1.7 explainer; item evidence remains ambiguous.,true,true
ffb44beb-3467-4353-8b05-2715517d4cbb,APBIO-FRQ-S-045,biology,frq,1,1.1,Structure of Water and Hydrogen Bonding,,low,na,no,Checked against the grounded 1.1 explainer; item evidence remains ambiguous.,true,true
9e9936b4-9fa7-4e47-b6f9-7950388318ea,APBIO-FRQ-S-046,biology,frq,1,1.1,Structure of Water and Hydrogen Bonding,,low,na,no,Checked against the grounded 1.1 explainer; item evidence remains ambiguous.,true,true
c49484c4-5e3c-4c0c-a18d-e308055c6370,APBIO-FRQ-S-047,biology,frq,5,5.5,Environmental Effects on Phenotype,,low,na,no,Checked against the grounded 5.5 explainer; item evidence remains ambiguous.,true,true
d994c1b0-7951-4060-8053-1b4410b488b7,APBIO-FRQ-S-048,biology,frq,5,5.5,Environmental Effects on Phenotype,,low,na,no,Checked against the grounded 5.5 explainer; item evidence remains ambiguous.,true,true
b32b3a6d-ee7d-4720-b5ad-64547aebd892,APBIO-FRQ-S-051,biology,frq,2,2.1,Cell Structure and Function,2.10,low,na,no,Checked against the grounded 2.1 explainer; item evidence remains ambiguous.,true,true
c41250d8-93ec-43fd-b68e-6f157d52c0c8,APBIO-FRQ-S-052,biology,frq,6,6.1,DNA and RNA Structure,6.3,low,na,no,Checked against the grounded 6.1 explainer; item evidence remains ambiguous.,true,true
dfa7018e-2ec0-409b-ae53-20895537ea68,APBIO-FRQ-S-058,biology,frq,2,2.2,Cell Size,3.2,low,na,no,Checked against the grounded 2.2 explainer; item evidence remains ambiguous.,true,true
149908e1-6c62-49d3-bae7-7ac23f12ce86,APBIO-FRQ-S-061,biology,frq,2,2.2,Cell Size,6.5,low,na,no,Checked against the grounded 2.2 explainer; item evidence remains ambiguous.,true,true
020fe264-1242-488a-aee5-9eb26d3b5faa,APBIO-FRQ-S-062,biology,frq,7,7.1,Introduction to Natural Selection,7.2,low,na,no,Checked against the grounded 7.1 explainer; item evidence remains ambiguous.,true,true
e3e2cd85-0071-4d37-800b-0cba0ae09c69,APBIO-FRQ-S-063,biology,frq,3,3.3,Cellular Energy,3.5,low,na,no,Checked against the grounded 3.3 explainer; item evidence remains ambiguous.,true,true
69c36745-2e64-4edd-a220-6b8935ed0a74,APBIO-FRQ-S-064,biology,frq,3,3.3,Cellular Energy,3.4,low,na,no,Checked against the grounded 3.3 explainer; item evidence remains ambiguous.,true,true
9e772ef8-410e-4269-a573-37aeb777833b,APBIO-FRQ-S-066,biology,frq,7,7.4,Population Genetics,8.3,low,na,no,Checked against the grounded 7.4 explainer; item evidence remains ambiguous.,true,true
004fa02d-4b3a-42f1-9159-e909ded75d7f,APBIO-FRQ-S-068,biology,frq,1,1.1,Structure of Water and Hydrogen Bonding,,low,na,no,Checked against the grounded 1.1 explainer; item evidence remains ambiguous.,true,true
b29147fe-ca1c-4b33-b8c7-e8e6192220e8,APBIO-FRQ-S-070,biology,frq,4,4.5,Cell Cycle,4.6,low,na,no,Checked against the grounded 4.5 explainer; item evidence remains ambiguous.,true,true
bf484484-9ce9-45fc-ab45-49b88ae745e7,APBIO-FRQ-S-071,biology,frq,2,2.7,Tonicity and Osmoregulation,1.1,medium,na,yes,Corrected the prior osmosis pattern; the grounded 2.7 explainer is the closest closed-list match.,false,true
f906df10-9c94-4432-9e4f-968e185301ac,APBIO-FRQ-S-073,biology,frq,5,5.2,Meiosis and Genetic Diversity,,medium,na,yes,Checked against the grounded 5.2 explainer; its core idea best matches the assessed skill.,false,true
f96c2ad9-7bd0-4950-a9b0-d7492ea30803,APBIO-FRQ-S-074,biology,frq,2,2.2,Cell Size,3.1,low,na,no,Checked against the grounded 2.2 explainer; item evidence remains ambiguous.,true,true
f67ec85b-e2b0-4733-b891-c3e99e076f93,APBIO-FRQ-S-076,biology,frq,8,8.5,Community Ecology,,low,na,no,Checked against the grounded 8.5 explainer; item evidence remains ambiguous.,true,true
835d8ce4-93e2-46d2-af6d-adcd4c2713f3,APBIO-FRQ-S-080,biology,frq,2,2.1,Cell Structure and Function,1.1,medium,na,yes,Checked against the grounded 2.1 explainer; its core idea best matches the assessed skill.,false,true
e0278b91-cfc8-48ef-83b7-a9b4256ddf36,APBIO-FRQ-S-081,biology,frq,4,4.5,Cell Cycle,4.6,low,na,no,Checked against the grounded 4.5 explainer; item evidence remains ambiguous.,true,true
6d03e381-4f81-4f33-8804-7ea567f12330,APBIO-FRQ-S-084,biology,frq,1,1.1,Structure of Water and Hydrogen Bonding,1.4,low,na,no,Checked against the grounded 1.1 explainer; item evidence remains ambiguous.,true,true
ec200449-df12-4069-8a92-aea33feb36c9,APBIO-FRQ-S-085,biology,frq,6,6.6,Gene Expression and Cell Specialization,6.5,medium,na,yes,Checked against the grounded 6.6 explainer; its core idea best matches the assessed skill.,false,true
907a1813-1d45-4b4f-aff7-8382632ef127,APBIO-FRQ-S-086,biology,frq,1,1.1,Structure of Water and Hydrogen Bonding,2.1,low,na,no,Checked against the grounded 1.1 explainer; item evidence remains ambiguous.,true,true
80e917c2-fc85-4aa6-a7e7-1f37050922f8,APBIO-FRQ-S-087,biology,frq,5,5.5,Environmental Effects on Phenotype,7.1,low,na,no,Checked against the grounded 5.5 explainer; item evidence remains ambiguous.,true,true
5dfd441b-f01b-4dc4-b327-1fe05b12f432,APBIO-FRQ-S-089,biology,frq,5,5.2,Meiosis and Genetic Diversity,6.5,low,na,no,Checked against the grounded 5.2 explainer; item evidence remains ambiguous.,true,true
c992e827-4720-4f1a-b2d4-924a9313e7b3,APBIO-FRQ-S-090,biology,frq,3,3.3,Cellular Energy,3.4,low,na,no,Checked against the grounded 3.3 explainer; item evidence remains ambiguous.,true,true
ffe8566d-7b98-4526-b58a-f37c4d8ededc,APBIO-FRQ-S-094,biology,frq,6,6.4,Translation,6.5,low,na,no,Checked against the grounded 6.4 explainer; item evidence remains ambiguous.,true,true
79cb5876-49bb-4d94-856d-414cd4c629b8,APBIO-FRQ-S-095,biology,frq,6,6.5,Regulation of Gene Expression,6.6,low,na,no,Checked against the grounded 6.5 explainer; item evidence remains ambiguous.,true,true
be78ce36-c01b-47d1-901f-7bf38caa0e7b,APBIO-FRQ-S-097,biology,frq,6,6.1,DNA and RNA Structure,6.6,low,na,no,Checked against the grounded 6.1 explainer; item evidence remains ambiguous.,true,true
016e7347-2003-45de-9967-619544d691ca,APBIO-FRQ-S-099,biology,frq,1,1.1,Structure of Water and Hydrogen Bonding,,low,na,no,Checked against the grounded 1.1 explainer; item evidence remains ambiguous.,true,true
7640704b-6e1d-4bad-bc74-f3d194324805,APBIO-FRQ-S-101,biology,frq,7,7.7,Common Ancestry,2.10,medium,na,yes,Checked against the grounded 7.7 explainer; its core idea best matches the assessed skill.,false,true
2c275bcc-2927-4910-83b6-fe61552a511b,APBIO-FRQ-S-102,biology,frq,7,7.1,Introduction to Natural Selection,7.2,low,na,no,Checked against the grounded 7.1 explainer; item evidence remains ambiguous.,true,true
ebcdd05b-73a4-49ca-9b2e-96f8bbdef234,APBIO-FRQ-S-103,biology,frq,6,6.1,DNA and RNA Structure,7.6,low,na,no,Checked against the grounded 6.1 explainer; item evidence remains ambiguous.,true,true
87874651-60bb-40cc-a634-2ce196ad996d,APBIO-HDG-2026-GRAPH-002,biology,frq,3,3.2,Environmental Impacts on Enzyme Function,8.4,low,yes,no,Checked against the grounded 3.2 explainer; item evidence remains ambiguous.,true,true
b738b319-8146-43d5-a2c4-5b292e1f1943,APBIO-HDG-2026-GRAPH-003,biology,frq,7,7.1,Introduction to Natural Selection,7.2,low,yes,no,Checked against the grounded 7.1 explainer; item evidence remains ambiguous.,true,true
001fef04-5272-4c9d-9d2b-cde19287bcc7,APBIO-HDG-2026-GRAPH-008,biology,frq,8,8.2,Energy Flow Through Ecosystems,,low,no,no,Checked against the grounded 8.2 explainer; item evidence remains ambiguous.,true,true
3db8a97a-baaf-4ff4-9110-06dd4bc91892,APBIO-HDG-2026-GRAPH-010,biology,frq,8,8.3,Population Ecology,2.2,low,yes,no,Checked against the grounded 8.3 explainer; item evidence remains ambiguous.,true,true
ccf8a3b4-88a8-4ff7-9844-85769f949666,APBIO-MCQ-005,biology,mcq,1,1.3,Introduction to Macromolecules,2.5,low,yes,no,Checked against the grounded 1.3 explainer; item evidence remains ambiguous.,true,true
72b21db8-5964-4d58-aae4-94fca62e0224,APBIO-MCQ-008,biology,mcq,1,1.1,Structure of Water and Hydrogen Bonding,1.7,low,no,no,Checked against the grounded 1.1 explainer; item evidence remains ambiguous.,true,true
ca5cc6ae-774b-4500-93db-e18bddd48335,APBIO-MCQ-011,biology,mcq,7,7.12,Origins of Life on Earth,,medium,yes,yes,Checked against the grounded 7.12 explainer; its core idea best matches the assessed skill.,false,true
7d731b39-b795-4b9c-9eea-f1f4a11c3c7e,APBIO-MCQ-014,biology,mcq,2,2.1,Cell Structure and Function,,medium,yes,yes,Checked against the grounded 2.1 explainer; its core idea best matches the assessed skill.,false,true
cebc6511-86ef-48e7-a50b-5040fd59cc7f,APBIO-MCQ-016,biology,mcq,2,2.7,Tonicity and Osmoregulation,,medium,yes,yes,Checked against the grounded 2.7 explainer; its core idea best matches the assessed skill.,false,true
a7f27476-2aff-455d-841d-e8cdc4cf47f8,APBIO-MCQ-017,biology,mcq,2,2.5,Membrane Transport,,medium,yes,yes,Checked against the grounded 2.5 explainer; its core idea best matches the assessed skill.,false,true
bb7f82db-454f-4635-933c-c80567b31ff9,APBIO-MCQ-018,biology,mcq,2,2.5,Membrane Transport,2.3,medium,yes,yes,Checked against the grounded 2.5 explainer; its core idea best matches the assessed skill.,false,true
3509fa2a-9e58-4a28-9dc5-547451fd78a4,APBIO-MCQ-020,biology,mcq,2,2.5,Membrane Transport,,medium,yes,yes,Checked against the grounded 2.5 explainer; its core idea best matches the assessed skill.,false,true
43774df8-fcb5-4979-af3e-e99f22651151,APBIO-MCQ-021,biology,mcq,2,2.1,Cell Structure and Function,2.10,medium,yes,yes,Checked against the grounded 2.1 explainer; its core idea best matches the assessed skill.,false,true
12b70712-b8e1-4c88-a199-1769d21716d8,APBIO-MCQ-022,biology,mcq,2,2.1,Cell Structure and Function,2.10,medium,yes,yes,Checked against the grounded 2.1 explainer; its core idea best matches the assessed skill.,false,true
d64759de-72fc-4b0b-8f2a-1b6278df42d7,APBIO-MCQ-023,biology,mcq,2,2.3,Plasma Membrane,,medium,yes,yes,Checked against the grounded 2.3 explainer; its core idea best matches the assessed skill.,false,true
09a0df29-1248-48ca-b456-860e4ee96056,APBIO-MCQ-024,biology,mcq,2,2.3,Plasma Membrane,3.2,medium,yes,yes,Checked against the grounded 2.3 explainer; its core idea best matches the assessed skill.,false,true
e8cfa78c-80db-4f78-9c92-643e71e732a9,APBIO-MCQ-025,biology,mcq,2,2.5,Membrane Transport,2.1,medium,yes,yes,Checked against the grounded 2.5 explainer; its core idea best matches the assessed skill.,false,true
f89cf634-d106-4e39-bd08-86bfcaee946d,APBIO-MCQ-026,biology,mcq,4,4.1,Cell Communication,,medium,yes,yes,Checked against the grounded 4.1 explainer; its core idea best matches the assessed skill.,false,true
925a8ee2-4d4f-46fa-acdf-b11ec4e4e01b,APBIO-MCQ-027,biology,mcq,4,4.2,Introduction to Signal Transduction,4.3,low,yes,no,Checked against the grounded 4.2 explainer; item evidence remains ambiguous.,true,true
131394c0-26d6-48fd-8c30-563efe5e3d72,APBIO-MCQ-028,biology,mcq,4,4.2,Introduction to Signal Transduction,4.3,low,yes,no,Checked against the grounded 4.2 explainer; item evidence remains ambiguous.,true,true
bb3560b1-27c2-4049-a23f-807b7c7e3336,APBIO-MCQ-030,biology,mcq,3,3.3,Cellular Energy,3.5,medium,yes,yes,Checked against the grounded 3.3 explainer; its core idea best matches the assessed skill.,false,true
36f35384-d317-490c-9b64-e9a1c4092802,APBIO-MCQ-032,biology,mcq,4,4.2,Introduction to Signal Transduction,4.3,low,yes,no,Checked against the grounded 4.2 explainer; item evidence remains ambiguous.,true,true
c3f31738-a35a-4fd8-979d-30ee38d2d9c7,APBIO-MCQ-033,biology,mcq,4,4.2,Introduction to Signal Transduction,4.3,low,yes,no,Checked against the grounded 4.2 explainer; item evidence remains ambiguous.,true,true
8ef95e9f-c1a1-4b90-87d7-85658e941dc5,APBIO-MCQ-034,biology,mcq,4,4.3,Signal Transduction Pathways,4.2,medium,yes,yes,Checked against the grounded 4.3 explainer; its core idea best matches the assessed skill.,false,true
7d91a66c-cbd1-4a21-ba80-afead502c7ca,APBIO-MCQ-043,biology,mcq,4,4.5,Cell Cycle,4.6,low,yes,no,Checked against the grounded 4.5 explainer; item evidence remains ambiguous.,true,true
fc5ad24a-56b1-4eb5-84ee-73790aa4a351,APBIO-MCQ-046,biology,mcq,2,2.8,Mechanisms of Transport,4.4,low,yes,no,Checked against the grounded 2.8 explainer; item evidence remains ambiguous.,true,true
1511bcd7-7d6a-432c-837c-5fd5e2387522,APBIO-MCQ-047,biology,mcq,4,4.2,Introduction to Signal Transduction,4.3,low,yes,no,Checked against the grounded 4.2 explainer; item evidence remains ambiguous.,true,true
3cd93461-f154-4d7f-8acb-2ca71620cc74,APBIO-MCQ-054,biology,mcq,5,5.3,Mendelian Genetics,5.4,low,yes,no,Checked against the grounded 5.3 explainer; item evidence remains ambiguous.,true,true
2beed8b1-f149-4acb-8b8c-46592bcb28f0,APBIO-MCQ-055,biology,mcq,6,6.5,Regulation of Gene Expression,6.6,low,no,no,Checked against the grounded 6.5 explainer; item evidence remains ambiguous.,true,true
b60575d3-cd19-4336-9d7b-46bd84b27907,APBIO-MCQ-056,biology,mcq,5,5.3,Mendelian Genetics,5.4,low,yes,no,Checked against the grounded 5.3 explainer; item evidence remains ambiguous.,true,true
d0e17629-7083-4d2f-9ef6-9a76a36c3d40,APBIO-MCQ-058,biology,mcq,5,5.3,Mendelian Genetics,5.4,low,yes,no,Checked against the grounded 5.3 explainer; item evidence remains ambiguous.,true,true
c4908388-08d4-4274-935e-dfb393077cdc,APBIO-MCQ-061,biology,mcq,1,1.6,Nucleic Acids,6.1,low,no,no,Checked against the grounded 1.6 explainer; item evidence remains ambiguous.,true,true
2e2c66b7-a563-47eb-abc7-37683745700d,APBIO-MCQ-063,biology,mcq,6,6.5,Regulation of Gene Expression,,medium,yes,yes,Checked against the grounded 6.5 explainer; its core idea best matches the assessed skill.,false,true
37917d44-45e8-438d-9b90-c6ddc460f704,APBIO-MCQ-064,biology,mcq,6,6.5,Regulation of Gene Expression,,medium,yes,yes,Checked against the grounded 6.5 explainer; its core idea best matches the assessed skill.,false,true
de3013c9-bdc6-4994-bf79-523c9c49e791,APBIO-MCQ-065,biology,mcq,6,6.5,Regulation of Gene Expression,6.1,medium,yes,yes,Checked against the grounded 6.5 explainer; its core idea best matches the assessed skill.,false,true
e4f47c41-420e-40dd-921f-343b0fb0b161,APBIO-MCQ-067,biology,mcq,6,6.5,Regulation of Gene Expression,6.6,medium,yes,yes,Checked against the grounded 6.5 explainer; its core idea best matches the assessed skill.,false,true
9b2ef7ea-ae9b-4dc9-9a9c-417eb5eee455,APBIO-MCQ-069,biology,mcq,6,6.5,Regulation of Gene Expression,4.6,medium,yes,yes,Checked against the grounded 6.5 explainer; its core idea best matches the assessed skill.,false,true
13a725ac-38ec-4d14-b061-ee4beec24c3d,APBIO-MCQ-074,biology,mcq,6,6.8,Biotechnology,6.1,medium,yes,yes,Checked against the grounded 6.8 explainer; its core idea best matches the assessed skill.,false,true
4b0b8c3f-126a-45b7-8deb-27c2baf47547,APBIO-MCQ-079,biology,mcq,7,7.1,Introduction to Natural Selection,7.2,low,yes,no,Checked against the grounded 7.1 explainer; item evidence remains ambiguous.,true,true
770859c9-7ac4-4351-b5f0-49bab8ea98b2,APBIO-MCQ-084,biology,mcq,6,6.6,Gene Expression and Cell Specialization,7.10,low,no,no,Checked against the grounded 6.6 explainer; item evidence remains ambiguous.,true,true
768cfadd-4205-46ed-85bd-1ed667fb1728,APBIO-MCQ-086,biology,mcq,7,7.7,Common Ancestry,1.1,medium,no,no,Checked against the grounded 7.7 explainer; item evidence remains ambiguous.,true,true
dd29ea19-85a9-462b-a0b9-b969d861f6fa,APBIO-MCQ-088,biology,mcq,7,7.1,Introduction to Natural Selection,7.2,low,no,no,Checked against the grounded 7.1 explainer; item evidence remains ambiguous.,true,true
667ee67f-c38d-4d05-9cae-b2aea500c097,APBIO-MCQ-093,biology,mcq,8,8.5,Community Ecology,8.2,medium,yes,yes,Checked against the grounded 8.5 explainer; its core idea best matches the assessed skill.,false,true
cdd0dc50-fef1-4fcb-aa9d-a0299b8845be,APBIO-MCQ-094,biology,mcq,8,8.5,Community Ecology,,medium,yes,yes,Checked against the grounded 8.5 explainer; its core idea best matches the assessed skill.,false,true
6c51e1d8-1b3a-4402-9b1c-c015560ee7fc,APBIO-MCQ-095,biology,mcq,8,8.2,Energy Flow Through Ecosystems,,medium,yes,yes,Checked against the grounded 8.2 explainer; its core idea best matches the assessed skill.,false,true
95f03e91-c50d-4b14-aaca-b554c86b752f,APBIO-MCQ-097,biology,mcq,8,8.3,Population Ecology,,medium,yes,yes,Checked against the grounded 8.3 explainer; its core idea best matches the assessed skill.,false,true
cbbba1c3-0859-45da-8d7d-8a99f12a55d6,APBIO-MCQ-099,biology,mcq,2,2.1,Cell Structure and Function,3.2,low,yes,no,Checked against the grounded 2.1 explainer; item evidence remains ambiguous.,true,true
