item_id,split,source_type,source_package,source_path,item_version,archetype,relation_subtype,expected_image_filename,criterion_count,criterion_ids,rights_status,gold_label_source,challenge_track
HDG-2026-P2-CAT-023,dev,synthetic_corpus,hand_drawn_graph_corpus_2026_06_30,docs/research/hand_drawn_graph_corpus_2026_06_30/hand_drawn_graph_questions_2026_06_30.jsonl,v0.2-research-seed,categorical_comparison_supplied_uncertainty,,HDG-2026-P2-CAT-023__response-01.jpg,6,"[""REPRESENTATION_TYPE"", ""CATEGORY_IDENTITY"", ""Y_UNIT"", ""Y_SCALE"", ""PLOT_VALUES"", ""UNCERTAINTY_MARKS""]",independently_authored_synthetic_research_seed_unverified,embedded_criterion_definitions,
HDG-2026-P2-CAT-036,dev,synthetic_corpus,hand_drawn_graph_corpus_2026_06_30,docs/research/hand_drawn_graph_corpus_2026_06_30/hand_drawn_graph_questions_2026_06_30.jsonl,v0.2-research-seed,categorical_comparison_supplied_uncertainty,,HDG-2026-P2-CAT-036__response-01.jpg,6,"[""REPRESENTATION_TYPE"", ""CATEGORY_IDENTITY"", ""Y_UNIT"", ""Y_SCALE"", ""PLOT_VALUES"", ""UNCERTAINTY_MARKS""]",independently_authored_synthetic_research_seed_unverified,embedded_criterion_definitions,
HDG-2026-P2-CAT-046,dev,synthetic_corpus,hand_drawn_graph_corpus_2026_06_30,docs/research/hand_drawn_graph_corpus_2026_06_30/hand_drawn_graph_questions_2026_06_30.jsonl,v0.2-research-seed,categorical_comparison_supplied_uncertainty,,HDG-2026-P2-CAT-046__response-01.jpg,6,"[""REPRESENTATION_TYPE"", ""CATEGORY_IDENTITY"", ""Y_UNIT"", ""Y_SCALE"", ""PLOT_VALUES"", ""UNCERTAINTY_MARKS""]",independently_authored_synthetic_research_seed_unverified,embedded_criterion_definitions,
HDG-2026-P2-CAT-021,dev,synthetic_corpus,hand_drawn_graph_corpus_2026_06_30,docs/research/hand_drawn_graph_corpus_2026_06_30/hand_drawn_graph_questions_2026_06_30.jsonl,v0.2-research-seed,categorical_comparison_supplied_uncertainty,,HDG-2026-P2-CAT-021__response-01.jpg,6,"[""REPRESENTATION_TYPE"", ""CATEGORY_IDENTITY"", ""Y_UNIT"", ""Y_SCALE"", ""PLOT_VALUES"", ""UNCERTAINTY_MARKS""]",independently_authored_synthetic_research_seed_unverified,embedded_criterion_definitions,
HDG-2026-P2-CAT-014,dev,synthetic_corpus,hand_drawn_graph_corpus_2026_06_30,docs/research/hand_drawn_graph_corpus_2026_06_30/hand_drawn_graph_questions_2026_06_30.jsonl,v0.2-research-seed,categorical_comparison_supplied_uncertainty,,HDG-2026-P2-CAT-014__response-01.jpg,6,"[""REPRESENTATION_TYPE"", ""CATEGORY_IDENTITY"", ""Y_UNIT"", ""Y_SCALE"", ""PLOT_VALUES"", ""UNCERTAINTY_MARKS""]",independently_authored_synthetic_research_seed_unverified,embedded_criterion_definitions,
HDG-2026-P2-CAT-007,dev,synthetic_corpus,hand_drawn_graph_corpus_2026_06_30,docs/research/hand_drawn_graph_corpus_2026_06_30/hand_drawn_graph_questions_2026_06_30.jsonl,v0.2-research-seed,categorical_comparison_supplied_uncertainty,,HDG-2026-P2-CAT-007__response-01.jpg,6,"[""REPRESENTATION_TYPE"", ""CATEGORY_IDENTITY"", ""Y_UNIT"", ""Y_SCALE"", ""PLOT_VALUES"", ""UNCERTAINTY_MARKS""]",independently_authored_synthetic_research_seed_unverified,embedded_criterion_definitions,
HDG-2026-P2-CAT-024,dev,synthetic_corpus,hand_drawn_graph_corpus_2026_06_30,docs/research/hand_drawn_graph_corpus_2026_06_30/hand_drawn_graph_questions_2026_06_30.jsonl,v0.2-research-seed,categorical_comparison_supplied_uncertainty,,HDG-2026-P2-CAT-024__response-01.jpg,6,"[""REPRESENTATION_TYPE"", ""CATEGORY_IDENTITY"", ""Y_UNIT"", ""Y_SCALE"", ""PLOT_VALUES"", ""UNCERTAINTY_MARKS""]",independently_authored_synthetic_research_seed_unverified,embedded_criterion_definitions,
HDG-2026-P2-CAT-002,dev,synthetic_corpus,hand_drawn_graph_corpus_2026_06_30,docs/research/hand_drawn_graph_corpus_2026_06_30/hand_drawn_graph_questions_2026_06_30.jsonl,v0.2-research-seed,categorical_comparison_supplied_uncertainty,,HDG-2026-P2-CAT-002__response-01.jpg,6,"[""REPRESENTATION_TYPE"", ""CATEGORY_IDENTITY"", ""Y_UNIT"", ""Y_SCALE"", ""PLOT_VALUES"", ""UNCERTAINTY_MARKS""]",independently_authored_synthetic_research_seed_unverified,embedded_criterion_definitions,
HDG-2026-P2-CAT-037,dev,synthetic_corpus,hand_drawn_graph_corpus_2026_06_30,docs/research/hand_drawn_graph_corpus_2026_06_30/hand_drawn_graph_questions_2026_06_30.jsonl,v0.2-research-seed,categorical_comparison_supplied_uncertainty,,HDG-2026-P2-CAT-037__response-01.jpg,6,"[""REPRESENTATION_TYPE"", ""CATEGORY_IDENTITY"", ""Y_UNIT"", ""Y_SCALE"", ""PLOT_VALUES"", ""UNCERTAINTY_MARKS""]",independently_authored_synthetic_research_seed_unverified,embedded_criterion_definitions,
HDG-2026-P2-CAT-003,dev,synthetic_corpus,hand_drawn_graph_corpus_2026_06_30,docs/research/hand_drawn_graph_corpus_2026_06_30/hand_drawn_graph_questions_2026_06_30.jsonl,v0.2-research-seed,categorical_comparison_supplied_uncertainty,,HDG-2026-P2-CAT-003__response-01.jpg,6,"[""REPRESENTATION_TYPE"", ""CATEGORY_IDENTITY"", ""Y_UNIT"", ""Y_SCALE"", ""PLOT_VALUES"", ""UNCERTAINTY_MARKS""]",independently_authored_synthetic_research_seed_unverified,embedded_criterion_definitions,
HDG-2026-P2-CAT-018,dev,synthetic_corpus,hand_drawn_graph_corpus_2026_06_30,docs/research/hand_drawn_graph_corpus_2026_06_30/hand_drawn_graph_questions_2026_06_30.jsonl,v0.2-research-seed,categorical_comparison_supplied_uncertainty,,HDG-2026-P2-CAT-018__response-01.jpg,6,"[""REPRESENTATION_TYPE"", ""CATEGORY_IDENTITY"", ""Y_UNIT"", ""Y_SCALE"", ""PLOT_VALUES"", ""UNCERTAINTY_MARKS""]",independently_authored_synthetic_research_seed_unverified,embedded_criterion_definitions,
HDG-2026-P2-CAT-027,dev,synthetic_corpus,hand_drawn_graph_corpus_2026_06_30,docs/research/hand_drawn_graph_corpus_2026_06_30/hand_drawn_graph_questions_2026_06_30.jsonl,v0.2-research-seed,categorical_comparison_supplied_uncertainty,,HDG-2026-P2-CAT-027__response-01.jpg,6,"[""REPRESENTATION_TYPE"", ""CATEGORY_IDENTITY"", ""Y_UNIT"", ""Y_SCALE"", ""PLOT_VALUES"", ""UNCERTAINTY_MARKS""]",independently_authored_synthetic_research_seed_unverified,embedded_criterion_definitions,
HDG-2026-P2-CAT-035,dev,synthetic_corpus,hand_drawn_graph_corpus_2026_06_30,docs/research/hand_drawn_graph_corpus_2026_06_30/hand_drawn_graph_questions_2026_06_30.jsonl,v0.2-research-seed,categorical_comparison_supplied_uncertainty,,HDG-2026-P2-CAT-035__response-01.jpg,6,"[""REPRESENTATION_TYPE"", ""CATEGORY_IDENTITY"", ""Y_UNIT"", ""Y_SCALE"", ""PLOT_VALUES"", ""UNCERTAINTY_MARKS""]",independently_authored_synthetic_research_seed_unverified,embedded_criterion_definitions,
HDG-2026-P2-CAT-050,dev,synthetic_corpus,hand_drawn_graph_corpus_2026_06_30,docs/research/hand_drawn_graph_corpus_2026_06_30/hand_drawn_graph_questions_2026_06_30.jsonl,v0.2-research-seed,categorical_comparison_supplied_uncertainty,,HDG-2026-P2-CAT-050__response-01.jpg,6,"[""REPRESENTATION_TYPE"", ""CATEGORY_IDENTITY"", ""Y_UNIT"", ""Y_SCALE"", ""PLOT_VALUES"", ""UNCERTAINTY_MARKS""]",independently_authored_synthetic_research_seed_unverified,embedded_criterion_definitions,
HDG-2026-P2-CAT-019,dev,synthetic_corpus,hand_drawn_graph_corpus_2026_06_30,docs/research/hand_drawn_graph_corpus_2026_06_30/hand_drawn_graph_questions_2026_06_30.jsonl,v0.2-research-seed,categorical_comparison_supplied_uncertainty,,HDG-2026-P2-CAT-019__response-01.jpg,6,"[""REPRESENTATION_TYPE"", ""CATEGORY_IDENTITY"", ""Y_UNIT"", ""Y_SCALE"", ""PLOT_VALUES"", ""UNCERTAINTY_MARKS""]",independently_authored_synthetic_research_seed_unverified,embedded_criterion_definitions,
HDG-2026-P2-CAT-020,dev,synthetic_corpus,hand_drawn_graph_corpus_2026_06_30,docs/research/hand_drawn_graph_corpus_2026_06_30/hand_drawn_graph_questions_2026_06_30.jsonl,v0.2-research-seed,categorical_comparison_supplied_uncertainty,,HDG-2026-P2-CAT-020__response-01.jpg,6,"[""REPRESENTATION_TYPE"", ""CATEGORY_IDENTITY"", ""Y_UNIT"", ""Y_SCALE"", ""PLOT_VALUES"", ""UNCERTAINTY_MARKS""]",independently_authored_synthetic_research_seed_unverified,embedded_criterion_definitions,
HDG-2026-P2-CAT-044,dev,synthetic_corpus,hand_drawn_graph_corpus_2026_06_30,docs/research/hand_drawn_graph_corpus_2026_06_30/hand_drawn_graph_questions_2026_06_30.jsonl,v0.2-research-seed,categorical_comparison_supplied_uncertainty,,HDG-2026-P2-CAT-044__response-01.jpg,6,"[""REPRESENTATION_TYPE"", ""CATEGORY_IDENTITY"", ""Y_UNIT"", ""Y_SCALE"", ""PLOT_VALUES"", ""UNCERTAINTY_MARKS""]",independently_authored_synthetic_research_seed_unverified,embedded_criterion_definitions,
HDG-2026-P2-CAT-015,dev,synthetic_corpus,hand_drawn_graph_corpus_2026_06_30,docs/research/hand_drawn_graph_corpus_2026_06_30/hand_drawn_graph_questions_2026_06_30.jsonl,v0.2-research-seed,categorical_comparison_supplied_uncertainty,,HDG-2026-P2-CAT-015__response-01.jpg,6,"[""REPRESENTATION_TYPE"", ""CATEGORY_IDENTITY"", ""Y_UNIT"", ""Y_SCALE"", ""PLOT_VALUES"", ""UNCERTAINTY_MARKS""]",independently_authored_synthetic_research_seed_unverified,embedded_criterion_definitions,
HDG-2026-P2-CAT-022,dev,synthetic_corpus,hand_drawn_graph_corpus_2026_06_30,docs/research/hand_drawn_graph_corpus_2026_06_30/hand_drawn_graph_questions_2026_06_30.jsonl,v0.2-research-seed,categorical_comparison_supplied_uncertainty,,HDG-2026-P2-CAT-022__response-01.jpg,6,"[""REPRESENTATION_TYPE"", ""CATEGORY_IDENTITY"", ""Y_UNIT"", ""Y_SCALE"", ""PLOT_VALUES"", ""UNCERTAINTY_MARKS""]",independently_authored_synthetic_research_seed_unverified,embedded_criterion_definitions,
HDG-2026-P2-CAT-006,dev,synthetic_corpus,hand_drawn_graph_corpus_2026_06_30,docs/research/hand_drawn_graph_corpus_2026_06_30/hand_drawn_graph_questions_2026_06_30.jsonl,v0.2-research-seed,categorical_comparison_supplied_uncertainty,,HDG-2026-P2-CAT-006__response-01.jpg,6,"[""REPRESENTATION_TYPE"", ""CATEGORY_IDENTITY"", ""Y_UNIT"", ""Y_SCALE"", ""PLOT_VALUES"", ""UNCERTAINTY_MARKS""]",independently_authored_synthetic_research_seed_unverified,embedded_criterion_definitions,
HDG-2026-P2-CAT-026,calibration,synthetic_corpus,hand_drawn_graph_corpus_2026_06_30,docs/research/hand_drawn_graph_corpus_2026_06_30/hand_drawn_graph_questions_2026_06_30.jsonl,v0.2-research-seed,categorical_comparison_supplied_uncertainty,,HDG-2026-P2-CAT-026__response-01.jpg,6,"[""REPRESENTATION_TYPE"", ""CATEGORY_IDENTITY"", ""Y_UNIT"", ""Y_SCALE"", ""PLOT_VALUES"", ""UNCERTAINTY_MARKS""]",independently_authored_synthetic_research_seed_unverified,embedded_criterion_definitions,
HDG-2026-P2-CAT-042,calibration,synthetic_corpus,hand_drawn_graph_corpus_2026_06_30,docs/research/hand_drawn_graph_corpus_2026_06_30/hand_drawn_graph_questions_2026_06_30.jsonl,v0.2-research-seed,categorical_comparison_supplied_uncertainty,,HDG-2026-P2-CAT-042__response-01.jpg,6,"[""REPRESENTATION_TYPE"", ""CATEGORY_IDENTITY"", ""Y_UNIT"", ""Y_SCALE"", ""PLOT_VALUES"", ""UNCERTAINTY_MARKS""]",independently_authored_synthetic_research_seed_unverified,embedded_criterion_definitions,
HDG-2026-P2-CAT-009,calibration,synthetic_corpus,hand_drawn_graph_corpus_2026_06_30,docs/research/hand_drawn_graph_corpus_2026_06_30/hand_drawn_graph_questions_2026_06_30.jsonl,v0.2-research-seed,categorical_comparison_supplied_uncertainty,,HDG-2026-P2-CAT-009__response-01.jpg,6,"[""REPRESENTATION_TYPE"", ""CATEGORY_IDENTITY"", ""Y_UNIT"", ""Y_SCALE"", ""PLOT_VALUES"", ""UNCERTAINTY_MARKS""]",independently_authored_synthetic_research_seed_unverified,embedded_criterion_definitions,
HDG-2026-P2-CAT-016,calibration,synthetic_corpus,hand_drawn_graph_corpus_2026_06_30,docs/research/hand_drawn_graph_corpus_2026_06_30/hand_drawn_graph_questions_2026_06_30.jsonl,v0.2-research-seed,categorical_comparison_supplied_uncertainty,,HDG-2026-P2-CAT-016__response-01.jpg,6,"[""REPRESENTATION_TYPE"", ""CATEGORY_IDENTITY"", ""Y_UNIT"", ""Y_SCALE"", ""PLOT_VALUES"", ""UNCERTAINTY_MARKS""]",independently_authored_synthetic_research_seed_unverified,embedded_criterion_definitions,
HDG-2026-P2-CAT-033,calibration,synthetic_corpus,hand_drawn_graph_corpus_2026_06_30,docs/research/hand_drawn_graph_corpus_2026_06_30/hand_drawn_graph_questions_2026_06_30.jsonl,v0.2-research-seed,categorical_comparison_supplied_uncertainty,,HDG-2026-P2-CAT-033__response-01.jpg,6,"[""REPRESENTATION_TYPE"", ""CATEGORY_IDENTITY"", ""Y_UNIT"", ""Y_SCALE"", ""PLOT_VALUES"", ""UNCERTAINTY_MARKS""]",independently_authored_synthetic_research_seed_unverified,embedded_criterion_definitions,
HDG-2026-P2-CAT-040,calibration,synthetic_corpus,hand_drawn_graph_corpus_2026_06_30,docs/research/hand_drawn_graph_corpus_2026_06_30/hand_drawn_graph_questions_2026_06_30.jsonl,v0.2-research-seed,categorical_comparison_supplied_uncertainty,,HDG-2026-P2-CAT-040__response-01.jpg,6,"[""REPRESENTATION_TYPE"", ""CATEGORY_IDENTITY"", ""Y_UNIT"", ""Y_SCALE"", ""PLOT_VALUES"", ""UNCERTAINTY_MARKS""]",independently_authored_synthetic_research_seed_unverified,embedded_criterion_definitions,
HDG-2026-P2-CAT-013,calibration,synthetic_corpus,hand_drawn_graph_corpus_2026_06_30,docs/research/hand_drawn_graph_corpus_2026_06_30/hand_drawn_graph_questions_2026_06_30.jsonl,v0.2-research-seed,categorical_comparison_supplied_uncertainty,,HDG-2026-P2-CAT-013__response-01.jpg,6,"[""REPRESENTATION_TYPE"", ""CATEGORY_IDENTITY"", ""Y_UNIT"", ""Y_SCALE"", ""PLOT_VALUES"", ""UNCERTAINTY_MARKS""]",independently_authored_synthetic_research_seed_unverified,embedded_criterion_definitions,
HDG-2026-P2-CAT-030,calibration,synthetic_corpus,hand_drawn_graph_corpus_2026_06_30,docs/research/hand_drawn_graph_corpus_2026_06_30/hand_drawn_graph_questions_2026_06_30.jsonl,v0.2-research-seed,categorical_comparison_supplied_uncertainty,,HDG-2026-P2-CAT-030__response-01.jpg,6,"[""REPRESENTATION_TYPE"", ""CATEGORY_IDENTITY"", ""Y_UNIT"", ""Y_SCALE"", ""PLOT_VALUES"", ""UNCERTAINTY_MARKS""]",independently_authored_synthetic_research_seed_unverified,embedded_criterion_definitions,
HDG-2026-P2-CAT-012,calibration,synthetic_corpus,hand_drawn_graph_corpus_2026_06_30,docs/research/hand_drawn_graph_corpus_2026_06_30/hand_drawn_graph_questions_2026_06_30.jsonl,v0.2-research-seed,categorical_comparison_supplied_uncertainty,,HDG-2026-P2-CAT-012__response-01.jpg,6,"[""REPRESENTATION_TYPE"", ""CATEGORY_IDENTITY"", ""Y_UNIT"", ""Y_SCALE"", ""PLOT_VALUES"", ""UNCERTAINTY_MARKS""]",independently_authored_synthetic_research_seed_unverified,embedded_criterion_definitions,
HDG-2026-P2-CAT-008,calibration,synthetic_corpus,hand_drawn_graph_corpus_2026_06_30,docs/research/hand_drawn_graph_corpus_2026_06_30/hand_drawn_graph_questions_2026_06_30.jsonl,v0.2-research-seed,categorical_comparison_supplied_uncertainty,,HDG-2026-P2-CAT-008__response-01.jpg,6,"[""REPRESENTATION_TYPE"", ""CATEGORY_IDENTITY"", ""Y_UNIT"", ""Y_SCALE"", ""PLOT_VALUES"", ""UNCERTAINTY_MARKS""]",independently_authored_synthetic_research_seed_unverified,embedded_criterion_definitions,
HDG-2026-P2-CAT-038,holdout,synthetic_corpus,hand_drawn_graph_corpus_2026_06_30,docs/research/hand_drawn_graph_corpus_2026_06_30/hand_drawn_graph_questions_2026_06_30.jsonl,v0.2-research-seed,categorical_comparison_supplied_uncertainty,,HDG-2026-P2-CAT-038__response-01.jpg,6,"[""REPRESENTATION_TYPE"", ""CATEGORY_IDENTITY"", ""Y_UNIT"", ""Y_SCALE"", ""PLOT_VALUES"", ""UNCERTAINTY_MARKS""]",independently_authored_synthetic_research_seed_unverified,embedded_criterion_definitions,
HDG-2026-P2-CAT-047,holdout,synthetic_corpus,hand_drawn_graph_corpus_2026_06_30,docs/research/hand_drawn_graph_corpus_2026_06_30/hand_drawn_graph_questions_2026_06_30.jsonl,v0.2-research-seed,categorical_comparison_supplied_uncertainty,,HDG-2026-P2-CAT-047__response-01.jpg,6,"[""REPRESENTATION_TYPE"", ""CATEGORY_IDENTITY"", ""Y_UNIT"", ""Y_SCALE"", ""PLOT_VALUES"", ""UNCERTAINTY_MARKS""]",independently_authored_synthetic_research_seed_unverified,embedded_criterion_definitions,
HDG-2026-P2-CAT-039,holdout,synthetic_corpus,hand_drawn_graph_corpus_2026_06_30,docs/research/hand_drawn_graph_corpus_2026_06_30/hand_drawn_graph_questions_2026_06_30.jsonl,v0.2-research-seed,categorical_comparison_supplied_uncertainty,,HDG-2026-P2-CAT-039__response-01.jpg,6,"[""REPRESENTATION_TYPE"", ""CATEGORY_IDENTITY"", ""Y_UNIT"", ""Y_SCALE"", ""PLOT_VALUES"", ""UNCERTAINTY_MARKS""]",independently_authored_synthetic_research_seed_unverified,embedded_criterion_definitions,
HDG-2026-P2-CAT-010,holdout,synthetic_corpus,hand_drawn_graph_corpus_2026_06_30,docs/research/hand_drawn_graph_corpus_2026_06_30/hand_drawn_graph_questions_2026_06_30.jsonl,v0.2-research-seed,categorical_comparison_supplied_uncertainty,,HDG-2026-P2-CAT-010__response-01.jpg,6,"[""REPRESENTATION_TYPE"", ""CATEGORY_IDENTITY"", ""Y_UNIT"", ""Y_SCALE"", ""PLOT_VALUES"", ""UNCERTAINTY_MARKS""]",independently_authored_synthetic_research_seed_unverified,embedded_criterion_definitions,
HDG-2026-P2-CAT-032,holdout,synthetic_corpus,hand_drawn_graph_corpus_2026_06_30,docs/research/hand_drawn_graph_corpus_2026_06_30/hand_drawn_graph_questions_2026_06_30.jsonl,v0.2-research-seed,categorical_comparison_supplied_uncertainty,,HDG-2026-P2-CAT-032__response-01.jpg,6,"[""REPRESENTATION_TYPE"", ""CATEGORY_IDENTITY"", ""Y_UNIT"", ""Y_SCALE"", ""PLOT_VALUES"", ""UNCERTAINTY_MARKS""]",independently_authored_synthetic_research_seed_unverified,embedded_criterion_definitions,
HDG-2026-P2-CAT-031,holdout,synthetic_corpus,hand_drawn_graph_corpus_2026_06_30,docs/research/hand_drawn_graph_corpus_2026_06_30/hand_drawn_graph_questions_2026_06_30.jsonl,v0.2-research-seed,categorical_comparison_supplied_uncertainty,,HDG-2026-P2-CAT-031__response-01.jpg,6,"[""REPRESENTATION_TYPE"", ""CATEGORY_IDENTITY"", ""Y_UNIT"", ""Y_SCALE"", ""PLOT_VALUES"", ""UNCERTAINTY_MARKS""]",independently_authored_synthetic_research_seed_unverified,embedded_criterion_definitions,
HDG-2026-P2-CAT-017,holdout,synthetic_corpus,hand_drawn_graph_corpus_2026_06_30,docs/research/hand_drawn_graph_corpus_2026_06_30/hand_drawn_graph_questions_2026_06_30.jsonl,v0.2-research-seed,categorical_comparison_supplied_uncertainty,,HDG-2026-P2-CAT-017__response-01.jpg,6,"[""REPRESENTATION_TYPE"", ""CATEGORY_IDENTITY"", ""Y_UNIT"", ""Y_SCALE"", ""PLOT_VALUES"", ""UNCERTAINTY_MARKS""]",independently_authored_synthetic_research_seed_unverified,embedded_criterion_definitions,
HDG-2026-P2-CAT-041,holdout,synthetic_corpus,hand_drawn_graph_corpus_2026_06_30,docs/research/hand_drawn_graph_corpus_2026_06_30/hand_drawn_graph_questions_2026_06_30.jsonl,v0.2-research-seed,categorical_comparison_supplied_uncertainty,,HDG-2026-P2-CAT-041__response-01.jpg,6,"[""REPRESENTATION_TYPE"", ""CATEGORY_IDENTITY"", ""Y_UNIT"", ""Y_SCALE"", ""PLOT_VALUES"", ""UNCERTAINTY_MARKS""]",independently_authored_synthetic_research_seed_unverified,embedded_criterion_definitions,
HDG-2026-P2-CAT-043,holdout,synthetic_corpus,hand_drawn_graph_corpus_2026_06_30,docs/research/hand_drawn_graph_corpus_2026_06_30/hand_drawn_graph_questions_2026_06_30.jsonl,v0.2-research-seed,categorical_comparison_supplied_uncertainty,,HDG-2026-P2-CAT-043__response-01.jpg,6,"[""REPRESENTATION_TYPE"", ""CATEGORY_IDENTITY"", ""Y_UNIT"", ""Y_SCALE"", ""PLOT_VALUES"", ""UNCERTAINTY_MARKS""]",independently_authored_synthetic_research_seed_unverified,embedded_criterion_definitions,
HDG-2026-P2-CAT-004,holdout,synthetic_corpus,hand_drawn_graph_corpus_2026_06_30,docs/research/hand_drawn_graph_corpus_2026_06_30/hand_drawn_graph_questions_2026_06_30.jsonl,v0.2-research-seed,categorical_comparison_supplied_uncertainty,,HDG-2026-P2-CAT-004__response-01.jpg,6,"[""REPRESENTATION_TYPE"", ""CATEGORY_IDENTITY"", ""Y_UNIT"", ""Y_SCALE"", ""PLOT_VALUES"", ""UNCERTAINTY_MARKS""]",independently_authored_synthetic_research_seed_unverified,embedded_criterion_definitions,
HDG-2026-P2-CAT-048,internal_challenge,synthetic_corpus,hand_drawn_graph_corpus_2026_06_30,docs/research/hand_drawn_graph_corpus_2026_06_30/hand_drawn_graph_questions_2026_06_30.jsonl,v0.2-research-seed,categorical_comparison_supplied_uncertainty,,HDG-2026-P2-CAT-048__response-01.jpg,6,"[""REPRESENTATION_TYPE"", ""CATEGORY_IDENTITY"", ""Y_UNIT"", ""Y_SCALE"", ""PLOT_VALUES"", ""UNCERTAINTY_MARKS""]",independently_authored_synthetic_research_seed_unverified,embedded_criterion_definitions,
HDG-2026-P2-CAT-001,internal_challenge,synthetic_corpus,hand_drawn_graph_corpus_2026_06_30,docs/research/hand_drawn_graph_corpus_2026_06_30/hand_drawn_graph_questions_2026_06_30.jsonl,v0.2-research-seed,categorical_comparison_supplied_uncertainty,,HDG-2026-P2-CAT-001__response-01.jpg,6,"[""REPRESENTATION_TYPE"", ""CATEGORY_IDENTITY"", ""Y_UNIT"", ""Y_SCALE"", ""PLOT_VALUES"", ""UNCERTAINTY_MARKS""]",independently_authored_synthetic_research_seed_unverified,embedded_criterion_definitions,
HDG-2026-P2-CAT-029,internal_challenge,synthetic_corpus,hand_drawn_graph_corpus_2026_06_30,docs/research/hand_drawn_graph_corpus_2026_06_30/hand_drawn_graph_questions_2026_06_30.jsonl,v0.2-research-seed,categorical_comparison_supplied_uncertainty,,HDG-2026-P2-CAT-029__response-01.jpg,6,"[""REPRESENTATION_TYPE"", ""CATEGORY_IDENTITY"", ""Y_UNIT"", ""Y_SCALE"", ""PLOT_VALUES"", ""UNCERTAINTY_MARKS""]",independently_authored_synthetic_research_seed_unverified,embedded_criterion_definitions,
HDG-2026-P2-CAT-049,internal_challenge,synthetic_corpus,hand_drawn_graph_corpus_2026_06_30,docs/research/hand_drawn_graph_corpus_2026_06_30/hand_drawn_graph_questions_2026_06_30.jsonl,v0.2-research-seed,categorical_comparison_supplied_uncertainty,,HDG-2026-P2-CAT-049__response-01.jpg,6,"[""REPRESENTATION_TYPE"", ""CATEGORY_IDENTITY"", ""Y_UNIT"", ""Y_SCALE"", ""PLOT_VALUES"", ""UNCERTAINTY_MARKS""]",independently_authored_synthetic_research_seed_unverified,embedded_criterion_definitions,
HDG-2026-P2-CAT-011,internal_challenge,synthetic_corpus,hand_drawn_graph_corpus_2026_06_30,docs/research/hand_drawn_graph_corpus_2026_06_30/hand_drawn_graph_questions_2026_06_30.jsonl,v0.2-research-seed,categorical_comparison_supplied_uncertainty,,HDG-2026-P2-CAT-011__response-01.jpg,6,"[""REPRESENTATION_TYPE"", ""CATEGORY_IDENTITY"", ""Y_UNIT"", ""Y_SCALE"", ""PLOT_VALUES"", ""UNCERTAINTY_MARKS""]",independently_authored_synthetic_research_seed_unverified,embedded_criterion_definitions,
HDG-2026-P2-CAT-045,internal_challenge,synthetic_corpus,hand_drawn_graph_corpus_2026_06_30,docs/research/hand_drawn_graph_corpus_2026_06_30/hand_drawn_graph_questions_2026_06_30.jsonl,v0.2-research-seed,categorical_comparison_supplied_uncertainty,,HDG-2026-P2-CAT-045__response-01.jpg,6,"[""REPRESENTATION_TYPE"", ""CATEGORY_IDENTITY"", ""Y_UNIT"", ""Y_SCALE"", ""PLOT_VALUES"", ""UNCERTAINTY_MARKS""]",independently_authored_synthetic_research_seed_unverified,embedded_criterion_definitions,
HDG-2026-P2-CAT-025,internal_challenge,synthetic_corpus,hand_drawn_graph_corpus_2026_06_30,docs/research/hand_drawn_graph_corpus_2026_06_30/hand_drawn_graph_questions_2026_06_30.jsonl,v0.2-research-seed,categorical_comparison_supplied_uncertainty,,HDG-2026-P2-CAT-025__response-01.jpg,6,"[""REPRESENTATION_TYPE"", ""CATEGORY_IDENTITY"", ""Y_UNIT"", ""Y_SCALE"", ""PLOT_VALUES"", ""UNCERTAINTY_MARKS""]",independently_authored_synthetic_research_seed_unverified,embedded_criterion_definitions,
HDG-2026-P2-CAT-005,internal_challenge,synthetic_corpus,hand_drawn_graph_corpus_2026_06_30,docs/research/hand_drawn_graph_corpus_2026_06_30/hand_drawn_graph_questions_2026_06_30.jsonl,v0.2-research-seed,categorical_comparison_supplied_uncertainty,,HDG-2026-P2-CAT-005__response-01.jpg,6,"[""REPRESENTATION_TYPE"", ""CATEGORY_IDENTITY"", ""Y_UNIT"", ""Y_SCALE"", ""PLOT_VALUES"", ""UNCERTAINTY_MARKS""]",independently_authored_synthetic_research_seed_unverified,embedded_criterion_definitions,
HDG-2026-P2-CAT-034,internal_challenge,synthetic_corpus,hand_drawn_graph_corpus_2026_06_30,docs/research/hand_drawn_graph_corpus_2026_06_30/hand_drawn_graph_questions_2026_06_30.jsonl,v0.2-research-seed,categorical_comparison_supplied_uncertainty,,HDG-2026-P2-CAT-034__response-01.jpg,6,"[""REPRESENTATION_TYPE"", ""CATEGORY_IDENTITY"", ""Y_UNIT"", ""Y_SCALE"", ""PLOT_VALUES"", ""UNCERTAINTY_MARKS""]",independently_authored_synthetic_research_seed_unverified,embedded_criterion_definitions,
HDG-2026-P2-CAT-028,internal_challenge,synthetic_corpus,hand_drawn_graph_corpus_2026_06_30,docs/research/hand_drawn_graph_corpus_2026_06_30/hand_drawn_graph_questions_2026_06_30.jsonl,v0.2-research-seed,categorical_comparison_supplied_uncertainty,,HDG-2026-P2-CAT-028__response-01.jpg,6,"[""REPRESENTATION_TYPE"", ""CATEGORY_IDENTITY"", ""Y_UNIT"", ""Y_SCALE"", ""PLOT_VALUES"", ""UNCERTAINTY_MARKS""]",independently_authored_synthetic_research_seed_unverified,embedded_criterion_definitions,
HDG-2026-P2-SER-029,dev,synthetic_corpus,hand_drawn_graph_corpus_2026_06_30,docs/research/hand_drawn_graph_corpus_2026_06_30/hand_drawn_graph_questions_2026_06_30.jsonl,v0.2-research-seed,continuous_measured_series_supplied_uncertainty,,HDG-2026-P2-SER-029__response-01.jpg,8,"[""REPRESENTATION_TYPE"", ""X_UNIT"", ""Y_UNIT"", ""X_SCALE"", ""Y_SCALE"", ""PLOT_VALUES"", ""POINT_CONNECTION"", ""UNCERTAINTY_MARKS""]",independently_authored_synthetic_research_seed_unverified,embedded_criterion_definitions,
HDG-2026-P2-SER-023,dev,synthetic_corpus,hand_drawn_graph_corpus_2026_06_30,docs/research/hand_drawn_graph_corpus_2026_06_30/hand_drawn_graph_questions_2026_06_30.jsonl,v0.2-research-seed,continuous_measured_series_supplied_uncertainty,,HDG-2026-P2-SER-023__response-01.jpg,8,"[""REPRESENTATION_TYPE"", ""X_UNIT"", ""Y_UNIT"", ""X_SCALE"", ""Y_SCALE"", ""PLOT_VALUES"", ""POINT_CONNECTION"", ""UNCERTAINTY_MARKS""]",independently_authored_synthetic_research_seed_unverified,embedded_criterion_definitions,
HDG-2026-P2-SER-032,dev,synthetic_corpus,hand_drawn_graph_corpus_2026_06_30,docs/research/hand_drawn_graph_corpus_2026_06_30/hand_drawn_graph_questions_2026_06_30.jsonl,v0.2-research-seed,continuous_measured_series_supplied_uncertainty,,HDG-2026-P2-SER-032__response-01.jpg,8,"[""REPRESENTATION_TYPE"", ""X_UNIT"", ""Y_UNIT"", ""X_SCALE"", ""Y_SCALE"", ""PLOT_VALUES"", ""POINT_CONNECTION"", ""UNCERTAINTY_MARKS""]",independently_authored_synthetic_research_seed_unverified,embedded_criterion_definitions,
HDG-2026-P2-SER-046,dev,synthetic_corpus,hand_drawn_graph_corpus_2026_06_30,docs/research/hand_drawn_graph_corpus_2026_06_30/hand_drawn_graph_questions_2026_06_30.jsonl,v0.2-research-seed,continuous_measured_series_supplied_uncertainty,,HDG-2026-P2-SER-046__response-01.jpg,8,"[""REPRESENTATION_TYPE"", ""X_UNIT"", ""Y_UNIT"", ""X_SCALE"", ""Y_SCALE"", ""PLOT_VALUES"", ""POINT_CONNECTION"", ""UNCERTAINTY_MARKS""]",independently_authored_synthetic_research_seed_unverified,embedded_criterion_definitions,
HDG-2026-P2-SER-024,dev,synthetic_corpus,hand_drawn_graph_corpus_2026_06_30,docs/research/hand_drawn_graph_corpus_2026_06_30/hand_drawn_graph_questions_2026_06_30.jsonl,v0.2-research-seed,continuous_measured_series_supplied_uncertainty,,HDG-2026-P2-SER-024__response-01.jpg,8,"[""REPRESENTATION_TYPE"", ""X_UNIT"", ""Y_UNIT"", ""X_SCALE"", ""Y_SCALE"", ""PLOT_VALUES"", ""POINT_CONNECTION"", ""UNCERTAINTY_MARKS""]",independently_authored_synthetic_research_seed_unverified,embedded_criterion_definitions,
HDG-2026-P2-SER-048,dev,synthetic_corpus,hand_drawn_graph_corpus_2026_06_30,docs/research/hand_drawn_graph_corpus_2026_06_30/hand_drawn_graph_questions_2026_06_30.jsonl,v0.2-research-seed,continuous_measured_series_supplied_uncertainty,,HDG-2026-P2-SER-048__response-01.jpg,8,"[""REPRESENTATION_TYPE"", ""X_UNIT"", ""Y_UNIT"", ""X_SCALE"", ""Y_SCALE"", ""PLOT_VALUES"", ""POINT_CONNECTION"", ""UNCERTAINTY_MARKS""]",independently_authored_synthetic_research_seed_unverified,embedded_criterion_definitions,
HDG-2026-P2-SER-033,dev,synthetic_corpus,hand_drawn_graph_corpus_2026_06_30,docs/research/hand_drawn_graph_corpus_2026_06_30/hand_drawn_graph_questions_2026_06_30.jsonl,v0.2-research-seed,continuous_measured_series_supplied_uncertainty,,HDG-2026-P2-SER-033__response-01.jpg,8,"[""REPRESENTATION_TYPE"", ""X_UNIT"", ""Y_UNIT"", ""X_SCALE"", ""Y_SCALE"", ""PLOT_VALUES"", ""POINT_CONNECTION"", ""UNCERTAINTY_MARKS""]",independently_authored_synthetic_research_seed_unverified,embedded_criterion_definitions,
HDG-2026-P2-SER-038,dev,synthetic_corpus,hand_drawn_graph_corpus_2026_06_30,docs/research/hand_drawn_graph_corpus_2026_06_30/hand_drawn_graph_questions_2026_06_30.jsonl,v0.2-research-seed,continuous_measured_series_supplied_uncertainty,,HDG-2026-P2-SER-038__response-01.jpg,8,"[""REPRESENTATION_TYPE"", ""X_UNIT"", ""Y_UNIT"", ""X_SCALE"", ""Y_SCALE"", ""PLOT_VALUES"", ""POINT_CONNECTION"", ""UNCERTAINTY_MARKS""]",independently_authored_synthetic_research_seed_unverified,embedded_criterion_definitions,
HDG-2026-P2-SER-049,dev,synthetic_corpus,hand_drawn_graph_corpus_2026_06_30,docs/research/hand_drawn_graph_corpus_2026_06_30/hand_drawn_graph_questions_2026_06_30.jsonl,v0.2-research-seed,continuous_measured_series_supplied_uncertainty,,HDG-2026-P2-SER-049__response-01.jpg,8,"[""REPRESENTATION_TYPE"", ""X_UNIT"", ""Y_UNIT"", ""X_SCALE"", ""Y_SCALE"", ""PLOT_VALUES"", ""POINT_CONNECTION"", ""UNCERTAINTY_MARKS""]",independently_authored_synthetic_research_seed_unverified,embedded_criterion_definitions,
HDG-2026-P2-SER-016,dev,synthetic_corpus,hand_drawn_graph_corpus_2026_06_30,docs/research/hand_drawn_graph_corpus_2026_06_30/hand_drawn_graph_questions_2026_06_30.jsonl,v0.2-research-seed,continuous_measured_series_supplied_uncertainty,,HDG-2026-P2-SER-016__response-01.jpg,8,"[""REPRESENTATION_TYPE"", ""X_UNIT"", ""Y_UNIT"", ""X_SCALE"", ""Y_SCALE"", ""PLOT_VALUES"", ""POINT_CONNECTION"", ""UNCERTAINTY_MARKS""]",independently_authored_synthetic_research_seed_unverified,embedded_criterion_definitions,
HDG-2026-P2-SER-034,dev,synthetic_corpus,hand_drawn_graph_corpus_2026_06_30,docs/research/hand_drawn_graph_corpus_2026_06_30/hand_drawn_graph_questions_2026_06_30.jsonl,v0.2-research-seed,continuous_measured_series_supplied_uncertainty,,HDG-2026-P2-SER-034__response-01.jpg,8,"[""REPRESENTATION_TYPE"", ""X_UNIT"", ""Y_UNIT"", ""X_SCALE"", ""Y_SCALE"", ""PLOT_VALUES"", ""POINT_CONNECTION"", ""UNCERTAINTY_MARKS""]",independently_authored_synthetic_research_seed_unverified,embedded_criterion_definitions,
HDG-2026-P2-SER-006,dev,synthetic_corpus,hand_drawn_graph_corpus_2026_06_30,docs/research/hand_drawn_graph_corpus_2026_06_30/hand_drawn_graph_questions_2026_06_30.jsonl,v0.2-research-seed,continuous_measured_series_supplied_uncertainty,,HDG-2026-P2-SER-006__response-01.jpg,8,"[""REPRESENTATION_TYPE"", ""X_UNIT"", ""Y_UNIT"", ""X_SCALE"", ""Y_SCALE"", ""PLOT_VALUES"", ""POINT_CONNECTION"", ""UNCERTAINTY_MARKS""]",independently_authored_synthetic_research_seed_unverified,embedded_criterion_definitions,
HDG-2026-P2-SER-026,dev,synthetic_corpus,hand_drawn_graph_corpus_2026_06_30,docs/research/hand_drawn_graph_corpus_2026_06_30/hand_drawn_graph_questions_2026_06_30.jsonl,v0.2-research-seed,continuous_measured_series_supplied_uncertainty,,HDG-2026-P2-SER-026__response-01.jpg,8,"[""REPRESENTATION_TYPE"", ""X_UNIT"", ""Y_UNIT"", ""X_SCALE"", ""Y_SCALE"", ""PLOT_VALUES"", ""POINT_CONNECTION"", ""UNCERTAINTY_MARKS""]",independently_authored_synthetic_research_seed_unverified,embedded_criterion_definitions,
HDG-2026-P2-SER-047,dev,synthetic_corpus,hand_drawn_graph_corpus_2026_06_30,docs/research/hand_drawn_graph_corpus_2026_06_30/hand_drawn_graph_questions_2026_06_30.jsonl,v0.2-research-seed,continuous_measured_series_supplied_uncertainty,,HDG-2026-P2-SER-047__response-01.jpg,8,"[""REPRESENTATION_TYPE"", ""X_UNIT"", ""Y_UNIT"", ""X_SCALE"", ""Y_SCALE"", ""PLOT_VALUES"", ""POINT_CONNECTION"", ""UNCERTAINTY_MARKS""]",independently_authored_synthetic_research_seed_unverified,embedded_criterion_definitions,
HDG-2026-P2-SER-028,dev,synthetic_corpus,hand_drawn_graph_corpus_2026_06_30,docs/research/hand_drawn_graph_corpus_2026_06_30/hand_drawn_graph_questions_2026_06_30.jsonl,v0.2-research-seed,continuous_measured_series_supplied_uncertainty,,HDG-2026-P2-SER-028__response-01.jpg,8,"[""REPRESENTATION_TYPE"", ""X_UNIT"", ""Y_UNIT"", ""X_SCALE"", ""Y_SCALE"", ""PLOT_VALUES"", ""POINT_CONNECTION"", ""UNCERTAINTY_MARKS""]",independently_authored_synthetic_research_seed_unverified,embedded_criterion_definitions,
HDG-2026-P2-SER-008,dev,synthetic_corpus,hand_drawn_graph_corpus_2026_06_30,docs/research/hand_drawn_graph_corpus_2026_06_30/hand_drawn_graph_questions_2026_06_30.jsonl,v0.2-research-seed,continuous_measured_series_supplied_uncertainty,,HDG-2026-P2-SER-008__response-01.jpg,8,"[""REPRESENTATION_TYPE"", ""X_UNIT"", ""Y_UNIT"", ""X_SCALE"", ""Y_SCALE"", ""PLOT_VALUES"", ""POINT_CONNECTION"", ""UNCERTAINTY_MARKS""]",independently_authored_synthetic_research_seed_unverified,embedded_criterion_definitions,
HDG-2026-P2-SER-036,dev,synthetic_corpus,hand_drawn_graph_corpus_2026_06_30,docs/research/hand_drawn_graph_corpus_2026_06_30/hand_drawn_graph_questions_2026_06_30.jsonl,v0.2-research-seed,continuous_measured_series_supplied_uncertainty,,HDG-2026-P2-SER-036__response-01.jpg,8,"[""REPRESENTATION_TYPE"", ""X_UNIT"", ""Y_UNIT"", ""X_SCALE"", ""Y_SCALE"", ""PLOT_VALUES"", ""POINT_CONNECTION"", ""UNCERTAINTY_MARKS""]",independently_authored_synthetic_research_seed_unverified,embedded_criterion_definitions,
HDG-2026-P2-SER-003,dev,synthetic_corpus,hand_drawn_graph_corpus_2026_06_30,docs/research/hand_drawn_graph_corpus_2026_06_30/hand_drawn_graph_questions_2026_06_30.jsonl,v0.2-research-seed,continuous_measured_series_supplied_uncertainty,,HDG-2026-P2-SER-003__response-01.jpg,8,"[""REPRESENTATION_TYPE"", ""X_UNIT"", ""Y_UNIT"", ""X_SCALE"", ""Y_SCALE"", ""PLOT_VALUES"", ""POINT_CONNECTION"", ""UNCERTAINTY_MARKS""]",independently_authored_synthetic_research_seed_unverified,embedded_criterion_definitions,
HDG-2026-P2-SER-018,dev,synthetic_corpus,hand_drawn_graph_corpus_2026_06_30,docs/research/hand_drawn_graph_corpus_2026_06_30/hand_drawn_graph_questions_2026_06_30.jsonl,v0.2-research-seed,continuous_measured_series_supplied_uncertainty,,HDG-2026-P2-SER-018__response-01.jpg,8,"[""REPRESENTATION_TYPE"", ""X_UNIT"", ""Y_UNIT"", ""X_SCALE"", ""Y_SCALE"", ""PLOT_VALUES"", ""POINT_CONNECTION"", ""UNCERTAINTY_MARKS""]",independently_authored_synthetic_research_seed_unverified,embedded_criterion_definitions,
HDG-2026-P2-SER-014,dev,synthetic_corpus,hand_drawn_graph_corpus_2026_06_30,docs/research/hand_drawn_graph_corpus_2026_06_30/hand_drawn_graph_questions_2026_06_30.jsonl,v0.2-research-seed,continuous_measured_series_supplied_uncertainty,,HDG-2026-P2-SER-014__response-01.jpg,8,"[""REPRESENTATION_TYPE"", ""X_UNIT"", ""Y_UNIT"", ""X_SCALE"", ""Y_SCALE"", ""PLOT_VALUES"", ""POINT_CONNECTION"", ""UNCERTAINTY_MARKS""]",independently_authored_synthetic_research_seed_unverified,embedded_criterion_definitions,
HDG-2026-P2-SER-041,calibration,synthetic_corpus,hand_drawn_graph_corpus_2026_06_30,docs/research/hand_drawn_graph_corpus_2026_06_30/hand_drawn_graph_questions_2026_06_30.jsonl,v0.2-research-seed,continuous_measured_series_supplied_uncertainty,,HDG-2026-P2-SER-041__response-01.jpg,8,"[""REPRESENTATION_TYPE"", ""X_UNIT"", ""Y_UNIT"", ""X_SCALE"", ""Y_SCALE"", ""PLOT_VALUES"", ""POINT_CONNECTION"", ""UNCERTAINTY_MARKS""]",independently_authored_synthetic_research_seed_unverified,embedded_criterion_definitions,
HDG-2026-P2-SER-019,calibration,synthetic_corpus,hand_drawn_graph_corpus_2026_06_30,docs/research/hand_drawn_graph_corpus_2026_06_30/hand_drawn_graph_questions_2026_06_30.jsonl,v0.2-research-seed,continuous_measured_series_supplied_uncertainty,,HDG-2026-P2-SER-019__response-01.jpg,8,"[""REPRESENTATION_TYPE"", ""X_UNIT"", ""Y_UNIT"", ""X_SCALE"", ""Y_SCALE"", ""PLOT_VALUES"", ""POINT_CONNECTION"", ""UNCERTAINTY_MARKS""]",independently_authored_synthetic_research_seed_unverified,embedded_criterion_definitions,
HDG-2026-P2-SER-005,calibration,synthetic_corpus,hand_drawn_graph_corpus_2026_06_30,docs/research/hand_drawn_graph_corpus_2026_06_30/hand_drawn_graph_questions_2026_06_30.jsonl,v0.2-research-seed,continuous_measured_series_supplied_uncertainty,,HDG-2026-P2-SER-005__response-01.jpg,8,"[""REPRESENTATION_TYPE"", ""X_UNIT"", ""Y_UNIT"", ""X_SCALE"", ""Y_SCALE"", ""PLOT_VALUES"", ""POINT_CONNECTION"", ""UNCERTAINTY_MARKS""]",independently_authored_synthetic_research_seed_unverified,embedded_criterion_definitions,
HDG-2026-P2-SER-042,calibration,synthetic_corpus,hand_drawn_graph_corpus_2026_06_30,docs/research/hand_drawn_graph_corpus_2026_06_30/hand_drawn_graph_questions_2026_06_30.jsonl,v0.2-research-seed,continuous_measured_series_supplied_uncertainty,,HDG-2026-P2-SER-042__response-01.jpg,8,"[""REPRESENTATION_TYPE"", ""X_UNIT"", ""Y_UNIT"", ""X_SCALE"", ""Y_SCALE"", ""PLOT_VALUES"", ""POINT_CONNECTION"", ""UNCERTAINTY_MARKS""]",independently_authored_synthetic_research_seed_unverified,embedded_criterion_definitions,
HDG-2026-P2-SER-015,calibration,synthetic_corpus,hand_drawn_graph_corpus_2026_06_30,docs/research/hand_drawn_graph_corpus_2026_06_30/hand_drawn_graph_questions_2026_06_30.jsonl,v0.2-research-seed,continuous_measured_series_supplied_uncertainty,,HDG-2026-P2-SER-015__response-01.jpg,8,"[""REPRESENTATION_TYPE"", ""X_UNIT"", ""Y_UNIT"", ""X_SCALE"", ""Y_SCALE"", ""PLOT_VALUES"", ""POINT_CONNECTION"", ""UNCERTAINTY_MARKS""]",independently_authored_synthetic_research_seed_unverified,embedded_criterion_definitions,
HDG-2026-P2-SER-030,calibration,synthetic_corpus,hand_drawn_graph_corpus_2026_06_30,docs/research/hand_drawn_graph_corpus_2026_06_30/hand_drawn_graph_questions_2026_06_30.jsonl,v0.2-research-seed,continuous_measured_series_supplied_uncertainty,,HDG-2026-P2-SER-030__response-01.jpg,8,"[""REPRESENTATION_TYPE"", ""X_UNIT"", ""Y_UNIT"", ""X_SCALE"", ""Y_SCALE"", ""PLOT_VALUES"", ""POINT_CONNECTION"", ""UNCERTAINTY_MARKS""]",independently_authored_synthetic_research_seed_unverified,embedded_criterion_definitions,
HDG-2026-P2-SER-021,calibration,synthetic_corpus,hand_drawn_graph_corpus_2026_06_30,docs/research/hand_drawn_graph_corpus_2026_06_30/hand_drawn_graph_questions_2026_06_30.jsonl,v0.2-research-seed,continuous_measured_series_supplied_uncertainty,,HDG-2026-P2-SER-021__response-01.jpg,8,"[""REPRESENTATION_TYPE"", ""X_UNIT"", ""Y_UNIT"", ""X_SCALE"", ""Y_SCALE"", ""PLOT_VALUES"", ""POINT_CONNECTION"", ""UNCERTAINTY_MARKS""]",independently_authored_synthetic_research_seed_unverified,embedded_criterion_definitions,
HDG-2026-P2-SER-031,calibration,synthetic_corpus,hand_drawn_graph_corpus_2026_06_30,docs/research/hand_drawn_graph_corpus_2026_06_30/hand_drawn_graph_questions_2026_06_30.jsonl,v0.2-research-seed,continuous_measured_series_supplied_uncertainty,,HDG-2026-P2-SER-031__response-01.jpg,8,"[""REPRESENTATION_TYPE"", ""X_UNIT"", ""Y_UNIT"", ""X_SCALE"", ""Y_SCALE"", ""PLOT_VALUES"", ""POINT_CONNECTION"", ""UNCERTAINTY_MARKS""]",independently_authored_synthetic_research_seed_unverified,embedded_criterion_definitions,
HDG-2026-P2-SER-040,calibration,synthetic_corpus,hand_drawn_graph_corpus_2026_06_30,docs/research/hand_drawn_graph_corpus_2026_06_30/hand_drawn_graph_questions_2026_06_30.jsonl,v0.2-research-seed,continuous_measured_series_supplied_uncertainty,,HDG-2026-P2-SER-040__response-01.jpg,8,"[""REPRESENTATION_TYPE"", ""X_UNIT"", ""Y_UNIT"", ""X_SCALE"", ""Y_SCALE"", ""PLOT_VALUES"", ""POINT_CONNECTION"", ""UNCERTAINTY_MARKS""]",independently_authored_synthetic_research_seed_unverified,embedded_criterion_definitions,
HDG-2026-P2-SER-020,calibration,synthetic_corpus,hand_drawn_graph_corpus_2026_06_30,docs/research/hand_drawn_graph_corpus_2026_06_30/hand_drawn_graph_questions_2026_06_30.jsonl,v0.2-research-seed,continuous_measured_series_supplied_uncertainty,,HDG-2026-P2-SER-020__response-01.jpg,8,"[""REPRESENTATION_TYPE"", ""X_UNIT"", ""Y_UNIT"", ""X_SCALE"", ""Y_SCALE"", ""PLOT_VALUES"", ""POINT_CONNECTION"", ""UNCERTAINTY_MARKS""]",independently_authored_synthetic_research_seed_unverified,embedded_criterion_definitions,
HDG-2026-P2-SER-025,holdout,synthetic_corpus,hand_drawn_graph_corpus_2026_06_30,docs/research/hand_drawn_graph_corpus_2026_06_30/hand_drawn_graph_questions_2026_06_30.jsonl,v0.2-research-seed,continuous_measured_series_supplied_uncertainty,,HDG-2026-P2-SER-025__response-01.jpg,8,"[""REPRESENTATION_TYPE"", ""X_UNIT"", ""Y_UNIT"", ""X_SCALE"", ""Y_SCALE"", ""PLOT_VALUES"", ""POINT_CONNECTION"", ""UNCERTAINTY_MARKS""]",independently_authored_synthetic_research_seed_unverified,embedded_criterion_definitions,
HDG-2026-P2-SER-027,holdout,synthetic_corpus,hand_drawn_graph_corpus_2026_06_30,docs/research/hand_drawn_graph_corpus_2026_06_30/hand_drawn_graph_questions_2026_06_30.jsonl,v0.2-research-seed,continuous_measured_series_supplied_uncertainty,,HDG-2026-P2-SER-027__response-01.jpg,8,"[""REPRESENTATION_TYPE"", ""X_UNIT"", ""Y_UNIT"", ""X_SCALE"", ""Y_SCALE"", ""PLOT_VALUES"", ""POINT_CONNECTION"", ""UNCERTAINTY_MARKS""]",independently_authored_synthetic_research_seed_unverified,embedded_criterion_definitions,
HDG-2026-P2-SER-037,holdout,synthetic_corpus,hand_drawn_graph_corpus_2026_06_30,docs/research/hand_drawn_graph_corpus_2026_06_30/hand_drawn_graph_questions_2026_06_30.jsonl,v0.2-research-seed,continuous_measured_series_supplied_uncertainty,,HDG-2026-P2-SER-037__response-01.jpg,8,"[""REPRESENTATION_TYPE"", ""X_UNIT"", ""Y_UNIT"", ""X_SCALE"", ""Y_SCALE"", ""PLOT_VALUES"", ""POINT_CONNECTION"", ""UNCERTAINTY_MARKS""]",independently_authored_synthetic_research_seed_unverified,embedded_criterion_definitions,
HDG-2026-P2-SER-012,holdout,synthetic_corpus,hand_drawn_graph_corpus_2026_06_30,docs/research/hand_drawn_graph_corpus_2026_06_30/hand_drawn_graph_questions_2026_06_30.jsonl,v0.2-research-seed,continuous_measured_series_supplied_uncertainty,,HDG-2026-P2-SER-012__response-01.jpg,8,"[""REPRESENTATION_TYPE"", ""X_UNIT"", ""Y_UNIT"", ""X_SCALE"", ""Y_SCALE"", ""PLOT_VALUES"", ""POINT_CONNECTION"", ""UNCERTAINTY_MARKS""]",independently_authored_synthetic_research_seed_unverified,embedded_criterion_definitions,
HDG-2026-P2-SER-009,holdout,synthetic_corpus,hand_drawn_graph_corpus_2026_06_30,docs/research/hand_drawn_graph_corpus_2026_06_30/hand_drawn_graph_questions_2026_06_30.jsonl,v0.2-research-seed,continuous_measured_series_supplied_uncertainty,,HDG-2026-P2-SER-009__response-01.jpg,8,"[""REPRESENTATION_TYPE"", ""X_UNIT"", ""Y_UNIT"", ""X_SCALE"", ""Y_SCALE"", ""PLOT_VALUES"", ""POINT_CONNECTION"", ""UNCERTAINTY_MARKS""]",independently_authored_synthetic_research_seed_unverified,embedded_criterion_definitions,
HDG-2026-P2-SER-010,holdout,synthetic_corpus,hand_drawn_graph_corpus_2026_06_30,docs/research/hand_drawn_graph_corpus_2026_06_30/hand_drawn_graph_questions_2026_06_30.jsonl,v0.2-research-seed,continuous_measured_series_supplied_uncertainty,,HDG-2026-P2-SER-010__response-01.jpg,8,"[""REPRESENTATION_TYPE"", ""X_UNIT"", ""Y_UNIT"", ""X_SCALE"", ""Y_SCALE"", ""PLOT_VALUES"", ""POINT_CONNECTION"", ""UNCERTAINTY_MARKS""]",independently_authored_synthetic_research_seed_unverified,embedded_criterion_definitions,
HDG-2026-P2-SER-002,holdout,synthetic_corpus,hand_drawn_graph_corpus_2026_06_30,docs/research/hand_drawn_graph_corpus_2026_06_30/hand_drawn_graph_questions_2026_06_30.jsonl,v0.2-research-seed,continuous_measured_series_supplied_uncertainty,,HDG-2026-P2-SER-002__response-01.jpg,8,"[""REPRESENTATION_TYPE"", ""X_UNIT"", ""Y_UNIT"", ""X_SCALE"", ""Y_SCALE"", ""PLOT_VALUES"", ""POINT_CONNECTION"", ""UNCERTAINTY_MARKS""]",independently_authored_synthetic_research_seed_unverified,embedded_criterion_definitions,
HDG-2026-P2-SER-022,holdout,synthetic_corpus,hand_drawn_graph_corpus_2026_06_30,docs/research/hand_drawn_graph_corpus_2026_06_30/hand_drawn_graph_questions_2026_06_30.jsonl,v0.2-research-seed,continuous_measured_series_supplied_uncertainty,,HDG-2026-P2-SER-022__response-01.jpg,8,"[""REPRESENTATION_TYPE"", ""X_UNIT"", ""Y_UNIT"", ""X_SCALE"", ""Y_SCALE"", ""PLOT_VALUES"", ""POINT_CONNECTION"", ""UNCERTAINTY_MARKS""]",independently_authored_synthetic_research_seed_unverified,embedded_criterion_definitions,
HDG-2026-P2-SER-011,holdout,synthetic_corpus,hand_drawn_graph_corpus_2026_06_30,docs/research/hand_drawn_graph_corpus_2026_06_30/hand_drawn_graph_questions_2026_06_30.jsonl,v0.2-research-seed,continuous_measured_series_supplied_uncertainty,,HDG-2026-P2-SER-011__response-01.jpg,8,"[""REPRESENTATION_TYPE"", ""X_UNIT"", ""Y_UNIT"", ""X_SCALE"", ""Y_SCALE"", ""PLOT_VALUES"", ""POINT_CONNECTION"", ""UNCERTAINTY_MARKS""]",independently_authored_synthetic_research_seed_unverified,embedded_criterion_definitions,
HDG-2026-P2-SER-044,holdout,synthetic_corpus,hand_drawn_graph_corpus_2026_06_30,docs/research/hand_drawn_graph_corpus_2026_06_30/hand_drawn_graph_questions_2026_06_30.jsonl,v0.2-research-seed,continuous_measured_series_supplied_uncertainty,,HDG-2026-P2-SER-044__response-01.jpg,8,"[""REPRESENTATION_TYPE"", ""X_UNIT"", ""Y_UNIT"", ""X_SCALE"", ""Y_SCALE"", ""PLOT_VALUES"", ""POINT_CONNECTION"", ""UNCERTAINTY_MARKS""]",independently_authored_synthetic_research_seed_unverified,embedded_criterion_definitions,
HDG-2026-P2-SER-004,internal_challenge,synthetic_corpus,hand_drawn_graph_corpus_2026_06_30,docs/research/hand_drawn_graph_corpus_2026_06_30/hand_drawn_graph_questions_2026_06_30.jsonl,v0.2-research-seed,continuous_measured_series_supplied_uncertainty,,HDG-2026-P2-SER-004__response-01.jpg,8,"[""REPRESENTATION_TYPE"", ""X_UNIT"", ""Y_UNIT"", ""X_SCALE"", ""Y_SCALE"", ""PLOT_VALUES"", ""POINT_CONNECTION"", ""UNCERTAINTY_MARKS""]",independently_authored_synthetic_research_seed_unverified,embedded_criterion_definitions,
HDG-2026-P2-SER-045,internal_challenge,synthetic_corpus,hand_drawn_graph_corpus_2026_06_30,docs/research/hand_drawn_graph_corpus_2026_06_30/hand_drawn_graph_questions_2026_06_30.jsonl,v0.2-research-seed,continuous_measured_series_supplied_uncertainty,,HDG-2026-P2-SER-045__response-01.jpg,8,"[""REPRESENTATION_TYPE"", ""X_UNIT"", ""Y_UNIT"", ""X_SCALE"", ""Y_SCALE"", ""PLOT_VALUES"", ""POINT_CONNECTION"", ""UNCERTAINTY_MARKS""]",independently_authored_synthetic_research_seed_unverified,embedded_criterion_definitions,
HDG-2026-P2-SER-043,internal_challenge,synthetic_corpus,hand_drawn_graph_corpus_2026_06_30,docs/research/hand_drawn_graph_corpus_2026_06_30/hand_drawn_graph_questions_2026_06_30.jsonl,v0.2-research-seed,continuous_measured_series_supplied_uncertainty,,HDG-2026-P2-SER-043__response-01.jpg,8,"[""REPRESENTATION_TYPE"", ""X_UNIT"", ""Y_UNIT"", ""X_SCALE"", ""Y_SCALE"", ""PLOT_VALUES"", ""POINT_CONNECTION"", ""UNCERTAINTY_MARKS""]",independently_authored_synthetic_research_seed_unverified,embedded_criterion_definitions,
HDG-2026-P2-SER-007,internal_challenge,synthetic_corpus,hand_drawn_graph_corpus_2026_06_30,docs/research/hand_drawn_graph_corpus_2026_06_30/hand_drawn_graph_questions_2026_06_30.jsonl,v0.2-research-seed,continuous_measured_series_supplied_uncertainty,,HDG-2026-P2-SER-007__response-01.jpg,8,"[""REPRESENTATION_TYPE"", ""X_UNIT"", ""Y_UNIT"", ""X_SCALE"", ""Y_SCALE"", ""PLOT_VALUES"", ""POINT_CONNECTION"", ""UNCERTAINTY_MARKS""]",independently_authored_synthetic_research_seed_unverified,embedded_criterion_definitions,
HDG-2026-P2-SER-013,internal_challenge,synthetic_corpus,hand_drawn_graph_corpus_2026_06_30,docs/research/hand_drawn_graph_corpus_2026_06_30/hand_drawn_graph_questions_2026_06_30.jsonl,v0.2-research-seed,continuous_measured_series_supplied_uncertainty,,HDG-2026-P2-SER-013__response-01.jpg,8,"[""REPRESENTATION_TYPE"", ""X_UNIT"", ""Y_UNIT"", ""X_SCALE"", ""Y_SCALE"", ""PLOT_VALUES"", ""POINT_CONNECTION"", ""UNCERTAINTY_MARKS""]",independently_authored_synthetic_research_seed_unverified,embedded_criterion_definitions,
HDG-2026-P2-SER-039,internal_challenge,synthetic_corpus,hand_drawn_graph_corpus_2026_06_30,docs/research/hand_drawn_graph_corpus_2026_06_30/hand_drawn_graph_questions_2026_06_30.jsonl,v0.2-research-seed,continuous_measured_series_supplied_uncertainty,,HDG-2026-P2-SER-039__response-01.jpg,8,"[""REPRESENTATION_TYPE"", ""X_UNIT"", ""Y_UNIT"", ""X_SCALE"", ""Y_SCALE"", ""PLOT_VALUES"", ""POINT_CONNECTION"", ""UNCERTAINTY_MARKS""]",independently_authored_synthetic_research_seed_unverified,embedded_criterion_definitions,
HDG-2026-P2-SER-050,internal_challenge,synthetic_corpus,hand_drawn_graph_corpus_2026_06_30,docs/research/hand_drawn_graph_corpus_2026_06_30/hand_drawn_graph_questions_2026_06_30.jsonl,v0.2-research-seed,continuous_measured_series_supplied_uncertainty,,HDG-2026-P2-SER-050__response-01.jpg,8,"[""REPRESENTATION_TYPE"", ""X_UNIT"", ""Y_UNIT"", ""X_SCALE"", ""Y_SCALE"", ""PLOT_VALUES"", ""POINT_CONNECTION"", ""UNCERTAINTY_MARKS""]",independently_authored_synthetic_research_seed_unverified,embedded_criterion_definitions,
HDG-2026-P2-SER-001,internal_challenge,synthetic_corpus,hand_drawn_graph_corpus_2026_06_30,docs/research/hand_drawn_graph_corpus_2026_06_30/hand_drawn_graph_questions_2026_06_30.jsonl,v0.2-research-seed,continuous_measured_series_supplied_uncertainty,,HDG-2026-P2-SER-001__response-01.jpg,8,"[""REPRESENTATION_TYPE"", ""X_UNIT"", ""Y_UNIT"", ""X_SCALE"", ""Y_SCALE"", ""PLOT_VALUES"", ""POINT_CONNECTION"", ""UNCERTAINTY_MARKS""]",independently_authored_synthetic_research_seed_unverified,embedded_criterion_definitions,
HDG-2026-P2-SER-017,internal_challenge,synthetic_corpus,hand_drawn_graph_corpus_2026_06_30,docs/research/hand_drawn_graph_corpus_2026_06_30/hand_drawn_graph_questions_2026_06_30.jsonl,v0.2-research-seed,continuous_measured_series_supplied_uncertainty,,HDG-2026-P2-SER-017__response-01.jpg,8,"[""REPRESENTATION_TYPE"", ""X_UNIT"", ""Y_UNIT"", ""X_SCALE"", ""Y_SCALE"", ""PLOT_VALUES"", ""POINT_CONNECTION"", ""UNCERTAINTY_MARKS""]",independently_authored_synthetic_research_seed_unverified,embedded_criterion_definitions,
HDG-2026-P2-SER-035,internal_challenge,synthetic_corpus,hand_drawn_graph_corpus_2026_06_30,docs/research/hand_drawn_graph_corpus_2026_06_30/hand_drawn_graph_questions_2026_06_30.jsonl,v0.2-research-seed,continuous_measured_series_supplied_uncertainty,,HDG-2026-P2-SER-035__response-01.jpg,8,"[""REPRESENTATION_TYPE"", ""X_UNIT"", ""Y_UNIT"", ""X_SCALE"", ""Y_SCALE"", ""PLOT_VALUES"", ""POINT_CONNECTION"", ""UNCERTAINTY_MARKS""]",independently_authored_synthetic_research_seed_unverified,embedded_criterion_definitions,
HDG-2026-P2-EST-041,dev,synthetic_corpus,hand_drawn_graph_corpus_2026_06_30,docs/research/hand_drawn_graph_corpus_2026_06_30/hand_drawn_graph_questions_2026_06_30.jsonl,v0.2-research-seed,continuous_relationship_graph_derived_estimate,plateau_estimate,HDG-2026-P2-EST-041__response-01.jpg,9,"[""REPRESENTATION_TYPE"", ""X_UNIT"", ""Y_UNIT"", ""X_SCALE"", ""Y_SCALE"", ""PLOT_VALUES"", ""BEST_FIT_RELATIONSHIP"", ""PLATEAU_ANNOTATION"", ""ESTIMATE_VALUE""]",independently_authored_synthetic_research_seed_unverified,embedded_criterion_definitions,
HDG-2026-P2-EST-005,dev,synthetic_corpus,hand_drawn_graph_corpus_2026_06_30,docs/research/hand_drawn_graph_corpus_2026_06_30/hand_drawn_graph_questions_2026_06_30.jsonl,v0.2-research-seed,continuous_relationship_graph_derived_estimate,zero_intercept_estimate,HDG-2026-P2-EST-005__response-01.jpg,9,"[""REPRESENTATION_TYPE"", ""X_UNIT"", ""Y_UNIT"", ""X_SCALE"", ""Y_SCALE"", ""PLOT_VALUES"", ""BEST_FIT_RELATIONSHIP"", ""ZERO_INTERCEPT_ANNOTATION"", ""ESTIMATE_VALUE""]",independently_authored_synthetic_research_seed_unverified,embedded_criterion_definitions,
HDG-2026-P2-EST-020,dev,synthetic_corpus,hand_drawn_graph_corpus_2026_06_30,docs/research/hand_drawn_graph_corpus_2026_06_30/hand_drawn_graph_questions_2026_06_30.jsonl,v0.2-research-seed,continuous_relationship_graph_derived_estimate,zero_intercept_estimate,HDG-2026-P2-EST-020__response-01.jpg,9,"[""REPRESENTATION_TYPE"", ""X_UNIT"", ""Y_UNIT"", ""X_SCALE"", ""Y_SCALE"", ""PLOT_VALUES"", ""BEST_FIT_RELATIONSHIP"", ""ZERO_INTERCEPT_ANNOTATION"", ""ESTIMATE_VALUE""]",independently_authored_synthetic_research_seed_unverified,embedded_criterion_definitions,
HDG-2026-P2-EST-035,dev,synthetic_corpus,hand_drawn_graph_corpus_2026_06_30,docs/research/hand_drawn_graph_corpus_2026_06_30/hand_drawn_graph_questions_2026_06_30.jsonl,v0.2-research-seed,continuous_relationship_graph_derived_estimate,plateau_estimate,HDG-2026-P2-EST-035__response-01.jpg,9,"[""REPRESENTATION_TYPE"", ""X_UNIT"", ""Y_UNIT"", ""X_SCALE"", ""Y_SCALE"", ""PLOT_VALUES"", ""BEST_FIT_RELATIONSHIP"", ""PLATEAU_ANNOTATION"", ""ESTIMATE_VALUE""]",independently_authored_synthetic_research_seed_unverified,embedded_criterion_definitions,
HDG-2026-P2-EST-042,dev,synthetic_corpus,hand_drawn_graph_corpus_2026_06_30,docs/research/hand_drawn_graph_corpus_2026_06_30/hand_drawn_graph_questions_2026_06_30.jsonl,v0.2-research-seed,continuous_relationship_graph_derived_estimate,plateau_estimate,HDG-2026-P2-EST-042__response-01.jpg,9,"[""REPRESENTATION_TYPE"", ""X_UNIT"", ""Y_UNIT"", ""X_SCALE"", ""Y_SCALE"", ""PLOT_VALUES"", ""BEST_FIT_RELATIONSHIP"", ""PLATEAU_ANNOTATION"", ""ESTIMATE_VALUE""]",independently_authored_synthetic_research_seed_unverified,embedded_criterion_definitions,
HDG-2026-P2-EST-011,dev,synthetic_corpus,hand_drawn_graph_corpus_2026_06_30,docs/research/hand_drawn_graph_corpus_2026_06_30/hand_drawn_graph_questions_2026_06_30.jsonl,v0.2-research-seed,continuous_relationship_graph_derived_estimate,zero_intercept_estimate,HDG-2026-P2-EST-011__response-01.jpg,9,"[""REPRESENTATION_TYPE"", ""X_UNIT"", ""Y_UNIT"", ""X_SCALE"", ""Y_SCALE"", ""PLOT_VALUES"", ""BEST_FIT_RELATIONSHIP"", ""ZERO_INTERCEPT_ANNOTATION"", ""ESTIMATE_VALUE""]",independently_authored_synthetic_research_seed_unverified,embedded_criterion_definitions,
HDG-2026-P2-EST-025,dev,synthetic_corpus,hand_drawn_graph_corpus_2026_06_30,docs/research/hand_drawn_graph_corpus_2026_06_30/hand_drawn_graph_questions_2026_06_30.jsonl,v0.2-research-seed,continuous_relationship_graph_derived_estimate,zero_intercept_estimate,HDG-2026-P2-EST-025__response-01.jpg,9,"[""REPRESENTATION_TYPE"", ""X_UNIT"", ""Y_UNIT"", ""X_SCALE"", ""Y_SCALE"", ""PLOT_VALUES"", ""BEST_FIT_RELATIONSHIP"", ""ZERO_INTERCEPT_ANNOTATION"", ""ESTIMATE_VALUE""]",independently_authored_synthetic_research_seed_unverified,embedded_criterion_definitions,
HDG-2026-P2-EST-004,dev,synthetic_corpus,hand_drawn_graph_corpus_2026_06_30,docs/research/hand_drawn_graph_corpus_2026_06_30/hand_drawn_graph_questions_2026_06_30.jsonl,v0.2-research-seed,continuous_relationship_graph_derived_estimate,zero_intercept_estimate,HDG-2026-P2-EST-004__response-01.jpg,9,"[""REPRESENTATION_TYPE"", ""X_UNIT"", ""Y_UNIT"", ""X_SCALE"", ""Y_SCALE"", ""PLOT_VALUES"", ""BEST_FIT_RELATIONSHIP"", ""ZERO_INTERCEPT_ANNOTATION"", ""ESTIMATE_VALUE""]",independently_authored_synthetic_research_seed_unverified,embedded_criterion_definitions,
HDG-2026-P2-EST-023,dev,synthetic_corpus,hand_drawn_graph_corpus_2026_06_30,docs/research/hand_drawn_graph_corpus_2026_06_30/hand_drawn_graph_questions_2026_06_30.jsonl,v0.2-research-seed,continuous_relationship_graph_derived_estimate,zero_intercept_estimate,HDG-2026-P2-EST-023__response-01.jpg,9,"[""REPRESENTATION_TYPE"", ""X_UNIT"", ""Y_UNIT"", ""X_SCALE"", ""Y_SCALE"", ""PLOT_VALUES"", ""BEST_FIT_RELATIONSHIP"", ""ZERO_INTERCEPT_ANNOTATION"", ""ESTIMATE_VALUE""]",independently_authored_synthetic_research_seed_unverified,embedded_criterion_definitions,
HDG-2026-P2-EST-050,dev,synthetic_corpus,hand_drawn_graph_corpus_2026_06_30,docs/research/hand_drawn_graph_corpus_2026_06_30/hand_drawn_graph_questions_2026_06_30.jsonl,v0.2-research-seed,continuous_relationship_graph_derived_estimate,plateau_estimate,HDG-2026-P2-EST-050__response-01.jpg,9,"[""REPRESENTATION_TYPE"", ""X_UNIT"", ""Y_UNIT"", ""X_SCALE"", ""Y_SCALE"", ""PLOT_VALUES"", ""BEST_FIT_RELATIONSHIP"", ""PLATEAU_ANNOTATION"", ""ESTIMATE_VALUE""]",independently_authored_synthetic_research_seed_unverified,embedded_criterion_definitions,
HDG-2026-P2-EST-016,dev,synthetic_corpus,hand_drawn_graph_corpus_2026_06_30,docs/research/hand_drawn_graph_corpus_2026_06_30/hand_drawn_graph_questions_2026_06_30.jsonl,v0.2-research-seed,continuous_relationship_graph_derived_estimate,zero_intercept_estimate,HDG-2026-P2-EST-016__response-01.jpg,9,"[""REPRESENTATION_TYPE"", ""X_UNIT"", ""Y_UNIT"", ""X_SCALE"", ""Y_SCALE"", ""PLOT_VALUES"", ""BEST_FIT_RELATIONSHIP"", ""ZERO_INTERCEPT_ANNOTATION"", ""ESTIMATE_VALUE""]",independently_authored_synthetic_research_seed_unverified,embedded_criterion_definitions,
HDG-2026-P2-EST-036,dev,synthetic_corpus,hand_drawn_graph_corpus_2026_06_30,docs/research/hand_drawn_graph_corpus_2026_06_30/hand_drawn_graph_questions_2026_06_30.jsonl,v0.2-research-seed,continuous_relationship_graph_derived_estimate,plateau_estimate,HDG-2026-P2-EST-036__response-01.jpg,9,"[""REPRESENTATION_TYPE"", ""X_UNIT"", ""Y_UNIT"", ""X_SCALE"", ""Y_SCALE"", ""PLOT_VALUES"", ""BEST_FIT_RELATIONSHIP"", ""PLATEAU_ANNOTATION"", ""ESTIMATE_VALUE""]",independently_authored_synthetic_research_seed_unverified,embedded_criterion_definitions,
HDG-2026-P2-EST-039,dev,synthetic_corpus,hand_drawn_graph_corpus_2026_06_30,docs/research/hand_drawn_graph_corpus_2026_06_30/hand_drawn_graph_questions_2026_06_30.jsonl,v0.2-research-seed,continuous_relationship_graph_derived_estimate,plateau_estimate,HDG-2026-P2-EST-039__response-01.jpg,9,"[""REPRESENTATION_TYPE"", ""X_UNIT"", ""Y_UNIT"", ""X_SCALE"", ""Y_SCALE"", ""PLOT_VALUES"", ""BEST_FIT_RELATIONSHIP"", ""PLATEAU_ANNOTATION"", ""ESTIMATE_VALUE""]",independently_authored_synthetic_research_seed_unverified,embedded_criterion_definitions,
HDG-2026-P2-EST-018,dev,synthetic_corpus,hand_drawn_graph_corpus_2026_06_30,docs/research/hand_drawn_graph_corpus_2026_06_30/hand_drawn_graph_questions_2026_06_30.jsonl,v0.2-research-seed,continuous_relationship_graph_derived_estimate,zero_intercept_estimate,HDG-2026-P2-EST-018__response-01.jpg,9,"[""REPRESENTATION_TYPE"", ""X_UNIT"", ""Y_UNIT"", ""X_SCALE"", ""Y_SCALE"", ""PLOT_VALUES"", ""BEST_FIT_RELATIONSHIP"", ""ZERO_INTERCEPT_ANNOTATION"", ""ESTIMATE_VALUE""]",independently_authored_synthetic_research_seed_unverified,embedded_criterion_definitions,
HDG-2026-P2-EST-032,dev,synthetic_corpus,hand_drawn_graph_corpus_2026_06_30,docs/research/hand_drawn_graph_corpus_2026_06_30/hand_drawn_graph_questions_2026_06_30.jsonl,v0.2-research-seed,continuous_relationship_graph_derived_estimate,plateau_estimate,HDG-2026-P2-EST-032__response-01.jpg,9,"[""REPRESENTATION_TYPE"", ""X_UNIT"", ""Y_UNIT"", ""X_SCALE"", ""Y_SCALE"", ""PLOT_VALUES"", ""BEST_FIT_RELATIONSHIP"", ""PLATEAU_ANNOTATION"", ""ESTIMATE_VALUE""]",independently_authored_synthetic_research_seed_unverified,embedded_criterion_definitions,
HDG-2026-P2-EST-043,dev,synthetic_corpus,hand_drawn_graph_corpus_2026_06_30,docs/research/hand_drawn_graph_corpus_2026_06_30/hand_drawn_graph_questions_2026_06_30.jsonl,v0.2-research-seed,continuous_relationship_graph_derived_estimate,plateau_estimate,HDG-2026-P2-EST-043__response-01.jpg,9,"[""REPRESENTATION_TYPE"", ""X_UNIT"", ""Y_UNIT"", ""X_SCALE"", ""Y_SCALE"", ""PLOT_VALUES"", ""BEST_FIT_RELATIONSHIP"", ""PLATEAU_ANNOTATION"", ""ESTIMATE_VALUE""]",independently_authored_synthetic_research_seed_unverified,embedded_criterion_definitions,
HDG-2026-P2-EST-048,dev,synthetic_corpus,hand_drawn_graph_corpus_2026_06_30,docs/research/hand_drawn_graph_corpus_2026_06_30/hand_drawn_graph_questions_2026_06_30.jsonl,v0.2-research-seed,continuous_relationship_graph_derived_estimate,plateau_estimate,HDG-2026-P2-EST-048__response-01.jpg,9,"[""REPRESENTATION_TYPE"", ""X_UNIT"", ""Y_UNIT"", ""X_SCALE"", ""Y_SCALE"", ""PLOT_VALUES"", ""BEST_FIT_RELATIONSHIP"", ""PLATEAU_ANNOTATION"", ""ESTIMATE_VALUE""]",independently_authored_synthetic_research_seed_unverified,embedded_criterion_definitions,
HDG-2026-P2-EST-027,dev,synthetic_corpus,hand_drawn_graph_corpus_2026_06_30,docs/research/hand_drawn_graph_corpus_2026_06_30/hand_drawn_graph_questions_2026_06_30.jsonl,v0.2-research-seed,continuous_relationship_graph_derived_estimate,plateau_estimate,HDG-2026-P2-EST-027__response-01.jpg,9,"[""REPRESENTATION_TYPE"", ""X_UNIT"", ""Y_UNIT"", ""X_SCALE"", ""Y_SCALE"", ""PLOT_VALUES"", ""BEST_FIT_RELATIONSHIP"", ""PLATEAU_ANNOTATION"", ""ESTIMATE_VALUE""]",independently_authored_synthetic_research_seed_unverified,embedded_criterion_definitions,
HDG-2026-P2-EST-044,dev,synthetic_corpus,hand_drawn_graph_corpus_2026_06_30,docs/research/hand_drawn_graph_corpus_2026_06_30/hand_drawn_graph_questions_2026_06_30.jsonl,v0.2-research-seed,continuous_relationship_graph_derived_estimate,plateau_estimate,HDG-2026-P2-EST-044__response-01.jpg,9,"[""REPRESENTATION_TYPE"", ""X_UNIT"", ""Y_UNIT"", ""X_SCALE"", ""Y_SCALE"", ""PLOT_VALUES"", ""BEST_FIT_RELATIONSHIP"", ""PLATEAU_ANNOTATION"", ""ESTIMATE_VALUE""]",independently_authored_synthetic_research_seed_unverified,embedded_criterion_definitions,
HDG-2026-P2-EST-003,dev,synthetic_corpus,hand_drawn_graph_corpus_2026_06_30,docs/research/hand_drawn_graph_corpus_2026_06_30/hand_drawn_graph_questions_2026_06_30.jsonl,v0.2-research-seed,continuous_relationship_graph_derived_estimate,zero_intercept_estimate,HDG-2026-P2-EST-003__response-01.jpg,9,"[""REPRESENTATION_TYPE"", ""X_UNIT"", ""Y_UNIT"", ""X_SCALE"", ""Y_SCALE"", ""PLOT_VALUES"", ""BEST_FIT_RELATIONSHIP"", ""ZERO_INTERCEPT_ANNOTATION"", ""ESTIMATE_VALUE""]",independently_authored_synthetic_research_seed_unverified,embedded_criterion_definitions,
HDG-2026-P2-EST-034,calibration,synthetic_corpus,hand_drawn_graph_corpus_2026_06_30,docs/research/hand_drawn_graph_corpus_2026_06_30/hand_drawn_graph_questions_2026_06_30.jsonl,v0.2-research-seed,continuous_relationship_graph_derived_estimate,plateau_estimate,HDG-2026-P2-EST-034__response-01.jpg,9,"[""REPRESENTATION_TYPE"", ""X_UNIT"", ""Y_UNIT"", ""X_SCALE"", ""Y_SCALE"", ""PLOT_VALUES"", ""BEST_FIT_RELATIONSHIP"", ""PLATEAU_ANNOTATION"", ""ESTIMATE_VALUE""]",independently_authored_synthetic_research_seed_unverified,embedded_criterion_definitions,
HDG-2026-P2-EST-046,calibration,synthetic_corpus,hand_drawn_graph_corpus_2026_06_30,docs/research/hand_drawn_graph_corpus_2026_06_30/hand_drawn_graph_questions_2026_06_30.jsonl,v0.2-research-seed,continuous_relationship_graph_derived_estimate,plateau_estimate,HDG-2026-P2-EST-046__response-01.jpg,9,"[""REPRESENTATION_TYPE"", ""X_UNIT"", ""Y_UNIT"", ""X_SCALE"", ""Y_SCALE"", ""PLOT_VALUES"", ""BEST_FIT_RELATIONSHIP"", ""PLATEAU_ANNOTATION"", ""ESTIMATE_VALUE""]",independently_authored_synthetic_research_seed_unverified,embedded_criterion_definitions,
HDG-2026-P2-EST-049,calibration,synthetic_corpus,hand_drawn_graph_corpus_2026_06_30,docs/research/hand_drawn_graph_corpus_2026_06_30/hand_drawn_graph_questions_2026_06_30.jsonl,v0.2-research-seed,continuous_relationship_graph_derived_estimate,plateau_estimate,HDG-2026-P2-EST-049__response-01.jpg,9,"[""REPRESENTATION_TYPE"", ""X_UNIT"", ""Y_UNIT"", ""X_SCALE"", ""Y_SCALE"", ""PLOT_VALUES"", ""BEST_FIT_RELATIONSHIP"", ""PLATEAU_ANNOTATION"", ""ESTIMATE_VALUE""]",independently_authored_synthetic_research_seed_unverified,embedded_criterion_definitions,
HDG-2026-P2-EST-028,calibration,synthetic_corpus,hand_drawn_graph_corpus_2026_06_30,docs/research/hand_drawn_graph_corpus_2026_06_30/hand_drawn_graph_questions_2026_06_30.jsonl,v0.2-research-seed,continuous_relationship_graph_derived_estimate,plateau_estimate,HDG-2026-P2-EST-028__response-01.jpg,9,"[""REPRESENTATION_TYPE"", ""X_UNIT"", ""Y_UNIT"", ""X_SCALE"", ""Y_SCALE"", ""PLOT_VALUES"", ""BEST_FIT_RELATIONSHIP"", ""PLATEAU_ANNOTATION"", ""ESTIMATE_VALUE""]",independently_authored_synthetic_research_seed_unverified,embedded_criterion_definitions,
HDG-2026-P2-EST-007,calibration,synthetic_corpus,hand_drawn_graph_corpus_2026_06_30,docs/research/hand_drawn_graph_corpus_2026_06_30/hand_drawn_graph_questions_2026_06_30.jsonl,v0.2-research-seed,continuous_relationship_graph_derived_estimate,zero_intercept_estimate,HDG-2026-P2-EST-007__response-01.jpg,9,"[""REPRESENTATION_TYPE"", ""X_UNIT"", ""Y_UNIT"", ""X_SCALE"", ""Y_SCALE"", ""PLOT_VALUES"", ""BEST_FIT_RELATIONSHIP"", ""ZERO_INTERCEPT_ANNOTATION"", ""ESTIMATE_VALUE""]",independently_authored_synthetic_research_seed_unverified,embedded_criterion_definitions,
HDG-2026-P2-EST-029,calibration,synthetic_corpus,hand_drawn_graph_corpus_2026_06_30,docs/research/hand_drawn_graph_corpus_2026_06_30/hand_drawn_graph_questions_2026_06_30.jsonl,v0.2-research-seed,continuous_relationship_graph_derived_estimate,plateau_estimate,HDG-2026-P2-EST-029__response-01.jpg,9,"[""REPRESENTATION_TYPE"", ""X_UNIT"", ""Y_UNIT"", ""X_SCALE"", ""Y_SCALE"", ""PLOT_VALUES"", ""BEST_FIT_RELATIONSHIP"", ""PLATEAU_ANNOTATION"", ""ESTIMATE_VALUE""]",independently_authored_synthetic_research_seed_unverified,embedded_criterion_definitions,
HDG-2026-P2-EST-033,calibration,synthetic_corpus,hand_drawn_graph_corpus_2026_06_30,docs/research/hand_drawn_graph_corpus_2026_06_30/hand_drawn_graph_questions_2026_06_30.jsonl,v0.2-research-seed,continuous_relationship_graph_derived_estimate,plateau_estimate,HDG-2026-P2-EST-033__response-01.jpg,9,"[""REPRESENTATION_TYPE"", ""X_UNIT"", ""Y_UNIT"", ""X_SCALE"", ""Y_SCALE"", ""PLOT_VALUES"", ""BEST_FIT_RELATIONSHIP"", ""PLATEAU_ANNOTATION"", ""ESTIMATE_VALUE""]",independently_authored_synthetic_research_seed_unverified,embedded_criterion_definitions,
HDG-2026-P2-EST-019,calibration,synthetic_corpus,hand_drawn_graph_corpus_2026_06_30,docs/research/hand_drawn_graph_corpus_2026_06_30/hand_drawn_graph_questions_2026_06_30.jsonl,v0.2-research-seed,continuous_relationship_graph_derived_estimate,zero_intercept_estimate,HDG-2026-P2-EST-019__response-01.jpg,9,"[""REPRESENTATION_TYPE"", ""X_UNIT"", ""Y_UNIT"", ""X_SCALE"", ""Y_SCALE"", ""PLOT_VALUES"", ""BEST_FIT_RELATIONSHIP"", ""ZERO_INTERCEPT_ANNOTATION"", ""ESTIMATE_VALUE""]",independently_authored_synthetic_research_seed_unverified,embedded_criterion_definitions,
HDG-2026-P2-EST-009,calibration,synthetic_corpus,hand_drawn_graph_corpus_2026_06_30,docs/research/hand_drawn_graph_corpus_2026_06_30/hand_drawn_graph_questions_2026_06_30.jsonl,v0.2-research-seed,continuous_relationship_graph_derived_estimate,zero_intercept_estimate,HDG-2026-P2-EST-009__response-01.jpg,9,"[""REPRESENTATION_TYPE"", ""X_UNIT"", ""Y_UNIT"", ""X_SCALE"", ""Y_SCALE"", ""PLOT_VALUES"", ""BEST_FIT_RELATIONSHIP"", ""ZERO_INTERCEPT_ANNOTATION"", ""ESTIMATE_VALUE""]",independently_authored_synthetic_research_seed_unverified,embedded_criterion_definitions,
HDG-2026-P2-EST-022,calibration,synthetic_corpus,hand_drawn_graph_corpus_2026_06_30,docs/research/hand_drawn_graph_corpus_2026_06_30/hand_drawn_graph_questions_2026_06_30.jsonl,v0.2-research-seed,continuous_relationship_graph_derived_estimate,zero_intercept_estimate,HDG-2026-P2-EST-022__response-01.jpg,9,"[""REPRESENTATION_TYPE"", ""X_UNIT"", ""Y_UNIT"", ""X_SCALE"", ""Y_SCALE"", ""PLOT_VALUES"", ""BEST_FIT_RELATIONSHIP"", ""ZERO_INTERCEPT_ANNOTATION"", ""ESTIMATE_VALUE""]",independently_authored_synthetic_research_seed_unverified,embedded_criterion_definitions,
HDG-2026-P2-EST-037,holdout,synthetic_corpus,hand_drawn_graph_corpus_2026_06_30,docs/research/hand_drawn_graph_corpus_2026_06_30/hand_drawn_graph_questions_2026_06_30.jsonl,v0.2-research-seed,continuous_relationship_graph_derived_estimate,plateau_estimate,HDG-2026-P2-EST-037__response-01.jpg,9,"[""REPRESENTATION_TYPE"", ""X_UNIT"", ""Y_UNIT"", ""X_SCALE"", ""Y_SCALE"", ""PLOT_VALUES"", ""BEST_FIT_RELATIONSHIP"", ""PLATEAU_ANNOTATION"", ""ESTIMATE_VALUE""]",independently_authored_synthetic_research_seed_unverified,embedded_criterion_definitions,
HDG-2026-P2-EST-030,holdout,synthetic_corpus,hand_drawn_graph_corpus_2026_06_30,docs/research/hand_drawn_graph_corpus_2026_06_30/hand_drawn_graph_questions_2026_06_30.jsonl,v0.2-research-seed,continuous_relationship_graph_derived_estimate,plateau_estimate,HDG-2026-P2-EST-030__response-01.jpg,9,"[""REPRESENTATION_TYPE"", ""X_UNIT"", ""Y_UNIT"", ""X_SCALE"", ""Y_SCALE"", ""PLOT_VALUES"", ""BEST_FIT_RELATIONSHIP"", ""PLATEAU_ANNOTATION"", ""ESTIMATE_VALUE""]",independently_authored_synthetic_research_seed_unverified,embedded_criterion_definitions,
HDG-2026-P2-EST-015,holdout,synthetic_corpus,hand_drawn_graph_corpus_2026_06_30,docs/research/hand_drawn_graph_corpus_2026_06_30/hand_drawn_graph_questions_2026_06_30.jsonl,v0.2-research-seed,continuous_relationship_graph_derived_estimate,zero_intercept_estimate,HDG-2026-P2-EST-015__response-01.jpg,9,"[""REPRESENTATION_TYPE"", ""X_UNIT"", ""Y_UNIT"", ""X_SCALE"", ""Y_SCALE"", ""PLOT_VALUES"", ""BEST_FIT_RELATIONSHIP"", ""ZERO_INTERCEPT_ANNOTATION"", ""ESTIMATE_VALUE""]",independently_authored_synthetic_research_seed_unverified,embedded_criterion_definitions,
HDG-2026-P2-EST-031,holdout,synthetic_corpus,hand_drawn_graph_corpus_2026_06_30,docs/research/hand_drawn_graph_corpus_2026_06_30/hand_drawn_graph_questions_2026_06_30.jsonl,v0.2-research-seed,continuous_relationship_graph_derived_estimate,plateau_estimate,HDG-2026-P2-EST-031__response-01.jpg,9,"[""REPRESENTATION_TYPE"", ""X_UNIT"", ""Y_UNIT"", ""X_SCALE"", ""Y_SCALE"", ""PLOT_VALUES"", ""BEST_FIT_RELATIONSHIP"", ""PLATEAU_ANNOTATION"", ""ESTIMATE_VALUE""]",independently_authored_synthetic_research_seed_unverified,embedded_criterion_definitions,
HDG-2026-P2-EST-024,holdout,synthetic_corpus,hand_drawn_graph_corpus_2026_06_30,docs/research/hand_drawn_graph_corpus_2026_06_30/hand_drawn_graph_questions_2026_06_30.jsonl,v0.2-research-seed,continuous_relationship_graph_derived_estimate,zero_intercept_estimate,HDG-2026-P2-EST-024__response-01.jpg,9,"[""REPRESENTATION_TYPE"", ""X_UNIT"", ""Y_UNIT"", ""X_SCALE"", ""Y_SCALE"", ""PLOT_VALUES"", ""BEST_FIT_RELATIONSHIP"", ""ZERO_INTERCEPT_ANNOTATION"", ""ESTIMATE_VALUE""]",independently_authored_synthetic_research_seed_unverified,embedded_criterion_definitions,
HDG-2026-P2-EST-017,holdout,synthetic_corpus,hand_drawn_graph_corpus_2026_06_30,docs/research/hand_drawn_graph_corpus_2026_06_30/hand_drawn_graph_questions_2026_06_30.jsonl,v0.2-research-seed,continuous_relationship_graph_derived_estimate,zero_intercept_estimate,HDG-2026-P2-EST-017__response-01.jpg,9,"[""REPRESENTATION_TYPE"", ""X_UNIT"", ""Y_UNIT"", ""X_SCALE"", ""Y_SCALE"", ""PLOT_VALUES"", ""BEST_FIT_RELATIONSHIP"", ""ZERO_INTERCEPT_ANNOTATION"", ""ESTIMATE_VALUE""]",independently_authored_synthetic_research_seed_unverified,embedded_criterion_definitions,
HDG-2026-P2-EST-006,holdout,synthetic_corpus,hand_drawn_graph_corpus_2026_06_30,docs/research/hand_drawn_graph_corpus_2026_06_30/hand_drawn_graph_questions_2026_06_30.jsonl,v0.2-research-seed,continuous_relationship_graph_derived_estimate,zero_intercept_estimate,HDG-2026-P2-EST-006__response-01.jpg,9,"[""REPRESENTATION_TYPE"", ""X_UNIT"", ""Y_UNIT"", ""X_SCALE"", ""Y_SCALE"", ""PLOT_VALUES"", ""BEST_FIT_RELATIONSHIP"", ""ZERO_INTERCEPT_ANNOTATION"", ""ESTIMATE_VALUE""]",independently_authored_synthetic_research_seed_unverified,embedded_criterion_definitions,
HDG-2026-P2-EST-014,holdout,synthetic_corpus,hand_drawn_graph_corpus_2026_06_30,docs/research/hand_drawn_graph_corpus_2026_06_30/hand_drawn_graph_questions_2026_06_30.jsonl,v0.2-research-seed,continuous_relationship_graph_derived_estimate,zero_intercept_estimate,HDG-2026-P2-EST-014__response-01.jpg,9,"[""REPRESENTATION_TYPE"", ""X_UNIT"", ""Y_UNIT"", ""X_SCALE"", ""Y_SCALE"", ""PLOT_VALUES"", ""BEST_FIT_RELATIONSHIP"", ""ZERO_INTERCEPT_ANNOTATION"", ""ESTIMATE_VALUE""]",independently_authored_synthetic_research_seed_unverified,embedded_criterion_definitions,
HDG-2026-P2-EST-040,holdout,synthetic_corpus,hand_drawn_graph_corpus_2026_06_30,docs/research/hand_drawn_graph_corpus_2026_06_30/hand_drawn_graph_questions_2026_06_30.jsonl,v0.2-research-seed,continuous_relationship_graph_derived_estimate,plateau_estimate,HDG-2026-P2-EST-040__response-01.jpg,9,"[""REPRESENTATION_TYPE"", ""X_UNIT"", ""Y_UNIT"", ""X_SCALE"", ""Y_SCALE"", ""PLOT_VALUES"", ""BEST_FIT_RELATIONSHIP"", ""PLATEAU_ANNOTATION"", ""ESTIMATE_VALUE""]",independently_authored_synthetic_research_seed_unverified,embedded_criterion_definitions,
HDG-2026-P2-EST-045,holdout,synthetic_corpus,hand_drawn_graph_corpus_2026_06_30,docs/research/hand_drawn_graph_corpus_2026_06_30/hand_drawn_graph_questions_2026_06_30.jsonl,v0.2-research-seed,continuous_relationship_graph_derived_estimate,plateau_estimate,HDG-2026-P2-EST-045__response-01.jpg,9,"[""REPRESENTATION_TYPE"", ""X_UNIT"", ""Y_UNIT"", ""X_SCALE"", ""Y_SCALE"", ""PLOT_VALUES"", ""BEST_FIT_RELATIONSHIP"", ""PLATEAU_ANNOTATION"", ""ESTIMATE_VALUE""]",independently_authored_synthetic_research_seed_unverified,embedded_criterion_definitions,
HDG-2026-P2-EST-021,internal_challenge,synthetic_corpus,hand_drawn_graph_corpus_2026_06_30,docs/research/hand_drawn_graph_corpus_2026_06_30/hand_drawn_graph_questions_2026_06_30.jsonl,v0.2-research-seed,continuous_relationship_graph_derived_estimate,zero_intercept_estimate,HDG-2026-P2-EST-021__response-01.jpg,9,"[""REPRESENTATION_TYPE"", ""X_UNIT"", ""Y_UNIT"", ""X_SCALE"", ""Y_SCALE"", ""PLOT_VALUES"", ""BEST_FIT_RELATIONSHIP"", ""ZERO_INTERCEPT_ANNOTATION"", ""ESTIMATE_VALUE""]",independently_authored_synthetic_research_seed_unverified,embedded_criterion_definitions,
HDG-2026-P2-EST-002,internal_challenge,synthetic_corpus,hand_drawn_graph_corpus_2026_06_30,docs/research/hand_drawn_graph_corpus_2026_06_30/hand_drawn_graph_questions_2026_06_30.jsonl,v0.2-research-seed,continuous_relationship_graph_derived_estimate,zero_intercept_estimate,HDG-2026-P2-EST-002__response-01.jpg,9,"[""REPRESENTATION_TYPE"", ""X_UNIT"", ""Y_UNIT"", ""X_SCALE"", ""Y_SCALE"", ""PLOT_VALUES"", ""BEST_FIT_RELATIONSHIP"", ""ZERO_INTERCEPT_ANNOTATION"", ""ESTIMATE_VALUE""]",independently_authored_synthetic_research_seed_unverified,embedded_criterion_definitions,
HDG-2026-P2-EST-001,internal_challenge,synthetic_corpus,hand_drawn_graph_corpus_2026_06_30,docs/research/hand_drawn_graph_corpus_2026_06_30/hand_drawn_graph_questions_2026_06_30.jsonl,v0.2-research-seed,continuous_relationship_graph_derived_estimate,zero_intercept_estimate,HDG-2026-P2-EST-001__response-01.jpg,9,"[""REPRESENTATION_TYPE"", ""X_UNIT"", ""Y_UNIT"", ""X_SCALE"", ""Y_SCALE"", ""PLOT_VALUES"", ""BEST_FIT_RELATIONSHIP"", ""ZERO_INTERCEPT_ANNOTATION"", ""ESTIMATE_VALUE""]",independently_authored_synthetic_research_seed_unverified,embedded_criterion_definitions,
HDG-2026-P2-EST-013,internal_challenge,synthetic_corpus,hand_drawn_graph_corpus_2026_06_30,docs/research/hand_drawn_graph_corpus_2026_06_30/hand_drawn_graph_questions_2026_06_30.jsonl,v0.2-research-seed,continuous_relationship_graph_derived_estimate,zero_intercept_estimate,HDG-2026-P2-EST-013__response-01.jpg,9,"[""REPRESENTATION_TYPE"", ""X_UNIT"", ""Y_UNIT"", ""X_SCALE"", ""Y_SCALE"", ""PLOT_VALUES"", ""BEST_FIT_RELATIONSHIP"", ""ZERO_INTERCEPT_ANNOTATION"", ""ESTIMATE_VALUE""]",independently_authored_synthetic_research_seed_unverified,embedded_criterion_definitions,
HDG-2026-P2-EST-047,internal_challenge,synthetic_corpus,hand_drawn_graph_corpus_2026_06_30,docs/research/hand_drawn_graph_corpus_2026_06_30/hand_drawn_graph_questions_2026_06_30.jsonl,v0.2-research-seed,continuous_relationship_graph_derived_estimate,plateau_estimate,HDG-2026-P2-EST-047__response-01.jpg,9,"[""REPRESENTATION_TYPE"", ""X_UNIT"", ""Y_UNIT"", ""X_SCALE"", ""Y_SCALE"", ""PLOT_VALUES"", ""BEST_FIT_RELATIONSHIP"", ""PLATEAU_ANNOTATION"", ""ESTIMATE_VALUE""]",independently_authored_synthetic_research_seed_unverified,embedded_criterion_definitions,
HDG-2026-P2-EST-038,internal_challenge,synthetic_corpus,hand_drawn_graph_corpus_2026_06_30,docs/research/hand_drawn_graph_corpus_2026_06_30/hand_drawn_graph_questions_2026_06_30.jsonl,v0.2-research-seed,continuous_relationship_graph_derived_estimate,plateau_estimate,HDG-2026-P2-EST-038__response-01.jpg,9,"[""REPRESENTATION_TYPE"", ""X_UNIT"", ""Y_UNIT"", ""X_SCALE"", ""Y_SCALE"", ""PLOT_VALUES"", ""BEST_FIT_RELATIONSHIP"", ""PLATEAU_ANNOTATION"", ""ESTIMATE_VALUE""]",independently_authored_synthetic_research_seed_unverified,embedded_criterion_definitions,
HDG-2026-P2-EST-008,internal_challenge,synthetic_corpus,hand_drawn_graph_corpus_2026_06_30,docs/research/hand_drawn_graph_corpus_2026_06_30/hand_drawn_graph_questions_2026_06_30.jsonl,v0.2-research-seed,continuous_relationship_graph_derived_estimate,zero_intercept_estimate,HDG-2026-P2-EST-008__response-01.jpg,9,"[""REPRESENTATION_TYPE"", ""X_UNIT"", ""Y_UNIT"", ""X_SCALE"", ""Y_SCALE"", ""PLOT_VALUES"", ""BEST_FIT_RELATIONSHIP"", ""ZERO_INTERCEPT_ANNOTATION"", ""ESTIMATE_VALUE""]",independently_authored_synthetic_research_seed_unverified,embedded_criterion_definitions,
HDG-2026-P2-EST-010,internal_challenge,synthetic_corpus,hand_drawn_graph_corpus_2026_06_30,docs/research/hand_drawn_graph_corpus_2026_06_30/hand_drawn_graph_questions_2026_06_30.jsonl,v0.2-research-seed,continuous_relationship_graph_derived_estimate,zero_intercept_estimate,HDG-2026-P2-EST-010__response-01.jpg,9,"[""REPRESENTATION_TYPE"", ""X_UNIT"", ""Y_UNIT"", ""X_SCALE"", ""Y_SCALE"", ""PLOT_VALUES"", ""BEST_FIT_RELATIONSHIP"", ""ZERO_INTERCEPT_ANNOTATION"", ""ESTIMATE_VALUE""]",independently_authored_synthetic_research_seed_unverified,embedded_criterion_definitions,
HDG-2026-P2-EST-012,internal_challenge,synthetic_corpus,hand_drawn_graph_corpus_2026_06_30,docs/research/hand_drawn_graph_corpus_2026_06_30/hand_drawn_graph_questions_2026_06_30.jsonl,v0.2-research-seed,continuous_relationship_graph_derived_estimate,zero_intercept_estimate,HDG-2026-P2-EST-012__response-01.jpg,9,"[""REPRESENTATION_TYPE"", ""X_UNIT"", ""Y_UNIT"", ""X_SCALE"", ""Y_SCALE"", ""PLOT_VALUES"", ""BEST_FIT_RELATIONSHIP"", ""ZERO_INTERCEPT_ANNOTATION"", ""ESTIMATE_VALUE""]",independently_authored_synthetic_research_seed_unverified,embedded_criterion_definitions,
HDG-2026-P2-EST-026,internal_challenge,synthetic_corpus,hand_drawn_graph_corpus_2026_06_30,docs/research/hand_drawn_graph_corpus_2026_06_30/hand_drawn_graph_questions_2026_06_30.jsonl,v0.2-research-seed,continuous_relationship_graph_derived_estimate,plateau_estimate,HDG-2026-P2-EST-026__response-01.jpg,9,"[""REPRESENTATION_TYPE"", ""X_UNIT"", ""Y_UNIT"", ""X_SCALE"", ""Y_SCALE"", ""PLOT_VALUES"", ""BEST_FIT_RELATIONSHIP"", ""PLATEAU_ANNOTATION"", ""ESTIMATE_VALUE""]",independently_authored_synthetic_research_seed_unverified,embedded_criterion_definitions,
HDG-2026-P1-CAT-001,external_challenge,trace_set,docs/research/hand_drawn_graph_corpus_2026_06_29/trace_sets/set_01,docs/research/hand_drawn_graph_corpus_2026_06_29/trace_sets/set_01/set_01_manifest.json,v0.1-research-seed,categorical_comparison_supplied_uncertainty,,HDG-2026-P1-CAT-001__response-01.jpg,6,"[""REPRESENTATION_TYPE"", ""CATEGORY_IDENTITY"", ""Y_UNIT"", ""Y_SCALE"", ""PLOT_VALUES"", ""UNCERTAINTY_MARKS""]",independently_authored_synthetic_research_seed_unverified,embedded_trace_manifest,set_01
HDG-2026-P1-SER-001,external_challenge,trace_set,docs/research/hand_drawn_graph_corpus_2026_06_29/trace_sets/set_01,docs/research/hand_drawn_graph_corpus_2026_06_29/trace_sets/set_01/set_01_manifest.json,v0.1-research-seed,continuous_measured_series_supplied_uncertainty,,HDG-2026-P1-SER-001__response-01.jpg,8,"[""REPRESENTATION_TYPE"", ""X_UNIT"", ""Y_UNIT"", ""X_SCALE"", ""Y_SCALE"", ""PLOT_VALUES"", ""POINT_CONNECTION"", ""UNCERTAINTY_MARKS""]",independently_authored_synthetic_research_seed_unverified,embedded_trace_manifest,set_01
HDG-2026-P1-EST-001,external_challenge,trace_set,docs/research/hand_drawn_graph_corpus_2026_06_29/trace_sets/set_01,docs/research/hand_drawn_graph_corpus_2026_06_29/trace_sets/set_01/set_01_manifest.json,v0.1-research-seed,continuous_relationship_graph_derived_estimate,zero_intercept_estimate,HDG-2026-P1-EST-001__response-01.jpg,9,"[""REPRESENTATION_TYPE"", ""X_UNIT"", ""Y_UNIT"", ""X_SCALE"", ""Y_SCALE"", ""PLOT_VALUES"", ""BEST_FIT_RELATIONSHIP"", ""ZERO_INTERCEPT_ANNOTATION"", ""ESTIMATE_VALUE""]",independently_authored_synthetic_research_seed_unverified,embedded_trace_manifest,set_01
HDG-2026-P1-CAT-002,external_challenge,trace_set,docs/research/hand_drawn_graph_corpus_2026_06_29/trace_sets/set_01,docs/research/hand_drawn_graph_corpus_2026_06_29/trace_sets/set_01/set_01_manifest.json,v0.1-research-seed,categorical_comparison_supplied_uncertainty,,HDG-2026-P1-CAT-002__response-01.jpg,6,"[""REPRESENTATION_TYPE"", ""CATEGORY_IDENTITY"", ""Y_UNIT"", ""Y_SCALE"", ""PLOT_VALUES"", ""UNCERTAINTY_MARKS""]",independently_authored_synthetic_research_seed_unverified,embedded_trace_manifest,set_01
HDG-2026-P1-SER-002,external_challenge,trace_set,docs/research/hand_drawn_graph_corpus_2026_06_29/trace_sets/set_01,docs/research/hand_drawn_graph_corpus_2026_06_29/trace_sets/set_01/set_01_manifest.json,v0.1-research-seed,continuous_measured_series_supplied_uncertainty,,HDG-2026-P1-SER-002__response-01.jpg,8,"[""REPRESENTATION_TYPE"", ""X_UNIT"", ""Y_UNIT"", ""X_SCALE"", ""Y_SCALE"", ""PLOT_VALUES"", ""POINT_CONNECTION"", ""UNCERTAINTY_MARKS""]",independently_authored_synthetic_research_seed_unverified,embedded_trace_manifest,set_01
HDG-2026-P1-EST-002,external_challenge,trace_set,docs/research/hand_drawn_graph_corpus_2026_06_29/trace_sets/set_01,docs/research/hand_drawn_graph_corpus_2026_06_29/trace_sets/set_01/set_01_manifest.json,v0.1-research-seed,continuous_relationship_graph_derived_estimate,zero_intercept_estimate,HDG-2026-P1-EST-002__response-01.jpg,9,"[""REPRESENTATION_TYPE"", ""X_UNIT"", ""Y_UNIT"", ""X_SCALE"", ""Y_SCALE"", ""PLOT_VALUES"", ""BEST_FIT_RELATIONSHIP"", ""ZERO_INTERCEPT_ANNOTATION"", ""ESTIMATE_VALUE""]",independently_authored_synthetic_research_seed_unverified,embedded_trace_manifest,set_01
HDG-2026-P1-CAT-003,external_challenge,trace_set,docs/research/hand_drawn_graph_corpus_2026_06_29/trace_sets/set_01,docs/research/hand_drawn_graph_corpus_2026_06_29/trace_sets/set_01/set_01_manifest.json,v0.1-research-seed,categorical_comparison_supplied_uncertainty,,HDG-2026-P1-CAT-003__response-01.jpg,6,"[""REPRESENTATION_TYPE"", ""CATEGORY_IDENTITY"", ""Y_UNIT"", ""Y_SCALE"", ""PLOT_VALUES"", ""UNCERTAINTY_MARKS""]",independently_authored_synthetic_research_seed_unverified,embedded_trace_manifest,set_01
HDG-2026-P1-SER-003,external_challenge,trace_set,docs/research/hand_drawn_graph_corpus_2026_06_29/trace_sets/set_01,docs/research/hand_drawn_graph_corpus_2026_06_29/trace_sets/set_01/set_01_manifest.json,v0.1-research-seed,continuous_measured_series_supplied_uncertainty,,HDG-2026-P1-SER-003__response-01.jpg,8,"[""REPRESENTATION_TYPE"", ""X_UNIT"", ""Y_UNIT"", ""X_SCALE"", ""Y_SCALE"", ""PLOT_VALUES"", ""POINT_CONNECTION"", ""UNCERTAINTY_MARKS""]",independently_authored_synthetic_research_seed_unverified,embedded_trace_manifest,set_01
HDG-2026-P1-EST-003,external_challenge,trace_set,docs/research/hand_drawn_graph_corpus_2026_06_29/trace_sets/set_01,docs/research/hand_drawn_graph_corpus_2026_06_29/trace_sets/set_01/set_01_manifest.json,v0.1-research-seed,continuous_relationship_graph_derived_estimate,zero_intercept_estimate,HDG-2026-P1-EST-003__response-01.jpg,9,"[""REPRESENTATION_TYPE"", ""X_UNIT"", ""Y_UNIT"", ""X_SCALE"", ""Y_SCALE"", ""PLOT_VALUES"", ""BEST_FIT_RELATIONSHIP"", ""ZERO_INTERCEPT_ANNOTATION"", ""ESTIMATE_VALUE""]",independently_authored_synthetic_research_seed_unverified,embedded_trace_manifest,set_01
HDG-2026-P1-CAT-004,external_challenge,trace_set,docs/research/hand_drawn_graph_corpus_2026_06_29/trace_sets/set_01,docs/research/hand_drawn_graph_corpus_2026_06_29/trace_sets/set_01/set_01_manifest.json,v0.1-research-seed,categorical_comparison_supplied_uncertainty,,HDG-2026-P1-CAT-004__response-01.jpg,6,"[""REPRESENTATION_TYPE"", ""CATEGORY_IDENTITY"", ""Y_UNIT"", ""Y_SCALE"", ""PLOT_VALUES"", ""UNCERTAINTY_MARKS""]",independently_authored_synthetic_research_seed_unverified,embedded_trace_manifest,set_01
HDG-2026-P1-SER-004,external_challenge,trace_set,docs/research/hand_drawn_graph_corpus_2026_06_29/trace_sets/set_01,docs/research/hand_drawn_graph_corpus_2026_06_29/trace_sets/set_01/set_01_manifest.json,v0.1-research-seed,continuous_measured_series_supplied_uncertainty,,HDG-2026-P1-SER-004__response-01.jpg,8,"[""REPRESENTATION_TYPE"", ""X_UNIT"", ""Y_UNIT"", ""X_SCALE"", ""Y_SCALE"", ""PLOT_VALUES"", ""POINT_CONNECTION"", ""UNCERTAINTY_MARKS""]",independently_authored_synthetic_research_seed_unverified,embedded_trace_manifest,set_01
HDG-2026-P1-EST-004,external_challenge,trace_set,docs/research/hand_drawn_graph_corpus_2026_06_29/trace_sets/set_01,docs/research/hand_drawn_graph_corpus_2026_06_29/trace_sets/set_01/set_01_manifest.json,v0.1-research-seed,continuous_relationship_graph_derived_estimate,zero_intercept_estimate,HDG-2026-P1-EST-004__response-01.jpg,9,"[""REPRESENTATION_TYPE"", ""X_UNIT"", ""Y_UNIT"", ""X_SCALE"", ""Y_SCALE"", ""PLOT_VALUES"", ""BEST_FIT_RELATIONSHIP"", ""ZERO_INTERCEPT_ANNOTATION"", ""ESTIMATE_VALUE""]",independently_authored_synthetic_research_seed_unverified,embedded_trace_manifest,set_01
HDG-2026-P1-CAT-005,external_challenge,trace_set,docs/research/hand_drawn_graph_corpus_2026_06_29/trace_sets/set_01,docs/research/hand_drawn_graph_corpus_2026_06_29/trace_sets/set_01/set_01_manifest.json,v0.1-research-seed,categorical_comparison_supplied_uncertainty,,HDG-2026-P1-CAT-005__response-01.jpg,6,"[""REPRESENTATION_TYPE"", ""CATEGORY_IDENTITY"", ""Y_UNIT"", ""Y_SCALE"", ""PLOT_VALUES"", ""UNCERTAINTY_MARKS""]",independently_authored_synthetic_research_seed_unverified,embedded_trace_manifest,set_01
HDG-2026-P1-SER-005,external_challenge,trace_set,docs/research/hand_drawn_graph_corpus_2026_06_29/trace_sets/set_01,docs/research/hand_drawn_graph_corpus_2026_06_29/trace_sets/set_01/set_01_manifest.json,v0.1-research-seed,continuous_measured_series_supplied_uncertainty,,HDG-2026-P1-SER-005__response-01.jpg,8,"[""REPRESENTATION_TYPE"", ""X_UNIT"", ""Y_UNIT"", ""X_SCALE"", ""Y_SCALE"", ""PLOT_VALUES"", ""POINT_CONNECTION"", ""UNCERTAINTY_MARKS""]",independently_authored_synthetic_research_seed_unverified,embedded_trace_manifest,set_01
HDG-2026-P1-EST-005,external_challenge,trace_set,docs/research/hand_drawn_graph_corpus_2026_06_29/trace_sets/set_01,docs/research/hand_drawn_graph_corpus_2026_06_29/trace_sets/set_01/set_01_manifest.json,v0.1-research-seed,continuous_relationship_graph_derived_estimate,zero_intercept_estimate,HDG-2026-P1-EST-005__response-01.jpg,9,"[""REPRESENTATION_TYPE"", ""X_UNIT"", ""Y_UNIT"", ""X_SCALE"", ""Y_SCALE"", ""PLOT_VALUES"", ""BEST_FIT_RELATIONSHIP"", ""ZERO_INTERCEPT_ANNOTATION"", ""ESTIMATE_VALUE""]",independently_authored_synthetic_research_seed_unverified,embedded_trace_manifest,set_01
HDG-2026-P1-CAT-006,external_challenge,trace_set,docs/research/hand_drawn_graph_corpus_2026_06_29/trace_sets/set_01,docs/research/hand_drawn_graph_corpus_2026_06_29/trace_sets/set_01/set_01_manifest.json,v0.1-research-seed,categorical_comparison_supplied_uncertainty,,HDG-2026-P1-CAT-006__response-01.jpg,6,"[""REPRESENTATION_TYPE"", ""CATEGORY_IDENTITY"", ""Y_UNIT"", ""Y_SCALE"", ""PLOT_VALUES"", ""UNCERTAINTY_MARKS""]",independently_authored_synthetic_research_seed_unverified,embedded_trace_manifest,set_01
HDG-2026-P1-SER-006,external_challenge,trace_set,docs/research/hand_drawn_graph_corpus_2026_06_29/trace_sets/set_01,docs/research/hand_drawn_graph_corpus_2026_06_29/trace_sets/set_01/set_01_manifest.json,v0.1-research-seed,continuous_measured_series_supplied_uncertainty,,HDG-2026-P1-SER-006__response-01.jpg,8,"[""REPRESENTATION_TYPE"", ""X_UNIT"", ""Y_UNIT"", ""X_SCALE"", ""Y_SCALE"", ""PLOT_VALUES"", ""POINT_CONNECTION"", ""UNCERTAINTY_MARKS""]",independently_authored_synthetic_research_seed_unverified,embedded_trace_manifest,set_01
HDG-2026-P1-EST-006,external_challenge,trace_set,docs/research/hand_drawn_graph_corpus_2026_06_29/trace_sets/set_01,docs/research/hand_drawn_graph_corpus_2026_06_29/trace_sets/set_01/set_01_manifest.json,v0.1-research-seed,continuous_relationship_graph_derived_estimate,zero_intercept_estimate,HDG-2026-P1-EST-006__response-01.jpg,9,"[""REPRESENTATION_TYPE"", ""X_UNIT"", ""Y_UNIT"", ""X_SCALE"", ""Y_SCALE"", ""PLOT_VALUES"", ""BEST_FIT_RELATIONSHIP"", ""ZERO_INTERCEPT_ANNOTATION"", ""ESTIMATE_VALUE""]",independently_authored_synthetic_research_seed_unverified,embedded_trace_manifest,set_01
HDG-2026-P1-CAT-007,external_challenge,trace_set,docs/research/hand_drawn_graph_corpus_2026_06_29/trace_sets/set_01,docs/research/hand_drawn_graph_corpus_2026_06_29/trace_sets/set_01/set_01_manifest.json,v0.1-research-seed,categorical_comparison_supplied_uncertainty,,HDG-2026-P1-CAT-007__response-01.jpg,6,"[""REPRESENTATION_TYPE"", ""CATEGORY_IDENTITY"", ""Y_UNIT"", ""Y_SCALE"", ""PLOT_VALUES"", ""UNCERTAINTY_MARKS""]",independently_authored_synthetic_research_seed_unverified,embedded_trace_manifest,set_01
HDG-2026-P1-SER-007,external_challenge,trace_set,docs/research/hand_drawn_graph_corpus_2026_06_29/trace_sets/set_01,docs/research/hand_drawn_graph_corpus_2026_06_29/trace_sets/set_01/set_01_manifest.json,v0.1-research-seed,continuous_measured_series_supplied_uncertainty,,HDG-2026-P1-SER-007__response-01.jpg,8,"[""REPRESENTATION_TYPE"", ""X_UNIT"", ""Y_UNIT"", ""X_SCALE"", ""Y_SCALE"", ""PLOT_VALUES"", ""POINT_CONNECTION"", ""UNCERTAINTY_MARKS""]",independently_authored_synthetic_research_seed_unverified,embedded_trace_manifest,set_01
HDG-2026-P1-EST-007,external_challenge,trace_set,docs/research/hand_drawn_graph_corpus_2026_06_29/trace_sets/set_01,docs/research/hand_drawn_graph_corpus_2026_06_29/trace_sets/set_01/set_01_manifest.json,v0.1-research-seed,continuous_relationship_graph_derived_estimate,zero_intercept_estimate,HDG-2026-P1-EST-007__response-01.jpg,9,"[""REPRESENTATION_TYPE"", ""X_UNIT"", ""Y_UNIT"", ""X_SCALE"", ""Y_SCALE"", ""PLOT_VALUES"", ""BEST_FIT_RELATIONSHIP"", ""ZERO_INTERCEPT_ANNOTATION"", ""ESTIMATE_VALUE""]",independently_authored_synthetic_research_seed_unverified,embedded_trace_manifest,set_01
HDG-2026-P1-CAT-008,external_challenge,trace_set,docs/research/hand_drawn_graph_corpus_2026_06_29/trace_sets/set_01,docs/research/hand_drawn_graph_corpus_2026_06_29/trace_sets/set_01/set_01_manifest.json,v0.1-research-seed,categorical_comparison_supplied_uncertainty,,HDG-2026-P1-CAT-008__response-01.jpg,6,"[""REPRESENTATION_TYPE"", ""CATEGORY_IDENTITY"", ""Y_UNIT"", ""Y_SCALE"", ""PLOT_VALUES"", ""UNCERTAINTY_MARKS""]",independently_authored_synthetic_research_seed_unverified,embedded_trace_manifest,set_01
HDG-2026-P1-SER-008,external_challenge,trace_set,docs/research/hand_drawn_graph_corpus_2026_06_29/trace_sets/set_01,docs/research/hand_drawn_graph_corpus_2026_06_29/trace_sets/set_01/set_01_manifest.json,v0.1-research-seed,continuous_measured_series_supplied_uncertainty,,HDG-2026-P1-SER-008__response-01.jpg,8,"[""REPRESENTATION_TYPE"", ""X_UNIT"", ""Y_UNIT"", ""X_SCALE"", ""Y_SCALE"", ""PLOT_VALUES"", ""POINT_CONNECTION"", ""UNCERTAINTY_MARKS""]",independently_authored_synthetic_research_seed_unverified,embedded_trace_manifest,set_01
HDG-2026-P1-EST-008,external_challenge,trace_set,docs/research/hand_drawn_graph_corpus_2026_06_29/trace_sets/set_01,docs/research/hand_drawn_graph_corpus_2026_06_29/trace_sets/set_01/set_01_manifest.json,v0.1-research-seed,continuous_relationship_graph_derived_estimate,zero_intercept_estimate,HDG-2026-P1-EST-008__response-01.jpg,9,"[""REPRESENTATION_TYPE"", ""X_UNIT"", ""Y_UNIT"", ""X_SCALE"", ""Y_SCALE"", ""PLOT_VALUES"", ""BEST_FIT_RELATIONSHIP"", ""ZERO_INTERCEPT_ANNOTATION"", ""ESTIMATE_VALUE""]",independently_authored_synthetic_research_seed_unverified,embedded_trace_manifest,set_01
HDG-2026-P1-CAT-009,external_challenge,trace_set,docs/research/hand_drawn_graph_corpus_2026_06_29/trace_sets/set_01,docs/research/hand_drawn_graph_corpus_2026_06_29/trace_sets/set_01/set_01_manifest.json,v0.1-research-seed,categorical_comparison_supplied_uncertainty,,HDG-2026-P1-CAT-009__response-01.jpg,6,"[""REPRESENTATION_TYPE"", ""CATEGORY_IDENTITY"", ""Y_UNIT"", ""Y_SCALE"", ""PLOT_VALUES"", ""UNCERTAINTY_MARKS""]",independently_authored_synthetic_research_seed_unverified,embedded_trace_manifest,set_01
HDG-2026-P1-SER-009,external_challenge,trace_set,docs/research/hand_drawn_graph_corpus_2026_06_29/trace_sets/set_01,docs/research/hand_drawn_graph_corpus_2026_06_29/trace_sets/set_01/set_01_manifest.json,v0.1-research-seed,continuous_measured_series_supplied_uncertainty,,HDG-2026-P1-SER-009__response-01.jpg,8,"[""REPRESENTATION_TYPE"", ""X_UNIT"", ""Y_UNIT"", ""X_SCALE"", ""Y_SCALE"", ""PLOT_VALUES"", ""POINT_CONNECTION"", ""UNCERTAINTY_MARKS""]",independently_authored_synthetic_research_seed_unverified,embedded_trace_manifest,set_01
HDG-2026-P1-EST-009,external_challenge,trace_set,docs/research/hand_drawn_graph_corpus_2026_06_29/trace_sets/set_01,docs/research/hand_drawn_graph_corpus_2026_06_29/trace_sets/set_01/set_01_manifest.json,v0.1-research-seed,continuous_relationship_graph_derived_estimate,zero_intercept_estimate,HDG-2026-P1-EST-009__response-01.jpg,9,"[""REPRESENTATION_TYPE"", ""X_UNIT"", ""Y_UNIT"", ""X_SCALE"", ""Y_SCALE"", ""PLOT_VALUES"", ""BEST_FIT_RELATIONSHIP"", ""ZERO_INTERCEPT_ANNOTATION"", ""ESTIMATE_VALUE""]",independently_authored_synthetic_research_seed_unverified,embedded_trace_manifest,set_01
HDG-2026-P1-CAT-010,external_challenge,trace_set,docs/research/hand_drawn_graph_corpus_2026_06_29/trace_sets/set_01,docs/research/hand_drawn_graph_corpus_2026_06_29/trace_sets/set_01/set_01_manifest.json,v0.1-research-seed,categorical_comparison_supplied_uncertainty,,HDG-2026-P1-CAT-010__response-01.jpg,6,"[""REPRESENTATION_TYPE"", ""CATEGORY_IDENTITY"", ""Y_UNIT"", ""Y_SCALE"", ""PLOT_VALUES"", ""UNCERTAINTY_MARKS""]",independently_authored_synthetic_research_seed_unverified,embedded_trace_manifest,set_01
HDG-2026-P1-SER-010,external_challenge,trace_set,docs/research/hand_drawn_graph_corpus_2026_06_29/trace_sets/set_01,docs/research/hand_drawn_graph_corpus_2026_06_29/trace_sets/set_01/set_01_manifest.json,v0.1-research-seed,continuous_measured_series_supplied_uncertainty,,HDG-2026-P1-SER-010__response-01.jpg,8,"[""REPRESENTATION_TYPE"", ""X_UNIT"", ""Y_UNIT"", ""X_SCALE"", ""Y_SCALE"", ""PLOT_VALUES"", ""POINT_CONNECTION"", ""UNCERTAINTY_MARKS""]",independently_authored_synthetic_research_seed_unverified,embedded_trace_manifest,set_01
HDG-2026-P1-EST-010,external_challenge,trace_set,docs/research/hand_drawn_graph_corpus_2026_06_29/trace_sets/set_01,docs/research/hand_drawn_graph_corpus_2026_06_29/trace_sets/set_01/set_01_manifest.json,v0.1-research-seed,continuous_relationship_graph_derived_estimate,zero_intercept_estimate,HDG-2026-P1-EST-010__response-01.jpg,9,"[""REPRESENTATION_TYPE"", ""X_UNIT"", ""Y_UNIT"", ""X_SCALE"", ""Y_SCALE"", ""PLOT_VALUES"", ""BEST_FIT_RELATIONSHIP"", ""ZERO_INTERCEPT_ANNOTATION"", ""ESTIMATE_VALUE""]",independently_authored_synthetic_research_seed_unverified,embedded_trace_manifest,set_01
HDG-2026-P1-CAT-011,external_challenge,trace_set,docs/research/hand_drawn_graph_corpus_2026_06_29/trace_sets/set_01,docs/research/hand_drawn_graph_corpus_2026_06_29/trace_sets/set_01/set_01_manifest.json,v0.1-research-seed,categorical_comparison_supplied_uncertainty,,HDG-2026-P1-CAT-011__response-01.jpg,6,"[""REPRESENTATION_TYPE"", ""CATEGORY_IDENTITY"", ""Y_UNIT"", ""Y_SCALE"", ""PLOT_VALUES"", ""UNCERTAINTY_MARKS""]",independently_authored_synthetic_research_seed_unverified,embedded_trace_manifest,set_01
HDG-2026-P1-SER-011,external_challenge,trace_set,docs/research/hand_drawn_graph_corpus_2026_06_29/trace_sets/set_01,docs/research/hand_drawn_graph_corpus_2026_06_29/trace_sets/set_01/set_01_manifest.json,v0.1-research-seed,continuous_measured_series_supplied_uncertainty,,HDG-2026-P1-SER-011__response-01.jpg,8,"[""REPRESENTATION_TYPE"", ""X_UNIT"", ""Y_UNIT"", ""X_SCALE"", ""Y_SCALE"", ""PLOT_VALUES"", ""POINT_CONNECTION"", ""UNCERTAINTY_MARKS""]",independently_authored_synthetic_research_seed_unverified,embedded_trace_manifest,set_01
HDG-2026-P1-EST-011,external_challenge,trace_set,docs/research/hand_drawn_graph_corpus_2026_06_29/trace_sets/set_01,docs/research/hand_drawn_graph_corpus_2026_06_29/trace_sets/set_01/set_01_manifest.json,v0.1-research-seed,continuous_relationship_graph_derived_estimate,zero_intercept_estimate,HDG-2026-P1-EST-011__response-01.jpg,9,"[""REPRESENTATION_TYPE"", ""X_UNIT"", ""Y_UNIT"", ""X_SCALE"", ""Y_SCALE"", ""PLOT_VALUES"", ""BEST_FIT_RELATIONSHIP"", ""ZERO_INTERCEPT_ANNOTATION"", ""ESTIMATE_VALUE""]",independently_authored_synthetic_research_seed_unverified,embedded_trace_manifest,set_01
HDG-2026-P1-CAT-012,external_challenge,trace_set,docs/research/hand_drawn_graph_corpus_2026_06_29/trace_sets/set_01,docs/research/hand_drawn_graph_corpus_2026_06_29/trace_sets/set_01/set_01_manifest.json,v0.1-research-seed,categorical_comparison_supplied_uncertainty,,HDG-2026-P1-CAT-012__response-01.jpg,6,"[""REPRESENTATION_TYPE"", ""CATEGORY_IDENTITY"", ""Y_UNIT"", ""Y_SCALE"", ""PLOT_VALUES"", ""UNCERTAINTY_MARKS""]",independently_authored_synthetic_research_seed_unverified,embedded_trace_manifest,set_01
HDG-2026-P1-SER-012,external_challenge,trace_set,docs/research/hand_drawn_graph_corpus_2026_06_29/trace_sets/set_01,docs/research/hand_drawn_graph_corpus_2026_06_29/trace_sets/set_01/set_01_manifest.json,v0.1-research-seed,continuous_measured_series_supplied_uncertainty,,HDG-2026-P1-SER-012__response-01.jpg,8,"[""REPRESENTATION_TYPE"", ""X_UNIT"", ""Y_UNIT"", ""X_SCALE"", ""Y_SCALE"", ""PLOT_VALUES"", ""POINT_CONNECTION"", ""UNCERTAINTY_MARKS""]",independently_authored_synthetic_research_seed_unverified,embedded_trace_manifest,set_01
HDG-2026-P1-EST-012,external_challenge,trace_set,docs/research/hand_drawn_graph_corpus_2026_06_29/trace_sets/set_01,docs/research/hand_drawn_graph_corpus_2026_06_29/trace_sets/set_01/set_01_manifest.json,v0.1-research-seed,continuous_relationship_graph_derived_estimate,zero_intercept_estimate,HDG-2026-P1-EST-012__response-01.jpg,9,"[""REPRESENTATION_TYPE"", ""X_UNIT"", ""Y_UNIT"", ""X_SCALE"", ""Y_SCALE"", ""PLOT_VALUES"", ""BEST_FIT_RELATIONSHIP"", ""ZERO_INTERCEPT_ANNOTATION"", ""ESTIMATE_VALUE""]",independently_authored_synthetic_research_seed_unverified,embedded_trace_manifest,set_01
HDG-2026-P1-CAT-013,external_challenge,trace_set,docs/research/hand_drawn_graph_corpus_2026_06_29/trace_sets/set_01,docs/research/hand_drawn_graph_corpus_2026_06_29/trace_sets/set_01/set_01_manifest.json,v0.1-research-seed,categorical_comparison_supplied_uncertainty,,HDG-2026-P1-CAT-013__response-01.jpg,6,"[""REPRESENTATION_TYPE"", ""CATEGORY_IDENTITY"", ""Y_UNIT"", ""Y_SCALE"", ""PLOT_VALUES"", ""UNCERTAINTY_MARKS""]",independently_authored_synthetic_research_seed_unverified,embedded_trace_manifest,set_01
HDG-2026-P1-SER-013,external_challenge,trace_set,docs/research/hand_drawn_graph_corpus_2026_06_29/trace_sets/set_01,docs/research/hand_drawn_graph_corpus_2026_06_29/trace_sets/set_01/set_01_manifest.json,v0.1-research-seed,continuous_measured_series_supplied_uncertainty,,HDG-2026-P1-SER-013__response-01.jpg,8,"[""REPRESENTATION_TYPE"", ""X_UNIT"", ""Y_UNIT"", ""X_SCALE"", ""Y_SCALE"", ""PLOT_VALUES"", ""POINT_CONNECTION"", ""UNCERTAINTY_MARKS""]",independently_authored_synthetic_research_seed_unverified,embedded_trace_manifest,set_01
HDG-2026-P1-EST-013,external_challenge,trace_set,docs/research/hand_drawn_graph_corpus_2026_06_29/trace_sets/set_01,docs/research/hand_drawn_graph_corpus_2026_06_29/trace_sets/set_01/set_01_manifest.json,v0.1-research-seed,continuous_relationship_graph_derived_estimate,zero_intercept_estimate,HDG-2026-P1-EST-013__response-01.jpg,9,"[""REPRESENTATION_TYPE"", ""X_UNIT"", ""Y_UNIT"", ""X_SCALE"", ""Y_SCALE"", ""PLOT_VALUES"", ""BEST_FIT_RELATIONSHIP"", ""ZERO_INTERCEPT_ANNOTATION"", ""ESTIMATE_VALUE""]",independently_authored_synthetic_research_seed_unverified,embedded_trace_manifest,set_01
HDG-2026-P1-CAT-014,external_challenge,trace_set,docs/research/hand_drawn_graph_corpus_2026_06_29/trace_sets/set_01,docs/research/hand_drawn_graph_corpus_2026_06_29/trace_sets/set_01/set_01_manifest.json,v0.1-research-seed,categorical_comparison_supplied_uncertainty,,HDG-2026-P1-CAT-014__response-01.jpg,6,"[""REPRESENTATION_TYPE"", ""CATEGORY_IDENTITY"", ""Y_UNIT"", ""Y_SCALE"", ""PLOT_VALUES"", ""UNCERTAINTY_MARKS""]",independently_authored_synthetic_research_seed_unverified,embedded_trace_manifest,set_01
HDG-2026-P1-SER-014,external_challenge,trace_set,docs/research/hand_drawn_graph_corpus_2026_06_29/trace_sets/set_01,docs/research/hand_drawn_graph_corpus_2026_06_29/trace_sets/set_01/set_01_manifest.json,v0.1-research-seed,continuous_measured_series_supplied_uncertainty,,HDG-2026-P1-SER-014__response-01.jpg,8,"[""REPRESENTATION_TYPE"", ""X_UNIT"", ""Y_UNIT"", ""X_SCALE"", ""Y_SCALE"", ""PLOT_VALUES"", ""POINT_CONNECTION"", ""UNCERTAINTY_MARKS""]",independently_authored_synthetic_research_seed_unverified,embedded_trace_manifest,set_01
HDG-2026-P1-EST-014,external_challenge,trace_set,docs/research/hand_drawn_graph_corpus_2026_06_29/trace_sets/set_01,docs/research/hand_drawn_graph_corpus_2026_06_29/trace_sets/set_01/set_01_manifest.json,v0.1-research-seed,continuous_relationship_graph_derived_estimate,zero_intercept_estimate,HDG-2026-P1-EST-014__response-01.jpg,9,"[""REPRESENTATION_TYPE"", ""X_UNIT"", ""Y_UNIT"", ""X_SCALE"", ""Y_SCALE"", ""PLOT_VALUES"", ""BEST_FIT_RELATIONSHIP"", ""ZERO_INTERCEPT_ANNOTATION"", ""ESTIMATE_VALUE""]",independently_authored_synthetic_research_seed_unverified,embedded_trace_manifest,set_01
HDG-2026-P1-CAT-015,external_challenge,trace_set,docs/research/hand_drawn_graph_corpus_2026_06_29/trace_sets/set_01,docs/research/hand_drawn_graph_corpus_2026_06_29/trace_sets/set_01/set_01_manifest.json,v0.1-research-seed,categorical_comparison_supplied_uncertainty,,HDG-2026-P1-CAT-015__response-01.jpg,6,"[""REPRESENTATION_TYPE"", ""CATEGORY_IDENTITY"", ""Y_UNIT"", ""Y_SCALE"", ""PLOT_VALUES"", ""UNCERTAINTY_MARKS""]",independently_authored_synthetic_research_seed_unverified,embedded_trace_manifest,set_01
HDG-2026-P1-SER-015,external_challenge,trace_set,docs/research/hand_drawn_graph_corpus_2026_06_29/trace_sets/set_01,docs/research/hand_drawn_graph_corpus_2026_06_29/trace_sets/set_01/set_01_manifest.json,v0.1-research-seed,continuous_measured_series_supplied_uncertainty,,HDG-2026-P1-SER-015__response-01.jpg,8,"[""REPRESENTATION_TYPE"", ""X_UNIT"", ""Y_UNIT"", ""X_SCALE"", ""Y_SCALE"", ""PLOT_VALUES"", ""POINT_CONNECTION"", ""UNCERTAINTY_MARKS""]",independently_authored_synthetic_research_seed_unverified,embedded_trace_manifest,set_01
HDG-2026-P1-EST-015,external_challenge,trace_set,docs/research/hand_drawn_graph_corpus_2026_06_29/trace_sets/set_01,docs/research/hand_drawn_graph_corpus_2026_06_29/trace_sets/set_01/set_01_manifest.json,v0.1-research-seed,continuous_relationship_graph_derived_estimate,zero_intercept_estimate,HDG-2026-P1-EST-015__response-01.jpg,9,"[""REPRESENTATION_TYPE"", ""X_UNIT"", ""Y_UNIT"", ""X_SCALE"", ""Y_SCALE"", ""PLOT_VALUES"", ""BEST_FIT_RELATIONSHIP"", ""ZERO_INTERCEPT_ANNOTATION"", ""ESTIMATE_VALUE""]",independently_authored_synthetic_research_seed_unverified,embedded_trace_manifest,set_01
HDG-2026-P1-CAT-016,external_challenge,trace_set,docs/research/hand_drawn_graph_corpus_2026_06_29/trace_sets/set_01,docs/research/hand_drawn_graph_corpus_2026_06_29/trace_sets/set_01/set_01_manifest.json,v0.1-research-seed,categorical_comparison_supplied_uncertainty,,HDG-2026-P1-CAT-016__response-01.jpg,6,"[""REPRESENTATION_TYPE"", ""CATEGORY_IDENTITY"", ""Y_UNIT"", ""Y_SCALE"", ""PLOT_VALUES"", ""UNCERTAINTY_MARKS""]",independently_authored_synthetic_research_seed_unverified,embedded_trace_manifest,set_01
HDG-2026-P1-SER-016,external_challenge,trace_set,docs/research/hand_drawn_graph_corpus_2026_06_29/trace_sets/set_01,docs/research/hand_drawn_graph_corpus_2026_06_29/trace_sets/set_01/set_01_manifest.json,v0.1-research-seed,continuous_measured_series_supplied_uncertainty,,HDG-2026-P1-SER-016__response-01.jpg,8,"[""REPRESENTATION_TYPE"", ""X_UNIT"", ""Y_UNIT"", ""X_SCALE"", ""Y_SCALE"", ""PLOT_VALUES"", ""POINT_CONNECTION"", ""UNCERTAINTY_MARKS""]",independently_authored_synthetic_research_seed_unverified,embedded_trace_manifest,set_01
HDG-2026-P1-EST-016,external_challenge,trace_set,docs/research/hand_drawn_graph_corpus_2026_06_29/trace_sets/set_01,docs/research/hand_drawn_graph_corpus_2026_06_29/trace_sets/set_01/set_01_manifest.json,v0.1-research-seed,continuous_relationship_graph_derived_estimate,zero_intercept_estimate,HDG-2026-P1-EST-016__response-01.jpg,9,"[""REPRESENTATION_TYPE"", ""X_UNIT"", ""Y_UNIT"", ""X_SCALE"", ""Y_SCALE"", ""PLOT_VALUES"", ""BEST_FIT_RELATIONSHIP"", ""ZERO_INTERCEPT_ANNOTATION"", ""ESTIMATE_VALUE""]",independently_authored_synthetic_research_seed_unverified,embedded_trace_manifest,set_01
HDG-2026-P1-CAT-017,external_challenge,trace_set,docs/research/hand_drawn_graph_corpus_2026_06_29/trace_sets/set_01,docs/research/hand_drawn_graph_corpus_2026_06_29/trace_sets/set_01/set_01_manifest.json,v0.1-research-seed,categorical_comparison_supplied_uncertainty,,HDG-2026-P1-CAT-017__response-01.jpg,6,"[""REPRESENTATION_TYPE"", ""CATEGORY_IDENTITY"", ""Y_UNIT"", ""Y_SCALE"", ""PLOT_VALUES"", ""UNCERTAINTY_MARKS""]",independently_authored_synthetic_research_seed_unverified,embedded_trace_manifest,set_01
HDG-2026-P1-SER-017,external_challenge,trace_set,docs/research/hand_drawn_graph_corpus_2026_06_29/trace_sets/set_01,docs/research/hand_drawn_graph_corpus_2026_06_29/trace_sets/set_01/set_01_manifest.json,v0.1-research-seed,continuous_measured_series_supplied_uncertainty,,HDG-2026-P1-SER-017__response-01.jpg,8,"[""REPRESENTATION_TYPE"", ""X_UNIT"", ""Y_UNIT"", ""X_SCALE"", ""Y_SCALE"", ""PLOT_VALUES"", ""POINT_CONNECTION"", ""UNCERTAINTY_MARKS""]",independently_authored_synthetic_research_seed_unverified,embedded_trace_manifest,set_01
HDG-2026-P1-CAT-018,external_challenge,trace_set,docs/research/hand_drawn_graph_corpus_2026_06_29/trace_sets/set_02,docs/research/hand_drawn_graph_corpus_2026_06_29/trace_sets/set_02/set_02_manifest.json,v0.1-research-seed,categorical_comparison_supplied_uncertainty,,HDG-2026-P1-CAT-018__response-01.jpg,6,"[""REPRESENTATION_TYPE"", ""CATEGORY_IDENTITY"", ""Y_UNIT"", ""Y_SCALE"", ""PLOT_VALUES"", ""UNCERTAINTY_MARKS""]",independently_authored_synthetic_research_seed_unverified,embedded_trace_manifest,set_02
HDG-2026-P1-SER-018,external_challenge,trace_set,docs/research/hand_drawn_graph_corpus_2026_06_29/trace_sets/set_02,docs/research/hand_drawn_graph_corpus_2026_06_29/trace_sets/set_02/set_02_manifest.json,v0.1-research-seed,continuous_measured_series_supplied_uncertainty,,HDG-2026-P1-SER-018__response-01.jpg,8,"[""REPRESENTATION_TYPE"", ""X_UNIT"", ""Y_UNIT"", ""X_SCALE"", ""Y_SCALE"", ""PLOT_VALUES"", ""POINT_CONNECTION"", ""UNCERTAINTY_MARKS""]",independently_authored_synthetic_research_seed_unverified,embedded_trace_manifest,set_02
HDG-2026-P1-EST-017,external_challenge,trace_set,docs/research/hand_drawn_graph_corpus_2026_06_29/trace_sets/set_02,docs/research/hand_drawn_graph_corpus_2026_06_29/trace_sets/set_02/set_02_manifest.json,v0.1-research-seed,continuous_relationship_graph_derived_estimate,zero_intercept_estimate,HDG-2026-P1-EST-017__response-01.jpg,9,"[""REPRESENTATION_TYPE"", ""X_UNIT"", ""Y_UNIT"", ""X_SCALE"", ""Y_SCALE"", ""PLOT_VALUES"", ""BEST_FIT_RELATIONSHIP"", ""ZERO_INTERCEPT_ANNOTATION"", ""ESTIMATE_VALUE""]",independently_authored_synthetic_research_seed_unverified,embedded_trace_manifest,set_02
HDG-2026-P1-CAT-019,external_challenge,trace_set,docs/research/hand_drawn_graph_corpus_2026_06_29/trace_sets/set_02,docs/research/hand_drawn_graph_corpus_2026_06_29/trace_sets/set_02/set_02_manifest.json,v0.1-research-seed,categorical_comparison_supplied_uncertainty,,HDG-2026-P1-CAT-019__response-01.jpg,6,"[""REPRESENTATION_TYPE"", ""CATEGORY_IDENTITY"", ""Y_UNIT"", ""Y_SCALE"", ""PLOT_VALUES"", ""UNCERTAINTY_MARKS""]",independently_authored_synthetic_research_seed_unverified,embedded_trace_manifest,set_02
HDG-2026-P1-SER-019,external_challenge,trace_set,docs/research/hand_drawn_graph_corpus_2026_06_29/trace_sets/set_02,docs/research/hand_drawn_graph_corpus_2026_06_29/trace_sets/set_02/set_02_manifest.json,v0.1-research-seed,continuous_measured_series_supplied_uncertainty,,HDG-2026-P1-SER-019__response-01.jpg,8,"[""REPRESENTATION_TYPE"", ""X_UNIT"", ""Y_UNIT"", ""X_SCALE"", ""Y_SCALE"", ""PLOT_VALUES"", ""POINT_CONNECTION"", ""UNCERTAINTY_MARKS""]",independently_authored_synthetic_research_seed_unverified,embedded_trace_manifest,set_02
HDG-2026-P1-EST-018,external_challenge,trace_set,docs/research/hand_drawn_graph_corpus_2026_06_29/trace_sets/set_02,docs/research/hand_drawn_graph_corpus_2026_06_29/trace_sets/set_02/set_02_manifest.json,v0.1-research-seed,continuous_relationship_graph_derived_estimate,zero_intercept_estimate,HDG-2026-P1-EST-018__response-01.jpg,9,"[""REPRESENTATION_TYPE"", ""X_UNIT"", ""Y_UNIT"", ""X_SCALE"", ""Y_SCALE"", ""PLOT_VALUES"", ""BEST_FIT_RELATIONSHIP"", ""ZERO_INTERCEPT_ANNOTATION"", ""ESTIMATE_VALUE""]",independently_authored_synthetic_research_seed_unverified,embedded_trace_manifest,set_02
HDG-2026-P1-CAT-020,external_challenge,trace_set,docs/research/hand_drawn_graph_corpus_2026_06_29/trace_sets/set_02,docs/research/hand_drawn_graph_corpus_2026_06_29/trace_sets/set_02/set_02_manifest.json,v0.1-research-seed,categorical_comparison_supplied_uncertainty,,HDG-2026-P1-CAT-020__response-01.jpg,6,"[""REPRESENTATION_TYPE"", ""CATEGORY_IDENTITY"", ""Y_UNIT"", ""Y_SCALE"", ""PLOT_VALUES"", ""UNCERTAINTY_MARKS""]",independently_authored_synthetic_research_seed_unverified,embedded_trace_manifest,set_02
HDG-2026-P1-SER-020,external_challenge,trace_set,docs/research/hand_drawn_graph_corpus_2026_06_29/trace_sets/set_02,docs/research/hand_drawn_graph_corpus_2026_06_29/trace_sets/set_02/set_02_manifest.json,v0.1-research-seed,continuous_measured_series_supplied_uncertainty,,HDG-2026-P1-SER-020__response-01.jpg,8,"[""REPRESENTATION_TYPE"", ""X_UNIT"", ""Y_UNIT"", ""X_SCALE"", ""Y_SCALE"", ""PLOT_VALUES"", ""POINT_CONNECTION"", ""UNCERTAINTY_MARKS""]",independently_authored_synthetic_research_seed_unverified,embedded_trace_manifest,set_02
HDG-2026-P1-EST-019,external_challenge,trace_set,docs/research/hand_drawn_graph_corpus_2026_06_29/trace_sets/set_02,docs/research/hand_drawn_graph_corpus_2026_06_29/trace_sets/set_02/set_02_manifest.json,v0.1-research-seed,continuous_relationship_graph_derived_estimate,zero_intercept_estimate,HDG-2026-P1-EST-019__response-01.jpg,9,"[""REPRESENTATION_TYPE"", ""X_UNIT"", ""Y_UNIT"", ""X_SCALE"", ""Y_SCALE"", ""PLOT_VALUES"", ""BEST_FIT_RELATIONSHIP"", ""ZERO_INTERCEPT_ANNOTATION"", ""ESTIMATE_VALUE""]",independently_authored_synthetic_research_seed_unverified,embedded_trace_manifest,set_02
HDG-2026-P1-CAT-021,external_challenge,trace_set,docs/research/hand_drawn_graph_corpus_2026_06_29/trace_sets/set_02,docs/research/hand_drawn_graph_corpus_2026_06_29/trace_sets/set_02/set_02_manifest.json,v0.1-research-seed,categorical_comparison_supplied_uncertainty,,HDG-2026-P1-CAT-021__response-01.jpg,6,"[""REPRESENTATION_TYPE"", ""CATEGORY_IDENTITY"", ""Y_UNIT"", ""Y_SCALE"", ""PLOT_VALUES"", ""UNCERTAINTY_MARKS""]",independently_authored_synthetic_research_seed_unverified,embedded_trace_manifest,set_02
HDG-2026-P1-SER-021,external_challenge,trace_set,docs/research/hand_drawn_graph_corpus_2026_06_29/trace_sets/set_02,docs/research/hand_drawn_graph_corpus_2026_06_29/trace_sets/set_02/set_02_manifest.json,v0.1-research-seed,continuous_measured_series_supplied_uncertainty,,HDG-2026-P1-SER-021__response-01.jpg,8,"[""REPRESENTATION_TYPE"", ""X_UNIT"", ""Y_UNIT"", ""X_SCALE"", ""Y_SCALE"", ""PLOT_VALUES"", ""POINT_CONNECTION"", ""UNCERTAINTY_MARKS""]",independently_authored_synthetic_research_seed_unverified,embedded_trace_manifest,set_02
HDG-2026-P1-EST-020,external_challenge,trace_set,docs/research/hand_drawn_graph_corpus_2026_06_29/trace_sets/set_02,docs/research/hand_drawn_graph_corpus_2026_06_29/trace_sets/set_02/set_02_manifest.json,v0.1-research-seed,continuous_relationship_graph_derived_estimate,zero_intercept_estimate,HDG-2026-P1-EST-020__response-01.jpg,9,"[""REPRESENTATION_TYPE"", ""X_UNIT"", ""Y_UNIT"", ""X_SCALE"", ""Y_SCALE"", ""PLOT_VALUES"", ""BEST_FIT_RELATIONSHIP"", ""ZERO_INTERCEPT_ANNOTATION"", ""ESTIMATE_VALUE""]",independently_authored_synthetic_research_seed_unverified,embedded_trace_manifest,set_02
HDG-2026-P1-CAT-022,external_challenge,trace_set,docs/research/hand_drawn_graph_corpus_2026_06_29/trace_sets/set_02,docs/research/hand_drawn_graph_corpus_2026_06_29/trace_sets/set_02/set_02_manifest.json,v0.1-research-seed,categorical_comparison_supplied_uncertainty,,HDG-2026-P1-CAT-022__response-01.jpg,6,"[""REPRESENTATION_TYPE"", ""CATEGORY_IDENTITY"", ""Y_UNIT"", ""Y_SCALE"", ""PLOT_VALUES"", ""UNCERTAINTY_MARKS""]",independently_authored_synthetic_research_seed_unverified,embedded_trace_manifest,set_02
HDG-2026-P1-SER-022,external_challenge,trace_set,docs/research/hand_drawn_graph_corpus_2026_06_29/trace_sets/set_02,docs/research/hand_drawn_graph_corpus_2026_06_29/trace_sets/set_02/set_02_manifest.json,v0.1-research-seed,continuous_measured_series_supplied_uncertainty,,HDG-2026-P1-SER-022__response-01.jpg,8,"[""REPRESENTATION_TYPE"", ""X_UNIT"", ""Y_UNIT"", ""X_SCALE"", ""Y_SCALE"", ""PLOT_VALUES"", ""POINT_CONNECTION"", ""UNCERTAINTY_MARKS""]",independently_authored_synthetic_research_seed_unverified,embedded_trace_manifest,set_02
HDG-2026-P1-EST-021,external_challenge,trace_set,docs/research/hand_drawn_graph_corpus_2026_06_29/trace_sets/set_02,docs/research/hand_drawn_graph_corpus_2026_06_29/trace_sets/set_02/set_02_manifest.json,v0.1-research-seed,continuous_relationship_graph_derived_estimate,zero_intercept_estimate,HDG-2026-P1-EST-021__response-01.jpg,9,"[""REPRESENTATION_TYPE"", ""X_UNIT"", ""Y_UNIT"", ""X_SCALE"", ""Y_SCALE"", ""PLOT_VALUES"", ""BEST_FIT_RELATIONSHIP"", ""ZERO_INTERCEPT_ANNOTATION"", ""ESTIMATE_VALUE""]",independently_authored_synthetic_research_seed_unverified,embedded_trace_manifest,set_02
HDG-2026-P1-CAT-023,external_challenge,trace_set,docs/research/hand_drawn_graph_corpus_2026_06_29/trace_sets/set_02,docs/research/hand_drawn_graph_corpus_2026_06_29/trace_sets/set_02/set_02_manifest.json,v0.1-research-seed,categorical_comparison_supplied_uncertainty,,HDG-2026-P1-CAT-023__response-01.jpg,6,"[""REPRESENTATION_TYPE"", ""CATEGORY_IDENTITY"", ""Y_UNIT"", ""Y_SCALE"", ""PLOT_VALUES"", ""UNCERTAINTY_MARKS""]",independently_authored_synthetic_research_seed_unverified,embedded_trace_manifest,set_02
HDG-2026-P1-SER-023,external_challenge,trace_set,docs/research/hand_drawn_graph_corpus_2026_06_29/trace_sets/set_02,docs/research/hand_drawn_graph_corpus_2026_06_29/trace_sets/set_02/set_02_manifest.json,v0.1-research-seed,continuous_measured_series_supplied_uncertainty,,HDG-2026-P1-SER-023__response-01.jpg,8,"[""REPRESENTATION_TYPE"", ""X_UNIT"", ""Y_UNIT"", ""X_SCALE"", ""Y_SCALE"", ""PLOT_VALUES"", ""POINT_CONNECTION"", ""UNCERTAINTY_MARKS""]",independently_authored_synthetic_research_seed_unverified,embedded_trace_manifest,set_02
HDG-2026-P1-EST-022,external_challenge,trace_set,docs/research/hand_drawn_graph_corpus_2026_06_29/trace_sets/set_02,docs/research/hand_drawn_graph_corpus_2026_06_29/trace_sets/set_02/set_02_manifest.json,v0.1-research-seed,continuous_relationship_graph_derived_estimate,zero_intercept_estimate,HDG-2026-P1-EST-022__response-01.jpg,9,"[""REPRESENTATION_TYPE"", ""X_UNIT"", ""Y_UNIT"", ""X_SCALE"", ""Y_SCALE"", ""PLOT_VALUES"", ""BEST_FIT_RELATIONSHIP"", ""ZERO_INTERCEPT_ANNOTATION"", ""ESTIMATE_VALUE""]",independently_authored_synthetic_research_seed_unverified,embedded_trace_manifest,set_02
HDG-2026-P1-CAT-024,external_challenge,trace_set,docs/research/hand_drawn_graph_corpus_2026_06_29/trace_sets/set_02,docs/research/hand_drawn_graph_corpus_2026_06_29/trace_sets/set_02/set_02_manifest.json,v0.1-research-seed,categorical_comparison_supplied_uncertainty,,HDG-2026-P1-CAT-024__response-01.jpg,6,"[""REPRESENTATION_TYPE"", ""CATEGORY_IDENTITY"", ""Y_UNIT"", ""Y_SCALE"", ""PLOT_VALUES"", ""UNCERTAINTY_MARKS""]",independently_authored_synthetic_research_seed_unverified,embedded_trace_manifest,set_02
HDG-2026-P1-SER-024,external_challenge,trace_set,docs/research/hand_drawn_graph_corpus_2026_06_29/trace_sets/set_02,docs/research/hand_drawn_graph_corpus_2026_06_29/trace_sets/set_02/set_02_manifest.json,v0.1-research-seed,continuous_measured_series_supplied_uncertainty,,HDG-2026-P1-SER-024__response-01.jpg,8,"[""REPRESENTATION_TYPE"", ""X_UNIT"", ""Y_UNIT"", ""X_SCALE"", ""Y_SCALE"", ""PLOT_VALUES"", ""POINT_CONNECTION"", ""UNCERTAINTY_MARKS""]",independently_authored_synthetic_research_seed_unverified,embedded_trace_manifest,set_02
HDG-2026-P1-EST-023,external_challenge,trace_set,docs/research/hand_drawn_graph_corpus_2026_06_29/trace_sets/set_02,docs/research/hand_drawn_graph_corpus_2026_06_29/trace_sets/set_02/set_02_manifest.json,v0.1-research-seed,continuous_relationship_graph_derived_estimate,zero_intercept_estimate,HDG-2026-P1-EST-023__response-01.jpg,9,"[""REPRESENTATION_TYPE"", ""X_UNIT"", ""Y_UNIT"", ""X_SCALE"", ""Y_SCALE"", ""PLOT_VALUES"", ""BEST_FIT_RELATIONSHIP"", ""ZERO_INTERCEPT_ANNOTATION"", ""ESTIMATE_VALUE""]",independently_authored_synthetic_research_seed_unverified,embedded_trace_manifest,set_02
HDG-2026-P1-CAT-025,external_challenge,trace_set,docs/research/hand_drawn_graph_corpus_2026_06_29/trace_sets/set_02,docs/research/hand_drawn_graph_corpus_2026_06_29/trace_sets/set_02/set_02_manifest.json,v0.1-research-seed,categorical_comparison_supplied_uncertainty,,HDG-2026-P1-CAT-025__response-01.jpg,6,"[""REPRESENTATION_TYPE"", ""CATEGORY_IDENTITY"", ""Y_UNIT"", ""Y_SCALE"", ""PLOT_VALUES"", ""UNCERTAINTY_MARKS""]",independently_authored_synthetic_research_seed_unverified,embedded_trace_manifest,set_02
HDG-2026-P1-SER-025,external_challenge,trace_set,docs/research/hand_drawn_graph_corpus_2026_06_29/trace_sets/set_02,docs/research/hand_drawn_graph_corpus_2026_06_29/trace_sets/set_02/set_02_manifest.json,v0.1-research-seed,continuous_measured_series_supplied_uncertainty,,HDG-2026-P1-SER-025__response-01.jpg,8,"[""REPRESENTATION_TYPE"", ""X_UNIT"", ""Y_UNIT"", ""X_SCALE"", ""Y_SCALE"", ""PLOT_VALUES"", ""POINT_CONNECTION"", ""UNCERTAINTY_MARKS""]",independently_authored_synthetic_research_seed_unverified,embedded_trace_manifest,set_02
HDG-2026-P1-EST-024,external_challenge,trace_set,docs/research/hand_drawn_graph_corpus_2026_06_29/trace_sets/set_02,docs/research/hand_drawn_graph_corpus_2026_06_29/trace_sets/set_02/set_02_manifest.json,v0.1-research-seed,continuous_relationship_graph_derived_estimate,zero_intercept_estimate,HDG-2026-P1-EST-024__response-01.jpg,9,"[""REPRESENTATION_TYPE"", ""X_UNIT"", ""Y_UNIT"", ""X_SCALE"", ""Y_SCALE"", ""PLOT_VALUES"", ""BEST_FIT_RELATIONSHIP"", ""ZERO_INTERCEPT_ANNOTATION"", ""ESTIMATE_VALUE""]",independently_authored_synthetic_research_seed_unverified,embedded_trace_manifest,set_02
HDG-2026-P1-CAT-026,external_challenge,trace_set,docs/research/hand_drawn_graph_corpus_2026_06_29/trace_sets/set_02,docs/research/hand_drawn_graph_corpus_2026_06_29/trace_sets/set_02/set_02_manifest.json,v0.1-research-seed,categorical_comparison_supplied_uncertainty,,HDG-2026-P1-CAT-026__response-01.jpg,6,"[""REPRESENTATION_TYPE"", ""CATEGORY_IDENTITY"", ""Y_UNIT"", ""Y_SCALE"", ""PLOT_VALUES"", ""UNCERTAINTY_MARKS""]",independently_authored_synthetic_research_seed_unverified,embedded_trace_manifest,set_02
HDG-2026-P1-SER-026,external_challenge,trace_set,docs/research/hand_drawn_graph_corpus_2026_06_29/trace_sets/set_02,docs/research/hand_drawn_graph_corpus_2026_06_29/trace_sets/set_02/set_02_manifest.json,v0.1-research-seed,continuous_measured_series_supplied_uncertainty,,HDG-2026-P1-SER-026__response-01.jpg,8,"[""REPRESENTATION_TYPE"", ""X_UNIT"", ""Y_UNIT"", ""X_SCALE"", ""Y_SCALE"", ""PLOT_VALUES"", ""POINT_CONNECTION"", ""UNCERTAINTY_MARKS""]",independently_authored_synthetic_research_seed_unverified,embedded_trace_manifest,set_02
HDG-2026-P1-EST-025,external_challenge,trace_set,docs/research/hand_drawn_graph_corpus_2026_06_29/trace_sets/set_02,docs/research/hand_drawn_graph_corpus_2026_06_29/trace_sets/set_02/set_02_manifest.json,v0.1-research-seed,continuous_relationship_graph_derived_estimate,zero_intercept_estimate,HDG-2026-P1-EST-025__response-01.jpg,9,"[""REPRESENTATION_TYPE"", ""X_UNIT"", ""Y_UNIT"", ""X_SCALE"", ""Y_SCALE"", ""PLOT_VALUES"", ""BEST_FIT_RELATIONSHIP"", ""ZERO_INTERCEPT_ANNOTATION"", ""ESTIMATE_VALUE""]",independently_authored_synthetic_research_seed_unverified,embedded_trace_manifest,set_02
HDG-2026-P1-CAT-027,external_challenge,trace_set,docs/research/hand_drawn_graph_corpus_2026_06_29/trace_sets/set_02,docs/research/hand_drawn_graph_corpus_2026_06_29/trace_sets/set_02/set_02_manifest.json,v0.1-research-seed,categorical_comparison_supplied_uncertainty,,HDG-2026-P1-CAT-027__response-01.jpg,6,"[""REPRESENTATION_TYPE"", ""CATEGORY_IDENTITY"", ""Y_UNIT"", ""Y_SCALE"", ""PLOT_VALUES"", ""UNCERTAINTY_MARKS""]",independently_authored_synthetic_research_seed_unverified,embedded_trace_manifest,set_02
HDG-2026-P1-SER-027,external_challenge,trace_set,docs/research/hand_drawn_graph_corpus_2026_06_29/trace_sets/set_02,docs/research/hand_drawn_graph_corpus_2026_06_29/trace_sets/set_02/set_02_manifest.json,v0.1-research-seed,continuous_measured_series_supplied_uncertainty,,HDG-2026-P1-SER-027__response-01.jpg,8,"[""REPRESENTATION_TYPE"", ""X_UNIT"", ""Y_UNIT"", ""X_SCALE"", ""Y_SCALE"", ""PLOT_VALUES"", ""POINT_CONNECTION"", ""UNCERTAINTY_MARKS""]",independently_authored_synthetic_research_seed_unverified,embedded_trace_manifest,set_02
HDG-2026-P1-EST-026,external_challenge,trace_set,docs/research/hand_drawn_graph_corpus_2026_06_29/trace_sets/set_02,docs/research/hand_drawn_graph_corpus_2026_06_29/trace_sets/set_02/set_02_manifest.json,v0.1-research-seed,continuous_relationship_graph_derived_estimate,plateau_estimate,HDG-2026-P1-EST-026__response-01.jpg,9,"[""REPRESENTATION_TYPE"", ""X_UNIT"", ""Y_UNIT"", ""X_SCALE"", ""Y_SCALE"", ""PLOT_VALUES"", ""BEST_FIT_RELATIONSHIP"", ""PLATEAU_ANNOTATION"", ""ESTIMATE_VALUE""]",independently_authored_synthetic_research_seed_unverified,embedded_trace_manifest,set_02
HDG-2026-P1-CAT-028,external_challenge,trace_set,docs/research/hand_drawn_graph_corpus_2026_06_29/trace_sets/set_02,docs/research/hand_drawn_graph_corpus_2026_06_29/trace_sets/set_02/set_02_manifest.json,v0.1-research-seed,categorical_comparison_supplied_uncertainty,,HDG-2026-P1-CAT-028__response-01.jpg,6,"[""REPRESENTATION_TYPE"", ""CATEGORY_IDENTITY"", ""Y_UNIT"", ""Y_SCALE"", ""PLOT_VALUES"", ""UNCERTAINTY_MARKS""]",independently_authored_synthetic_research_seed_unverified,embedded_trace_manifest,set_02
HDG-2026-P1-SER-028,external_challenge,trace_set,docs/research/hand_drawn_graph_corpus_2026_06_29/trace_sets/set_02,docs/research/hand_drawn_graph_corpus_2026_06_29/trace_sets/set_02/set_02_manifest.json,v0.1-research-seed,continuous_measured_series_supplied_uncertainty,,HDG-2026-P1-SER-028__response-01.jpg,8,"[""REPRESENTATION_TYPE"", ""X_UNIT"", ""Y_UNIT"", ""X_SCALE"", ""Y_SCALE"", ""PLOT_VALUES"", ""POINT_CONNECTION"", ""UNCERTAINTY_MARKS""]",independently_authored_synthetic_research_seed_unverified,embedded_trace_manifest,set_02
HDG-2026-P1-EST-027,external_challenge,trace_set,docs/research/hand_drawn_graph_corpus_2026_06_29/trace_sets/set_02,docs/research/hand_drawn_graph_corpus_2026_06_29/trace_sets/set_02/set_02_manifest.json,v0.1-research-seed,continuous_relationship_graph_derived_estimate,plateau_estimate,HDG-2026-P1-EST-027__response-01.jpg,9,"[""REPRESENTATION_TYPE"", ""X_UNIT"", ""Y_UNIT"", ""X_SCALE"", ""Y_SCALE"", ""PLOT_VALUES"", ""BEST_FIT_RELATIONSHIP"", ""PLATEAU_ANNOTATION"", ""ESTIMATE_VALUE""]",independently_authored_synthetic_research_seed_unverified,embedded_trace_manifest,set_02
HDG-2026-P1-CAT-029,external_challenge,trace_set,docs/research/hand_drawn_graph_corpus_2026_06_29/trace_sets/set_02,docs/research/hand_drawn_graph_corpus_2026_06_29/trace_sets/set_02/set_02_manifest.json,v0.1-research-seed,categorical_comparison_supplied_uncertainty,,HDG-2026-P1-CAT-029__response-01.jpg,6,"[""REPRESENTATION_TYPE"", ""CATEGORY_IDENTITY"", ""Y_UNIT"", ""Y_SCALE"", ""PLOT_VALUES"", ""UNCERTAINTY_MARKS""]",independently_authored_synthetic_research_seed_unverified,embedded_trace_manifest,set_02
HDG-2026-P1-SER-029,external_challenge,trace_set,docs/research/hand_drawn_graph_corpus_2026_06_29/trace_sets/set_02,docs/research/hand_drawn_graph_corpus_2026_06_29/trace_sets/set_02/set_02_manifest.json,v0.1-research-seed,continuous_measured_series_supplied_uncertainty,,HDG-2026-P1-SER-029__response-01.jpg,8,"[""REPRESENTATION_TYPE"", ""X_UNIT"", ""Y_UNIT"", ""X_SCALE"", ""Y_SCALE"", ""PLOT_VALUES"", ""POINT_CONNECTION"", ""UNCERTAINTY_MARKS""]",independently_authored_synthetic_research_seed_unverified,embedded_trace_manifest,set_02
HDG-2026-P1-EST-028,external_challenge,trace_set,docs/research/hand_drawn_graph_corpus_2026_06_29/trace_sets/set_02,docs/research/hand_drawn_graph_corpus_2026_06_29/trace_sets/set_02/set_02_manifest.json,v0.1-research-seed,continuous_relationship_graph_derived_estimate,plateau_estimate,HDG-2026-P1-EST-028__response-01.jpg,9,"[""REPRESENTATION_TYPE"", ""X_UNIT"", ""Y_UNIT"", ""X_SCALE"", ""Y_SCALE"", ""PLOT_VALUES"", ""BEST_FIT_RELATIONSHIP"", ""PLATEAU_ANNOTATION"", ""ESTIMATE_VALUE""]",independently_authored_synthetic_research_seed_unverified,embedded_trace_manifest,set_02
HDG-2026-P1-CAT-030,external_challenge,trace_set,docs/research/hand_drawn_graph_corpus_2026_06_29/trace_sets/set_02,docs/research/hand_drawn_graph_corpus_2026_06_29/trace_sets/set_02/set_02_manifest.json,v0.1-research-seed,categorical_comparison_supplied_uncertainty,,HDG-2026-P1-CAT-030__response-01.jpg,6,"[""REPRESENTATION_TYPE"", ""CATEGORY_IDENTITY"", ""Y_UNIT"", ""Y_SCALE"", ""PLOT_VALUES"", ""UNCERTAINTY_MARKS""]",independently_authored_synthetic_research_seed_unverified,embedded_trace_manifest,set_02
HDG-2026-P1-SER-030,external_challenge,trace_set,docs/research/hand_drawn_graph_corpus_2026_06_29/trace_sets/set_02,docs/research/hand_drawn_graph_corpus_2026_06_29/trace_sets/set_02/set_02_manifest.json,v0.1-research-seed,continuous_measured_series_supplied_uncertainty,,HDG-2026-P1-SER-030__response-01.jpg,8,"[""REPRESENTATION_TYPE"", ""X_UNIT"", ""Y_UNIT"", ""X_SCALE"", ""Y_SCALE"", ""PLOT_VALUES"", ""POINT_CONNECTION"", ""UNCERTAINTY_MARKS""]",independently_authored_synthetic_research_seed_unverified,embedded_trace_manifest,set_02
HDG-2026-P1-EST-029,external_challenge,trace_set,docs/research/hand_drawn_graph_corpus_2026_06_29/trace_sets/set_02,docs/research/hand_drawn_graph_corpus_2026_06_29/trace_sets/set_02/set_02_manifest.json,v0.1-research-seed,continuous_relationship_graph_derived_estimate,plateau_estimate,HDG-2026-P1-EST-029__response-01.jpg,9,"[""REPRESENTATION_TYPE"", ""X_UNIT"", ""Y_UNIT"", ""X_SCALE"", ""Y_SCALE"", ""PLOT_VALUES"", ""BEST_FIT_RELATIONSHIP"", ""PLATEAU_ANNOTATION"", ""ESTIMATE_VALUE""]",independently_authored_synthetic_research_seed_unverified,embedded_trace_manifest,set_02
HDG-2026-P1-CAT-031,external_challenge,trace_set,docs/research/hand_drawn_graph_corpus_2026_06_29/trace_sets/set_02,docs/research/hand_drawn_graph_corpus_2026_06_29/trace_sets/set_02/set_02_manifest.json,v0.1-research-seed,categorical_comparison_supplied_uncertainty,,HDG-2026-P1-CAT-031__response-01.jpg,6,"[""REPRESENTATION_TYPE"", ""CATEGORY_IDENTITY"", ""Y_UNIT"", ""Y_SCALE"", ""PLOT_VALUES"", ""UNCERTAINTY_MARKS""]",independently_authored_synthetic_research_seed_unverified,embedded_trace_manifest,set_02
HDG-2026-P1-SER-031,external_challenge,trace_set,docs/research/hand_drawn_graph_corpus_2026_06_29/trace_sets/set_02,docs/research/hand_drawn_graph_corpus_2026_06_29/trace_sets/set_02/set_02_manifest.json,v0.1-research-seed,continuous_measured_series_supplied_uncertainty,,HDG-2026-P1-SER-031__response-01.jpg,8,"[""REPRESENTATION_TYPE"", ""X_UNIT"", ""Y_UNIT"", ""X_SCALE"", ""Y_SCALE"", ""PLOT_VALUES"", ""POINT_CONNECTION"", ""UNCERTAINTY_MARKS""]",independently_authored_synthetic_research_seed_unverified,embedded_trace_manifest,set_02
HDG-2026-P1-EST-030,external_challenge,trace_set,docs/research/hand_drawn_graph_corpus_2026_06_29/trace_sets/set_02,docs/research/hand_drawn_graph_corpus_2026_06_29/trace_sets/set_02/set_02_manifest.json,v0.1-research-seed,continuous_relationship_graph_derived_estimate,plateau_estimate,HDG-2026-P1-EST-030__response-01.jpg,9,"[""REPRESENTATION_TYPE"", ""X_UNIT"", ""Y_UNIT"", ""X_SCALE"", ""Y_SCALE"", ""PLOT_VALUES"", ""BEST_FIT_RELATIONSHIP"", ""PLATEAU_ANNOTATION"", ""ESTIMATE_VALUE""]",independently_authored_synthetic_research_seed_unverified,embedded_trace_manifest,set_02
HDG-2026-P1-CAT-032,external_challenge,trace_set,docs/research/hand_drawn_graph_corpus_2026_06_29/trace_sets/set_02,docs/research/hand_drawn_graph_corpus_2026_06_29/trace_sets/set_02/set_02_manifest.json,v0.1-research-seed,categorical_comparison_supplied_uncertainty,,HDG-2026-P1-CAT-032__response-01.jpg,6,"[""REPRESENTATION_TYPE"", ""CATEGORY_IDENTITY"", ""Y_UNIT"", ""Y_SCALE"", ""PLOT_VALUES"", ""UNCERTAINTY_MARKS""]",independently_authored_synthetic_research_seed_unverified,embedded_trace_manifest,set_02
HDG-2026-P1-SER-032,external_challenge,trace_set,docs/research/hand_drawn_graph_corpus_2026_06_29/trace_sets/set_02,docs/research/hand_drawn_graph_corpus_2026_06_29/trace_sets/set_02/set_02_manifest.json,v0.1-research-seed,continuous_measured_series_supplied_uncertainty,,HDG-2026-P1-SER-032__response-01.jpg,8,"[""REPRESENTATION_TYPE"", ""X_UNIT"", ""Y_UNIT"", ""X_SCALE"", ""Y_SCALE"", ""PLOT_VALUES"", ""POINT_CONNECTION"", ""UNCERTAINTY_MARKS""]",independently_authored_synthetic_research_seed_unverified,embedded_trace_manifest,set_02
HDG-2026-P1-EST-031,external_challenge,trace_set,docs/research/hand_drawn_graph_corpus_2026_06_29/trace_sets/set_02,docs/research/hand_drawn_graph_corpus_2026_06_29/trace_sets/set_02/set_02_manifest.json,v0.1-research-seed,continuous_relationship_graph_derived_estimate,plateau_estimate,HDG-2026-P1-EST-031__response-01.jpg,9,"[""REPRESENTATION_TYPE"", ""X_UNIT"", ""Y_UNIT"", ""X_SCALE"", ""Y_SCALE"", ""PLOT_VALUES"", ""BEST_FIT_RELATIONSHIP"", ""PLATEAU_ANNOTATION"", ""ESTIMATE_VALUE""]",independently_authored_synthetic_research_seed_unverified,embedded_trace_manifest,set_02
HDG-2026-P1-CAT-033,external_challenge,trace_set,docs/research/hand_drawn_graph_corpus_2026_06_29/trace_sets/set_02,docs/research/hand_drawn_graph_corpus_2026_06_29/trace_sets/set_02/set_02_manifest.json,v0.1-research-seed,categorical_comparison_supplied_uncertainty,,HDG-2026-P1-CAT-033__response-01.jpg,6,"[""REPRESENTATION_TYPE"", ""CATEGORY_IDENTITY"", ""Y_UNIT"", ""Y_SCALE"", ""PLOT_VALUES"", ""UNCERTAINTY_MARKS""]",independently_authored_synthetic_research_seed_unverified,embedded_trace_manifest,set_02
HDG-2026-P1-SER-033,external_challenge,trace_set,docs/research/hand_drawn_graph_corpus_2026_06_29/trace_sets/set_02,docs/research/hand_drawn_graph_corpus_2026_06_29/trace_sets/set_02/set_02_manifest.json,v0.1-research-seed,continuous_measured_series_supplied_uncertainty,,HDG-2026-P1-SER-033__response-01.jpg,8,"[""REPRESENTATION_TYPE"", ""X_UNIT"", ""Y_UNIT"", ""X_SCALE"", ""Y_SCALE"", ""PLOT_VALUES"", ""POINT_CONNECTION"", ""UNCERTAINTY_MARKS""]",independently_authored_synthetic_research_seed_unverified,embedded_trace_manifest,set_02
HDG-2026-P1-EST-032,external_challenge,trace_set,docs/research/hand_drawn_graph_corpus_2026_06_29/trace_sets/set_02,docs/research/hand_drawn_graph_corpus_2026_06_29/trace_sets/set_02/set_02_manifest.json,v0.1-research-seed,continuous_relationship_graph_derived_estimate,plateau_estimate,HDG-2026-P1-EST-032__response-01.jpg,9,"[""REPRESENTATION_TYPE"", ""X_UNIT"", ""Y_UNIT"", ""X_SCALE"", ""Y_SCALE"", ""PLOT_VALUES"", ""BEST_FIT_RELATIONSHIP"", ""PLATEAU_ANNOTATION"", ""ESTIMATE_VALUE""]",independently_authored_synthetic_research_seed_unverified,embedded_trace_manifest,set_02
HDG-2026-P1-CAT-034,external_challenge,trace_set,docs/research/hand_drawn_graph_corpus_2026_06_29/trace_sets/set_02,docs/research/hand_drawn_graph_corpus_2026_06_29/trace_sets/set_02/set_02_manifest.json,v0.1-research-seed,categorical_comparison_supplied_uncertainty,,HDG-2026-P1-CAT-034__response-01.jpg,6,"[""REPRESENTATION_TYPE"", ""CATEGORY_IDENTITY"", ""Y_UNIT"", ""Y_SCALE"", ""PLOT_VALUES"", ""UNCERTAINTY_MARKS""]",independently_authored_synthetic_research_seed_unverified,embedded_trace_manifest,set_02
HDG-2026-P1-EST-033,external_challenge,trace_set,docs/research/hand_drawn_graph_corpus_2026_06_29/trace_sets/set_02,docs/research/hand_drawn_graph_corpus_2026_06_29/trace_sets/set_02/set_02_manifest.json,v0.1-research-seed,continuous_relationship_graph_derived_estimate,plateau_estimate,HDG-2026-P1-EST-033__response-01.jpg,9,"[""REPRESENTATION_TYPE"", ""X_UNIT"", ""Y_UNIT"", ""X_SCALE"", ""Y_SCALE"", ""PLOT_VALUES"", ""BEST_FIT_RELATIONSHIP"", ""PLATEAU_ANNOTATION"", ""ESTIMATE_VALUE""]",independently_authored_synthetic_research_seed_unverified,embedded_trace_manifest,set_02
HDG-2026-P1-CAT-035,external_challenge,trace_set,docs/research/hand_drawn_graph_corpus_2026_06_29/trace_sets/set_03,docs/research/hand_drawn_graph_corpus_2026_06_29/trace_sets/set_03/set_03_manifest.json,v0.1-research-seed,categorical_comparison_supplied_uncertainty,,HDG-2026-P1-CAT-035__response-01.jpg,6,"[""REPRESENTATION_TYPE"", ""CATEGORY_IDENTITY"", ""Y_UNIT"", ""Y_SCALE"", ""PLOT_VALUES"", ""UNCERTAINTY_MARKS""]",independently_authored_synthetic_research_seed_unverified,embedded_trace_manifest,set_03
HDG-2026-P1-SER-034,external_challenge,trace_set,docs/research/hand_drawn_graph_corpus_2026_06_29/trace_sets/set_03,docs/research/hand_drawn_graph_corpus_2026_06_29/trace_sets/set_03/set_03_manifest.json,v0.1-research-seed,continuous_measured_series_supplied_uncertainty,,HDG-2026-P1-SER-034__response-01.jpg,8,"[""REPRESENTATION_TYPE"", ""X_UNIT"", ""Y_UNIT"", ""X_SCALE"", ""Y_SCALE"", ""PLOT_VALUES"", ""POINT_CONNECTION"", ""UNCERTAINTY_MARKS""]",independently_authored_synthetic_research_seed_unverified,embedded_trace_manifest,set_03
HDG-2026-P1-EST-034,external_challenge,trace_set,docs/research/hand_drawn_graph_corpus_2026_06_29/trace_sets/set_03,docs/research/hand_drawn_graph_corpus_2026_06_29/trace_sets/set_03/set_03_manifest.json,v0.1-research-seed,continuous_relationship_graph_derived_estimate,plateau_estimate,HDG-2026-P1-EST-034__response-01.jpg,9,"[""REPRESENTATION_TYPE"", ""X_UNIT"", ""Y_UNIT"", ""X_SCALE"", ""Y_SCALE"", ""PLOT_VALUES"", ""BEST_FIT_RELATIONSHIP"", ""PLATEAU_ANNOTATION"", ""ESTIMATE_VALUE""]",independently_authored_synthetic_research_seed_unverified,embedded_trace_manifest,set_03
HDG-2026-P1-CAT-036,external_challenge,trace_set,docs/research/hand_drawn_graph_corpus_2026_06_29/trace_sets/set_03,docs/research/hand_drawn_graph_corpus_2026_06_29/trace_sets/set_03/set_03_manifest.json,v0.1-research-seed,categorical_comparison_supplied_uncertainty,,HDG-2026-P1-CAT-036__response-01.jpg,6,"[""REPRESENTATION_TYPE"", ""CATEGORY_IDENTITY"", ""Y_UNIT"", ""Y_SCALE"", ""PLOT_VALUES"", ""UNCERTAINTY_MARKS""]",independently_authored_synthetic_research_seed_unverified,embedded_trace_manifest,set_03
HDG-2026-P1-SER-035,external_challenge,trace_set,docs/research/hand_drawn_graph_corpus_2026_06_29/trace_sets/set_03,docs/research/hand_drawn_graph_corpus_2026_06_29/trace_sets/set_03/set_03_manifest.json,v0.1-research-seed,continuous_measured_series_supplied_uncertainty,,HDG-2026-P1-SER-035__response-01.jpg,8,"[""REPRESENTATION_TYPE"", ""X_UNIT"", ""Y_UNIT"", ""X_SCALE"", ""Y_SCALE"", ""PLOT_VALUES"", ""POINT_CONNECTION"", ""UNCERTAINTY_MARKS""]",independently_authored_synthetic_research_seed_unverified,embedded_trace_manifest,set_03
HDG-2026-P1-EST-035,external_challenge,trace_set,docs/research/hand_drawn_graph_corpus_2026_06_29/trace_sets/set_03,docs/research/hand_drawn_graph_corpus_2026_06_29/trace_sets/set_03/set_03_manifest.json,v0.1-research-seed,continuous_relationship_graph_derived_estimate,plateau_estimate,HDG-2026-P1-EST-035__response-01.jpg,9,"[""REPRESENTATION_TYPE"", ""X_UNIT"", ""Y_UNIT"", ""X_SCALE"", ""Y_SCALE"", ""PLOT_VALUES"", ""BEST_FIT_RELATIONSHIP"", ""PLATEAU_ANNOTATION"", ""ESTIMATE_VALUE""]",independently_authored_synthetic_research_seed_unverified,embedded_trace_manifest,set_03
HDG-2026-P1-CAT-037,external_challenge,trace_set,docs/research/hand_drawn_graph_corpus_2026_06_29/trace_sets/set_03,docs/research/hand_drawn_graph_corpus_2026_06_29/trace_sets/set_03/set_03_manifest.json,v0.1-research-seed,categorical_comparison_supplied_uncertainty,,HDG-2026-P1-CAT-037__response-01.jpg,6,"[""REPRESENTATION_TYPE"", ""CATEGORY_IDENTITY"", ""Y_UNIT"", ""Y_SCALE"", ""PLOT_VALUES"", ""UNCERTAINTY_MARKS""]",independently_authored_synthetic_research_seed_unverified,embedded_trace_manifest,set_03
HDG-2026-P1-SER-036,external_challenge,trace_set,docs/research/hand_drawn_graph_corpus_2026_06_29/trace_sets/set_03,docs/research/hand_drawn_graph_corpus_2026_06_29/trace_sets/set_03/set_03_manifest.json,v0.1-research-seed,continuous_measured_series_supplied_uncertainty,,HDG-2026-P1-SER-036__response-01.jpg,8,"[""REPRESENTATION_TYPE"", ""X_UNIT"", ""Y_UNIT"", ""X_SCALE"", ""Y_SCALE"", ""PLOT_VALUES"", ""POINT_CONNECTION"", ""UNCERTAINTY_MARKS""]",independently_authored_synthetic_research_seed_unverified,embedded_trace_manifest,set_03
HDG-2026-P1-EST-036,external_challenge,trace_set,docs/research/hand_drawn_graph_corpus_2026_06_29/trace_sets/set_03,docs/research/hand_drawn_graph_corpus_2026_06_29/trace_sets/set_03/set_03_manifest.json,v0.1-research-seed,continuous_relationship_graph_derived_estimate,plateau_estimate,HDG-2026-P1-EST-036__response-01.jpg,9,"[""REPRESENTATION_TYPE"", ""X_UNIT"", ""Y_UNIT"", ""X_SCALE"", ""Y_SCALE"", ""PLOT_VALUES"", ""BEST_FIT_RELATIONSHIP"", ""PLATEAU_ANNOTATION"", ""ESTIMATE_VALUE""]",independently_authored_synthetic_research_seed_unverified,embedded_trace_manifest,set_03
HDG-2026-P1-CAT-038,external_challenge,trace_set,docs/research/hand_drawn_graph_corpus_2026_06_29/trace_sets/set_03,docs/research/hand_drawn_graph_corpus_2026_06_29/trace_sets/set_03/set_03_manifest.json,v0.1-research-seed,categorical_comparison_supplied_uncertainty,,HDG-2026-P1-CAT-038__response-01.jpg,6,"[""REPRESENTATION_TYPE"", ""CATEGORY_IDENTITY"", ""Y_UNIT"", ""Y_SCALE"", ""PLOT_VALUES"", ""UNCERTAINTY_MARKS""]",independently_authored_synthetic_research_seed_unverified,embedded_trace_manifest,set_03
HDG-2026-P1-SER-037,external_challenge,trace_set,docs/research/hand_drawn_graph_corpus_2026_06_29/trace_sets/set_03,docs/research/hand_drawn_graph_corpus_2026_06_29/trace_sets/set_03/set_03_manifest.json,v0.1-research-seed,continuous_measured_series_supplied_uncertainty,,HDG-2026-P1-SER-037__response-01.jpg,8,"[""REPRESENTATION_TYPE"", ""X_UNIT"", ""Y_UNIT"", ""X_SCALE"", ""Y_SCALE"", ""PLOT_VALUES"", ""POINT_CONNECTION"", ""UNCERTAINTY_MARKS""]",independently_authored_synthetic_research_seed_unverified,embedded_trace_manifest,set_03
HDG-2026-P1-EST-037,external_challenge,trace_set,docs/research/hand_drawn_graph_corpus_2026_06_29/trace_sets/set_03,docs/research/hand_drawn_graph_corpus_2026_06_29/trace_sets/set_03/set_03_manifest.json,v0.1-research-seed,continuous_relationship_graph_derived_estimate,plateau_estimate,HDG-2026-P1-EST-037__response-01.jpg,9,"[""REPRESENTATION_TYPE"", ""X_UNIT"", ""Y_UNIT"", ""X_SCALE"", ""Y_SCALE"", ""PLOT_VALUES"", ""BEST_FIT_RELATIONSHIP"", ""PLATEAU_ANNOTATION"", ""ESTIMATE_VALUE""]",independently_authored_synthetic_research_seed_unverified,embedded_trace_manifest,set_03
HDG-2026-P1-CAT-039,external_challenge,trace_set,docs/research/hand_drawn_graph_corpus_2026_06_29/trace_sets/set_03,docs/research/hand_drawn_graph_corpus_2026_06_29/trace_sets/set_03/set_03_manifest.json,v0.1-research-seed,categorical_comparison_supplied_uncertainty,,HDG-2026-P1-CAT-039__response-01.jpg,6,"[""REPRESENTATION_TYPE"", ""CATEGORY_IDENTITY"", ""Y_UNIT"", ""Y_SCALE"", ""PLOT_VALUES"", ""UNCERTAINTY_MARKS""]",independently_authored_synthetic_research_seed_unverified,embedded_trace_manifest,set_03
HDG-2026-P1-SER-038,external_challenge,trace_set,docs/research/hand_drawn_graph_corpus_2026_06_29/trace_sets/set_03,docs/research/hand_drawn_graph_corpus_2026_06_29/trace_sets/set_03/set_03_manifest.json,v0.1-research-seed,continuous_measured_series_supplied_uncertainty,,HDG-2026-P1-SER-038__response-01.jpg,8,"[""REPRESENTATION_TYPE"", ""X_UNIT"", ""Y_UNIT"", ""X_SCALE"", ""Y_SCALE"", ""PLOT_VALUES"", ""POINT_CONNECTION"", ""UNCERTAINTY_MARKS""]",independently_authored_synthetic_research_seed_unverified,embedded_trace_manifest,set_03
HDG-2026-P1-EST-038,external_challenge,trace_set,docs/research/hand_drawn_graph_corpus_2026_06_29/trace_sets/set_03,docs/research/hand_drawn_graph_corpus_2026_06_29/trace_sets/set_03/set_03_manifest.json,v0.1-research-seed,continuous_relationship_graph_derived_estimate,plateau_estimate,HDG-2026-P1-EST-038__response-01.jpg,9,"[""REPRESENTATION_TYPE"", ""X_UNIT"", ""Y_UNIT"", ""X_SCALE"", ""Y_SCALE"", ""PLOT_VALUES"", ""BEST_FIT_RELATIONSHIP"", ""PLATEAU_ANNOTATION"", ""ESTIMATE_VALUE""]",independently_authored_synthetic_research_seed_unverified,embedded_trace_manifest,set_03
HDG-2026-P1-CAT-040,external_challenge,trace_set,docs/research/hand_drawn_graph_corpus_2026_06_29/trace_sets/set_03,docs/research/hand_drawn_graph_corpus_2026_06_29/trace_sets/set_03/set_03_manifest.json,v0.1-research-seed,categorical_comparison_supplied_uncertainty,,HDG-2026-P1-CAT-040__response-01.jpg,6,"[""REPRESENTATION_TYPE"", ""CATEGORY_IDENTITY"", ""Y_UNIT"", ""Y_SCALE"", ""PLOT_VALUES"", ""UNCERTAINTY_MARKS""]",independently_authored_synthetic_research_seed_unverified,embedded_trace_manifest,set_03
HDG-2026-P1-SER-039,external_challenge,trace_set,docs/research/hand_drawn_graph_corpus_2026_06_29/trace_sets/set_03,docs/research/hand_drawn_graph_corpus_2026_06_29/trace_sets/set_03/set_03_manifest.json,v0.1-research-seed,continuous_measured_series_supplied_uncertainty,,HDG-2026-P1-SER-039__response-01.jpg,8,"[""REPRESENTATION_TYPE"", ""X_UNIT"", ""Y_UNIT"", ""X_SCALE"", ""Y_SCALE"", ""PLOT_VALUES"", ""POINT_CONNECTION"", ""UNCERTAINTY_MARKS""]",independently_authored_synthetic_research_seed_unverified,embedded_trace_manifest,set_03
HDG-2026-P1-EST-039,external_challenge,trace_set,docs/research/hand_drawn_graph_corpus_2026_06_29/trace_sets/set_03,docs/research/hand_drawn_graph_corpus_2026_06_29/trace_sets/set_03/set_03_manifest.json,v0.1-research-seed,continuous_relationship_graph_derived_estimate,plateau_estimate,HDG-2026-P1-EST-039__response-01.jpg,9,"[""REPRESENTATION_TYPE"", ""X_UNIT"", ""Y_UNIT"", ""X_SCALE"", ""Y_SCALE"", ""PLOT_VALUES"", ""BEST_FIT_RELATIONSHIP"", ""PLATEAU_ANNOTATION"", ""ESTIMATE_VALUE""]",independently_authored_synthetic_research_seed_unverified,embedded_trace_manifest,set_03
HDG-2026-P1-CAT-041,external_challenge,trace_set,docs/research/hand_drawn_graph_corpus_2026_06_29/trace_sets/set_03,docs/research/hand_drawn_graph_corpus_2026_06_29/trace_sets/set_03/set_03_manifest.json,v0.1-research-seed,categorical_comparison_supplied_uncertainty,,HDG-2026-P1-CAT-041__response-01.jpg,6,"[""REPRESENTATION_TYPE"", ""CATEGORY_IDENTITY"", ""Y_UNIT"", ""Y_SCALE"", ""PLOT_VALUES"", ""UNCERTAINTY_MARKS""]",independently_authored_synthetic_research_seed_unverified,embedded_trace_manifest,set_03
HDG-2026-P1-SER-040,external_challenge,trace_set,docs/research/hand_drawn_graph_corpus_2026_06_29/trace_sets/set_03,docs/research/hand_drawn_graph_corpus_2026_06_29/trace_sets/set_03/set_03_manifest.json,v0.1-research-seed,continuous_measured_series_supplied_uncertainty,,HDG-2026-P1-SER-040__response-01.jpg,8,"[""REPRESENTATION_TYPE"", ""X_UNIT"", ""Y_UNIT"", ""X_SCALE"", ""Y_SCALE"", ""PLOT_VALUES"", ""POINT_CONNECTION"", ""UNCERTAINTY_MARKS""]",independently_authored_synthetic_research_seed_unverified,embedded_trace_manifest,set_03
HDG-2026-P1-EST-040,external_challenge,trace_set,docs/research/hand_drawn_graph_corpus_2026_06_29/trace_sets/set_03,docs/research/hand_drawn_graph_corpus_2026_06_29/trace_sets/set_03/set_03_manifest.json,v0.1-research-seed,continuous_relationship_graph_derived_estimate,plateau_estimate,HDG-2026-P1-EST-040__response-01.jpg,9,"[""REPRESENTATION_TYPE"", ""X_UNIT"", ""Y_UNIT"", ""X_SCALE"", ""Y_SCALE"", ""PLOT_VALUES"", ""BEST_FIT_RELATIONSHIP"", ""PLATEAU_ANNOTATION"", ""ESTIMATE_VALUE""]",independently_authored_synthetic_research_seed_unverified,embedded_trace_manifest,set_03
HDG-2026-P1-CAT-042,external_challenge,trace_set,docs/research/hand_drawn_graph_corpus_2026_06_29/trace_sets/set_03,docs/research/hand_drawn_graph_corpus_2026_06_29/trace_sets/set_03/set_03_manifest.json,v0.1-research-seed,categorical_comparison_supplied_uncertainty,,HDG-2026-P1-CAT-042__response-01.jpg,6,"[""REPRESENTATION_TYPE"", ""CATEGORY_IDENTITY"", ""Y_UNIT"", ""Y_SCALE"", ""PLOT_VALUES"", ""UNCERTAINTY_MARKS""]",independently_authored_synthetic_research_seed_unverified,embedded_trace_manifest,set_03
HDG-2026-P1-SER-041,external_challenge,trace_set,docs/research/hand_drawn_graph_corpus_2026_06_29/trace_sets/set_03,docs/research/hand_drawn_graph_corpus_2026_06_29/trace_sets/set_03/set_03_manifest.json,v0.1-research-seed,continuous_measured_series_supplied_uncertainty,,HDG-2026-P1-SER-041__response-01.jpg,8,"[""REPRESENTATION_TYPE"", ""X_UNIT"", ""Y_UNIT"", ""X_SCALE"", ""Y_SCALE"", ""PLOT_VALUES"", ""POINT_CONNECTION"", ""UNCERTAINTY_MARKS""]",independently_authored_synthetic_research_seed_unverified,embedded_trace_manifest,set_03
HDG-2026-P1-EST-041,external_challenge,trace_set,docs/research/hand_drawn_graph_corpus_2026_06_29/trace_sets/set_03,docs/research/hand_drawn_graph_corpus_2026_06_29/trace_sets/set_03/set_03_manifest.json,v0.1-research-seed,continuous_relationship_graph_derived_estimate,plateau_estimate,HDG-2026-P1-EST-041__response-01.jpg,9,"[""REPRESENTATION_TYPE"", ""X_UNIT"", ""Y_UNIT"", ""X_SCALE"", ""Y_SCALE"", ""PLOT_VALUES"", ""BEST_FIT_RELATIONSHIP"", ""PLATEAU_ANNOTATION"", ""ESTIMATE_VALUE""]",independently_authored_synthetic_research_seed_unverified,embedded_trace_manifest,set_03
HDG-2026-P1-CAT-043,external_challenge,trace_set,docs/research/hand_drawn_graph_corpus_2026_06_29/trace_sets/set_03,docs/research/hand_drawn_graph_corpus_2026_06_29/trace_sets/set_03/set_03_manifest.json,v0.1-research-seed,categorical_comparison_supplied_uncertainty,,HDG-2026-P1-CAT-043__response-01.jpg,6,"[""REPRESENTATION_TYPE"", ""CATEGORY_IDENTITY"", ""Y_UNIT"", ""Y_SCALE"", ""PLOT_VALUES"", ""UNCERTAINTY_MARKS""]",independently_authored_synthetic_research_seed_unverified,embedded_trace_manifest,set_03
HDG-2026-P1-SER-042,external_challenge,trace_set,docs/research/hand_drawn_graph_corpus_2026_06_29/trace_sets/set_03,docs/research/hand_drawn_graph_corpus_2026_06_29/trace_sets/set_03/set_03_manifest.json,v0.1-research-seed,continuous_measured_series_supplied_uncertainty,,HDG-2026-P1-SER-042__response-01.jpg,8,"[""REPRESENTATION_TYPE"", ""X_UNIT"", ""Y_UNIT"", ""X_SCALE"", ""Y_SCALE"", ""PLOT_VALUES"", ""POINT_CONNECTION"", ""UNCERTAINTY_MARKS""]",independently_authored_synthetic_research_seed_unverified,embedded_trace_manifest,set_03
HDG-2026-P1-EST-042,external_challenge,trace_set,docs/research/hand_drawn_graph_corpus_2026_06_29/trace_sets/set_03,docs/research/hand_drawn_graph_corpus_2026_06_29/trace_sets/set_03/set_03_manifest.json,v0.1-research-seed,continuous_relationship_graph_derived_estimate,plateau_estimate,HDG-2026-P1-EST-042__response-01.jpg,9,"[""REPRESENTATION_TYPE"", ""X_UNIT"", ""Y_UNIT"", ""X_SCALE"", ""Y_SCALE"", ""PLOT_VALUES"", ""BEST_FIT_RELATIONSHIP"", ""PLATEAU_ANNOTATION"", ""ESTIMATE_VALUE""]",independently_authored_synthetic_research_seed_unverified,embedded_trace_manifest,set_03
HDG-2026-P1-CAT-044,external_challenge,trace_set,docs/research/hand_drawn_graph_corpus_2026_06_29/trace_sets/set_03,docs/research/hand_drawn_graph_corpus_2026_06_29/trace_sets/set_03/set_03_manifest.json,v0.1-research-seed,categorical_comparison_supplied_uncertainty,,HDG-2026-P1-CAT-044__response-01.jpg,6,"[""REPRESENTATION_TYPE"", ""CATEGORY_IDENTITY"", ""Y_UNIT"", ""Y_SCALE"", ""PLOT_VALUES"", ""UNCERTAINTY_MARKS""]",independently_authored_synthetic_research_seed_unverified,embedded_trace_manifest,set_03
HDG-2026-P1-SER-043,external_challenge,trace_set,docs/research/hand_drawn_graph_corpus_2026_06_29/trace_sets/set_03,docs/research/hand_drawn_graph_corpus_2026_06_29/trace_sets/set_03/set_03_manifest.json,v0.1-research-seed,continuous_measured_series_supplied_uncertainty,,HDG-2026-P1-SER-043__response-01.jpg,8,"[""REPRESENTATION_TYPE"", ""X_UNIT"", ""Y_UNIT"", ""X_SCALE"", ""Y_SCALE"", ""PLOT_VALUES"", ""POINT_CONNECTION"", ""UNCERTAINTY_MARKS""]",independently_authored_synthetic_research_seed_unverified,embedded_trace_manifest,set_03
HDG-2026-P1-EST-043,external_challenge,trace_set,docs/research/hand_drawn_graph_corpus_2026_06_29/trace_sets/set_03,docs/research/hand_drawn_graph_corpus_2026_06_29/trace_sets/set_03/set_03_manifest.json,v0.1-research-seed,continuous_relationship_graph_derived_estimate,plateau_estimate,HDG-2026-P1-EST-043__response-01.jpg,9,"[""REPRESENTATION_TYPE"", ""X_UNIT"", ""Y_UNIT"", ""X_SCALE"", ""Y_SCALE"", ""PLOT_VALUES"", ""BEST_FIT_RELATIONSHIP"", ""PLATEAU_ANNOTATION"", ""ESTIMATE_VALUE""]",independently_authored_synthetic_research_seed_unverified,embedded_trace_manifest,set_03
HDG-2026-P1-CAT-045,external_challenge,trace_set,docs/research/hand_drawn_graph_corpus_2026_06_29/trace_sets/set_03,docs/research/hand_drawn_graph_corpus_2026_06_29/trace_sets/set_03/set_03_manifest.json,v0.1-research-seed,categorical_comparison_supplied_uncertainty,,HDG-2026-P1-CAT-045__response-01.jpg,6,"[""REPRESENTATION_TYPE"", ""CATEGORY_IDENTITY"", ""Y_UNIT"", ""Y_SCALE"", ""PLOT_VALUES"", ""UNCERTAINTY_MARKS""]",independently_authored_synthetic_research_seed_unverified,embedded_trace_manifest,set_03
HDG-2026-P1-SER-044,external_challenge,trace_set,docs/research/hand_drawn_graph_corpus_2026_06_29/trace_sets/set_03,docs/research/hand_drawn_graph_corpus_2026_06_29/trace_sets/set_03/set_03_manifest.json,v0.1-research-seed,continuous_measured_series_supplied_uncertainty,,HDG-2026-P1-SER-044__response-01.jpg,8,"[""REPRESENTATION_TYPE"", ""X_UNIT"", ""Y_UNIT"", ""X_SCALE"", ""Y_SCALE"", ""PLOT_VALUES"", ""POINT_CONNECTION"", ""UNCERTAINTY_MARKS""]",independently_authored_synthetic_research_seed_unverified,embedded_trace_manifest,set_03
HDG-2026-P1-EST-044,external_challenge,trace_set,docs/research/hand_drawn_graph_corpus_2026_06_29/trace_sets/set_03,docs/research/hand_drawn_graph_corpus_2026_06_29/trace_sets/set_03/set_03_manifest.json,v0.1-research-seed,continuous_relationship_graph_derived_estimate,plateau_estimate,HDG-2026-P1-EST-044__response-01.jpg,9,"[""REPRESENTATION_TYPE"", ""X_UNIT"", ""Y_UNIT"", ""X_SCALE"", ""Y_SCALE"", ""PLOT_VALUES"", ""BEST_FIT_RELATIONSHIP"", ""PLATEAU_ANNOTATION"", ""ESTIMATE_VALUE""]",independently_authored_synthetic_research_seed_unverified,embedded_trace_manifest,set_03
HDG-2026-P1-CAT-046,external_challenge,trace_set,docs/research/hand_drawn_graph_corpus_2026_06_29/trace_sets/set_03,docs/research/hand_drawn_graph_corpus_2026_06_29/trace_sets/set_03/set_03_manifest.json,v0.1-research-seed,categorical_comparison_supplied_uncertainty,,HDG-2026-P1-CAT-046__response-01.jpg,6,"[""REPRESENTATION_TYPE"", ""CATEGORY_IDENTITY"", ""Y_UNIT"", ""Y_SCALE"", ""PLOT_VALUES"", ""UNCERTAINTY_MARKS""]",independently_authored_synthetic_research_seed_unverified,embedded_trace_manifest,set_03
HDG-2026-P1-SER-045,external_challenge,trace_set,docs/research/hand_drawn_graph_corpus_2026_06_29/trace_sets/set_03,docs/research/hand_drawn_graph_corpus_2026_06_29/trace_sets/set_03/set_03_manifest.json,v0.1-research-seed,continuous_measured_series_supplied_uncertainty,,HDG-2026-P1-SER-045__response-01.jpg,8,"[""REPRESENTATION_TYPE"", ""X_UNIT"", ""Y_UNIT"", ""X_SCALE"", ""Y_SCALE"", ""PLOT_VALUES"", ""POINT_CONNECTION"", ""UNCERTAINTY_MARKS""]",independently_authored_synthetic_research_seed_unverified,embedded_trace_manifest,set_03
HDG-2026-P1-EST-045,external_challenge,trace_set,docs/research/hand_drawn_graph_corpus_2026_06_29/trace_sets/set_03,docs/research/hand_drawn_graph_corpus_2026_06_29/trace_sets/set_03/set_03_manifest.json,v0.1-research-seed,continuous_relationship_graph_derived_estimate,plateau_estimate,HDG-2026-P1-EST-045__response-01.jpg,9,"[""REPRESENTATION_TYPE"", ""X_UNIT"", ""Y_UNIT"", ""X_SCALE"", ""Y_SCALE"", ""PLOT_VALUES"", ""BEST_FIT_RELATIONSHIP"", ""PLATEAU_ANNOTATION"", ""ESTIMATE_VALUE""]",independently_authored_synthetic_research_seed_unverified,embedded_trace_manifest,set_03
HDG-2026-P1-CAT-047,external_challenge,trace_set,docs/research/hand_drawn_graph_corpus_2026_06_29/trace_sets/set_03,docs/research/hand_drawn_graph_corpus_2026_06_29/trace_sets/set_03/set_03_manifest.json,v0.1-research-seed,categorical_comparison_supplied_uncertainty,,HDG-2026-P1-CAT-047__response-01.jpg,6,"[""REPRESENTATION_TYPE"", ""CATEGORY_IDENTITY"", ""Y_UNIT"", ""Y_SCALE"", ""PLOT_VALUES"", ""UNCERTAINTY_MARKS""]",independently_authored_synthetic_research_seed_unverified,embedded_trace_manifest,set_03
HDG-2026-P1-SER-046,external_challenge,trace_set,docs/research/hand_drawn_graph_corpus_2026_06_29/trace_sets/set_03,docs/research/hand_drawn_graph_corpus_2026_06_29/trace_sets/set_03/set_03_manifest.json,v0.1-research-seed,continuous_measured_series_supplied_uncertainty,,HDG-2026-P1-SER-046__response-01.jpg,8,"[""REPRESENTATION_TYPE"", ""X_UNIT"", ""Y_UNIT"", ""X_SCALE"", ""Y_SCALE"", ""PLOT_VALUES"", ""POINT_CONNECTION"", ""UNCERTAINTY_MARKS""]",independently_authored_synthetic_research_seed_unverified,embedded_trace_manifest,set_03
HDG-2026-P1-EST-046,external_challenge,trace_set,docs/research/hand_drawn_graph_corpus_2026_06_29/trace_sets/set_03,docs/research/hand_drawn_graph_corpus_2026_06_29/trace_sets/set_03/set_03_manifest.json,v0.1-research-seed,continuous_relationship_graph_derived_estimate,plateau_estimate,HDG-2026-P1-EST-046__response-01.jpg,9,"[""REPRESENTATION_TYPE"", ""X_UNIT"", ""Y_UNIT"", ""X_SCALE"", ""Y_SCALE"", ""PLOT_VALUES"", ""BEST_FIT_RELATIONSHIP"", ""PLATEAU_ANNOTATION"", ""ESTIMATE_VALUE""]",independently_authored_synthetic_research_seed_unverified,embedded_trace_manifest,set_03
HDG-2026-P1-CAT-048,external_challenge,trace_set,docs/research/hand_drawn_graph_corpus_2026_06_29/trace_sets/set_03,docs/research/hand_drawn_graph_corpus_2026_06_29/trace_sets/set_03/set_03_manifest.json,v0.1-research-seed,categorical_comparison_supplied_uncertainty,,HDG-2026-P1-CAT-048__response-01.jpg,6,"[""REPRESENTATION_TYPE"", ""CATEGORY_IDENTITY"", ""Y_UNIT"", ""Y_SCALE"", ""PLOT_VALUES"", ""UNCERTAINTY_MARKS""]",independently_authored_synthetic_research_seed_unverified,embedded_trace_manifest,set_03
HDG-2026-P1-SER-047,external_challenge,trace_set,docs/research/hand_drawn_graph_corpus_2026_06_29/trace_sets/set_03,docs/research/hand_drawn_graph_corpus_2026_06_29/trace_sets/set_03/set_03_manifest.json,v0.1-research-seed,continuous_measured_series_supplied_uncertainty,,HDG-2026-P1-SER-047__response-01.jpg,8,"[""REPRESENTATION_TYPE"", ""X_UNIT"", ""Y_UNIT"", ""X_SCALE"", ""Y_SCALE"", ""PLOT_VALUES"", ""POINT_CONNECTION"", ""UNCERTAINTY_MARKS""]",independently_authored_synthetic_research_seed_unverified,embedded_trace_manifest,set_03
HDG-2026-P1-EST-047,external_challenge,trace_set,docs/research/hand_drawn_graph_corpus_2026_06_29/trace_sets/set_03,docs/research/hand_drawn_graph_corpus_2026_06_29/trace_sets/set_03/set_03_manifest.json,v0.1-research-seed,continuous_relationship_graph_derived_estimate,plateau_estimate,HDG-2026-P1-EST-047__response-01.jpg,9,"[""REPRESENTATION_TYPE"", ""X_UNIT"", ""Y_UNIT"", ""X_SCALE"", ""Y_SCALE"", ""PLOT_VALUES"", ""BEST_FIT_RELATIONSHIP"", ""PLATEAU_ANNOTATION"", ""ESTIMATE_VALUE""]",independently_authored_synthetic_research_seed_unverified,embedded_trace_manifest,set_03
HDG-2026-P1-CAT-049,external_challenge,trace_set,docs/research/hand_drawn_graph_corpus_2026_06_29/trace_sets/set_03,docs/research/hand_drawn_graph_corpus_2026_06_29/trace_sets/set_03/set_03_manifest.json,v0.1-research-seed,categorical_comparison_supplied_uncertainty,,HDG-2026-P1-CAT-049__response-01.jpg,6,"[""REPRESENTATION_TYPE"", ""CATEGORY_IDENTITY"", ""Y_UNIT"", ""Y_SCALE"", ""PLOT_VALUES"", ""UNCERTAINTY_MARKS""]",independently_authored_synthetic_research_seed_unverified,embedded_trace_manifest,set_03
HDG-2026-P1-SER-048,external_challenge,trace_set,docs/research/hand_drawn_graph_corpus_2026_06_29/trace_sets/set_03,docs/research/hand_drawn_graph_corpus_2026_06_29/trace_sets/set_03/set_03_manifest.json,v0.1-research-seed,continuous_measured_series_supplied_uncertainty,,HDG-2026-P1-SER-048__response-01.jpg,8,"[""REPRESENTATION_TYPE"", ""X_UNIT"", ""Y_UNIT"", ""X_SCALE"", ""Y_SCALE"", ""PLOT_VALUES"", ""POINT_CONNECTION"", ""UNCERTAINTY_MARKS""]",independently_authored_synthetic_research_seed_unverified,embedded_trace_manifest,set_03
HDG-2026-P1-EST-048,external_challenge,trace_set,docs/research/hand_drawn_graph_corpus_2026_06_29/trace_sets/set_03,docs/research/hand_drawn_graph_corpus_2026_06_29/trace_sets/set_03/set_03_manifest.json,v0.1-research-seed,continuous_relationship_graph_derived_estimate,plateau_estimate,HDG-2026-P1-EST-048__response-01.jpg,9,"[""REPRESENTATION_TYPE"", ""X_UNIT"", ""Y_UNIT"", ""X_SCALE"", ""Y_SCALE"", ""PLOT_VALUES"", ""BEST_FIT_RELATIONSHIP"", ""PLATEAU_ANNOTATION"", ""ESTIMATE_VALUE""]",independently_authored_synthetic_research_seed_unverified,embedded_trace_manifest,set_03
HDG-2026-P1-CAT-050,external_challenge,trace_set,docs/research/hand_drawn_graph_corpus_2026_06_29/trace_sets/set_03,docs/research/hand_drawn_graph_corpus_2026_06_29/trace_sets/set_03/set_03_manifest.json,v0.1-research-seed,categorical_comparison_supplied_uncertainty,,HDG-2026-P1-CAT-050__response-01.jpg,6,"[""REPRESENTATION_TYPE"", ""CATEGORY_IDENTITY"", ""Y_UNIT"", ""Y_SCALE"", ""PLOT_VALUES"", ""UNCERTAINTY_MARKS""]",independently_authored_synthetic_research_seed_unverified,embedded_trace_manifest,set_03
HDG-2026-P1-SER-049,external_challenge,trace_set,docs/research/hand_drawn_graph_corpus_2026_06_29/trace_sets/set_03,docs/research/hand_drawn_graph_corpus_2026_06_29/trace_sets/set_03/set_03_manifest.json,v0.1-research-seed,continuous_measured_series_supplied_uncertainty,,HDG-2026-P1-SER-049__response-01.jpg,8,"[""REPRESENTATION_TYPE"", ""X_UNIT"", ""Y_UNIT"", ""X_SCALE"", ""Y_SCALE"", ""PLOT_VALUES"", ""POINT_CONNECTION"", ""UNCERTAINTY_MARKS""]",independently_authored_synthetic_research_seed_unverified,embedded_trace_manifest,set_03
HDG-2026-P1-EST-049,external_challenge,trace_set,docs/research/hand_drawn_graph_corpus_2026_06_29/trace_sets/set_03,docs/research/hand_drawn_graph_corpus_2026_06_29/trace_sets/set_03/set_03_manifest.json,v0.1-research-seed,continuous_relationship_graph_derived_estimate,plateau_estimate,HDG-2026-P1-EST-049__response-01.jpg,9,"[""REPRESENTATION_TYPE"", ""X_UNIT"", ""Y_UNIT"", ""X_SCALE"", ""Y_SCALE"", ""PLOT_VALUES"", ""BEST_FIT_RELATIONSHIP"", ""PLATEAU_ANNOTATION"", ""ESTIMATE_VALUE""]",independently_authored_synthetic_research_seed_unverified,embedded_trace_manifest,set_03
HDG-2026-P1-SER-050,external_challenge,trace_set,docs/research/hand_drawn_graph_corpus_2026_06_29/trace_sets/set_03,docs/research/hand_drawn_graph_corpus_2026_06_29/trace_sets/set_03/set_03_manifest.json,v0.1-research-seed,continuous_measured_series_supplied_uncertainty,,HDG-2026-P1-SER-050__response-01.jpg,8,"[""REPRESENTATION_TYPE"", ""X_UNIT"", ""Y_UNIT"", ""X_SCALE"", ""Y_SCALE"", ""PLOT_VALUES"", ""POINT_CONNECTION"", ""UNCERTAINTY_MARKS""]",independently_authored_synthetic_research_seed_unverified,embedded_trace_manifest,set_03
HDG-2026-P1-EST-050,external_challenge,trace_set,docs/research/hand_drawn_graph_corpus_2026_06_29/trace_sets/set_03,docs/research/hand_drawn_graph_corpus_2026_06_29/trace_sets/set_03/set_03_manifest.json,v0.1-research-seed,continuous_relationship_graph_derived_estimate,plateau_estimate,HDG-2026-P1-EST-050__response-01.jpg,9,"[""REPRESENTATION_TYPE"", ""X_UNIT"", ""Y_UNIT"", ""X_SCALE"", ""Y_SCALE"", ""PLOT_VALUES"", ""BEST_FIT_RELATIONSHIP"", ""PLATEAU_ANNOTATION"", ""ESTIMATE_VALUE""]",independently_authored_synthetic_research_seed_unverified,embedded_trace_manifest,set_03
