content_key,criterion_key,points_possible,status,provenance,source_version_id,source_field,source_offset,exact_span,prior_run_drafted,flags
APBIO-FRQ-L-003,a,2,unchanged,unchanged_from_prior_run,0c9b6720-639f-4dc4-8fab-c66e65271b1d,canonical_answer_1,0,"
(a) Mode of inheritance: autosomal recessive. Evidence: the affected mother I-1 and unaffected father I-2 have both affected and unaffected children, consistent with aa × Aa; affected II-3 and unaffected known-carrier II-4 likewise produce both phenotypes. X-linked recessive inheritance is ruled out because I-1 is an affected female; if the trait were X-linked recessive, I-1 would be homozygous (XaXa) and would necessarily pass one Xa chromosome to EVERY son, making all of her sons affected — but sons II-4 and II-5 are unaffected, which is inconsistent with X-linked recessive inheritance. Dominant inheritance (autosomal or X-linked) is inconsistent with two unaffected parents (I-2, and II-4 ""known carrier"") producing affected children. Therefore the trait is autosomal recessive.
Genotypes (A = normal/dominant allele, a = disease/recessive allele): I-1 (affected) = aa; I-2 (unaffected father, must be a carrier because he and affected I-1 produced affected children) = Aa; II-3 (affected) = aa; II-4 (unaffected, given as a known carrier) = Aa.",false,
APBIO-FRQ-L-003,b,3,unchanged,unchanged_from_prior_run,0c9b6720-639f-4dc4-8fab-c66e65271b1d,canonical_answer_1,1059|1317,"(b)(i) Cross II-3 (aa) × II-4 (Aa) is a testcross. Punnett square: gametes from Aa parent = 1/2 A, 1/2 a; combined with aa parent's a gamete → offspring genotypes: 1/2 Aa (unaffected), 1/2 aa (affected). Probability the first child is affected = 1/2 (50%).
---
(b)(ii) Expected ratio for this Aa × aa cross is 1:1 (unaffected:affected). With 4 children, expected = 2 unaffected, 2 affected. Observed = 3 unaffected, 1 affected.
χ² = Σ(O−E)²/E = (3−2)²/2 + (1−2)²/2 = 0.5 + 0.5 = 1.0.
With df = 1, χ²_crit = 3.84. Since the calculated χ² (1.0) is less than χ²_crit (3.84), we fail to reject the null hypothesis — the observed data are NOT significantly different from the expected 1:1 ratio; the small deviation is consistent with chance sampling variation given the small sample size (n=4).",false,
APBIO-FRQ-L-003,c,3,unchanged,unchanged_from_prior_run,0c9b6720-639f-4dc4-8fab-c66e65271b1d,canonical_answer_1,1848|2571,"(c)(i) The disease locus and marker M1 are 8 cM apart, so recombination frequency = 8%. In a coupling heterozygote (disease allele and M1 on one homolog; normal allele and m1 on the other) testcrossed to a doubly homozygous recessive individual, gametes from the heterozygous parent are: parental types (92% total, split 46%/46%) and recombinant types (8% total, split 4%/4%). Of 200 offspring:
• Parental class 1 (disease-allele phenotype with M1 marker present): 46% × 200 = 92
• Parental class 2 (normal phenotype, marker M1 absent): 46% × 200 = 92
• Recombinant class 1 (disease-allele phenotype, marker M1 absent): 4% × 200 = 8
• Recombinant class 2 (normal phenotype, marker M1 present): 4% × 200 = 8
(Total = 200.)
---
(c)(ii) If the two genes were unlinked (on different chromosomes or far enough apart to assort independently), independent assortment during meiosis I would randomize allele combinations equally, producing an expected 1:1:1:1 ratio (50 offspring per class) regardless of parental combinations. Because these genes ARE linked (only 8 cM apart), the two alleles that started out together on the same parental homolog (coupling) are transmitted together far more often than not, since separating them requires a crossover event between the loci, which happens in only ~8% of meioses. This produces a large excess of parental-type offspring (92 each) relative to recombinant types (8 each), sharply deviating from the 1:1:1:1 ratio expected under independent assortment.",false,
APBIO-FRQ-L-003,d,2,unchanged,unchanged_from_prior_run,0c9b6720-639f-4dc4-8fab-c66e65271b1d,canonical_answer_1,3339,"(d) Normally, meiosis I separates homologous chromosomes (one maternal, one paternal homolog) into different secondary cells, and meiosis II separates sister chromatids (genetically identical copies produced by DNA replication of a single homolog) into different gametes. If nondisjunction occurs during meiosis II -- sister chromatids of chromosome 7 fail to separate at anaphase II -- one resulting gamete receives both (identical) sister-chromatid copies of chromosome 7, making it disomic (n+1) for chromosome 7, while the other resulting gamete receives no copy of chromosome 7 (n-1). When the n+1 gamete (carrying two copies of chromosome 7) is fertilized by a normal gamete (carrying one copy of chromosome 7), the resulting zygote has three total copies of chromosome 7 -- it is trisomic for chromosome 7 (2n+1), one chromosome more than the normal diploid number.
",false,
APBIO-FRQ-L-004,a,1,unchanged,unchanged_from_prior_run,c721f9eb-1f78-4fa0-b035-15701b663bde,canonical_answer_1,0,"
(a) In the Meselson-Stahl experiment, E. coli were grown for many generations in medium containing heavy nitrogen (15N) as the sole nitrogen source, so that all newly synthesized DNA incorporated 15N into its nitrogenous bases, producing uniformly ""heavy"" DNA. Cells were then transferred to medium containing only light nitrogen (14N), and DNA was extracted after each round of replication (generation). DNA samples were separated by cesium chloride (CsCl) density-gradient centrifugation, which separates DNA molecules by density. Results: after one generation, all DNA banded at a single, intermediate density — halfway between pure heavy (15N/15N) and pure light (14N/14N) DNA. After two generations, DNA showed two bands: one at the intermediate density and one at the fully light density, present in equal amounts. This pattern supports the semiconservative model: the intermediate band after generation 1 shows each new DNA duplex contains one old (heavy) strand paired with one new (light) strand — ruling out the conservative model, which predicts that after one generation there would be one fully heavy band (the original parental duplex, intact) and one fully light band (an entirely new duplex), never an intermediate band. The appearance of a fully light band after the second generation (from a duplex whose original heavy strand was paired with light in generation 1, then that light strand served as template for another light strand) together with a persisting intermediate band rules out the dispersive model, which predicts that DNA would remain as a single band of progressively decreasing (but never purely light) density each generation, since old and new DNA would be randomly interspersed throughout every molecule.",false,
APBIO-FRQ-L-004,b,3,unchanged,unchanged_from_prior_run,c721f9eb-1f78-4fa0-b035-15701b663bde,canonical_answer_1,1743,"(b)(i) Helicase: unwinds the parental DNA double helix by breaking the hydrogen bonds between complementary base pairs at the replication fork, generating the single-stranded template DNA needed for replication; necessary because DNA polymerase can only synthesize using single-stranded template.
(ii) DNA primase: synthesizes a short RNA primer complementary to the template strand, providing a free 3'-OH group to which new nucleotides can be added; necessary because DNA polymerases cannot initiate synthesis de novo — they can only extend an existing strand from a free 3'-OH.
(iii) DNA polymerase III (the main replicative/leading-strand polymerase): synthesizes new DNA by adding nucleotides complementary to the template strand in the 5'→3' direction (continuously on the leading strand, in short Okazaki fragments on the lagging strand); necessary because it is the enzyme that actually catalyzes phosphodiester bond formation to extend the growing DNA strand, with proofreading (3'→5' exonuclease) activity that maintains replication fidelity.
(iv) DNA ligase: seals the remaining nicks between adjacent DNA fragments (e.g., between Okazaki fragments on the lagging strand after RNA primers are removed and replaced with DNA) by catalyzing formation of a phosphodiester bond between a 3'-OH end and an adjacent 5'-phosphate end; necessary to produce one continuous, unbroken DNA strand rather than a series of disconnected fragments.",false,
APBIO-FRQ-L-004,c,3,unchanged,unchanged_from_prior_run,c721f9eb-1f78-4fa0-b035-15701b663bde,canonical_answer_1,3187|3454|4173,"(c)(i) Template strand: 5'-ATCGGATCCAAGTCG-3'. mRNA is synthesized complementary and antiparallel to the template (mRNA polymerized 5'→3' as the template is read 3'→5'), so the mRNA sequence equals the reverse complement of the template:
mRNA: 5'-CGACUUGGAUCCGAU-3'
---
(c)(ii) Reading the mRNA in codons from the first base: CGA-CUU-GGA-UCC-GAU. Using the standard genetic code: CGA = Arginine (Arg), CUU = Leucine (Leu) [confirmed in the provided partial codon table], GGA = Glycine (Gly) [confirmed in table], UCC = Serine (Ser) [confirmed in table], GAU = Aspartate (Asp). Amino acid sequence: Arg-Leu-Gly-Ser-Asp. None of these five codons is AUG (start) or a stop codon (UAA/UAG/UGA) — comparing against the table's AUG and UAG entries confirms neither appears in this sequence — so this reading frame contains no start codon and no stop codon; translation of this specific mRNA segment (as an isolated open reading frame) would not initiate or terminate within the given sequence.
---
(c)(iii) The mutation changes the 8th base of the template strand from C to T. Template position 8 is the middle base of the third template triplet (positions 7-9, template sequence TCC), which corresponds to mRNA codon 3 (mRNA positions 7-9 = GGA = Glycine, Gly). Template position 8 (C) pairs with mRNA position 8 (G); after the template C->T mutation, the complementary mRNA base becomes A (T pairs with A), so mRNA codon 3 changes from GGA (Gly) to GAA (Glutamate, Glu). Because the resulting codon specifies a different amino acid (Gly->Glu) rather than the same one, this is a NONSYNONYMOUS (missense) point mutation. Consequence: the protein product now has glutamate instead of glycine at this position; this is a single amino acid substitution (not a frameshift, since it is a substitution not an insertion/deletion, and not a nonsense mutation, since it doesn't create a premature stop codon) — glycine's small size and flexibility are often structurally important (e.g., in tight turns), so depending on how critical this residue is to protein folding or function, this substitution could range from minimal effect to significantly altering or abolishing protein function.",false,
APBIO-FRQ-L-004,d,2,unchanged,unchanged_from_prior_run,c721f9eb-1f78-4fa0-b035-15701b663bde,canonical_answer_1,5358,"(d) Aminoacyl-tRNA synthetases catalyze the covalent attachment (""charging"") of each amino acid to the 3' CCA end of its correct, cognate tRNA, using ATP. If a drug blocks this enzyme activity, tRNAs can no longer be charged with their amino acids. Without charged (aminoacyl-) tRNAs available, ribosomes have no amino acids to deliver to the A site during translation, so the addition of new amino acids to a growing polypeptide chain cannot occur — protein synthesis (translation) would be halted globally across the cell. Existing proteins already made would remain functional in the short term, but the cell would be unable to synthesize any new proteins (needed to replace degraded/short-lived proteins, respond to signals, replicate, or carry out normal cellular functions), which would ultimately be lethal to the cell.
",false,
APBIO-FRQ-L-006,a,1,unchanged,unchanged_from_prior_run,9aaacb20-9b11-4867-aaff-57ec9dbb07cf,canonical_answer_1,0,"
(a) Mean beak depth increased from 9.42 mm (1976, pre-drought) to 9.96 mm in drought survivors, and remained elevated at 10.07 mm by 1978. This reflects natural selection acting on pre-existing heritable variation in beak depth within the finch population (source of variation: beak depth varies among individual finches due to underlying genetic differences, i.e., standing genetic variation, prior to the drought). The selective agent was the drought-induced scarcity of small, soft seeds, which left only large, hard seeds available; birds needed sufficiently deep, strong beaks to crack these large hard seeds. This produced differential survival: only 85 of 642 birds survived the drought, and the survivors had a significantly larger mean beak depth (9.96 mm) than the pre-drought population mean (9.42 mm) — individuals with deeper beaks were better able to access/process the remaining large hard seeds and thus survived and reproduced at higher rates than shallow-beaked individuals. Because beak depth is heritable (passed from parents to offspring via genes), the surviving (deeper-beaked) birds' offspring inherited genes for deeper beaks, so the population's mean beak depth remained elevated (10.07 mm) into the next generation (1978) — this shift in the population's genetic/phenotypic composition, resulting from differential reproductive success of individuals with a heritable advantageous trait, is natural selection.",false,
APBIO-FRQ-L-006,b,3,unchanged,unchanged_from_prior_run,9aaacb20-9b11-4867-aaff-57ec9dbb07cf,canonical_answer_1,1439,"(b) Given allele frequencies p (allele D) = 0.6 and q (allele d) = 0.4, expected genotype frequencies under Hardy-Weinberg equilibrium are: DD = p² = 0.36, Dd = 2pq = 2(0.6)(0.4) = 0.48, dd = q² = 0.16. Observed genotype frequencies in 1976 (N=642) were: DD = 0.40, Dd = 0.42, dd = 0.18. Converting to counts: Expected counts — DD = 0.36×642 = 231.1, Dd = 0.48×642 = 308.2, dd = 0.16×642 = 102.7. Observed counts — DD = 0.40×642 ≈ 257, Dd = 0.42×642 ≈ 270, dd = 0.18×642 ≈ 116.
χ² = Σ(O−E)²/E = (257−231.1)²/231.1 + (270−308.2)²/308.2 + (116−102.7)²/102.7
= (25.9)²/231.1 + (−38.2)²/308.2 + (13.3)²/102.7
= 670.8/231.1 + 1459.2/308.2 + 176.9/102.7
≈ 2.90 + 4.73 + 1.72 = 9.35
With df = 1 (3 genotype classes − 1 − 1 estimated allele frequency parameter) and χ²_crit = 3.84 (p=0.05), the calculated χ² (9.35) exceeds χ²_crit (3.84), so we reject the null hypothesis of Hardy-Weinberg equilibrium — the observed genotype frequencies deviate significantly from HWE expectations, meaning the 1976 population was NOT in Hardy-Weinberg equilibrium for this locus (consistent with ongoing natural selection/nonrandom mating rather than the idealized HWE assumptions of no selection, random mating, no migration, no mutation, and infinite population size).",false,
APBIO-FRQ-L-006,c,3,unchanged,unchanged_from_prior_run,9aaacb20-9b11-4867-aaff-57ec9dbb07cf,canonical_answer_1,2689|3445,"(c)(i) After the 1983 El Niño, small soft seeds became abundant, and mean beak depth shifted back toward smaller values by 1984 — this is directional selection (selection favoring one phenotypic extreme, shifting the population mean in one direction), here favoring SMALLER beak depth. Small, soft seeds require less force to crack open, so finches with smaller, more slender beaks could feed on them efficiently (with less energy expenditure/handling time) than deep-beaked finches, which are specialized for large, hard seeds but are less efficient at processing small soft seeds; with small soft seeds now abundant, smaller-beaked birds had a survival/foraging advantage, so directional selection shifted the population mean toward smaller beak depth.
---
(c)(ii) This shift does NOT represent Lamarckian inheritance because no individual bird's beak physically changed in response to use or environmental conditions during its own lifetime and then passed that acquired change to offspring (which is what Lamarckian ""inheritance of acquired characteristics"" would require). Instead, the shift reflects a change in the population's allele frequencies due to natural selection acting on pre-existing heritable genetic variation: individuals that already happened to carry alleles for smaller beak depth had higher relative survival/reproduction under the new (post-El Niño) conditions, so those alleles increased in frequency in the next generation. The mechanism is differential reproductive success of pre-existing genotypes, not modification of an individual's traits during its lifetime followed by inheritance of that modification.",false,
APBIO-FRQ-L-006,d,2,unchanged,unchanged_from_prior_run,9aaacb20-9b11-4867-aaff-57ec9dbb07cf,canonical_answer_1,4326,"(d) The competitive exclusion principle states that two species cannot indefinitely coexist in the same community if they compete for exactly the same limiting resource(s) in the same way, because the more efficient competitor will eventually outcompete and exclude the other from that shared niche. G. magnirostris, with its larger beak, is a superior competitor for large, hard seeds compared to the medium ground finch. As G. magnirostris establishes itself on Daphne Major and competes for this same large-seed resource, medium ground finches (especially those individuals with larger beak depths, most similar in diet/niche to G. magnirostris) may experience increased competition for large seeds, potentially reducing their survival and reproductive success and causing a decline in the medium ground finch population (or at least in its large-beaked segment). A possible evolutionary outcome allowing coexistence is character displacement: natural selection could favor medium ground finches with smaller beak depths (shifting the population's beak-depth distribution away from overlap with G. magnirostris), resulting in niche partitioning where medium ground finches specialize increasingly on smaller seeds while G. magnirostris specializes on larger seeds — reducing direct resource competition and allowing the two species to coexist on the island.
",false,
APBIO-FRQ-L-008,a-equilibrium,1,recovered,recovered_ca1,26b8c3f6-eb8d-485b-9dae-5e32c4a29541,prior_canonical_answer_1,507,"(a)(ii) The sucrose concentration at osmotic equilibrium (0% mass change) falls between 0.3 M (+0.2%) and 0.4 M (−0.2%); interpolating, this is approximately 0.35 M. This tells us that the internal solute concentration of the potato tissue is approximately 0.35 M (in sucrose-equivalent terms) — at this external concentration, water has no net tendency to move into or out of the cells because the internal and external solute (and thus water potential) concentrations are equal.",false,
APBIO-FRQ-L-008,a-graph,1,recovered,recovered_ca1,26b8c3f6-eb8d-485b-9dae-5e32c4a29541,prior_canonical_answer_1,0,"
(a)(i) Graph description: percent mass change starts strongly positive (+8.4%) at 0 M sucrose and decreases progressively (in a roughly linear, downward-sloping trend) as sucrose concentration increases, crossing from positive to negative between 0.3 M (+0.2%) and 0.4 M (−0.2%), and continuing to decline to a strongly negative value (−15.8%) at 0.8 M. Key points to label: the y-intercept at (0 M, +8.4%), the x-intercept (zero mass change) at approximately 0.35 M, and the endpoint at (0.8 M, −15.8%).",false,
APBIO-FRQ-L-008,a-water-movement,1,recovered,recovered_ca1,26b8c3f6-eb8d-485b-9dae-5e32c4a29541,prior_canonical_answer_1,989,"(a)(iii) At 0.2 M sucrose, the external solution (0.2 M) is hypotonic relative to the potato tissue (whose internal solute concentration is ~0.35 M) — the potato cells have a higher internal solute concentration than the surrounding solution. Net water movement will be INTO the potato cells, down the water potential gradient from the more dilute external solution (higher Ψ) to the more concentrated cell interior (lower Ψ), consistent with the observed mass gain (+1.6%). As water enters, the cells become more turgid: the protoplast swells and presses against the cell wall, increasing turgor pressure, but the rigid cell wall prevents lysis.",false,
APBIO-FRQ-L-008,b,3,recovered,recovered_ca1,26b8c3f6-eb8d-485b-9dae-5e32c4a29541,prior_canonical_answer_1,1637|2314,"(b)(i) Water potential (Ψ) is a measure of the free energy of water per unit volume/area, which determines the direction water will move (water moves from regions of higher Ψ to regions of lower Ψ); it is measured in pressure units (bars or MPa). Ψ = Ψs + Ψp, where Ψs (solute potential/osmotic potential) is the reduction in water potential caused by dissolved solutes (always ≤ 0, since solutes reduce the free energy/entropy available to water), and Ψp (pressure potential) is the physical pressure exerted on the water — in plant cells this is typically the turgor pressure created by the protoplast pushing against the rigid cell wall (positive when the cell is turgid).
---
(b)(ii) The potato tissue's Ψs = −7.0 bars. Placed in pure water, Ψ(outside) = 0 bars (Ψs = 0, Ψp = 0 for pure water). At equilibrium, water potential inside the cell equals water potential outside: Ψ(inside) = Ψ(outside) → Ψs + Ψp = 0 → (−7.0) + Ψp = 0 → Ψp = +7.0 bars. This positive pressure potential represents the turgor pressure built up inside the cell as water enters and the protoplast presses against the cell wall; the wall pushes back with an equal, opposing pressure. At equilibrium, this turgor pressure exactly counterbalances the tendency of water to keep entering due to the cell's negative solute potential (even though a concentration difference in solutes still exists), so net water movement stops — the cell is fully turgid.",false,
APBIO-FRQ-L-008,c,2,recovered,recovered_ca1,26b8c3f6-eb8d-485b-9dae-5e32c4a29541,prior_canonical_answer_1,3063,"(c) Hypotonic solution: Plant cell — water moves INTO the cell (down the water potential gradient, since the hypotonic solution has a higher Ψ than the cell); the rigid cellulose cell wall prevents the cell from bursting by generating counter (pressure) potential, so the cell becomes turgid (firm), which is beneficial for structural support. Animal cell (e.g., RBC) — water moves into the cell, but with no rigid wall to resist expansion and build counter-pressure, the cell can swell uncontrollably and undergo lysis (membrane rupture).
Hypertonic solution: Plant cell — water moves OUT of the cell (toward the lower-Ψ hypertonic external solution); the protoplast shrinks and pulls away from the rigid cell wall, a process called plasmolysis, and the cell becomes flaccid (loses turgor). Animal cell — water moves out and the cell shrinks/shrivels, a process called crenation.",false,
APBIO-FRQ-L-008,d,2,recovered,recovered_ca1,26b8c3f6-eb8d-485b-9dae-5e32c4a29541,prior_canonical_answer_1,3945|4699,"(d)(i) Aquaporins are channel proteins that form water-permeable pores across the membrane, allowing water molecules to cross the hydrophobic lipid bilayer much more rapidly (facilitated diffusion) than by unassisted diffusion through the membrane alone. Aquaporins do not use ATP and cannot move water against its water-potential gradient — they simply provide a faster, lower-resistance pathway for water to move down the SAME gradient (from high Ψ to low Ψ) that would drive movement anyway. Because movement is still occurring passively down an existing free-energy gradient (aquaporins only increase the rate/permeability, not the direction or the thermodynamic favorability of movement), the process remains passive osmosis, not active transport.
---
(d)(ii) A cell with reduced/deleted aquaporin expression placed in a hypertonic solution will still lose water — net water movement will still be OUT of the cell, since the direction is dictated by the water potential gradient (unchanged by aquaporin presence) — but the RATE of water loss (and thus the rate of plasmolysis) will be SLOWER than in a normal cell, because water must now cross the membrane primarily via slow diffusion through the lipid bilayer itself rather than through the fast aquaporin channels. The final equilibrium extent of plasmolysis would eventually be similar to a normal cell, but the aquaporin-deficient cell would take longer to reach that equilibrium state.
",false,
APBIO-FRQ-L-012,a,1,unchanged,unchanged_from_prior_run,1514c2ee-7cc6-4173-b547-b1f5535a4e95,canonical_answer_1,0,"
(a) From Table 1, reaction rate approaches an asymptote near 50 μmol/min at high substrate concentrations (49.5–50.0 μmol/min at [S] = 1000–5000 μM), so Vmax ≈ 50 μmol/min. Km is the substrate concentration at which reaction rate equals half of Vmax (25 μmol/min); the table shows rate = 25 μmol/min occurs exactly at [S] = 40 μM, so Km ≈ 40 μM.
Biological significance: Km is inversely related to the enzyme's apparent affinity for its substrate — a LOW Km means the enzyme reaches half-maximal velocity at a low substrate concentration, indicating HIGH affinity (the enzyme binds and processes substrate effectively even when substrate is scarce); a HIGH Km indicates lower affinity (more substrate is needed to achieve the same fractional saturation). Vmax reflects the maximum catalytic capacity of the enzyme population under the given conditions, once the enzyme is fully saturated with substrate — it depends on the total amount/concentration of enzyme present and each enzyme molecule's intrinsic turnover number (kcat, how quickly an individual enzyme molecule converts bound substrate to product).",false,
APBIO-FRQ-L-012,b,3,unchanged,unchanged_from_prior_run,1514c2ee-7cc6-4173-b547-b1f5535a4e95,canonical_answer_1,1110|1932,"(b)(i) Inhibitor A: Vmax unchanged (50, same as no inhibitor) but Km increased (120 vs. 40) → classified as a COMPETITIVE inhibitor. A higher apparent Km means more substrate is required to reach half-maximal velocity, consistent with the inhibitor competing with substrate for the same binding site — but because sufficiently high substrate concentration can still outcompete the inhibitor, the same Vmax can eventually be reached.
Inhibitor B: Vmax decreased (25 vs. 50) but Km unchanged (40, same as no inhibitor) → classified as a NONCOMPETITIVE inhibitor. Vmax is reduced because a fraction of enzyme molecules is rendered nonfunctional regardless of substrate concentration, but the affinity (Km) of the remaining active enzyme for substrate is unaffected, since this inhibitor does not compete at the active site.
---
(b)(ii) Competitive inhibitor (A): binds reversibly to the enzyme's active site itself, typically because it structurally resembles the substrate, physically blocking the substrate from binding there. Because this competition is reversible and concentration-dependent, sufficiently high substrate concentrations can outcompete/displace the inhibitor from the active site, so the reaction can still eventually reach the same Vmax as uninhibited enzyme (just requiring more substrate — a higher apparent Km).
Noncompetitive inhibitor (B): binds to a site on the enzyme distinct from the active site (an allosteric site), inducing a conformational change that impairs or abolishes the enzyme's catalytic activity regardless of how much substrate is bound. Because it does not compete with substrate for the active site, increasing substrate concentration cannot reverse this inhibition — the Vmax of the enzyme population is reduced (some fraction of enzyme is nonfunctional at any time), while the Km (affinity) of the still-active, uninhibited enzyme molecules remains unchanged.",false,
APBIO-FRQ-L-012,c,3,unchanged,unchanged_from_prior_run,1514c2ee-7cc6-4173-b547-b1f5535a4e95,canonical_answer_1,3012,"(c) Threonine deaminase catalyzes the first committed step of the pathway converting threonine to isoleucine. Isoleucine, the pathway's end product, binds threonine deaminase at an allosteric site — a regulatory binding site physically and structurally distinct from the active site, where threonine itself binds and is chemically converted. When isoleucine binds this allosteric site, it induces a conformational change that is transmitted through the enzyme's tertiary/quaternary structure to the active site, distorting its shape so that it can no longer efficiently bind threonine or catalyze the reaction — reducing enzyme activity. This is feedback inhibition (end-product inhibition): the pathway's own final product inhibits an enzyme earlier in its own biosynthetic pathway, creating a self-regulating mechanism — as isoleucine accumulates to sufficient levels, it shuts down further isoleucine production by inhibiting threonine deaminase, preventing wasteful overproduction; as isoleucine is consumed/depleted, inhibition is relieved and the pathway resumes.",false,
APBIO-FRQ-L-012,d,2,unchanged,unchanged_from_prior_run,1514c2ee-7cc6-4173-b547-b1f5535a4e95,canonical_answer_1,4083,"(d)(i) From 0°C up to the temperature optimum, increasing temperature increases the kinetic energy of enzyme and substrate molecules, increasing both the frequency and the energy of molecular collisions between them; this increases the rate at which enzyme–substrate complexes form and successfully proceed to products, so reaction rate increases with temperature in this range.
(d)(ii) Above the temperature optimum, reaction rate decreases sharply because excess thermal energy disrupts the weak, noncovalent bonds (hydrogen bonds, ionic bonds, hydrophobic interactions) that maintain the enzyme's precise tertiary/quaternary structure. The enzyme begins to denature (unfold from its native, catalytically functional conformation), progressively distorting or destroying the specific shape of the active site required for substrate binding and catalysis, so catalytic activity falls off rapidly as an increasing fraction of enzyme molecules become permanently denatured and nonfunctional.
(d)(iii) A thermophilic bacterium's enzyme would likely have structural features that create MORE and/or stronger stabilizing interactions holding its tertiary/quaternary structure together — e.g., more ionic bonds/salt bridges, more hydrogen bonds, more disulfide bonds, and/or tighter hydrophobic core packing — than the equivalent mesophilic enzyme. These additional stabilizing interactions allow the thermophilic protein to resist thermal denaturation and maintain its functional 3D conformation (and active-site shape) at the higher temperatures characteristic of the thermophile's environment, whereas the mesophilic enzyme's comparatively fewer/weaker stabilizing interactions cause it to denature at the lower temperatures typical of mesophilic environments.
",false,
APBIO-FRQ-L-013,a,1,unchanged,unchanged_from_prior_run,3f39e127-2862-4a16-9805-c8ad8251a224,canonical_answer_1,0,"
(a) mRNA encoding trypsinogen is translated by ribosomes bound to the rough endoplasmic reticulum (RER): a signal sequence on the growing polypeptide is recognized by the signal recognition particle (SRP), directing the ribosome to dock at the RER membrane, and the polypeptide is threaded into the RER lumen as it is synthesized, where it begins folding (assisted by chaperone proteins) and is glycosylated. The protein is then packaged into COPII-coated transport vesicles that bud from the RER membrane and travel to and fuse with the cis face of the Golgi apparatus, releasing their contents into the Golgi lumen. Within the Golgi, the protein is further modified (glycosylation patterns altered, proteolytic processing) as it moves from the cis face through the medial cisternae toward the trans face, transported between Golgi cisternae. At the trans face, the mature trypsinogen is packaged into secretory vesicles, which bud off and travel to the plasma membrane, fusing with it (exocytosis) to release trypsinogen out of the pancreatic acinar cell into the pancreatic duct.",false,
APBIO-FRQ-L-013,b,3,unchanged,unchanged_from_prior_run,3f39e127-2862-4a16-9805-c8ad8251a224,canonical_answer_1,1085,"(b) Three functions of the smooth ER (SER) in a liver cell: (1) Detoxification of drugs and other lipid-soluble toxins — SER membranes contain enzymes (e.g., cytochrome P450 family enzymes) that chemically modify (e.g., hydroxylate) hydrophobic toxic compounds and drugs, increasing their water solubility so they can be excreted from the body. (2) Lipid and steroid synthesis — SER synthesizes membrane phospholipids, cholesterol, and (in steroid-hormone-producing cells) steroid hormones, as well as lipoprotein components. (3) Carbohydrate/glucose metabolism — SER contains the enzyme glucose-6-phosphatase, which removes the phosphate group from glucose-6-phosphate (generated by glycogenolysis or gluconeogenesis), producing free glucose that can be transported out of the liver cell into the bloodstream to help regulate blood glucose levels (glucose-6-phosphate itself cannot cross the plasma membrane).
Molecular basis of detoxification: cytochrome P450 enzymes embedded in the SER membrane catalyze oxidation reactions (e.g., adding a hydroxyl group) to hydrophobic drug/toxin molecules, increasing their polarity and water solubility; this allows subsequent conjugation (e.g., with glucuronic acid) and excretion via bile or urine, preventing the accumulation of these lipid-soluble compounds within cell membranes.",false,
APBIO-FRQ-L-013,c,3,unchanged,unchanged_from_prior_run,3f39e127-2862-4a16-9805-c8ad8251a224,canonical_answer_1,2412|3010|3563,"(c)(i) Lysosomal (acid hydrolase) enzymes synthesized in the RER are tagged in the Golgi apparatus with a mannose-6-phosphate (M6P) marker. Mannose-6-phosphate receptors located in the trans-Golgi network specifically recognize and bind M6P-tagged proteins, sorting them into clathrin-coated vesicles that are directed to lysosomes (or late endosomes that mature into lysosomes), rather than following the default pathway toward the plasma membrane for secretion — this specific tag-and-receptor recognition system targets lysosomal enzymes to lysosomes instead of being secreted out of the cell.
---
(c)(ii) Lysosomal acid hydrolases require the low (acidic, ~pH 5) internal pH of the lysosome (maintained by proton pumps in the lysosomal membrane) to be catalytically active; at the neutral pH of the cytosol, these enzymes are far less active, so even minor leakage into the cytosol would not significantly damage other cell components. Additionally, proteins on the inner (lumen-facing) surface of the lysosomal membrane are highly glycosylated, which helps shield/protect them from being degraded by the very enzymes contained within the lysosome.
---
(c)(iii) When a lysosome fuses with an autophagosome (a double-membrane vesicle that has engulfed damaged organelles or cytoplasmic material for recycling), it forms an autolysosome. The lysosome's acid hydrolases mix with and enzymatically digest the enclosed material — proteins, lipids, and damaged organelle components — breaking them down into their monomer building blocks (amino acids, fatty acids, sugars, nucleotides). These monomers are then transported out of the (auto)lysosome back into the cytosol, where the cell can recycle/reuse them for new biosynthesis or as an energy source.",false,
APBIO-FRQ-L-013,d,2,unchanged,unchanged_from_prior_run,3f39e127-2862-4a16-9805-c8ad8251a224,canonical_answer_1,4160,"(d) Brefeldin A disrupts COPI vesicle formation and causes the Golgi apparatus to collapse back into the ER.
(i) Secretion of a newly synthesized extracellular protein: would be blocked/severely decreased. With the Golgi structurally collapsed into the ER and normal ER→Golgi→plasma membrane vesicular traffic disrupted, the protein cannot be properly processed and packaged into secretory vesicles for exocytosis, so secretion out of the cell would stop or drop sharply.
(ii) Delivery of lysosomal enzymes to lysosomes: also blocked/severely impaired, because the trans-Golgi network (where lysosomal enzymes are normally M6P-tagged and sorted into lysosome-directed vesicles) is disrupted along with the rest of the Golgi — without a functional Golgi to apply this tag and sort the enzymes, they cannot be properly targeted to lysosomes.
(iii) ER morphology: the ER would appear enlarged/swollen and structurally abnormal, since Golgi membrane and its resident/cargo proteins are being redistributed back into (fused with) the ER, increasing the ER's membrane surface area and volume and altering its normal appearance — this collapse is the basis for using brefeldin A experimentally to study ER–Golgi trafficking.
",false,
APBIO-FRQ-L-014,a,2,unchanged,unchanged_from_prior_run,0fbbb21d-7816-41e5-96ef-d5f2d904c3a9,canonical_answer_1,0|1185,"
(a)(i) Four lines of evidence for the endosymbiotic origin of mitochondria: (1) Mitochondria contain their own circular DNA genome (mtDNA), structurally similar to bacterial chromosomes (circular, not complexed with histones), distinct from the linear, histone-associated nuclear DNA of the eukaryotic host. (2) Mitochondria contain their own ribosomes, which resemble bacterial (70S-type) ribosomes in size and antibiotic sensitivity, rather than the cytoplasmic 80S ribosomes of the eukaryotic host cell. (3) Mitochondria are bounded by a double membrane: the inner membrane is thought to derive from the original engulfed bacterium's own plasma membrane, while the outer membrane is thought to derive from the host cell's plasma membrane/engulfing vesicle formed during the initial phagocytic/endocytic event. (4) Mitochondria reproduce independently of the host cell cycle via binary fission, similar to how free-living bacteria divide, rather than being newly assembled by the cell each time. (Additional supporting evidence: phylogenetic analysis of mitochondrial rRNA/protein sequences shows mitochondria are most closely related to a specific group of alpha-proteobacteria.)
---
(a)(ii) Over evolutionary time, most genes originally present in the free-living bacterial ancestor's genome were transferred from the mitochondrial genome to the host cell's nuclear genome (endosymbiotic/organellar gene transfer); the corresponding proteins are now synthesized in the cytosol by cytoplasmic ribosomes and imported back into the mitochondrion via specific protein-targeting signal sequences. Retaining most genes in the nucleus is advantageous because it allows the cell to centrally coordinate/regulate mitochondrial protein production together with the rest of the cell's needs, benefits from the nucleus's more robust and accurate DNA repair/recombination machinery (mitochondrial DNA has a higher mutation rate and less effective repair), and reduces genomic redundancy — the mitochondrial genome now retains only a small number of genes, typically those encoding highly hydrophobic membrane proteins (e.g., core electron transport chain subunits) that are difficult to import from the cytosol after synthesis.",false,
APBIO-FRQ-L-014,b,3,unchanged,unchanged_from_prior_run,0fbbb21d-7816-41e5-96ef-d5f2d904c3a9,canonical_answer_1,2218,"(b) The source of the proton gradient is the electron transport chain: as electrons from NADH (and FADH2) are passed sequentially through Complexes I, III, and IV, the energy released by these electron transfers is used by each complex to actively pump H+ ions from the mitochondrial matrix across the inner membrane into the intermembrane space, creating a higher H+ concentration (and more positive charge/lower pH) in the intermembrane space than in the matrix — an electrochemical proton gradient (proton-motive force). This gradient drives ATP synthesis via chemiosmosis: because the inner membrane is impermeable to ions except through specific channels, H+ can flow back down its concentration gradient (from intermembrane space into the matrix) only through the F0 channel of ATP synthase; this proton flow spins the F0 rotor, driving conformational changes in the F1 head that catalyze phosphorylation of ADP + Pi to form ATP.
Complex I (NADH dehydrogenase): oxidizes NADH back to NAD+, passing the released electrons into the electron transport chain, and pumps 4 H+ into the intermembrane space.
Complex III (cytochrome bc1): continues passing electrons along the chain and pumps 4 H+ into the intermembrane space.
Complex IV (cytochrome c oxidase): accepts electrons from cytochrome c and transfers them to the final electron acceptor, O2, reducing it (with H+ from the matrix) to H2O, and pumps 2 additional H+ into the intermembrane space.
ATP synthase (Complex V): uses the energy of protons flowing back through its F0 channel down the electrochemical gradient to drive the rotary catalytic mechanism of its F1 head, synthesizing ATP from ADP and Pi.",false,
APBIO-FRQ-L-014,c,3,unchanged,unchanged_from_prior_run,0fbbb21d-7816-41e5-96ef-d5f2d904c3a9,canonical_answer_1,3886|4315|4887,"(c)(i) Rotenone (inhibits Complex I): electrons from NADH can no longer enter the electron transport chain at Complex I, blocking electron flow through the chain from that entry point. O2 consumption DECREASES (electrons can no longer reach Complex IV via this pathway at the normal rate), and ATP synthesis DECREASES correspondingly (the proton gradient can no longer be adequately maintained, reducing ATP synthase activity).
---
(c)(ii) Oligomycin (blocks the F0 channel of ATP synthase): protons can no longer flow back into the matrix through ATP synthase, so ATP synthesis DECREASES/stops directly. Because the proton gradient can no longer be dissipated through ATP synthase, H+ accumulates in the intermembrane space, increasing the gradient's magnitude/""back pressure"" against further proton pumping; this makes continued pumping by the ETC complexes energetically less favorable, so electron transport (and thus O2 consumption) also DECREASES — both O2 consumption and ATP synthesis decrease.
---
(c)(iii) DNP (uncoupler; makes the inner membrane permeable to H+): protons leak directly back into the matrix across the membrane, bypassing ATP synthase entirely, so the proton gradient cannot build up (it is continuously dissipated as heat rather than being used to synthesize ATP) — ATP synthesis DECREASES, since protons no longer need to flow through ATP synthase to return to the matrix. However, because the gradient never builds up significant ""back pressure,"" the ETC complexes can pump protons essentially unimpeded, and the cell/mitochondrion compensates for the lost ATP output by increasing the rate of electron transport — so O2 consumption INCREASES, even though little of that respiratory energy is captured as ATP (most is released as heat).",false,
APBIO-FRQ-L-014,d,1,unchanged,unchanged_from_prior_run,0fbbb21d-7816-41e5-96ef-d5f2d904c3a9,canonical_answer_1,5648,"(d) Heart muscle cells and neurons both have unusually high ATP demands: cardiac muscle cells must contract continuously throughout life to pump blood, requiring constant ATP for the actin–myosin contractile machinery, and neurons require large amounts of ATP to maintain ion gradients (via the Na+/K+ ATPase) for generating and propagating action potentials and for synaptic transmission (neurotransmitter synthesis, vesicle trafficking/recycling) — both cell types are highly metabolically active and depend heavily on the efficient, high-ATP-yield process of oxidative phosphorylation. The specific structural feature that maximizes ATP output is the highly folded inner mitochondrial membrane (cristae): these folds greatly increase the surface area of inner membrane available to house electron transport chain complexes and ATP synthase molecules, allowing many more of these proteins to be packed into a given mitochondrial volume, maximizing the rate of oxidative phosphorylation and ATP production per mitochondrion.
A drug inhibiting mitochondrial fission would be especially harmful to neurons compared to rapidly dividing cells like skin fibroblasts because neurons are post-mitotic (non-dividing, terminally differentiated) cells with very long axonal and dendritic processes (sometimes over a meter long) that depend on mitochondrial fission (together with fusion) to distribute healthy mitochondria along their length to distant synaptic terminals, where local ATP supply is essential for synaptic function, and fission is also required for mitochondrial quality control (isolating damaged mitochondrial segments for removal via mitophagy). Because neurons cannot dilute or replace damaged/undistributed mitochondria through cell division (unlike rapidly dividing fibroblasts, which continually produce new daughter cells that each receive a fresh partitioned complement of mitochondria during division), blocking fission would cause neurons to progressively accumulate large, dysfunctional, poorly distributed mitochondria that cannot reach distant synapses or be properly quality-controlled, severely impairing neuronal ATP supply and function over time — a problem that dividing fibroblasts are comparatively protected from due to their shorter, simpler geometry and ongoing mitochondrial redistribution through cell division.
",false,
APBIO-FRQ-L-015,a,1,unchanged,unchanged_from_prior_run,f9ab1b6b-ec52-479b-9c31-fbad9dcc62e8,canonical_answer_1,0,"(a) Carbon trace: Glycolysis splits glucose (6C) into 2 pyruvate (3C each); no carbon is lost as CO2 in glycolysis, so all 6 carbons remain in the 2 pyruvate molecules. In pyruvate oxidation, each pyruvate (3C) is decarboxylated to acetyl-CoA (2C) plus 1 CO2, releasing 2 CO2 total (one per pyruvate) and leaving 4 carbons in the two acetyl groups. In the Krebs cycle, each acetyl-CoA (2C) condenses with oxaloacetate to form citrate; over one turn, 2 CO2 are released via two decarboxylation steps (isocitrate dehydrogenase and alpha-ketoglutarate dehydrogenase). Since the cycle turns twice (once per acetyl-CoA), 4 CO2 are released total. Overall CO2 accounting: 2 CO2 (pyruvate oxidation) + 4 CO2 (Krebs, 2 turns) = 6 CO2, accounting for all 6 original glucose carbons.",false,
APBIO-FRQ-L-015,b,3,unchanged,unchanged_from_prior_run,f9ab1b6b-ec52-479b-9c31-fbad9dcc62e8,canonical_answer_1,775,"(b) Electron carriers produced per glucose: Glycolysis produces 2 NADH (cytoplasmic). Pyruvate oxidation produces 2 NADH (mitochondrial matrix, one per pyruvate). The Krebs cycle (2 turns) produces 6 NADH and 2 FADH2. Total = 10 NADH (2 cytoplasmic + 8 mitochondrial) and 2 FADH2. Mitochondrial NADH donates its electrons to Complex I of the electron transport chain, pumping protons at Complexes I, III, and IV (~2.5 ATP equivalent each). FADH2 donates electrons to Complex II, bypassing Complex I, so it only drives proton pumping at Complexes III and IV (~1.5 ATP equivalent each). The 2 cytoplasmic NADH from glycolysis cannot cross the inner mitochondrial membrane directly and must be shuttled in via the malate-aspartate shuttle (delivers electrons to mitochondrial NAD+, yielding the full ~2.5 ATP equivalent) or the glycerol-3-phosphate shuttle (delivers electrons to FAD, yielding only ~1.5 ATP equivalent).",false,
APBIO-FRQ-L-015,c,3,unchanged,unchanged_from_prior_run,f9ab1b6b-ec52-479b-9c31-fbad9dcc62e8,canonical_answer_1,1694,"(c) Three reasons actual ATP yield is lower than the theoretical ~30-32 ATP: (1) Proton leak — some protons leak back across the inner mitochondrial membrane through channels other than ATP synthase, dissipating part of the proton-motive force as heat rather than using it to synthesize ATP. (2) Shuttle costs — cytoplasmic NADH shuttled via the glycerol-3-phosphate shuttle delivers electrons to FAD instead of NAD+, losing about 1 ATP equivalent per cytoplasmic NADH compared to the theoretical maximum that assumes full NADH-level input. (3) The proton gradient is used for purposes other than ATP synthesis, such as powering the transport of ADP into and ATP out of the mitochondrial matrix (via the adenine nucleotide translocase) and importing inorganic phosphate and pyruvate, which consumes some of the gradient's energy without directly producing ATP.",false,
APBIO-FRQ-L-015,d,2,unchanged,unchanged_from_prior_run,f9ab1b6b-ec52-479b-9c31-fbad9dcc62e8,canonical_answer_1,2556,"(d) The Pasteur effect: without O2, there is no terminal electron acceptor for the electron transport chain, so oxidative phosphorylation stops and NADH cannot be reoxidized to NAD+ via the ETC. Glycolysis absolutely requires a continuous supply of NAD+ (used by glyceraldehyde-3-phosphate dehydrogenase); under anaerobic conditions this NAD+ is regenerated instead by fermentation (reducing pyruvate to lactate or acetaldehyde to ethanol), which allows glycolysis to keep running. However, anaerobic glycolysis alone nets only 2 ATP per glucose via substrate-level phosphorylation, versus ~30 ATP aerobically — roughly a 15-fold drop in efficiency. To meet the same cellular energy demand, the cell must dramatically increase glycolytic flux, consistent with Table 1 showing glucose consumption jumping from 0.5 to 4.2 mmol/hr/g (about 8x) under anaerobic conditions. This increase is driven by regulation of phosphofructokinase (PFK), the rate-limiting glycolytic enzyme: ATP and citrate (both more abundant when the Krebs cycle/ETC are active) are allosteric inhibitors of PFK, while AMP and ADP (more abundant when ATP production falls under anaerobic conditions) are allosteric activators. Anaerobically, falling ATP/citrate and rising AMP/ADP relieve PFK inhibition and activate it, ramping up glycolytic rate to compensate for the far lower ATP yield per glucose molecule.",false,
APBIO-FRQ-L-016,a,1,unchanged,unchanged_from_prior_run,2fea6947-66ba-4080-9bcb-863c35adeb1b,canonical_answer_1,0,"(a) Alcoholic fermentation (yeast): Glycolysis converts glucose to 2 pyruvate, net 2 ATP (substrate-level phosphorylation) and 2 NADH. Pyruvate decarboxylase removes a carboxyl group from each pyruvate, releasing CO2 and forming acetaldehyde. Alcohol dehydrogenase then reduces acetaldehyde to ethanol, oxidizing NADH back to NAD+ in the process. Net reaction: glucose to 2 ethanol + 2 CO2. Lactic acid fermentation (exercising muscle): glycolysis proceeds identically (2 ATP, 2 NADH). Lactate dehydrogenase directly reduces pyruvate to lactate, oxidizing NADH to NAD+; no CO2 is released. In both pathways, the enzyme catalyzing the final, defining step is lactate dehydrogenase (muscle) or alcohol dehydrogenase (yeast), and the metabolic purpose in both cases is identical: regenerate NAD+ so that glyceraldehyde-3-phosphate dehydrogenase in glycolysis can keep functioning, allowing glycolysis (the only ATP-producing step available without O2) to continue.",false,
APBIO-FRQ-L-016,b,3,unchanged,unchanged_from_prior_run,2fea6947-66ba-4080-9bcb-863c35adeb1b,canonical_answer_1,963,"(b) The claim is false/misleading. The reduction of pyruvate/acetaldehyde to lactate/ethanol (the fermentation step itself) produces zero ATP — it is purely a redox (NADH to NAD+) reaction with no phosphorylation of ADP. The actual ATP-producing step is glycolysis, specifically the substrate-level phosphorylation reactions catalyzed by phosphoglycerate kinase and pyruvate kinase, which occur before fermentation and do not themselves require O2 or fermentation. Fermentation's real function is to regenerate the NAD+ consumed by glycolysis, indirectly sustaining ATP production by keeping glycolysis running. The distinction matters because it correctly locates anaerobic ATP synthesis in glycolysis (substrate-level phosphorylation), not in the fermentation reaction, which is bioenergetically neutral for ATP.",false,
APBIO-FRQ-L-016,c,3,unchanged,unchanged_from_prior_run,2fea6947-66ba-4080-9bcb-863c35adeb1b,canonical_answer_1,1779,"(c)(i) Yeast produce CO2 aerobically via two decarboxylation-based processes: pyruvate oxidation (pyruvate to acetyl-CoA + CO2) and the Krebs cycle (isocitrate dehydrogenase and alpha-ketoglutarate dehydrogenase steps). Anaerobically, yeast produce CO2 via pyruvate decarboxylase in alcoholic fermentation (pyruvate to acetaldehyde + CO2).
(ii) The anaerobic CO2 rate is higher because anaerobic ATP yield per glucose (2 ATP via glycolysis) is far lower than the aerobic yield (~30 ATP), so to meet the same energy demand yeast must process glucose at a much higher rate anaerobically. Even though aerobic respiration releases more CO2 per glucose molecule (6 CO2 vs. 2 CO2 in fermentation), the much higher glucose flux anaerobically results in a higher overall CO2 production rate per unit time.
(iii) Cyanide blocks Complex IV, halting electron flow and stopping oxidative phosphorylation even in the presence of O2. Yeast would respond as if anaerobic: glycolytic flux would increase (loss of ATP/citrate-mediated PFK inhibition) and cells would shift to alcoholic fermentation to regenerate NAD+. CO2 production would initially drop (loss of the 6 CO2/glucose from pyruvate oxidation and Krebs cycle) but then rise again, approaching anaerobic-like rates, as fermentation-driven glycolytic flux increases and CO2 is produced via pyruvate decarboxylase.",false,
APBIO-FRQ-L-016,d,2,unchanged,unchanged_from_prior_run,2fea6947-66ba-4080-9bcb-863c35adeb1b,canonical_answer_1,3138,"(d) The coach's claim is not supported by current physiology. Lactate itself is not a metabolic ""waste"" that directly damages muscle; it can even be used as fuel by muscle and other tissues (e.g., the heart, liver via the Cori cycle). Muscle fatigue during intense exercise is caused primarily by: accumulation of H+ ions from rapid ATP hydrolysis (metabolic acidosis), which interferes with calcium binding to troponin and cross-bridge cycling; accumulation of inorganic phosphate (Pi), which disrupts calcium release from the sarcoplasmic reticulum and impairs cross-bridge force generation; and depletion of phosphocreatine/ATP stores along with disturbances in potassium ion balance across the muscle membrane, which reduce membrane excitability. Lactate production and fatigue are correlated (both increase during intense anaerobic exercise) because they share the same underlying cause — high rates of anaerobic glycolysis — but lactate itself is not the causal agent of fatigue.",false,
APBIO-FRQ-L-017,a,1,unchanged,unchanged_from_prior_run,1840ca34-d29d-45f2-b0c1-831759df1d46,canonical_answer_1,0,"(a) Insulin binds the alpha-subunits of the insulin receptor, causing a conformational change that activates the intrinsic tyrosine kinase activity of the beta-subunits; the beta-subunits trans-autophosphorylate each other on tyrosine residues. These phosphotyrosines serve as docking sites that recruit and phosphorylate IRS-1 (Insulin Receptor Substrate-1). Phosphorylated IRS-1 recruits PI3K via SH2 domains; PI3K phosphorylates membrane PIP2 to PIP3. PIP3 recruits both PDK1 and Akt (PKB) to the plasma membrane, where PDK1 phosphorylates and activates Akt. Active Akt phosphorylates AS160, inhibiting its normal suppression of Rab GTPases; this permits GLUT4-containing vesicles to translocate to and fuse with the plasma membrane, inserting GLUT4 glucose transporters and enabling glucose uptake.",false,
APBIO-FRQ-L-017,b,3,unchanged,unchanged_from_prior_run,1840ca34-d29d-45f2-b0c1-831759df1d46,canonical_answer_1,804,"(b) Insulin/RTK pathway: receptor type is a single-pass transmembrane receptor tyrosine kinase located on the cell surface; the primary second messenger/amplifier is the PI3K to PIP3 to Akt phosphorylation cascade; physiological effect includes GLUT4 translocation and glucose uptake (also glycogen synthesis, protein synthesis via mTOR). Epinephrine/GPCR (beta-adrenergic) pathway: receptor type is a 7-transmembrane G-protein-coupled receptor on the cell surface, coupled to a Gs protein; the second messenger is cyclic AMP (cAMP), produced by adenylyl cyclase and activating protein kinase A (PKA); physiological effect includes glycogenolysis (glycogen breakdown) in liver/muscle via PKA-mediated activation of glycogen phosphorylase kinase, raising blood glucose as part of the fight-or-flight response.",false,
APBIO-FRQ-L-017,c,3,unchanged,unchanged_from_prior_run,1840ca34-d29d-45f2-b0c1-831759df1d46,canonical_answer_1,1614,"(c) Three consequences of a constitutively active insulin receptor: (1) Metabolic effects — continuous Akt activation drives ongoing GLUT4 translocation and glycogen synthase activation (via GSK-3 inhibition), causing excessive, insulin-independent glucose uptake and storage, risking hypoglycemia and disrupted glucose homeostasis. (2) Cell proliferation — sustained activation of Akt/mTOR (and likely the parallel Ras/MAPK branch downstream of the RTK) promotes continuous protein synthesis and cell growth signals, potentially driving uncontrolled proliferation. (3) Gene expression effects — continuous phosphorylation and inactivation of FOXO transcription factors (which normally activate genes for gluconeogenesis and stress response/apoptosis when unphosphorylated) suppresses these FOXO target genes, altering glucose production pathways and reducing normal apoptotic/stress responses, which could favor unchecked cell survival.",false,
APBIO-FRQ-L-017,d,2,unchanged,unchanged_from_prior_run,1840ca34-d29d-45f2-b0c1-831759df1d46,canonical_answer_1,2553,"(d)(i) HER2 overexpression: more receptor molecules on the cell surface increases the likelihood of ligand-independent receptor dimerization and autophosphorylation, chronically activating downstream growth pathways (Ras/MAPK, PI3K/Akt) even without normal levels of growth factor, driving continuous proliferation signaling.
(ii) Ras locked in GTP-bound form: Ras normally functions as a molecular switch, active when GTP-bound and inactivated when it hydrolyzes GTP to GDP (assisted by GAPs); a mutation that prevents GTP hydrolysis leaves Ras permanently active, continuously stimulating the MAPK/ERK cascade and driving persistent proliferation signals to the nucleus regardless of upstream receptor activation.
(iii) PTEN loss-of-function: PTEN normally converts PIP3 back to PIP2, acting as a brake on the PI3K/Akt pathway; without functional PTEN, PIP3 accumulates unchecked, causing constitutive Akt activation and continuous pro-growth, pro-survival, anti-apoptotic signaling that drives uncontrolled proliferation and resistance to programmed cell death.",false,
APBIO-FRQ-L-019,a,1,unchanged,unchanged_from_prior_run,0d8bb422-95ef-4e50-884e-38f83cb4cf6a,canonical_answer_1,0,"(a)(i) Most likely mode of inheritance: X-linked recessive. Two supporting pedigree observations: (1) only males are affected (no affected females appear anywhere in the pedigree), consistent with a recessive allele on the X chromosome where males need only one copy (hemizygous) to be affected while females need two copies; (2) the trait appears to skip a generation through an unaffected carrier female (II-4, unaffected, yet has an affected son III-1), which is the classic X-linked recessive pattern of transmission through unaffected carrier mothers rather than direct parent-to-offspring transmission in every generation.
(ii) Genotypes: I-1 = X^A Y (unaffected male); I-2 = X^A X^a (obligate carrier, since she must have transmitted the recessive allele that appears in affected descendants); II-3 = X^a Y (affected male); II-4 = X^A X^a (unaffected carrier female, confirmed by having an affected son).
(iii) Cross II-4 (X^A X^a, carrier female) x II-3 (X^a Y, affected male) gives offspring: 1/4 X^A X^a (carrier female), 1/4 X^a X^a (affected female), 1/4 X^A Y (unaffected male), 1/4 X^a Y (affected male). The probability of an affected female (X^a X^a) is 1/4 (25%): the affected father II-3 always contributes X^a to every daughter, and the carrier mother II-4 contributes X^a to half of her offspring, so a daughter is affected only if she also receives X^a from her mother -- 1/2 (mother's X^a) x 1 (father's obligate X^a) = 1/4.",false,
APBIO-FRQ-L-019,b,3,unchanged,unchanged_from_prior_run,0d8bb422-95ef-4e50-884e-38f83cb4cf6a,canonical_answer_1,1448,"(b) Males are hemizygous for X-linked genes -- they have only a single X chromosome (paired with a Y chromosome that lacks a homologous allele for most X-linked genes), so a single copy of a recessive allele is sufficient to produce the affected phenotype in males, with no second allele to mask it. Females have two X chromosomes, so a single recessive allele is typically masked by a normal dominant allele on the other X chromosome (heterozygous carrier females are unaffected); females must inherit the recessive allele from both parents to be affected, which is much less likely, especially for rare alleles, explaining the much higher frequency of affected males.",false,
APBIO-FRQ-L-019,c,3,unchanged,unchanged_from_prior_run,0d8bb422-95ef-4e50-884e-38f83cb4cf6a,canonical_answer_1,2119,"(c)(i) X-inactivation occurs early in embryonic development, around the blastocyst stage (approximately day 5-6 in humans), independently in each cell of the female embryo. The choice of which X chromosome (maternal or paternal) is inactivated in each cell is random.
(ii) The Xist gene, located on the X chromosome destined to be inactivated, is upregulated and transcribes a long non-coding RNA (Xist RNA) that coats that X chromosome in cis; this recruits chromatin-modifying complexes that establish heterochromatin (histone deacetylation and methylation, DNA methylation), condensing that chromosome into a transcriptionally silent Barr body.
(iii) X-inactivation is permanent and clonally inherited because once a given cell inactivates a specific X chromosome, the epigenetic marks (including DNA methylation patterns) are faithfully copied during DNA replication and passed on to all of that cell's mitotic descendants, so each clonal lineage of cells maintains the same inactivated X, producing stable patches of tissue expressing only one parental X allele.",false,
APBIO-FRQ-L-019,d,2,unchanged,unchanged_from_prior_run,0d8bb422-95ef-4e50-884e-38f83cb4cf6a,canonical_answer_1,3188,"(d)(i) Tortoiseshell cats are almost always female because the orange/black coat color gene is X-linked; a heterozygous female undergoes random X-inactivation, creating two populations of cells -- some expressing the orange allele, others the black allele -- producing a patched, two-color coat. Males are hemizygous (XY) and carry only one allele, so they are uniformly either orange or black (except in rare XXY males).
(ii) The patches are large rather than finely blended because X-inactivation happens early in development when the embryo consists of relatively few cells; each of those early cells' clonal descendants (forming a large contiguous patch of tissue) all inherit the same inactivated X, so entire regions of skin trace back to a single early progenitor with one particular X active, producing large, blocky patches rather than a fine intermixed pattern.
(iii) A female homozygous for the orange allele would be entirely orange, with no black patches, because every cell expresses the orange allele regardless of which X chromosome is inactivated.",false,
APBIO-FRQ-L-021,a,1,unchanged,unchanged_from_prior_run,072da3bc-ba23-4a52-8ef5-f1bb9a8ae49a,canonical_answer_1,0,"(a)(i) Pre-initiation complex (PIC) assembly: TFIID (via its TBP subunit) binds the TATA box in the promoter and bends the DNA, nucleating assembly of the complex; this recruits TFIIA and TFIIB, which stabilize TFIID binding and help correctly position RNA Polymerase II at the transcription start site. RNA Pol II is recruited together with TFIIF; TFIIE and TFIIH then join the complex. TFIIH has both helicase activity (unwinds the DNA at the start site, forming the transcription bubble) and kinase activity (phosphorylates the C-terminal domain, CTD, of RNA Pol II), which triggers promoter escape and the start of transcription. Two general transcription factors and their roles: TFIID (binds the TATA box via TBP, nucleates PIC assembly) and TFIIH (unwinds promoter DNA and phosphorylates the Pol II CTD to initiate transcription).
(ii) Enhancers act at a distance through DNA looping: activator proteins bind the enhancer sequence; the Mediator complex physically bridges these DNA-bound activators with the general transcription machinery (including RNA Pol II and the general transcription factors) assembled at the promoter, causing the intervening DNA to loop out so the enhancer and promoter come into close physical proximity despite being far apart in linear sequence. This interaction stabilizes PIC assembly at the promoter and increases the rate of transcription initiation.",false,
APBIO-FRQ-L-021,b,3,unchanged,unchanged_from_prior_run,072da3bc-ba23-4a52-8ef5-f1bb9a8ae49a,canonical_answer_1,1393,"(b)(i) Euchromatin has hyperacetylated histones, is loosely packed in a ""beads-on-a-string"" (10 nm fiber) conformation with accessible DNA. Heterochromatin has hypoacetylated (deacetylated) and often methylated histones (for example, H3K9 trimethylation), and is tightly compacted (30 nm+ fiber), rendering the DNA inaccessible.
(ii) Histone acetyltransferases (HATs) add acetyl groups to lysine residues on histone tails, neutralizing their positive charge; this weakens the electrostatic attraction between the histones and the negatively charged DNA backbone, loosening chromatin structure and increasing accessibility for transcription factors and RNA polymerase, thereby activating transcription. Histone deacetylases (HDACs) remove these acetyl groups, restoring the positive charge on histones, tightening histone-DNA interactions, condensing chromatin, and repressing transcription.
(iii) Trichostatin A inhibits HDACs, causing acetyl groups to accumulate on histones (global hyperacetylation). Chromatin becomes more open and accessible throughout the genome, which generally increases global gene expression, since more promoters and regulatory regions become accessible to transcription factors and RNA polymerase.",false,
APBIO-FRQ-L-021,c,3,unchanged,unchanged_from_prior_run,072da3bc-ba23-4a52-8ef5-f1bb9a8ae49a,canonical_answer_1,2620,"(c)(i) The DNA-binding domain alone produces only baseline expression (about 1), demonstrating that binding to the promoter DNA is necessary but not sufficient to activate transcription — the DBD can locate and occupy the target sequence but cannot itself recruit the machinery needed to activate transcription without an activation domain.
(ii) The different activation domains produce very different levels of activation (45, 12, 87), showing that activation is modular and that activation domains vary substantially in their ability to recruit and stimulate the transcriptional machinery, likely reflecting differences in the specific protein-protein interactions each domain can make with coactivators, chromatin remodelers, or Mediator. The combined AD1 + AD3 result (203) exceeding either domain alone demonstrates a synergistic (more than additive) effect when multiple activation domains act together.
(iii) Because Activation Domain 3 physically interacts with the Mediator complex, it can directly recruit Mediator to the promoter region; Mediator in turn helps recruit and stabilize RNA Polymerase II and the general transcription factors at the promoter, increasing the efficiency of PIC assembly and the rate of transcription initiation, explaining AD3's strong activation of gene expression (87 relative units).",false,
APBIO-FRQ-L-021,d,2,unchanged,unchanged_from_prior_run,072da3bc-ba23-4a52-8ef5-f1bb9a8ae49a,canonical_answer_1,3947,"(d)(i) Combinatorial control: different cell types express different combinations of transcription factors. A given gene's regulatory elements often require a specific combination of multiple transcription factors bound simultaneously to be activated, so the gene is only expressed in cell types that happen to express that particular combination of factors; this allows a relatively limited number of transcription factors to generate many distinct, cell-type-specific gene expression patterns combinatorially.
(ii) Epigenetic inheritance: the chromatin state (DNA methylation patterns and histone modifications) established at specific genes during differentiation is stably maintained and copied through successive rounds of DNA replication and mitosis, so a differentiated cell's daughter cells retain the same pattern of active and silenced genes as the parent cell — this preserves cell-type identity across many cell divisions without requiring the pattern of gene expression to be re-established from scratch in every generation of cells.",false,
APBIO-FRQ-L-026,a,3,unchanged,unchanged_from_prior_run,13f4a0e3-a018-4ddf-ba71-c4a0ca0d7e67,canonical_answer_1,0,"(a)(i) A bottleneck is a sudden, drastic reduction in population size that leaves only a small, random subset of the original gene pool; which alleles survive is a matter of chance, unrelated to their fitness effects, so rare alleles are often lost regardless of whether they were helpful, harmful, or neutral. Natural selection instead changes allele frequencies in a consistent, fitness-driven direction: alleles that improve survival/reproduction become more common and alleles that reduce fitness become less common. A bottleneck reduces diversity non-directionally; selection changes frequencies directionally based on adaptive value.
(a)(ii) That cheetahs can accept skin grafts from virtually any unrelated cheetah shows they are genetically extremely similar to one another -- the self-recognition proteins on their cells are nearly identical across the population, so the immune system does not detect transplanted tissue as foreign. This is the signature of a population that lost most of its genetic variation in a severe bottleneck; a genetically diverse population would reject grafts between unrelated individuals.
(a)(iii) Genetic diversity is set by how many different alleles were present among the individuals who actually contributed offspring, which for the elephant seals was capped at roughly 20 survivors during the bottleneck. Regaining numbers afterward does not add back alleles that were already lost -- diversity can only be recovered slowly, through new mutation accumulating over many generations, not simply by the population growing larger. The modern population, despite its size, still carries only the reduced genetic variation of the ~20 individuals that founded its recovery.",false,
APBIO-FRQ-L-026,b,3,unchanged,unchanged_from_prior_run,13f4a0e3-a018-4ddf-ba71-c4a0ca0d7e67,canonical_answer_1,1714,"(b)(i) Inbreeding increases the chance that an offspring inherits two identical copies of the same allele (one from each related parent), raising homozygosity across the genome. Most seriously harmful alleles are recessive and normally masked in heterozygotes; increased homozygosity exposes these recessive deleterious alleles in the phenotype, lowering fitness (survival, fertility) -- this is inbreeding depression.
(b)(ii) Population B has much lower mean heterozygosity (0.01 vs. 0.04) and lower allelic richness (1.8 vs. 3.2 alleles/locus) than Population A, along with far higher rates of kinked tails (85% vs. 50%) and cryptic testes (90% vs. 55%). This pattern indicates Population B has undergone substantially more inbreeding. Predicted consequences: reduced male fertility (cryptic testes impair sperm production), possible impaired mobility from the tail defect, and lower overall reproductive success and offspring survival -- the expected signs of inbreeding depression.",false,
APBIO-FRQ-L-026,c,2,unchanged,unchanged_from_prior_run,13f4a0e3-a018-4ddf-ba71-c4a0ca0d7e67,canonical_answer_1,2701,"(c)(i) Genetic rescue works by breeding in unrelated individuals carrying different alleles than the inbred population. Offspring of these crosses are heterozygous at many loci where residents were homozygous, so functional alleles from the immigrants mask the residents' harmful recessive alleles, producing a fitness increase (heterosis/hybrid vigor) that offsets inbreeding depression.
(c)(ii) Two risks: (1) Outbreeding depression -- the introduced subspecies may carry alleles or trait combinations adapted to a different environment, so hybrid offspring may be less well-suited to Florida conditions than pure-bred residents. (2) Loss of local genetic distinctiveness (""genetic swamping"") -- if introduced alleles spread widely, the unique genetic identity of the original Florida subspecies could be diluted or lost.
(c)(iii) Hybrid (puma x panther) offspring should show higher heterozygosity and higher cub survival than pure panther offspring, because the puma parent's alleles mask homozygous deleterious recessive alleles inherited from the inbred panther lineage (heterosis). This matches the historical data: cub survival rose from 20% to 50% after the 1995 introduction.",false,
APBIO-FRQ-L-026,d,1,unchanged,unchanged_from_prior_run,13f4a0e3-a018-4ddf-ba71-c4a0ca0d7e67,canonical_answer_1,3888,"(d)(i) Genetic diversity is the raw material selection needs to respond to change: when a new pathogen or environmental shift occurs, a genetically diverse population is more likely to already contain individuals whose alleles happen to confer resistance or tolerance, allowing selection to increase those alleles' frequency so the population adapts. A population with very low genetic diversity has few alternative alleles available, so if the existing alleles are poorly suited to the new challenge, the population has little capacity to adapt and faces a much higher risk of decline.
(d)(ii) One additional risk of low genetic diversity: continued inbreeding depression -- with little variation left, most matings are effectively between genetically similar individuals, so harmful recessive alleles keep being exposed in homozygous offspring, suppressing fertility and survival even without any new environmental threat.",false,
APBIO-FRQ-L-030,a,1,unchanged,unchanged_from_prior_run,e5703022-8587-4962-ad27-d63b8bb56227,canonical_answer_1,0,"(a) A larger habitat area can support a larger population because it provides more food, space, and other resources -- this maximum sustainable population size is the habitat's carrying capacity. A larger population retains more genetic diversity and is less vulnerable to genetic drift and stochastic extinction than a small one. If habitat area is halved, the resources available are roughly halved as well, so carrying capacity is expected to decrease correspondingly -- the population the habitat can sustain shrinks, which in turn increases the population's vulnerability to genetic drift, inbreeding, and chance demographic/environmental events that can drive a small population extinct.",false,
APBIO-FRQ-L-030,b,3,unchanged,unchanged_from_prior_run,e5703022-8587-4962-ad27-d63b8bb56227,canonical_answer_1,695,"(b) Three ecological consequences of small, fragmented populations for long-term persistence: (1) Increased genetic drift -- in a small population, allele frequencies change substantially from generation to generation by chance alone, and rare alleles are easily lost, reducing genetic diversity faster than in a large population. (2) Bottleneck-like founder effects -- when a fragment supports only a small population, the diversity present is capped by however many individuals happen to be in that fragment, similar to a bottleneck, and that reduced diversity persists even if the fragment's population later grows. (3) Increased inbreeding -- with fewer potential mates available within an isolated fragment, related individuals are more likely to breed with each other, increasing homozygosity and the expression of harmful recessive alleles (inbreeding depression). Together, these genetic and demographic effects make small fragmented populations more vulnerable to decline and local extinction than a single large, continuous population of the same total size.",false,
APBIO-FRQ-L-030,c,3,unchanged,unchanged_from_prior_run,e5703022-8587-4962-ad27-d63b8bb56227,canonical_answer_1,1765,"(c) Patch A, connected by a corridor to the larger prairie dog complex, keeps receiving individuals through gene flow: this prevents inbreeding, preserves heterozygosity, and allows the population to be replenished (a rescue effect) if it declines. Patch C, though initially similar in size, is fully isolated, so no immigration can replenish or diversify it. With a small, isolated founding population and no gene flow, Patch C's ferrets are especially vulnerable to genetic drift and inbreeding depression -- increased mating among relatives raises homozygosity of deleterious recessive alleles, reducing fertility, disease resistance, and offspring survival -- compounding demographic problems (such as vulnerability to a single sylvatic plague outbreak wiping out the colony, as described in the stimulus) and driving the population to extinction, exactly as the connected-versus-isolated comparison predicts.",false,
APBIO-FRQ-L-030,d,2,unchanged,unchanged_from_prior_run,e5703022-8587-4962-ad27-d63b8bb56227,canonical_answer_1,2680,"(d)(i) Mountaintop habitats function like islands of suitable habitat surrounded by a climatically unsuitable lowland ""sea."" As climate warms, the montane climate zone a species needs shifts upslope, but because mountains taper toward their summit, the available habitat area shrinks as elevation increases -- so species are pushed into progressively smaller, more isolated patches, and eventually run out of mountain entirely with no higher ground left to colonize. Unlike lowland species, mountaintop species cannot simply shift latitude across a large, continuous landmass.
(d)(ii) As the suitable thermal zone shifts upslope, individuals or populations at the lower (trailing) edge of the species' current range experience increasingly unsuitable conditions, causing increased mortality and reduced reproduction there, while newly suitable habitat may open up at the upper (leading) edge. The population avoids net decline only if individuals (or, for plants, seeds/pollen) can disperse upslope fast enough to track the shifting climate zone; if dispersal is too slow relative to the pace of warming, the population suffers a net range contraction and increased extinction risk.
(d)(iii) Two climate-aware conservation strategies: (1) Establish or protect habitat corridors along elevational and latitudinal gradients so species can physically track shifting climate conditions over time. (2) Use assisted migration/translocation -- deliberately moving individuals or propagules beyond their natural dispersal range into newly climatically suitable habitat they could not reach on their own.",false,
APBIO-FRQ-L-031,a,2,unchanged,unchanged_from_prior_run,4bc0591a-b1a8-4709-9e8d-b749210972b7,canonical_answer_1,0,"(a)(i) Vmax: the reaction rate plateaus at very high substrate concentration, approaching ≈50 μmol/min (rates of 49 and 50 at 16 and 32 mM). Km (substrate concentration at half-Vmax, i.e., at a rate of ~25 μmol/min): the data show a rate of 20 at 1.0 mM and 30 at 2.0 mM, so the rate of 25 falls about halfway between, giving an estimated Km ≈ 1.5 mM.
(ii) At high substrate concentration the enzyme becomes saturated — essentially every active site is occupied by substrate at all times, so there is no free enzyme available to bind additional substrate molecules. The reaction rate is then limited not by substrate availability/collision frequency but by the enzyme's intrinsic catalytic turnover rate (kcat, how fast each occupied active site can convert substrate to product and release it), which is constant regardless of how much more substrate is added, producing the plateau.",false,
APBIO-FRQ-L-031,b,2,unchanged,unchanged_from_prior_run,4bc0591a-b1a8-4709-9e8d-b749210972b7,canonical_answer_1,886,"(b) A competitive inhibitor leaves Vmax UNCHANGED but increases the apparent Km. Mechanism: a competitive inhibitor binds reversibly at the same active site as the substrate, competing with substrate for occupancy. It does not alter the enzyme's intrinsic catalytic rate once substrate is bound (kcat is unchanged), and because the competition is reversible, adding enough substrate can always out-compete the inhibitor for active sites, so the same Vmax is still reachable at sufficiently high [S]. However, because the inhibitor is occupying some active sites, more substrate is required to reach half-maximal velocity, so the apparent Km increases.",false,
APBIO-FRQ-L-031,c,2,unchanged,unchanged_from_prior_run,4bc0591a-b1a8-4709-9e8d-b749210972b7,canonical_answer_1,1539,"(c) At [S] = 50×Km with the competitive inhibitor still present, the reaction rate would approach (nearly equal) the original uninhibited Vmax. At such a large excess of substrate relative to inhibitor, substrate molecules vastly outnumber inhibitor molecules competing for the active site, effectively out-competing/displacing the inhibitor from most active sites, so nearly all enzyme becomes substrate-bound and catalytically active — competitive inhibition can always be overcome by sufficiently raising substrate concentration, unlike noncompetitive inhibition.",false,
APBIO-FRQ-L-031,d,3,unchanged,unchanged_from_prior_run,4bc0591a-b1a8-4709-9e8d-b749210972b7,canonical_answer_1,2107,"(d) Modification: repeat the initial-rate assay across a range of substrate concentrations (as in the original experiment) at a fixed inhibitor concentration, and construct/compare a rate-vs-[S] curve (or a Lineweaver-Burk double-reciprocal plot) against the uninhibited curve, examining how Vmax and Km change. Result confirming COMPETITIVE inhibition: Vmax is the SAME as the uninhibited reaction (the curve reaches the same plateau at sufficiently high [S]), while the apparent Km is INCREASED (more substrate needed to reach half-Vmax). Result confirming NONCOMPETITIVE inhibition: Vmax is DECREASED relative to uninhibited (the maximum rate can never be recovered even at saturating substrate, because the inhibitor binds a separate allosteric site independent of substrate concentration), while Km is UNCHANGED (the inhibitor doesn't affect substrate-binding affinity, so half-maximal rate is reached at the same [S], just at a reduced overall scale).",false,
APBIO-FRQ-L-036,a,2,unchanged,unchanged_from_prior_run,69b78d2f-d887-4d95-8fa4-0dd416185da6,canonical_answer_1,0,"(a) Strain 3 (operator deleted): predicted high reporter activity at ALL inducer concentrations, including 0 mM, because without an operator sequence the repressor protein has nowhere to bind, regardless of whether it is bound to inducer or not; RNA polymerase can access the promoter and transcribe the gene continuously (constitutively), unaffected by inducer presence or absence. This differs from the wild-type strain, whose activity rises from low (5 units, no inducer) to high (95-98 units, saturating) as inducer increases, because the wild-type repressor can still bind and release the (intact) operator in response to inducer.",false,
APBIO-FRQ-L-036,b,3,unchanged,unchanged_from_prior_run,69b78d2f-d887-4d95-8fa4-0dd416185da6,canonical_answer_1,637,"(b) The data support the hypothesis. Strain 2 activity stays low and essentially flat across all inducer concentrations (4-6 units), showing no meaningful induction response, unlike the wild type's rise from 5 to 98 units. This is consistent with a repressor that can still bind the operator (matching the wild-type baseline near 0 mM) but can no longer be released by inducer, since it never responds to rising inducer concentration -- it stays bound to the operator and continues blocking RNA polymerase regardless of how much inducer is present.",false,
APBIO-FRQ-L-036,c,3,unchanged,unchanged_from_prior_run,69b78d2f-d887-4d95-8fa4-0dd416185da6,canonical_answer_1,1187,"(c) Without inducer, the repressor protein is in its active, operator-binding conformation and binds tightly to the operator, which is positioned so that a bound repressor blocks RNA polymerase from transcribing the reporter gene -- so transcription (and reporter activity) stays low. When inducer (allolactose) is added, it binds allosterically to the repressor, changing the repressor's shape so it can no longer bind the operator; the repressor releases from the operator, freeing the promoter region so RNA polymerase can bind and transcribe the gene, sharply increasing reporter activity as inducer concentration rises.",false,
APBIO-FRQ-L-036,d,1,unchanged,unchanged_from_prior_run,69b78d2f-d887-4d95-8fa4-0dd416185da6,canonical_answer_1,1813,"(d) As inducer concentration increases from 0 to 10.0 mM, wild-type reporter activity increases (from 5 to 98 units), then levels off (plateaus) between 1.0 and 10.0 mM (95 to 98 units) -- a positive, saturating dose-response relationship. This shows the operon is highly sensitive to low/moderate inducer levels (large activity increase between 0 and 1.0 mM) but becomes saturated at higher concentrations, where essentially all repressor molecules are already inducer-bound and released from the operator, so additional inducer has little further effect.",false,
APBIO-FRQ-S-003,a,2,unchanged,unchanged_from_prior_run,c4da3229-8d7a-4cf9-8738-68b62af20372,canonical_answer_1,0,"Water is split at PSII, and the released electrons move through PSII, cytochrome b6f, and PSI before reducing NADP+ to NADPH.",false,
APBIO-FRQ-S-003,b,2,unchanged,unchanged_from_prior_run,c4da3229-8d7a-4cf9-8738-68b62af20372,canonical_answer_2,0,"As electrons pass through the thylakoid membrane, proton pumping builds a gradient that powers ATP synthase to make ATP and reduces NADP+ to NADPH.",false,
APBIO-FRQ-S-006,a,2,unchanged,unchanged_from_prior_run,6162803c-0888-41cb-8c04-9f2b196f0091,canonical_answer_1,0,"Mitosis produces two diploid daughter cells with 2n = 6, while meiosis produces four haploid cells with n = 3.",false,
APBIO-FRQ-S-006,b,2,unchanged,unchanged_from_prior_run,6162803c-0888-41cb-8c04-9f2b196f0091,canonical_answer_2,0,"Crossing over during prophase I exchanges DNA between homologous chromosomes, creating new allele combinations in the gametes.",false,
APBIO-FRQ-S-007,a,2,drafted,unchanged_from_prior_run|drafted,dac34d4b-b53d-4def-8fea-a4167b7a49de,canonical_answer_1|drafted,0|,"Aa x Aa gives a 3 purple : 1 white phenotype ratio, so 25% of offspring are white.
---
A 2 × 2 Punnett square for Aa × Aa contains AA, Aa, Aa, and aa, giving a 1 AA : 2 Aa : 1 aa genotypic ratio.",true,
APBIO-FRQ-S-007,b,2,unchanged,unchanged_from_prior_run,dac34d4b-b53d-4def-8fea-a4167b7a49de,canonical_answer_2,0,This follows the law of segregation: during meiosis I the two alleles separate so each gamete gets only one allele of the gene.,false,
APBIO-FRQ-S-009,a1,1,recovered,recovered_ca1,2fe85388-2ee0-4315-967b-ba03c50d5d58,prior_canonical_answer_1,0,The pre-mRNA is capped (a 5' 7-methylguanosine cap is added to protect the mRNA and assist ribosome binding),false,
APBIO-FRQ-S-009,a2,1,recovered,recovered_ca1,2fe85388-2ee0-4315-967b-ba03c50d5d58,prior_canonical_answer_1,113,polyadenylated (a poly-A tail is added to the 3' end to protect from degradation and aid export),false,
APBIO-FRQ-S-009,b1,1,recovered,recovered_ca1,2fe85388-2ee0-4315-967b-ba03c50d5d58,prior_canonical_answer_1,241|423,"During splicing, different combinations of exons can be included in or excluded from the mature mRNA in different cell types or developmental stages -- this is alternative splicing.
---
As shown in the diagram, the same pre-mRNA (exons E1, E2, E3 and introns I1, I2) can be spliced in more than one way to produce different mature mRNA products.",false,
APBIO-FRQ-S-009,b2,1,recovered,recovered_ca1|recovered_ca2,2fe85388-2ee0-4315-967b-ba03c50d5d58,prior_canonical_answer_1|prior_canonical_answer_2,583|0,"Because each alternatively spliced mRNA has a different exon composition, each is translated into a different polypeptide with a different amino acid sequence and potentially a different function -- allowing a single gene to encode multiple different proteins.
---
Alternative splicing joins different combinations of exons from the same pre-mRNA, so one gene can produce multiple proteins with different amino acid sequences.",false,
APBIO-FRQ-S-010,a1,1,recovered,recovered_ca1,3dfeb248-1d2f-4cb4-98a6-0eceef75861a,prior_canonical_answer_1,0,"Bark-colored beetles survive predation at a higher rate, reproduce more, and pass the bark-color alleles to more offspring",false,
APBIO-FRQ-S-010,a2,1,recovered,recovered_ca1,3dfeb248-1d2f-4cb4-98a6-0eceef75861a,prior_canonical_answer_1,124,over generations the frequency of those alleles increases in the population.,false,
APBIO-FRQ-S-010,b1,1,drafted,drafted,,drafted,,Relative fitness is the reproductive success of a genotype or phenotype compared with the most reproductively successful phenotype in the population.,true,
APBIO-FRQ-S-010,b2,1,recovered,recovered_ca2,3dfeb248-1d2f-4cb4-98a6-0eceef75861a,prior_canonical_answer_2,0,"It is measured by comparing the number of viable, fertile offspring produced by each phenotype or genotype.",false,
APBIO-FRQ-S-011,a1,1,recovered,recovered_ca1,f9c9b0f5-44ca-4d7b-9728-bee99a5fd15d,prior_canonical_answer_1,0,"q^2 = 80/500 = 0.16, so q = 0.40 and p = 0.60; the expected counts are 180 RR, 240 Rr, and 80 rr.",false,
APBIO-FRQ-S-011,a2,1,drafted,drafted,,drafted,,"The heterozygote frequency is 2pq = 2(0.60)(0.40) = 0.48, or 48%.",true,
APBIO-FRQ-S-011,b1,1,recovered,recovered_ca2,f9c9b0f5-44ca-4d7b-9728-bee99a5fd15d,prior_canonical_answer_2,119,a large population reduces genetic drift.,false,
APBIO-FRQ-S-011,b2,1,recovered,recovered_ca2,f9c9b0f5-44ca-4d7b-9728-bee99a5fd15d,prior_canonical_answer_2,72,random mating prevents allele choice bias,false,
APBIO-FRQ-S-016,a1,1,recovered,recovered_ca1,3df410fa-2818-4cb5-b085-b8d972544975,prior_canonical_answer_1,0,"Geographic isolation stops gene flow, so the lizard populations diverge by mutation, natural selection, and drift.",false,
APBIO-FRQ-S-016,a2,1,drafted,drafted,,drafted,,"After isolation, each population accumulates different mutations and evolves under different selection pressures and genetic drift until enough genetic differences accumulate that the populations can no longer interbreed successfully even if the barrier is removed.",true,
APBIO-FRQ-S-016,b1,1,recovered,recovered_ca2,3df410fa-2818-4cb5-b085-b8d972544975,prior_canonical_answer_2,0,A prezygotic barrier like behavioral isolation prevents mating,false,
APBIO-FRQ-S-016,b2,1,recovered,recovered_ca2,3df410fa-2818-4cb5-b085-b8d972544975,prior_canonical_answer_2,68,a postzygotic barrier like hybrid sterility reduces the reproductive success of any offspring that do form.,false,
APBIO-FRQ-S-017,a1,1,recovered,recovered_ca1,f38c9517-288f-44e9-ac6d-aa5b20ae4a10,prior_canonical_answer_1,0,Most energy at each trophic level is lost as heat during cellular respiration and used in metabolism,false,
APBIO-FRQ-S-017,a2,1,recovered,recovered_ca1,f38c9517-288f-44e9-ac6d-aa5b20ae4a10,prior_canonical_answer_1,102,only the energy stored in new biomass is available to the next level.,false,
APBIO-FRQ-S-017,b1,1,recovered,recovered_ca2,f38c9517-288f-44e9-ac6d-aa5b20ae4a10,prior_canonical_answer_2,0,"If grasshoppers decline, frogs get less food",false,
APBIO-FRQ-S-017,b2,1,recovered,recovered_ca2,f38c9517-288f-44e9-ac6d-aa5b20ae4a10,prior_canonical_answer_2,49,"hawks then get less energy, so the hawk population would decrease.",false,
APBIO-FRQ-S-019,a1,1,recovered,recovered_ca1,85ecece1-deea-41fd-aa32-fb5480c452a9,prior_canonical_answer_1,0,Mitochondria and chloroplasts have their own circular DNA,false,
APBIO-FRQ-S-019,a2,1,recovered,recovered_ca1,85ecece1-deea-41fd-aa32-fb5480c452a9,prior_canonical_answer_1,62,"divide by binary fission, consistent with endosymbiosis.",false,
APBIO-FRQ-S-019,b1,1,recovered,recovered_ca2,85ecece1-deea-41fd-aa32-fb5480c452a9,prior_canonical_answer_2,94,the outer membrane came from the host's vesicle during engulfment.,false,
APBIO-FRQ-S-019,b2,1,recovered,recovered_ca2,85ecece1-deea-41fd-aa32-fb5480c452a9,prior_canonical_answer_2,39,the inner membrane is from the original bacterium,false,
APBIO-FRQ-S-020,a1,1,drafted,drafted,,drafted,,"When blood glucose rises above the set point, pancreatic beta cells detect the increase and secrete insulin.",true,
APBIO-FRQ-S-020,a2,1,drafted,drafted,,drafted,,"Insulin stimulates muscle and adipose cells to take up glucose and the liver to store glucose as glycogen, returning blood glucose toward the set point and reducing further insulin secretion.",true,
APBIO-FRQ-S-020,b1,1,recovered,recovered_ca2,7732c678-b454-45d3-8b9d-a882ce6ef6a0,prior_canonical_answer_2,0,"Oxytocin during childbirth is a positive feedback example: contractions trigger more oxytocin release, which intensifies contractions until delivery",false,
APBIO-FRQ-S-020,b2,1,recovered,recovered_ca2,7732c678-b454-45d3-8b9d-a882ce6ef6a0,prior_canonical_answer_2,150,making the response adaptive because it rapidly completes the process.,false,
APBIO-FRQ-S-021,a1,1,drafted,drafted,,drafted,,A peptide bond forms between the carboxyl group of one amino acid and the amino group of the adjacent amino acid.,true,
APBIO-FRQ-S-021,a2,1,drafted,drafted,,drafted,,Formation of this bond releases a water molecule in a dehydration-synthesis reaction.,true,
APBIO-FRQ-S-021,b1,1,drafted,drafted,,drafted,,"A fatty acid contains a long, nonpolar hydrocarbon tail.",true,
APBIO-FRQ-S-021,b2,1,drafted,drafted,,drafted,,"Because this nonpolar tail cannot form hydrogen bonds with water, the fatty acid is hydrophobic.",true,
APBIO-FRQ-S-023,a1,1,drafted,drafted,,drafted,,"At about pH 2, the acidic environment maintains the ionic and hydrogen bonds that give pepsin's active site its functional shape.",true,
APBIO-FRQ-S-023,a2,1,drafted,drafted,,drafted,,"That conformation allows the substrate to bind effectively, so pepsin functions optimally at pH 2.",true,
APBIO-FRQ-S-023,b1,1,drafted,drafted,,drafted,,Trypsin activity decreases greatly or stops at pH 2.,true,
APBIO-FRQ-S-023,b2,1,recovered,recovered_ca2,98d3f317-b8ff-4e43-8831-5226c1a43124,prior_canonical_answer_2,49,acidic conditions denature it by disrupting ionic and hydrogen bonds.,false,
APBIO-FRQ-S-025,a1,1,drafted,drafted,,drafted,,Breaking hydrogen bonds between water molecules requires an input of energy.,true,
APBIO-FRQ-S-025,a2,1,drafted,drafted,,drafted,,"Therefore, water can absorb a large amount of heat before its temperature rises, which stabilizes temperatures in organisms and environments.",true,
APBIO-FRQ-S-025,b1,1,drafted,drafted,,drafted,,"In a salt solution, polar water molecules surround and separate the dissolved ions.",true,
APBIO-FRQ-S-025,b2,1,drafted,drafted,,drafted,,"The partially positive hydrogen ends of water orient toward Cl−, while the partially negative oxygen ends orient toward Na+.",true,
APBIO-FRQ-S-026,a1,1,drafted,drafted,,drafted,,"Plant cells contain a nucleus and mitochondria, both of which are absent from bacterial cells.",true,
APBIO-FRQ-S-026,a2,1,drafted,drafted,,drafted,,The nucleus houses the cell's DNA and helps regulate gene expression.,true,
APBIO-FRQ-S-026,b1,1,drafted,drafted,,drafted,,Lacking membrane-bound organelles reduces the energy and material required to build and maintain a prokaryotic cell.,true,
APBIO-FRQ-S-026,b2,1,drafted,drafted,,drafted,,This simpler organization allows prokaryotic cells to replicate more rapidly.,true,
APBIO-FRQ-S-028,a1,1,recovered,recovered_ca1,12dea7f4-cfdc-48a4-8a32-b0f0d03cd0a2,prior_canonical_answer_1,0,Mitochondria have double membranes,false,
APBIO-FRQ-S-028,a2,1,recovered,recovered_ca1,12dea7f4-cfdc-48a4-8a32-b0f0d03cd0a2,prior_canonical_answer_1,36,"their own circular DNA, and 70S ribosomes consistent with a bacterial ancestor.",false,
APBIO-FRQ-S-028,b1,1,drafted,drafted,,drafted,,The outer mitochondrial membrane is derived from the host cell's engulfment vesicle.,true,
APBIO-FRQ-S-028,b2,1,drafted,drafted,,drafted,,The inner mitochondrial membrane is the original engulfed bacterium's plasma membrane.,true,
APBIO-FRQ-S-029,a,2,unchanged,unchanged_from_prior_run,205c0b5d-0937-47e4-8044-0df319848075,canonical_answer_1,0,"The cell loses water by osmosis, causing the central vacuole to shrink and the plasma membrane to pull away from the cell wall (plasmolysis).",false,
APBIO-FRQ-S-029,b,2,unchanged,unchanged_from_prior_run,205c0b5d-0937-47e4-8044-0df319848075,canonical_answer_2,0,"Unlike animal cells, plant cells do not burst in hypotonic solutions because the rigid cell wall provides turgor pressure support.",false,
APBIO-FRQ-S-031,a,2,unchanged,unchanged_from_prior_run,f4dc03a9-a479-4443-aa4f-5e6870cd6fae,canonical_answer_1,0,"Unsaturated fatty acid tails have kinks from double bonds, preventing tight packing and keeping the membrane fluid at lower temperatures.",false,
APBIO-FRQ-S-031,b,2,unchanged,unchanged_from_prior_run,f4dc03a9-a479-4443-aa4f-5e6870cd6fae,canonical_answer_2,0,Cholesterol acts as a fluidity buffer: at high temperatures it restricts movement; at low temperatures it prevents crystallization.,false,
APBIO-FRQ-S-032,a1,1,drafted,drafted,,drafted,,"Glucose is a relatively large, polar molecule.",true,
APBIO-FRQ-S-032,a2,1,drafted,drafted,,drafted,,"The hydrophobic interior of the phospholipid bilayer repels polar molecules such as glucose, so glucose cannot diffuse freely through the bilayer.",true,
APBIO-FRQ-S-032,b1,1,recovered,recovered_ca1,913bc6d7-ea81-46ea-92c3-41a6d7d2e69e,prior_canonical_answer_1,0,GLUT proteins are transmembrane channel proteins that allow glucose to move down its concentration gradient without ATP.,false,
APBIO-FRQ-S-032,b2,1,drafted,drafted,,drafted,,"In contrast, active transport moves substances against their concentration gradient and requires an input of energy, usually ATP.",true,
APBIO-FRQ-S-033,a1,1,recovered,recovered_ca1,cc86bb9e-001a-4201-bfba-a12f5f824080,prior_canonical_answer_1,0,The virus binds specific surface receptors,false,
APBIO-FRQ-S-033,a2,1,recovered,recovered_ca1,cc86bb9e-001a-4201-bfba-a12f5f824080,prior_canonical_answer_1,44,"the membrane invaginates to form a clathrin-coated pit, then pinches off as an endosome.",false,
APBIO-FRQ-S-033,b1,1,drafted,drafted,,drafted,,Only molecules whose shapes match specific cell-surface receptors bind and are taken into the cell.,true,
APBIO-FRQ-S-033,b2,1,drafted,drafted,,drafted,,"This selective binding lets the cell control which molecules enter, unlike nonspecific uptake.",true,
APBIO-FRQ-S-036,a1,1,drafted,drafted,,drafted,,The electron transport chain and chemiosmosis generate approximately 30 ATP per glucose during aerobic respiration.,true,
APBIO-FRQ-S-036,a2,1,recovered,recovered_ca2,e55f1b51-e172-4712-a316-54a49119451e,prior_canonical_answer_2,77,yields only 2 ATP per glucose.,false,
APBIO-FRQ-S-036,b1,1,recovered,recovered_ca2,e55f1b51-e172-4712-a316-54a49119451e,prior_canonical_answer_2,0,Fermentation regenerates NAD+ from NADH,false,
APBIO-FRQ-S-036,b2,1,recovered,recovered_ca2,e55f1b51-e172-4712-a316-54a49119451e,prior_canonical_answer_2,41,allowing glycolysis to continue,false,
APBIO-FRQ-S-038,a1,1,drafted,drafted,,drafted,,Protons flow down their electrochemical gradient through ATP synthase.,true,
APBIO-FRQ-S-038,a2,1,drafted,drafted,,drafted,,The energy released by this flow powers the conversion of ADP and inorganic phosphate to ATP.,true,
APBIO-FRQ-S-038,b1,1,recovered,recovered_ca2,4cfd3524-5c82-4e18-b753-8bca8c87a1ea,prior_canonical_answer_2,65,prevents oxidative phosphorylation,false,
APBIO-FRQ-S-038,b2,1,drafted,drafted,,drafted,,"Only substrate-level phosphorylation remains, producing roughly 2–4 ATP per glucose depending on which stages continue.",true,
APBIO-FRQ-S-040,a1,1,recovered,recovered_ca1,147bce72-cd31-4acf-86bb-936aa8f2451a,prior_canonical_answer_1,0,RTK dimerizes upon ligand binding,false,
APBIO-FRQ-S-040,a2,1,recovered,recovered_ca1,147bce72-cd31-4acf-86bb-936aa8f2451a,prior_canonical_answer_1,35,each receptor phosphorylates tyrosine residues on the other (autophosphorylation).,false,
APBIO-FRQ-S-040,b1,1,drafted,drafted,,drafted,,A permanently active receptor tyrosine kinase sends continuous growth signals even when no growth factor is present.,true,
APBIO-FRQ-S-040,b2,1,drafted,drafted,,drafted,,"This persistent signaling drives uncontrolled cell division, which is a hallmark of cancer.",true,
APBIO-FRQ-S-045,a,2,unchanged,unchanged_from_prior_run,923ce8b5-f4ce-439c-8d99-b28973ed0f3f,canonical_answer_1,0,Independent assortment produces four phenotypic classes in a 9:3:3:1 ratio when genes are on different chromosomes.,false,
APBIO-FRQ-S-045,b,2,drafted,unchanged_from_prior_run|drafted,923ce8b5-f4ce-439c-8d99-b28973ed0f3f,canonical_answer_2|drafted,0|,"Each gene segregates independently; the probability of each phenotypic combination is the product of individual gene probabilities.
---
The probability of YYRR is P(YY) × P(RR) = (1/4)(1/4) = 1/16 because inheritance of the two genes is independent.",true,
APBIO-FRQ-S-046,a1,1,recovered,recovered_ca1,b4d91409-ae57-40d3-a8f1-0e2824bd4cc4,prior_canonical_answer_1,0,Sons receive the Y chromosome from their father and one X from their mother,false,
APBIO-FRQ-S-046,a2,1,recovered,recovered_ca2,b4d91409-ae57-40d3-a8f1-0e2824bd4cc4,prior_canonical_answer_2,0,A carrier mother passes the recessive allele to half her sons (who are affected),false,
APBIO-FRQ-S-046,b1,1,recovered,recovered_ca1,b4d91409-ae57-40d3-a8f1-0e2824bd4cc4,prior_canonical_answer_1,77,daughters receive one X from each parent.,false,
APBIO-FRQ-S-046,b2,1,drafted,drafted,,drafted,,A daughter cannot be color blind because she always receives Xᴮ from her father and therefore cannot have genotype XᵇXᵇ.,true,
APBIO-FRQ-S-047,a1,1,recovered,recovered_ca1,67179b38-b61b-4bc1-92f4-8b888901b84c,prior_canonical_answer_1,64,neither allele fully masks the other.,false,
APBIO-FRQ-S-047,a2,1,recovered,recovered_ca1,67179b38-b61b-4bc1-92f4-8b888901b84c,prior_canonical_answer_1,0,Incomplete dominance produces an intermediate phenotype,false,
APBIO-FRQ-S-047,b1,1,drafted,drafted,,drafted,,The cross RW × RW produces a 1 RR : 2 RW : 1 WW genotypic ratio.,true,
APBIO-FRQ-S-047,b2,1,recovered,recovered_ca2,67179b38-b61b-4bc1-92f4-8b888901b84c,prior_canonical_answer_2,0,"When two pink plants are crossed (RW x RW), offspring are 1 red : 2 pink : 1 white.",false,
APBIO-FRQ-S-048,a1,1,recovered,recovered_ca1,80b8137c-f445-44cc-85a1-3cea268671f3,prior_canonical_answer_1,0,Codominance means both alleles are fully expressed simultaneously; blood type AB individuals express both A and B antigens.,false,
APBIO-FRQ-S-048,a2,1,drafted,drafted,,drafted,,"In incomplete dominance, neither allele is fully dominant, so the heterozygote has an intermediate phenotype.",true,
APBIO-FRQ-S-048,b1,1,recovered,recovered_ca2,80b8137c-f445-44cc-85a1-3cea268671f3,prior_canonical_answer_2,199,"I^A I^B (type AB), I^A i (type A)",false,
APBIO-FRQ-S-048,b2,1,recovered,recovered_ca2,80b8137c-f445-44cc-85a1-3cea268671f3,prior_canonical_answer_2,234,"I^B i (type B), and ii (type O)",false,
APBIO-FRQ-S-051,a1,1,drafted,drafted,,drafted,,"During meiosis I nondisjunction, both homologous chromosomes move into the same daughter cell instead of separating.",true,
APBIO-FRQ-S-051,a2,1,recovered,recovered_ca1,ae582a59-4891-4e89-868f-7c172a88ce56,prior_canonical_answer_1,0,"Nondisjunction at meiosis I produces gametes with two copies of a chromosome or no copies, leading to aneuploidy.",false,
APBIO-FRQ-S-051,b1,1,drafted,drafted,,drafted,,Chromosome 21 is the smallest autosome and carries relatively few genes.,true,
APBIO-FRQ-S-051,b2,1,drafted,drafted,,drafted,,"An extra copy of a larger chromosome changes the dosage of too many genes to support development, so most other autosomal trisomies are lethal.",true,
APBIO-FRQ-S-052,a1,1,drafted,drafted,,drafted,,Transcription factors first bind promoter sequences such as the TATA box.,true,
APBIO-FRQ-S-052,a2,1,drafted,drafted,,drafted,,"These factors recruit RNA polymerase, which locally unwinds the DNA and begins synthesizing RNA.",true,
APBIO-FRQ-S-052,b1,1,drafted,drafted,,drafted,,The 5′ cap protects mRNA from degradation and assists ribosome binding.,true,
APBIO-FRQ-S-052,b2,1,drafted,drafted,,drafted,,The poly-A tail also protects mRNA from degradation and helps the transcript leave the nucleus.,true,
APBIO-FRQ-S-058,a1,1,drafted,drafted,,drafted,,A population bottleneck is a drastic reduction in population size that changes allele frequencies by chance.,true,
APBIO-FRQ-S-058,a2,1,drafted,drafted,,drafted,,"Rare alleles may be lost entirely, while alleles common among the few survivors can become overrepresented.",true,
APBIO-FRQ-S-058,b1,1,drafted,drafted,,drafted,,"With less genetic variation, individuals in the surviving population are more genetically similar to one another.",true,
APBIO-FRQ-S-058,b2,1,drafted,drafted,,drafted,,"If a new disease or environmental change occurs, many individuals may share the same susceptibility, threatening the population's survival.",true,
APBIO-FRQ-S-061,a1,1,recovered,recovered_ca1,7d87b5f1-2f97-466c-bab7-8d5a9db00495,prior_canonical_answer_1,4,"A geographic barrier (e.g., a new mountain range, river, or physical separation) divides the ancestral finch population into two, preventing gene flow between them.",false,
APBIO-FRQ-S-061,a2,1,recovered,recovered_ca1|recovered_ca2,7d87b5f1-2f97-466c-bab7-8d5a9db00495,prior_canonical_answer_1|prior_canonical_answer_2,169|0,"Isolated from each other, the two populations independently accumulate different mutations and experience different selection pressures (adapting to their local environments) and genetic drift, causing them to diverge genetically and phenotypically (as reflected here in beak size) over time -- this is allopatric speciation.
---
When the barrier is removed, reproductive isolation may have developed so the populations can no longer interbreed.",false,
APBIO-FRQ-S-061,b1,1,recovered,recovered_ca1,7d87b5f1-2f97-466c-bab7-8d5a9db00495,prior_canonical_answer_1,689,behavioral isolation:,false,
APBIO-FRQ-S-061,b2,1,recovered,recovered_ca1,7d87b5f1-2f97-466c-bab7-8d5a9db00495,prior_canonical_answer_1,711,"if the two populations diverged in mating calls, courtship displays, or other mate-recognition cues during their time apart, individuals from one population may fail to recognize individuals from the other as potential mates, so they would not interbreed even if brought into contact.",false,
APBIO-FRQ-S-062,a,2,unchanged,unchanged_from_prior_run,f859f5be-f80a-4b71-8525-7c238756def2,canonical_answer_2,0,Bacteria with resistance alleles survive and reproduce; sensitive bacteria die; resistant allele frequency increases rapidly.,false,
APBIO-FRQ-S-062,b,2,drafted,drafted,,drafted,,"Stopping treatment early can leave bacteria with partial resistance alive. Those survivors reproduce and undergo further selection during later exposure, driving the population toward higher resistance.",true,
APBIO-FRQ-S-063,a1,1,recovered,recovered_ca1,efeec123-d5a9-4c83-b5fc-a4b26a0c7446,prior_canonical_answer_1,0,The 10% rule reflects energy lost to heat,false,
APBIO-FRQ-S-063,a2,1,recovered,recovered_ca1,efeec123-d5a9-4c83-b5fc-a4b26a0c7446,prior_canonical_answer_1,43,"movement, and incomplete digestion at each trophic level.",false,
APBIO-FRQ-S-063,b1,1,recovered,recovered_ca2,efeec123-d5a9-4c83-b5fc-a4b26a0c7446,prior_canonical_answer_2,293,"the hawk needs 10 kJ, so birds must produce 100 kJ, caterpillars 1,000 kJ",false,
APBIO-FRQ-S-063,b2,1,recovered,recovered_ca2,efeec123-d5a9-4c83-b5fc-a4b26a0c7446,prior_canonical_answer_2,372,"plants must produce 10,000 kJ of usable energy to ultimately support 10 kJ at the hawk's level.",false,
APBIO-FRQ-S-064,a1,1,recovered,recovered_ca1|recovered_ca2,bc3d987a-d29f-45e5-9cd9-f14c07619610,prior_canonical_answer_1|prior_canonical_answer_2,0|0,"Nitrogen is a limiting nutrient; excess nitrogen from fertilizer causes eutrophication — explosive algal growth.
---
When algae die",false,
APBIO-FRQ-S-064,a2,1,recovered,recovered_ca2,bc3d987a-d29f-45e5-9cd9-f14c07619610,prior_canonical_answer_2,16,"decomposers consume O2 in the process of breaking them down, creating hypoxic (low-oxygen) dead zones.",false,
APBIO-FRQ-S-064,b1,1,recovered,recovered_ca2,bc3d987a-d29f-45e5-9cd9-f14c07619610,prior_canonical_answer_2,119,Algae occupy the primary producer (first) trophic level in this pond ecosystem,false,
APBIO-FRQ-S-064,b2,1,recovered,recovered_ca2,bc3d987a-d29f-45e5-9cd9-f14c07619610,prior_canonical_answer_2,200,"as photosynthetic autotrophs, they convert sunlight into chemical energy that supports the rest of the food web.",false,
APBIO-FRQ-S-066,a1,1,drafted,drafted,,drafted,,A keystone species has an ecosystem effect disproportionately large relative to its abundance.,true,
APBIO-FRQ-S-066,a2,1,drafted,drafted,,drafted,,"When sea otters are removed, sea urchins increase, consume more kelp, and cause the kelp forest to decline.",true,
APBIO-FRQ-S-066,b1,1,drafted,drafted,,drafted,,"Restoring otters suppresses the urchin population, allowing kelp forests to recover.",true,
APBIO-FRQ-S-066,b2,1,drafted,drafted,,drafted,,"The recovering kelp supplies habitat and food for many organisms, increasing species richness.",true,
APBIO-FRQ-S-068,a1,1,recovered,recovered_ca1,3e0087a2-4087-4b08-842e-f2abd4249e82,prior_canonical_answer_1,0,Commensalism is an interaction where one species benefits and the other is unaffected (+/0).,false,
APBIO-FRQ-S-068,a2,1,drafted,drafted,,drafted,,"Barnacles benefit by gaining access to moving, nutrient-rich water, while the whale is neither helped nor harmed.",true,
APBIO-FRQ-S-068,b1,1,recovered,recovered_ca2,3e0087a2-4087-4b08-842e-f2abd4249e82,prior_canonical_answer_2,65,mycorrhizal fungi and plant roots.,false,
APBIO-FRQ-S-068,b2,1,recovered,recovered_ca2,3e0087a2-4087-4b08-842e-f2abd4249e82,prior_canonical_answer_2,0,Mutualism (+/+) differs: both species benefit,false,
APBIO-FRQ-S-070,a1,1,recovered,recovered_ca1,c40570e1-5369-4a3e-9f47-334426435967,prior_canonical_answer_1,0,"Predator-prey cycles are driven by time-delayed feedback: prey increase causes predator increase, which reduces prey.",false,
APBIO-FRQ-S-070,a2,1,drafted,drafted,,drafted,,"As predation reduces the moose population, food becomes scarcer for wolves, so wolves decline; reduced predation then allows moose to recover and the cycle repeats.",true,
APBIO-FRQ-S-070,b1,1,drafted,drafted,,drafted,,"Without wolf predation, the moose population would increase rapidly and could overshoot the habitat's carrying capacity.",true,
APBIO-FRQ-S-070,b2,1,recovered,recovered_ca2,c40570e1-5369-4a3e-9f47-334426435967,prior_canonical_answer_2,324,food availability (overgrazing) and density-dependent effects like starvation and disease,false,
APBIO-FRQ-S-071,a1,1,drafted,drafted,,drafted,,Water moves from the soil into the plant cell.,true,
APBIO-FRQ-S-071,a2,1,drafted,drafted,,drafted,,"This occurs by osmosis from the soil's higher, less negative water potential to the cell's lower, more negative water potential.",true,
APBIO-FRQ-S-071,b1,1,drafted,drafted,,drafted,,"As water enters, turgor pressure inside the plant cell increases.",true,
APBIO-FRQ-S-071,b2,1,drafted,drafted,,drafted,,"The increased pressure raises the cell's water potential, reducing the gradient and slowing net water uptake until equilibrium is reached.",true,
APBIO-FRQ-S-073,a,2,drafted,drafted,,drafted,,"After meiosis I, two cells each contain two chromosomes, with each chromosome still consisting of two sister chromatids. After meiosis II, four cells each contain one chromosome represented by a single chromatid.",true,
APBIO-FRQ-S-073,b,2,unchanged,unchanged_from_prior_run,2390157a-8afe-4fc8-bb77-903f9f7d03a1,canonical_answer_2,0,Crossing over in prophase I and independent assortment together generate genetic diversity in gametes.,false,
APBIO-FRQ-S-074,a,2,drafted,drafted,,drafted,,Each restriction enzyme recognizes and cuts a specific palindromic DNA sequence. The distances between successive cut sites determine the sizes of the resulting DNA fragments.,true,
APBIO-FRQ-S-074,b,2,drafted,unchanged_from_prior_run|drafted,0ac026bd-7daa-421e-a4f3-d2f4ba5dd9f6,canonical_answer_2|drafted,0|,"Smaller DNA fragments migrate faster through the gel; a DNA ladder is used to estimate fragment sizes.
---
An electric current pulls DNA fragments through the gel. Smaller fragments migrate farther than larger fragments in the same time, and their band positions are compared with a DNA size ladder.",true,
APBIO-FRQ-S-076,a,2,drafted,drafted,,drafted,,"Secondary succession proceeds quickly because soil and buried seeds remain after the disturbance; unlike primary succession, organisms do not need to weather bare rock and build new soil first.",true,
APBIO-FRQ-S-076,b,2,drafted,unchanged_from_prior_run|drafted,2792c2f8-dc64-4dac-8ae1-75bfb930c6b5,canonical_answer_2|drafted,0|,"Pioneer species such as grasses and shrubs re-colonize the burned area first; eventually shade-tolerant climax species return.
---
Early colonizing trees create shade beneath their canopy. Shade-tolerant climax species establish there and eventually outcompete the sun-loving pioneer species.",true,
APBIO-FRQ-S-080,a1,1,recovered,recovered_ca2,eaf681c2-997a-4d6d-91f3-60badaa5ad23,prior_canonical_answer_2,0,Changing one amino acid can disrupt these interactions,false,
APBIO-FRQ-S-080,a2,1,drafted,drafted,,drafted,,"If this changes the active site or another binding surface, the protein may lose its function.",true,
APBIO-FRQ-S-080,b1,1,drafted,drafted,,drafted,,The mutation directly changes the protein's primary amino-acid sequence.,true,
APBIO-FRQ-S-080,b2,1,drafted,drafted,,drafted,,The loss of function results from the altered primary structure disrupting folding of the tertiary structure.,true,
APBIO-FRQ-S-081,a1,1,recovered,recovered_ca1,166ffe72-e556-4fab-87f7-a97a0affc3b6,prior_canonical_answer_1,0,Somatic mutations affect only the individual,false,
APBIO-FRQ-S-081,a2,1,recovered,recovered_ca1,166ffe72-e556-4fab-87f7-a97a0affc3b6,prior_canonical_answer_1,46,germline mutations in gametes can be inherited.,false,
APBIO-FRQ-S-081,b1,1,drafted,drafted,,drafted,,"A mutation that activates a proto-oncogene can create continuous growth signaling, like a gas pedal stuck down.",true,
APBIO-FRQ-S-081,b2,1,drafted,drafted,,drafted,,"A tumor-suppressor mutation removes a cell-cycle brake; together, excessive growth signaling and loss of the brake can bypass cell-cycle controls.",true,
APBIO-FRQ-S-084,a1,1,recovered,recovered_ca1,a9ea8d0a-a154-4830-acfd-e2879ae84496,prior_canonical_answer_1,0,Mycorrhizal fungi extend plant root surface area by many times,false,
APBIO-FRQ-S-084,a2,1,recovered,recovered_ca1,a9ea8d0a-a154-4830-acfd-e2879ae84496,prior_canonical_answer_1,64,improving absorption of water and minerals especially phosphorus.,false,
APBIO-FRQ-S-084,b1,1,drafted,drafted,,drafted,,The plant receives phosphorus and water from the fungus.,true,
APBIO-FRQ-S-084,b2,1,recovered,recovered_ca2,a9ea8d0a-a154-4830-acfd-e2879ae84496,prior_canonical_answer_2,0,The plant provides sugars (carbohydrates) to the fungus via the phloem; this is a mutualistic symbiosis.,false,
APBIO-FRQ-S-085,a,2,unchanged,unchanged_from_prior_run,0248f6e3-3237-453a-8037-3a7ed19e507b,canonical_answer_1|canonical_answer_2,0|0,"Gap junctions are protein channels connecting adjacent cells, allowing direct cytoplasmic communication of ions and small molecules.
---
In the heart, gap junctions allow electrical signals (ion flow) to spread rapidly across cardiac muscle cells, coordinating contraction.",false,
APBIO-FRQ-S-085,b,2,drafted,drafted,,drafted,,"Without functional gap junctions, electrical signals cannot spread normally between neighboring cells, so contractions become uncoordinated and can produce an arrhythmia.",true,
APBIO-FRQ-S-086,a1,1,recovered,recovered_ca1,b09985e9-744d-428d-b451-e964f0fa6552,prior_canonical_answer_1,0,Zooxanthellae live in coral tissues and provide up to 90% of the coral's energy via photosynthesis.,false,
APBIO-FRQ-S-086,a2,1,drafted,drafted,,drafted,,The coral supplies carbon dioxide and inorganic nutrients to the zooxanthellae.,true,
APBIO-FRQ-S-086,b1,1,drafted,drafted,,drafted,,Bleaching and coral death remove the reef's physical structure.,true,
APBIO-FRQ-S-086,b2,1,drafted,drafted,,drafted,,"Species that depend on coral for habitat or food then decline, reducing biodiversity.",true,
APBIO-FRQ-S-087,a1,1,recovered,recovered_ca1,0b08c3f2-11ec-45bc-a978-5c15c8b85795,prior_canonical_answer_1,0,Stabilizing selection favors intermediate phenotypes,false,
APBIO-FRQ-S-087,a2,1,drafted,drafted,,drafted,,"Very low birth weight reduces survival because organs are underdeveloped, while very high birth weight raises the risk of complications during delivery.",true,
APBIO-FRQ-S-087,b1,1,recovered,recovered_ca1|recovered_ca2,0b08c3f2-11ec-45bc-a978-5c15c8b85795,prior_canonical_answer_1|prior_canonical_answer_2,57|11,"reduces variation
---
stabilizing selection reduces variance in the population without shifting the mean",false,
APBIO-FRQ-S-087,b2,1,recovered,recovered_ca2,0b08c3f2-11ec-45bc-a978-5c15c8b85795,prior_canonical_answer_2,95,"Directional selection, by contrast, favors one phenotypic extreme, shifting the population mean toward that extreme over time rather than preserving it.",false,
APBIO-FRQ-S-089,a1,1,recovered,recovered_ca1,2adea531-eced-41f6-9239-2a9a3f60940f,prior_canonical_answer_1,4,"Under the biological species concept, populations that can interbreed and produce viable, fertile offspring are considered members of the same species, regardless of phenotypic differences such as wing pattern.",false,
APBIO-FRQ-S-089,a2,1,recovered,recovered_ca1|recovered_ca2,2adea531-eced-41f6-9239-2a9a3f60940f,prior_canonical_answer_1|prior_canonical_answer_2,215|0,"Since these two moth populations can still interbreed, they represent ONE species, not two -- the divergence in wing pattern reflects population-level variation, not speciation, because reproductive isolation (the defining criterion under this concept) has not yet evolved.
---
If reproductive isolation has not evolved, the populations are still the same species despite phenotypic differences.",false,
APBIO-FRQ-S-089,b1,1,recovered,recovered_ca1,2adea531-eced-41f6-9239-2a9a3f60940f,prior_canonical_answer_1,493,"The river prevents individuals from migrating between the two populations, stopping gene flow between them.",false,
APBIO-FRQ-S-089,b2,1,recovered,recovered_ca1,2adea531-eced-41f6-9239-2a9a3f60940f,prior_canonical_answer_1,601|871,"Without gene flow, each population accumulates different mutations and experiences different selection pressures (and genetic drift) independently, causing the two populations to diverge genetically and phenotypically (as seen in the different wing patterns) over time.
---
If this divergence continues long enough that the populations evolve reproductive isolating mechanisms -- so that even if the river barrier were removed, they could no longer interbreed and produce viable, fertile offspring -- the biological species concept would then classify them as two separate species, but that point has not yet been reached here.",false,
APBIO-FRQ-S-090,a1,1,recovered,recovered_ca1,46bf705c-6561-4bb9-933c-a571b7cf6ce9,prior_canonical_answer_1,0,GPP is total photosynthesis; NPP = GPP minus energy lost to autotroph respiration,false,
APBIO-FRQ-S-090,a2,1,recovered,recovered_ca1|recovered_ca2,46bf705c-6561-4bb9-933c-a571b7cf6ce9,prior_canonical_answer_1|prior_canonical_answer_2,83|0,"NPP represents energy available to consumers.
---
High NPP supports more complex food webs and higher biodiversity.",false,
APBIO-FRQ-S-090,b1,1,drafted,drafted,,drafted,,"Reduced light lowers the rate of photosynthesis, so both GPP and NPP decrease.",true,
APBIO-FRQ-S-090,b2,1,drafted,drafted,,drafted,,The lower NPP leaves less energy stored in biomass to support consumer populations.,true,
APBIO-FRQ-S-094,a,2,drafted,drafted,,drafted,,"An insertion shifts the reading frame for every downstream codon and changes all subsequent amino acids, whereas a base substitution generally changes only one codon.",true,
APBIO-FRQ-S-094,b,2,drafted,unchanged_from_prior_run|drafted,db5db9c9-1899-4864-b13d-dadb9a6d5b6b,canonical_answer_2|drafted,0|,"The result is usually a nonfunctional protein; a premature stop codon may also truncate the protein.
---
A mutation that creates a premature stop codon ends translation early, producing a truncated protein that lacks C-terminal sequences and is usually nonfunctional.",true,
APBIO-FRQ-S-095,a1,1,recovered,recovered_ca1,9ab0dd36-0a09-4305-9faa-18ba1ca0ed44,prior_canonical_answer_1,0,"Transposons (jumping genes) are DNA sequences that can move to new locations in the genome, sometimes disrupting genes or transferring traits.",false,
APBIO-FRQ-S-095,a2,1,recovered,recovered_ca2,9ab0dd36-0a09-4305-9faa-18ba1ca0ed44,prior_canonical_answer_2,0,Transposons are important in evolution and in the spread of antibiotic resistance genes between bacteria.,false,
APBIO-FRQ-S-095,b1,1,drafted,drafted,,drafted,,Insertion into a coding region can disrupt the gene's nucleotide sequence and protein product.,true,
APBIO-FRQ-S-095,b2,1,drafted,drafted,,drafted,,"Insertion into a regulatory region can increase, decrease, or otherwise alter gene expression.",true,
APBIO-FRQ-S-097,a1,1,drafted,drafted,,drafted,,The guide RNA contains an approximately 20-nucleotide sequence complementary to the target DNA.,true,
APBIO-FRQ-S-097,a2,1,drafted,drafted,,drafted,,Base pairing between the guide RNA and target strand positions Cas9 to cut at that specific site.,true,
APBIO-FRQ-S-097,b1,1,drafted,drafted,,drafted,,The tumor-suppressor gene normally halts cell division when DNA damage or other errors are detected.,true,
APBIO-FRQ-S-097,b2,1,drafted,drafted,,drafted,,"Without a functional tumor suppressor, damaged cells can proliferate unchecked and form a tumor.",true,
APBIO-FRQ-S-099,a,2,unchanged,unchanged_from_prior_run,f1a8fb93-bc97-4d53-b9c2-1974bc281fd7,canonical_answer_1,0,Behavioral isolation is a prezygotic reproductive barrier where species-specific signals prevent mating between species.,false,
APBIO-FRQ-S-099,b,2,drafted,unchanged_from_prior_run|drafted,f1a8fb93-bc97-4d53-b9c2-1974bc281fd7,canonical_answer_2|drafted,0|,"Prezygotic barriers prevent hybrid zygote formation; postzygotic barriers reduce hybrid fitness after fertilization.
---
Hybrid sterility is a postzygotic barrier: a mule produced by a horse-donkey cross can be healthy but cannot reproduce, so its reproductive fitness is zero.",true,
APBIO-FRQ-S-101,a-i,1,recovered,recovered_parent,b88a1376-17c0-4184-8daf-4d92ec1b9e07,parent_canonical_answer_1,0,(a)(i) A synapomorphy is a shared derived character — a trait that arose in a common ancestor of a group and is shared by its descendants — distinguishing that group (clade) from other lineages.,true,
APBIO-FRQ-S-101,a-ii,1,recovered,recovered_parent,b88a1376-17c0-4184-8daf-4d92ec1b9e07,parent_canonical_answer_1,194, A symplesiomorphy is a shared ancestral character present in the group's common ancestor and also in more distantly related outgroup taxa; it is not useful for resolving relationships within the group because its presence does not indicate which taxa share a more recent common ancestor — it is too broadly distributed to be informative.,true,
APBIO-FRQ-S-101,a-iii,1,recovered,recovered_parent,b88a1376-17c0-4184-8daf-4d92ec1b9e07,parent_canonical_answer_1,532,"
(ii) Using the character matrix, Species A lacks all four characters and represents the ancestral condition, so it is the outgroup. Species B has only character 1; Species C has characters 1 and 2; Species D has characters 1, 2, and 3; Species E has characters 1, 2, 3, and 4. This nested pattern of shared derived characters produces the most parsimonious cladogram: (A,(B,(C,(D,E)))) — A branches off first as the outgroup, then B, then C, with D and E as the most closely related sister taxa (sharing character 3, with E uniquely possessing character 4).",true,
APBIO-FRQ-S-101,a-iv,1,recovered,recovered_parent,b88a1376-17c0-4184-8daf-4d92ec1b9e07,parent_canonical_answer_1,1090,"
(iii) ""Most parsimonious"" means the cladogram requiring the fewest total number of evolutionary character-state changes to explain the observed distribution of traits among the taxa. Parsimony is preferred in phylogenetic analysis because, all else being equal, the simplest explanation requiring the fewest independent (convergent) evolutionary events is the most probable and avoids unnecessary assumptions about homoplasy (the same trait evolving independently more than once).",true,
APBIO-FRQ-S-102,b-i,1,recovered,recovered_parent,b88a1376-17c0-4184-8daf-4d92ec1b9e07,parent_canonical_answer_1,1573,"(b)(i) Neutral mutations, by definition, do not affect an organism's fitness and so are not acted on by natural selection; their rate of fixation in a population is governed mainly by the underlying mutation rate, which tends to be relatively stable over time for a given gene and lineage. Because these mutations are not selected for or against, their accumulation approximates a constant, clock-like rate over time, forming the basis of the molecular clock.",true,
APBIO-FRQ-S-102,b-ii,1,recovered,recovered_parent,b88a1376-17c0-4184-8daf-4d92ec1b9e07,parent_canonical_answer_1,2032,"
(ii) Using the given calibration (1% cytochrome b sequence divergence corresponds to approximately 2 million years): Human-Gorilla divergence of 4.0% times 2 Mya per percent equals approximately 8.0 million years ago.",true,
APBIO-FRQ-S-102,b-iii,1,recovered,recovered_parent,b88a1376-17c0-4184-8daf-4d92ec1b9e07,parent_canonical_answer_1,2250,"
(iii) Two reasons the molecular clock is not perfectly constant: (1) mutation and generation rates differ among lineages — species with shorter generation times undergo more DNA replications per unit time and tend to accumulate mutations faster than species with longer generation times, so different lineages' clocks tick at different absolute rates",true,sentence_split_between_two_reasons
APBIO-FRQ-S-102,b-iv,1,recovered,recovered_parent,b88a1376-17c0-4184-8daf-4d92ec1b9e07,parent_canonical_answer_1,2601,"; (2) selective pressures vary among genes, lineages, and over time — some genomic regions experience differing degrees of purifying or positive selection in different lineages, causing deviations from a strictly neutral, constant rate of accumulation (differences in DNA repair efficiency and uncertainty/inaccuracy in fossil calibration dates also contribute to clock imperfection).",true,leading_connective_from_verbatim_source
APBIO-FRQ-S-103,c-i,1,recovered,recovered_parent,b88a1376-17c0-4184-8daf-4d92ec1b9e07,parent_canonical_answer_1,2987,"(c)(i) Homoplasy (analogous structures resulting from convergent evolution) arises when unrelated organisms independently evolve similar traits in response to similar selective pressures or environments, rather than through shared ancestry. If a morphological phylogenetic analysis mistakenly treats these convergent similarities as synapomorphies (shared derived traits indicating common ancestry), it will incorrectly group these unrelated organisms together as if they were closely related, producing an inaccurate tree.",true,
APBIO-FRQ-S-103,c-ii,1,recovered,recovered_parent,b88a1376-17c0-4184-8daf-4d92ec1b9e07,parent_canonical_answer_1,3510,"
(ii) Molecular phylogenies are generally considered more reliable for resolving deep evolutionary relationships because DNA and protein sequences provide vastly more independent characters (thousands of nucleotide or amino acid positions) than morphology offers (a limited number of visible traits), which reduces the relative influence of any single misleading homoplasious character, and molecular changes are generally less subject to convergent selective pressures than gross external morphology. A well-known example is that molecular data revealed hippopotamuses to be the closest living relatives of whales (Cetacea), a relationship not evident from morphology alone, overturning earlier morphology-based classifications that had grouped whales more closely with other terrestrial mammal groups based on convergent similarities.",true,
APBIO-FRQ-S-103,d-i,1,recovered,recovered_parent,b88a1376-17c0-4184-8daf-4d92ec1b9e07,parent_canonical_answer_1,4377,"(1) Reproductive compatibility/hybridization testing — determining whether the two populations can successfully interbreed and produce fertile offspring under natural or controlled conditions; full interbreeding with fertile offspring supports classification as the same species or subspecies, while reduced hybrid viability or sterility supports separate species status.",true,
APBIO-FRQ-S-103,d-ii,1,recovered,recovered_parent,b88a1376-17c0-4184-8daf-4d92ec1b9e07,parent_canonical_answer_1,4748," (2) Genetic/DNA sequence divergence — comparing DNA sequence differences (such as mitochondrial DNA or whole-genome divergence) between the two populations; genetic distances comparable to those typically seen between recognized separate species would support species status, while smaller divergence comparable to normal within-species variation would support subspecies status.",true,
APBIO-FRQ-S-103,d-iii,1,recovered,recovered_parent,b88a1376-17c0-4184-8daf-4d92ec1b9e07,parent_canonical_answer_1,5128," (3) Morphological and ecological differentiation — comparing consistent, diagnostic differences in physical traits (body size, coloration, skull shape) and ecological niche (habitat use, diet, behavior) between the populations; substantial and consistent diagnostic differences support species-level distinction, whereas overlapping or continuously varying traits support classification as subspecies.",true,
APBIO-HDG-2026-GRAPH-002,BOXPLOT_SCALE,1,out_of_scope,out_of_scope,,,,,false,drawn_graph_requires_spatial_canonical
APBIO-HDG-2026-GRAPH-002,CENTER_COMPARISON,1,out_of_scope,out_of_scope,,,,,false,drawn_graph_requires_spatial_canonical
APBIO-HDG-2026-GRAPH-002,FIVE_NUMBER_VALUES,1,out_of_scope,out_of_scope,,,,,false,drawn_graph_requires_spatial_canonical
APBIO-HDG-2026-GRAPH-002,VARIABILITY_COMPARISON,1,out_of_scope,out_of_scope,,,,,false,drawn_graph_requires_spatial_canonical
APBIO-HDG-2026-GRAPH-003,CATEGORY_LABELS,1,out_of_scope,out_of_scope,,,,,false,drawn_graph_requires_spatial_canonical
APBIO-HDG-2026-GRAPH-003,COMPARISON,1,out_of_scope,out_of_scope,,,,,false,drawn_graph_requires_spatial_canonical
APBIO-HDG-2026-GRAPH-003,RELATIVE_FREQUENCIES,1,out_of_scope,out_of_scope,,,,,false,drawn_graph_requires_spatial_canonical
APBIO-HDG-2026-GRAPH-003,SEGMENTED_BARS,1,out_of_scope,out_of_scope,,,,,false,drawn_graph_requires_spatial_canonical
APBIO-HDG-2026-GRAPH-008,AXIS_SCALE,1,out_of_scope,out_of_scope,,,,,false,drawn_graph_requires_spatial_canonical
APBIO-HDG-2026-GRAPH-008,DOT_COUNTS,1,out_of_scope,out_of_scope,,,,,false,drawn_graph_requires_spatial_canonical
APBIO-HDG-2026-GRAPH-008,SHAPE_DESCRIPTION,1,out_of_scope,out_of_scope,,,,,false,drawn_graph_requires_spatial_canonical
APBIO-HDG-2026-GRAPH-008,TAIL_DESCRIPTION,1,out_of_scope,out_of_scope,,,,,false,drawn_graph_requires_spatial_canonical
APBIO-HDG-2026-GRAPH-010,ASSOCIATION_DESCRIPTION,1,out_of_scope,out_of_scope,,,,,false,drawn_graph_requires_spatial_canonical
APBIO-HDG-2026-GRAPH-010,AXIS_LABELS,1,out_of_scope,out_of_scope,,,,,false,drawn_graph_requires_spatial_canonical
APBIO-HDG-2026-GRAPH-010,BIOLOGICAL_INTERPRETATION,1,out_of_scope,out_of_scope,,,,,false,drawn_graph_requires_spatial_canonical
APBIO-HDG-2026-GRAPH-010,POINTS_PLOTTED,1,out_of_scope,out_of_scope,,,,,false,drawn_graph_requires_spatial_canonical
APBIO-HDG-2026-GRAPH-010,TREND_LINE,1,out_of_scope,out_of_scope,,,,,false,drawn_graph_requires_spatial_canonical
