item_id,item_version,question_type,frq_form,review_stage,archetype,relation_subtype,expected_image_filename,stem,canonical_answer,modules,subtopics,display_table_json,expected_graph_spec_json,criterion_definitions_json,synthetic_data_json,rights_status,notes
HDG-2026-P2-CAT-001,v0.2-research-seed,frq,short,canonical_answer,categorical_comparison_supplied_uncertainty,,HDG-2026-P2-CAT-001__response-01.jpg,"Researchers measured chlorophyll absorbance for four treatment groups. Use the data table to construct a graph that compares the group means. Include a categorical x-axis with the treatments in table order, a y-axis labeled with units, plotted means, and symmetric error bars showing plus or minus one SEM.

Write the item ID HDG-2026-P2-CAT-001 at the top of your page.

| Treatment | Mean absorbance at 540 nm (a.u.) | SEM (a.u.) |
| --- | --- | --- |
| low blue | 44.0 | 1.2 |
| moderate blue | 32.0 | 0.6 |
| high blue | 59.0 | 1.1 |
| mixed light | 52.0 | 0.7 |","Expected graph: categorical point-with-whisker or bar-with-whisker graph; x-axis treatment category in table order; y-axis absorbance at 540 nm (a.u.). Required criteria: REPRESENTATION_TYPE, CATEGORY_IDENTITY, Y_UNIT, Y_SCALE, PLOT_VALUES, UNCERTAINTY_MARKS.",AP Biology|data analysis|experimental design|graph construction,chlorophyll absorbance|categorical comparison|SEM error bars,"[{""Mean absorbance at 540 nm (a.u.)"": 44.0, ""SEM (a.u.)"": 1.2, ""Treatment"": ""low blue""}, {""Mean absorbance at 540 nm (a.u.)"": 32.0, ""SEM (a.u.)"": 0.6, ""Treatment"": ""moderate blue""}, {""Mean absorbance at 540 nm (a.u.)"": 59.0, ""SEM (a.u.)"": 1.1, ""Treatment"": ""high blue""}, {""Mean absorbance at 540 nm (a.u.)"": 52.0, ""SEM (a.u.)"": 0.7, ""Treatment"": ""mixed light""}]","{""accepted_variants"": [""points with whiskers"", ""bars with whiskers""], ""representation"": ""categorical point-with-whisker or bar-with-whisker graph"", ""required_uncertainty"": ""symmetric plus/minus one SEM bars"", ""x_axis"": ""treatment category in table order"", ""y_axis"": ""absorbance at 540 nm (a.u.)""}","[{""criterion_id"": ""REPRESENTATION_TYPE"", ""met_rule"": ""Uses accepted categorical graph representation.""}, {""criterion_id"": ""CATEGORY_IDENTITY"", ""met_rule"": ""All four treatments are identifiable in table order or clearly mapped.""}, {""criterion_id"": ""Y_UNIT"", ""met_rule"": ""Y-axis includes the required variable and unit.""}, {""criterion_id"": ""Y_SCALE"", ""met_rule"": ""Y-scale is interpretable and can represent all means and SEM bars.""}, {""criterion_id"": ""PLOT_VALUES"", ""met_rule"": ""All four means are plotted at recoverable positions.""}, {""criterion_id"": ""UNCERTAINTY_MARKS"", ""met_rule"": ""Each mean has centered symmetric plus/minus SEM bars.""}]","{""item_seed"": 1000, ""method"": ""seeded_replicate_v2"", ""model"": ""categorical_independent_conditions"", ""points"": [{""category"": ""low blue"", ""displayed_mean"": 44.0, ""displayed_sem"": 1.2, ""raw_replicate_mean"": 42.54, ""raw_replicate_sem"": 1.16, ""replicates"": [42.5, 43.8, 40.2, 40.0, 46.2], ""true_model_value"": 44.0}, {""category"": ""moderate blue"", ""displayed_mean"": 32.0, ""displayed_sem"": 0.6, ""raw_replicate_mean"": 32.0, ""raw_replicate_sem"": 0.568, ""replicates"": [31.0, 30.5, 32.8, 32.1, 33.6], ""true_model_value"": 32.0}, {""category"": ""high blue"", ""displayed_mean"": 59.0, ""displayed_sem"": 1.1, ""raw_replicate_mean"": 58.56, ""raw_replicate_sem"": 1.143, ""replicates"": [60.5, 58.7, 60.8, 54.4, 58.4], ""true_model_value"": 59.0}, {""category"": ""mixed light"", ""displayed_mean"": 52.0, ""displayed_sem"": 0.7, ""raw_replicate_mean"": 52.26, ""raw_replicate_sem"": 0.65, ""replicates"": [50.6, 52.3, 52.7, 51.3, 54.4], ""true_model_value"": 52.0}], ""replicate_n"": 5}",independently_authored_synthetic_research_seed_unverified,Research seed for hand-drawn graph capture and reviewer evaluation. Do not expose criterion definitions to the person drawing the graph.
HDG-2026-P2-CAT-002,v0.2-research-seed,frq,short,canonical_answer,categorical_comparison_supplied_uncertainty,,HDG-2026-P2-CAT-002__response-01.jpg,"Researchers measured leaf pore density for four treatment groups. Use the data table to construct a graph that compares the group means. Include a categorical x-axis with the treatments in table order, a y-axis labeled with units, plotted means, and symmetric error bars showing plus or minus one SEM.

Write the item ID HDG-2026-P2-CAT-002 at the top of your page.

| Treatment | Mean stomatal density (stomata/mm^2) | SEM (stomata/mm^2) |
| --- | --- | --- |
| deep shade | 32.0 | 0.8 |
| partial shade | 70.0 | 0.8 |
| open sun | 20.0 | 0.3 |
| reflected sun | 47.0 | 0.8 |","Expected graph: categorical point-with-whisker or bar-with-whisker graph; x-axis treatment category in table order; y-axis stomatal density (stomata/mm^2). Required criteria: REPRESENTATION_TYPE, CATEGORY_IDENTITY, Y_UNIT, Y_SCALE, PLOT_VALUES, UNCERTAINTY_MARKS.",AP Biology|data analysis|experimental design|graph construction,leaf pore density|categorical comparison|SEM error bars,"[{""Mean stomatal density (stomata/mm^2)"": 32.0, ""SEM (stomata/mm^2)"": 0.8, ""Treatment"": ""deep shade""}, {""Mean stomatal density (stomata/mm^2)"": 70.0, ""SEM (stomata/mm^2)"": 0.8, ""Treatment"": ""partial shade""}, {""Mean stomatal density (stomata/mm^2)"": 20.0, ""SEM (stomata/mm^2)"": 0.3, ""Treatment"": ""open sun""}, {""Mean stomatal density (stomata/mm^2)"": 47.0, ""SEM (stomata/mm^2)"": 0.8, ""Treatment"": ""reflected sun""}]","{""accepted_variants"": [""points with whiskers"", ""bars with whiskers""], ""representation"": ""categorical point-with-whisker or bar-with-whisker graph"", ""required_uncertainty"": ""symmetric plus/minus one SEM bars"", ""x_axis"": ""treatment category in table order"", ""y_axis"": ""stomatal density (stomata/mm^2)""}","[{""criterion_id"": ""REPRESENTATION_TYPE"", ""met_rule"": ""Uses accepted categorical graph representation.""}, {""criterion_id"": ""CATEGORY_IDENTITY"", ""met_rule"": ""All four treatments are identifiable in table order or clearly mapped.""}, {""criterion_id"": ""Y_UNIT"", ""met_rule"": ""Y-axis includes the required variable and unit.""}, {""criterion_id"": ""Y_SCALE"", ""met_rule"": ""Y-scale is interpretable and can represent all means and SEM bars.""}, {""criterion_id"": ""PLOT_VALUES"", ""met_rule"": ""All four means are plotted at recoverable positions.""}, {""criterion_id"": ""UNCERTAINTY_MARKS"", ""met_rule"": ""Each mean has centered symmetric plus/minus SEM bars.""}]","{""item_seed"": 1001, ""method"": ""seeded_replicate_v2"", ""model"": ""categorical_independent_conditions"", ""points"": [{""category"": ""deep shade"", ""displayed_mean"": 32.0, ""displayed_sem"": 0.8, ""raw_replicate_mean"": 31.54, ""raw_replicate_sem"": 0.808, ""replicates"": [30.4, 34.2, 32.4, 31.1, 29.6], ""true_model_value"": 32.0}, {""category"": ""partial shade"", ""displayed_mean"": 70.0, ""displayed_sem"": 0.8, ""raw_replicate_mean"": 68.52, ""raw_replicate_sem"": 0.781, ""replicates"": [69.0, 70.7, 69.1, 66.0, 67.8], ""true_model_value"": 70.0}, {""category"": ""open sun"", ""displayed_mean"": 20.0, ""displayed_sem"": 0.3, ""raw_replicate_mean"": 19.88, ""raw_replicate_sem"": 0.328, ""replicates"": [19.4, 20.4, 20.9, 19.5, 19.2], ""true_model_value"": 20.0}, {""category"": ""reflected sun"", ""displayed_mean"": 47.0, ""displayed_sem"": 0.8, ""raw_replicate_mean"": 47.58, ""raw_replicate_sem"": 0.824, ""replicates"": [45.4, 47.9, 48.9, 49.7, 46.0], ""true_model_value"": 47.0}], ""replicate_n"": 5}",independently_authored_synthetic_research_seed_unverified,Research seed for hand-drawn graph capture and reviewer evaluation. Do not expose criterion definitions to the person drawing the graph.
HDG-2026-P2-CAT-003,v0.2-research-seed,frq,short,canonical_answer,categorical_comparison_supplied_uncertainty,,HDG-2026-P2-CAT-003__response-01.jpg,"Researchers measured membrane leakage for four treatment groups. Use the data table to construct a graph that compares the group means. Include a categorical x-axis with the treatments in table order, a y-axis labeled with units, plotted means, and symmetric error bars showing plus or minus one SEM.

Write the item ID HDG-2026-P2-CAT-003 at the top of your page.

| Treatment | Mean conductivity after 10 min (uS/cm) | SEM (uS/cm) |
| --- | --- | --- |
| isotonic | 29.0 | 0.4 |
| mild salt | 62.0 | 1.4 |
| moderate salt | 71.0 | 2.3 |
| high salt | 77.0 | 1.6 |","Expected graph: categorical point-with-whisker or bar-with-whisker graph; x-axis treatment category in table order; y-axis conductivity after 10 min (uS/cm). Required criteria: REPRESENTATION_TYPE, CATEGORY_IDENTITY, Y_UNIT, Y_SCALE, PLOT_VALUES, UNCERTAINTY_MARKS.",AP Biology|data analysis|experimental design|graph construction,membrane leakage|categorical comparison|SEM error bars,"[{""Mean conductivity after 10 min (uS/cm)"": 29.0, ""SEM (uS/cm)"": 0.4, ""Treatment"": ""isotonic""}, {""Mean conductivity after 10 min (uS/cm)"": 62.0, ""SEM (uS/cm)"": 1.4, ""Treatment"": ""mild salt""}, {""Mean conductivity after 10 min (uS/cm)"": 71.0, ""SEM (uS/cm)"": 2.3, ""Treatment"": ""moderate salt""}, {""Mean conductivity after 10 min (uS/cm)"": 77.0, ""SEM (uS/cm)"": 1.6, ""Treatment"": ""high salt""}]","{""accepted_variants"": [""points with whiskers"", ""bars with whiskers""], ""representation"": ""categorical point-with-whisker or bar-with-whisker graph"", ""required_uncertainty"": ""symmetric plus/minus one SEM bars"", ""x_axis"": ""treatment category in table order"", ""y_axis"": ""conductivity after 10 min (uS/cm)""}","[{""criterion_id"": ""REPRESENTATION_TYPE"", ""met_rule"": ""Uses accepted categorical graph representation.""}, {""criterion_id"": ""CATEGORY_IDENTITY"", ""met_rule"": ""All four treatments are identifiable in table order or clearly mapped.""}, {""criterion_id"": ""Y_UNIT"", ""met_rule"": ""Y-axis includes the required variable and unit.""}, {""criterion_id"": ""Y_SCALE"", ""met_rule"": ""Y-scale is interpretable and can represent all means and SEM bars.""}, {""criterion_id"": ""PLOT_VALUES"", ""met_rule"": ""All four means are plotted at recoverable positions.""}, {""criterion_id"": ""UNCERTAINTY_MARKS"", ""met_rule"": ""Each mean has centered symmetric plus/minus SEM bars.""}]","{""item_seed"": 1002, ""method"": ""seeded_replicate_v2"", ""model"": ""categorical_independent_conditions"", ""points"": [{""category"": ""isotonic"", ""displayed_mean"": 29.0, ""displayed_sem"": 0.4, ""raw_replicate_mean"": 28.9, ""raw_replicate_sem"": 0.394, ""replicates"": [27.6, 29.3, 28.4, 29.7, 29.5], ""true_model_value"": 29.0}, {""category"": ""mild salt"", ""displayed_mean"": 62.0, ""displayed_sem"": 1.4, ""raw_replicate_mean"": 61.94, ""raw_replicate_sem"": 1.41, ""replicates"": [61.3, 66.4, 62.7, 57.6, 61.7], ""true_model_value"": 62.0}, {""category"": ""moderate salt"", ""displayed_mean"": 71.0, ""displayed_sem"": 2.3, ""raw_replicate_mean"": 68.94, ""raw_replicate_sem"": 2.28, ""replicates"": [69.1, 72.3, 67.6, 74.5, 61.2], ""true_model_value"": 71.0}, {""category"": ""high salt"", ""displayed_mean"": 77.0, ""displayed_sem"": 1.6, ""raw_replicate_mean"": 76.36, ""raw_replicate_sem"": 1.622, ""replicates"": [79.1, 80.9, 74.9, 71.8, 75.1], ""true_model_value"": 77.0}], ""replicate_n"": 5}",independently_authored_synthetic_research_seed_unverified,Research seed for hand-drawn graph capture and reviewer evaluation. Do not expose criterion definitions to the person drawing the graph.
HDG-2026-P2-CAT-004,v0.2-research-seed,frq,short,canonical_answer,categorical_comparison_supplied_uncertainty,,HDG-2026-P2-CAT-004__response-01.jpg,"Researchers measured root tip mitosis for four treatment groups. Use the data table to construct a graph that compares the group means. Include a categorical x-axis with the treatments in table order, a y-axis labeled with units, plotted means, and symmetric error bars showing plus or minus one SEM.

Write the item ID HDG-2026-P2-CAT-004 at the top of your page.

| Treatment | Mean mitotic cells (%) | SEM (%) |
| --- | --- | --- |
| cool | 11.0 | 0.3 |
| room temp | 31.0 | 1.0 |
| warm | 36.0 | 0.7 |
| heat stress | 40.0 | 1.6 |","Expected graph: categorical point-with-whisker or bar-with-whisker graph; x-axis treatment category in table order; y-axis mitotic cells (%). Required criteria: REPRESENTATION_TYPE, CATEGORY_IDENTITY, Y_UNIT, Y_SCALE, PLOT_VALUES, UNCERTAINTY_MARKS.",AP Biology|data analysis|experimental design|graph construction,root tip mitosis|categorical comparison|SEM error bars,"[{""Mean mitotic cells (%)"": 11.0, ""SEM (%)"": 0.3, ""Treatment"": ""cool""}, {""Mean mitotic cells (%)"": 31.0, ""SEM (%)"": 1.0, ""Treatment"": ""room temp""}, {""Mean mitotic cells (%)"": 36.0, ""SEM (%)"": 0.7, ""Treatment"": ""warm""}, {""Mean mitotic cells (%)"": 40.0, ""SEM (%)"": 1.6, ""Treatment"": ""heat stress""}]","{""accepted_variants"": [""points with whiskers"", ""bars with whiskers""], ""representation"": ""categorical point-with-whisker or bar-with-whisker graph"", ""required_uncertainty"": ""symmetric plus/minus one SEM bars"", ""x_axis"": ""treatment category in table order"", ""y_axis"": ""mitotic cells (%)""}","[{""criterion_id"": ""REPRESENTATION_TYPE"", ""met_rule"": ""Uses accepted categorical graph representation.""}, {""criterion_id"": ""CATEGORY_IDENTITY"", ""met_rule"": ""All four treatments are identifiable in table order or clearly mapped.""}, {""criterion_id"": ""Y_UNIT"", ""met_rule"": ""Y-axis includes the required variable and unit.""}, {""criterion_id"": ""Y_SCALE"", ""met_rule"": ""Y-scale is interpretable and can represent all means and SEM bars.""}, {""criterion_id"": ""PLOT_VALUES"", ""met_rule"": ""All four means are plotted at recoverable positions.""}, {""criterion_id"": ""UNCERTAINTY_MARKS"", ""met_rule"": ""Each mean has centered symmetric plus/minus SEM bars.""}]","{""item_seed"": 1003, ""method"": ""seeded_replicate_v2"", ""model"": ""categorical_independent_conditions"", ""points"": [{""category"": ""cool"", ""displayed_mean"": 11.0, ""displayed_sem"": 0.3, ""raw_replicate_mean"": 10.6, ""raw_replicate_sem"": 0.316, ""replicates"": [11.6, 10.4, 10.2, 9.8, 11.0], ""true_model_value"": 11.0}, {""category"": ""room temp"", ""displayed_mean"": 31.0, ""displayed_sem"": 1.0, ""raw_replicate_mean"": 31.9, ""raw_replicate_sem"": 1.005, ""replicates"": [34.4, 29.9, 30.5, 30.4, 34.3], ""true_model_value"": 31.0}, {""category"": ""warm"", ""displayed_mean"": 36.0, ""displayed_sem"": 0.7, ""raw_replicate_mean"": 35.62, ""raw_replicate_sem"": 0.672, ""replicates"": [34.5, 35.5, 35.9, 34.2, 38.0], ""true_model_value"": 36.0}, {""category"": ""heat stress"", ""displayed_mean"": 40.0, ""displayed_sem"": 1.6, ""raw_replicate_mean"": 40.42, ""raw_replicate_sem"": 1.575, ""replicates"": [38.3, 39.5, 36.6, 45.6, 42.1], ""true_model_value"": 40.0}], ""replicate_n"": 5}",independently_authored_synthetic_research_seed_unverified,Research seed for hand-drawn graph capture and reviewer evaluation. Do not expose criterion definitions to the person drawing the graph.
HDG-2026-P2-CAT-005,v0.2-research-seed,frq,short,canonical_answer,categorical_comparison_supplied_uncertainty,,HDG-2026-P2-CAT-005__response-01.jpg,"Researchers measured enzyme product for four treatment groups. Use the data table to construct a graph that compares the group means. Include a categorical x-axis with the treatments in table order, a y-axis labeled with units, plotted means, and symmetric error bars showing plus or minus one SEM.

Write the item ID HDG-2026-P2-CAT-005 at the top of your page.

| Treatment | Mean product formed in 5 min (umol) | SEM (umol) |
| --- | --- | --- |
| pH 5 | 14.0 | 0.3 |
| pH 6 | 31.0 | 0.9 |
| pH 7 | 23.0 | 0.5 |
| pH 8 | 35.0 | 0.7 |","Expected graph: categorical point-with-whisker or bar-with-whisker graph; x-axis treatment category in table order; y-axis product formed in 5 min (umol). Required criteria: REPRESENTATION_TYPE, CATEGORY_IDENTITY, Y_UNIT, Y_SCALE, PLOT_VALUES, UNCERTAINTY_MARKS.",AP Biology|data analysis|experimental design|graph construction,enzyme product|categorical comparison|SEM error bars,"[{""Mean product formed in 5 min (umol)"": 14.0, ""SEM (umol)"": 0.3, ""Treatment"": ""pH 5""}, {""Mean product formed in 5 min (umol)"": 31.0, ""SEM (umol)"": 0.9, ""Treatment"": ""pH 6""}, {""Mean product formed in 5 min (umol)"": 23.0, ""SEM (umol)"": 0.5, ""Treatment"": ""pH 7""}, {""Mean product formed in 5 min (umol)"": 35.0, ""SEM (umol)"": 0.7, ""Treatment"": ""pH 8""}]","{""accepted_variants"": [""points with whiskers"", ""bars with whiskers""], ""representation"": ""categorical point-with-whisker or bar-with-whisker graph"", ""required_uncertainty"": ""symmetric plus/minus one SEM bars"", ""x_axis"": ""treatment category in table order"", ""y_axis"": ""product formed in 5 min (umol)""}","[{""criterion_id"": ""REPRESENTATION_TYPE"", ""met_rule"": ""Uses accepted categorical graph representation.""}, {""criterion_id"": ""CATEGORY_IDENTITY"", ""met_rule"": ""All four treatments are identifiable in table order or clearly mapped.""}, {""criterion_id"": ""Y_UNIT"", ""met_rule"": ""Y-axis includes the required variable and unit.""}, {""criterion_id"": ""Y_SCALE"", ""met_rule"": ""Y-scale is interpretable and can represent all means and SEM bars.""}, {""criterion_id"": ""PLOT_VALUES"", ""met_rule"": ""All four means are plotted at recoverable positions.""}, {""criterion_id"": ""UNCERTAINTY_MARKS"", ""met_rule"": ""Each mean has centered symmetric plus/minus SEM bars.""}]","{""item_seed"": 1004, ""method"": ""seeded_replicate_v2"", ""model"": ""categorical_independent_conditions"", ""points"": [{""category"": ""pH 5"", ""displayed_mean"": 14.0, ""displayed_sem"": 0.3, ""raw_replicate_mean"": 13.66, ""raw_replicate_sem"": 0.264, ""replicates"": [13.7, 13.4, 13.6, 14.6, 13.0], ""true_model_value"": 14.0}, {""category"": ""pH 6"", ""displayed_mean"": 31.0, ""displayed_sem"": 0.9, ""raw_replicate_mean"": 30.58, ""raw_replicate_sem"": 0.897, ""replicates"": [31.5, 33.2, 30.9, 28.0, 29.3], ""true_model_value"": 31.0}, {""category"": ""pH 7"", ""displayed_mean"": 23.0, ""displayed_sem"": 0.5, ""raw_replicate_mean"": 23.26, ""raw_replicate_sem"": 0.452, ""replicates"": [21.9, 22.6, 24.1, 24.3, 23.4], ""true_model_value"": 23.0}, {""category"": ""pH 8"", ""displayed_mean"": 35.0, ""displayed_sem"": 0.7, ""raw_replicate_mean"": 34.38, ""raw_replicate_sem"": 0.661, ""replicates"": [34.3, 34.9, 34.2, 32.2, 36.3], ""true_model_value"": 35.0}], ""replicate_n"": 5}",independently_authored_synthetic_research_seed_unverified,Research seed for hand-drawn graph capture and reviewer evaluation. Do not expose criterion definitions to the person drawing the graph.
HDG-2026-P2-CAT-006,v0.2-research-seed,frq,short,canonical_answer,categorical_comparison_supplied_uncertainty,,HDG-2026-P2-CAT-006__response-01.jpg,"Researchers measured seed germination for four treatment groups. Use the data table to construct a graph that compares the group means. Include a categorical x-axis with the treatments in table order, a y-axis labeled with units, plotted means, and symmetric error bars showing plus or minus one SEM.

Write the item ID HDG-2026-P2-CAT-006 at the top of your page.

| Treatment | Mean germination (%) | SEM (%) |
| --- | --- | --- |
| dark | 23.0 | 0.6 |
| red light | 53.0 | 0.4 |
| blue light | 49.0 | 1.1 |
| white light | 78.0 | 0.5 |","Expected graph: categorical point-with-whisker or bar-with-whisker graph; x-axis treatment category in table order; y-axis germination (%). Required criteria: REPRESENTATION_TYPE, CATEGORY_IDENTITY, Y_UNIT, Y_SCALE, PLOT_VALUES, UNCERTAINTY_MARKS.",AP Biology|data analysis|experimental design|graph construction,seed germination|categorical comparison|SEM error bars,"[{""Mean germination (%)"": 23.0, ""SEM (%)"": 0.6, ""Treatment"": ""dark""}, {""Mean germination (%)"": 53.0, ""SEM (%)"": 0.4, ""Treatment"": ""red light""}, {""Mean germination (%)"": 49.0, ""SEM (%)"": 1.1, ""Treatment"": ""blue light""}, {""Mean germination (%)"": 78.0, ""SEM (%)"": 0.5, ""Treatment"": ""white light""}]","{""accepted_variants"": [""points with whiskers"", ""bars with whiskers""], ""representation"": ""categorical point-with-whisker or bar-with-whisker graph"", ""required_uncertainty"": ""symmetric plus/minus one SEM bars"", ""x_axis"": ""treatment category in table order"", ""y_axis"": ""germination (%)""}","[{""criterion_id"": ""REPRESENTATION_TYPE"", ""met_rule"": ""Uses accepted categorical graph representation.""}, {""criterion_id"": ""CATEGORY_IDENTITY"", ""met_rule"": ""All four treatments are identifiable in table order or clearly mapped.""}, {""criterion_id"": ""Y_UNIT"", ""met_rule"": ""Y-axis includes the required variable and unit.""}, {""criterion_id"": ""Y_SCALE"", ""met_rule"": ""Y-scale is interpretable and can represent all means and SEM bars.""}, {""criterion_id"": ""PLOT_VALUES"", ""met_rule"": ""All four means are plotted at recoverable positions.""}, {""criterion_id"": ""UNCERTAINTY_MARKS"", ""met_rule"": ""Each mean has centered symmetric plus/minus SEM bars.""}]","{""item_seed"": 1005, ""method"": ""seeded_replicate_v2"", ""model"": ""categorical_independent_conditions"", ""points"": [{""category"": ""dark"", ""displayed_mean"": 23.0, ""displayed_sem"": 0.6, ""raw_replicate_mean"": 22.9, ""raw_replicate_sem"": 0.627, ""replicates"": [24.4, 21.1, 22.7, 24.2, 22.1], ""true_model_value"": 23.0}, {""category"": ""red light"", ""displayed_mean"": 53.0, ""displayed_sem"": 0.4, ""raw_replicate_mean"": 54.8, ""raw_replicate_sem"": 0.392, ""replicates"": [53.9, 55.1, 54.1, 54.8, 56.1], ""true_model_value"": 53.0}, {""category"": ""blue light"", ""displayed_mean"": 49.0, ""displayed_sem"": 1.1, ""raw_replicate_mean"": 48.9, ""raw_replicate_sem"": 1.144, ""replicates"": [52.9, 48.4, 46.6, 49.7, 46.9], ""true_model_value"": 49.0}, {""category"": ""white light"", ""displayed_mean"": 78.0, ""displayed_sem"": 0.5, ""raw_replicate_mean"": 75.76, ""raw_replicate_sem"": 0.452, ""replicates"": [76.6, 75.5, 75.1, 74.6, 77.0], ""true_model_value"": 78.0}], ""replicate_n"": 5}",independently_authored_synthetic_research_seed_unverified,Research seed for hand-drawn graph capture and reviewer evaluation. Do not expose criterion definitions to the person drawing the graph.
HDG-2026-P2-CAT-007,v0.2-research-seed,frq,short,canonical_answer,categorical_comparison_supplied_uncertainty,,HDG-2026-P2-CAT-007__response-01.jpg,"Researchers measured yeast respiration for four treatment groups. Use the data table to construct a graph that compares the group means. Include a categorical x-axis with the treatments in table order, a y-axis labeled with units, plotted means, and symmetric error bars showing plus or minus one SEM.

Write the item ID HDG-2026-P2-CAT-007 at the top of your page.

| Treatment | Mean CO2 produced (mL) | SEM (mL) |
| --- | --- | --- |
| no sugar | 10.0 | 0.3 |
| glucose | 27.0 | 0.6 |
| sucrose | 46.0 | 0.6 |
| starch | 52.0 | 0.7 |","Expected graph: categorical point-with-whisker or bar-with-whisker graph; x-axis treatment category in table order; y-axis CO2 produced (mL). Required criteria: REPRESENTATION_TYPE, CATEGORY_IDENTITY, Y_UNIT, Y_SCALE, PLOT_VALUES, UNCERTAINTY_MARKS.",AP Biology|data analysis|experimental design|graph construction,yeast respiration|categorical comparison|SEM error bars,"[{""Mean CO2 produced (mL)"": 10.0, ""SEM (mL)"": 0.3, ""Treatment"": ""no sugar""}, {""Mean CO2 produced (mL)"": 27.0, ""SEM (mL)"": 0.6, ""Treatment"": ""glucose""}, {""Mean CO2 produced (mL)"": 46.0, ""SEM (mL)"": 0.6, ""Treatment"": ""sucrose""}, {""Mean CO2 produced (mL)"": 52.0, ""SEM (mL)"": 0.7, ""Treatment"": ""starch""}]","{""accepted_variants"": [""points with whiskers"", ""bars with whiskers""], ""representation"": ""categorical point-with-whisker or bar-with-whisker graph"", ""required_uncertainty"": ""symmetric plus/minus one SEM bars"", ""x_axis"": ""treatment category in table order"", ""y_axis"": ""CO2 produced (mL)""}","[{""criterion_id"": ""REPRESENTATION_TYPE"", ""met_rule"": ""Uses accepted categorical graph representation.""}, {""criterion_id"": ""CATEGORY_IDENTITY"", ""met_rule"": ""All four treatments are identifiable in table order or clearly mapped.""}, {""criterion_id"": ""Y_UNIT"", ""met_rule"": ""Y-axis includes the required variable and unit.""}, {""criterion_id"": ""Y_SCALE"", ""met_rule"": ""Y-scale is interpretable and can represent all means and SEM bars.""}, {""criterion_id"": ""PLOT_VALUES"", ""met_rule"": ""All four means are plotted at recoverable positions.""}, {""criterion_id"": ""UNCERTAINTY_MARKS"", ""met_rule"": ""Each mean has centered symmetric plus/minus SEM bars.""}]","{""item_seed"": 1006, ""method"": ""seeded_replicate_v2"", ""model"": ""categorical_independent_conditions"", ""points"": [{""category"": ""no sugar"", ""displayed_mean"": 10.0, ""displayed_sem"": 0.3, ""raw_replicate_mean"": 10.06, ""raw_replicate_sem"": 0.181, ""replicates"": [10.5, 10.2, 10.3, 9.5, 9.8], ""true_model_value"": 10.0}, {""category"": ""glucose"", ""displayed_mean"": 27.0, ""displayed_sem"": 0.6, ""raw_replicate_mean"": 26.78, ""raw_replicate_sem"": 0.637, ""replicates"": [28.5, 27.7, 24.9, 26.9, 25.9], ""true_model_value"": 27.0}, {""category"": ""sucrose"", ""displayed_mean"": 46.0, ""displayed_sem"": 0.6, ""raw_replicate_mean"": 46.76, ""raw_replicate_sem"": 0.617, ""replicates"": [46.3, 46.8, 49.1, 45.6, 46.0], ""true_model_value"": 46.0}, {""category"": ""starch"", ""displayed_mean"": 52.0, ""displayed_sem"": 0.7, ""raw_replicate_mean"": 49.8, ""raw_replicate_sem"": 0.666, ""replicates"": [50.4, 50.9, 50.5, 50.0, 47.2], ""true_model_value"": 52.0}], ""replicate_n"": 5}",independently_authored_synthetic_research_seed_unverified,Research seed for hand-drawn graph capture and reviewer evaluation. Do not expose criterion definitions to the person drawing the graph.
HDG-2026-P2-CAT-008,v0.2-research-seed,frq,short,canonical_answer,categorical_comparison_supplied_uncertainty,,HDG-2026-P2-CAT-008__response-01.jpg,"Researchers measured chloroplast settling for four treatment groups. Use the data table to construct a graph that compares the group means. Include a categorical x-axis with the treatments in table order, a y-axis labeled with units, plotted means, and symmetric error bars showing plus or minus one SEM.

Write the item ID HDG-2026-P2-CAT-008 at the top of your page.

| Treatment | Mean green layer thickness (mm) | SEM (mm) |
| --- | --- | --- |
| control | 16.0 | 0.3 |
| low salt | 44.0 | 1.3 |
| medium salt | 10.0 | 0.3 |
| high salt | 29.0 | 0.9 |","Expected graph: categorical point-with-whisker or bar-with-whisker graph; x-axis treatment category in table order; y-axis green layer thickness (mm). Required criteria: REPRESENTATION_TYPE, CATEGORY_IDENTITY, Y_UNIT, Y_SCALE, PLOT_VALUES, UNCERTAINTY_MARKS.",AP Biology|data analysis|experimental design|graph construction,chloroplast settling|categorical comparison|SEM error bars,"[{""Mean green layer thickness (mm)"": 16.0, ""SEM (mm)"": 0.3, ""Treatment"": ""control""}, {""Mean green layer thickness (mm)"": 44.0, ""SEM (mm)"": 1.3, ""Treatment"": ""low salt""}, {""Mean green layer thickness (mm)"": 10.0, ""SEM (mm)"": 0.3, ""Treatment"": ""medium salt""}, {""Mean green layer thickness (mm)"": 29.0, ""SEM (mm)"": 0.9, ""Treatment"": ""high salt""}]","{""accepted_variants"": [""points with whiskers"", ""bars with whiskers""], ""representation"": ""categorical point-with-whisker or bar-with-whisker graph"", ""required_uncertainty"": ""symmetric plus/minus one SEM bars"", ""x_axis"": ""treatment category in table order"", ""y_axis"": ""green layer thickness (mm)""}","[{""criterion_id"": ""REPRESENTATION_TYPE"", ""met_rule"": ""Uses accepted categorical graph representation.""}, {""criterion_id"": ""CATEGORY_IDENTITY"", ""met_rule"": ""All four treatments are identifiable in table order or clearly mapped.""}, {""criterion_id"": ""Y_UNIT"", ""met_rule"": ""Y-axis includes the required variable and unit.""}, {""criterion_id"": ""Y_SCALE"", ""met_rule"": ""Y-scale is interpretable and can represent all means and SEM bars.""}, {""criterion_id"": ""PLOT_VALUES"", ""met_rule"": ""All four means are plotted at recoverable positions.""}, {""criterion_id"": ""UNCERTAINTY_MARKS"", ""met_rule"": ""Each mean has centered symmetric plus/minus SEM bars.""}]","{""item_seed"": 1007, ""method"": ""seeded_replicate_v2"", ""model"": ""categorical_independent_conditions"", ""points"": [{""category"": ""control"", ""displayed_mean"": 16.0, ""displayed_sem"": 0.3, ""raw_replicate_mean"": 15.94, ""raw_replicate_sem"": 0.16, ""replicates"": [16.5, 15.7, 15.7, 16.1, 15.7], ""true_model_value"": 16.0}, {""category"": ""low salt"", ""displayed_mean"": 44.0, ""displayed_sem"": 1.3, ""raw_replicate_mean"": 44.54, ""raw_replicate_sem"": 1.314, ""replicates"": [41.3, 48.8, 44.9, 45.4, 42.3], ""true_model_value"": 44.0}, {""category"": ""medium salt"", ""displayed_mean"": 10.0, ""displayed_sem"": 0.3, ""raw_replicate_mean"": 10.04, ""raw_replicate_sem"": 0.293, ""replicates"": [11.0, 10.0, 9.2, 9.8, 10.2], ""true_model_value"": 10.0}, {""category"": ""high salt"", ""displayed_mean"": 29.0, ""displayed_sem"": 0.9, ""raw_replicate_mean"": 29.62, ""raw_replicate_sem"": 0.874, ""replicates"": [27.0, 31.6, 28.7, 31.5, 29.3], ""true_model_value"": 29.0}], ""replicate_n"": 5}",independently_authored_synthetic_research_seed_unverified,Research seed for hand-drawn graph capture and reviewer evaluation. Do not expose criterion definitions to the person drawing the graph.
HDG-2026-P2-CAT-009,v0.2-research-seed,frq,short,canonical_answer,categorical_comparison_supplied_uncertainty,,HDG-2026-P2-CAT-009__response-01.jpg,"Researchers measured callus growth for four treatment groups. Use the data table to construct a graph that compares the group means. Include a categorical x-axis with the treatments in table order, a y-axis labeled with units, plotted means, and symmetric error bars showing plus or minus one SEM.

Write the item ID HDG-2026-P2-CAT-009 at the top of your page.

| Treatment | Mean mass gain (mg) | SEM (mg) |
| --- | --- | --- |
| no auxin | 53.0 | 1.0 |
| low auxin | 40.0 | 0.3 |
| medium auxin | 69.0 | 2.4 |
| high auxin | 63.0 | 1.9 |","Expected graph: categorical point-with-whisker or bar-with-whisker graph; x-axis treatment category in table order; y-axis mass gain (mg). Required criteria: REPRESENTATION_TYPE, CATEGORY_IDENTITY, Y_UNIT, Y_SCALE, PLOT_VALUES, UNCERTAINTY_MARKS.",AP Biology|data analysis|experimental design|graph construction,callus growth|categorical comparison|SEM error bars,"[{""Mean mass gain (mg)"": 53.0, ""SEM (mg)"": 1.0, ""Treatment"": ""no auxin""}, {""Mean mass gain (mg)"": 40.0, ""SEM (mg)"": 0.3, ""Treatment"": ""low auxin""}, {""Mean mass gain (mg)"": 69.0, ""SEM (mg)"": 2.4, ""Treatment"": ""medium auxin""}, {""Mean mass gain (mg)"": 63.0, ""SEM (mg)"": 1.9, ""Treatment"": ""high auxin""}]","{""accepted_variants"": [""points with whiskers"", ""bars with whiskers""], ""representation"": ""categorical point-with-whisker or bar-with-whisker graph"", ""required_uncertainty"": ""symmetric plus/minus one SEM bars"", ""x_axis"": ""treatment category in table order"", ""y_axis"": ""mass gain (mg)""}","[{""criterion_id"": ""REPRESENTATION_TYPE"", ""met_rule"": ""Uses accepted categorical graph representation.""}, {""criterion_id"": ""CATEGORY_IDENTITY"", ""met_rule"": ""All four treatments are identifiable in table order or clearly mapped.""}, {""criterion_id"": ""Y_UNIT"", ""met_rule"": ""Y-axis includes the required variable and unit.""}, {""criterion_id"": ""Y_SCALE"", ""met_rule"": ""Y-scale is interpretable and can represent all means and SEM bars.""}, {""criterion_id"": ""PLOT_VALUES"", ""met_rule"": ""All four means are plotted at recoverable positions.""}, {""criterion_id"": ""UNCERTAINTY_MARKS"", ""met_rule"": ""Each mean has centered symmetric plus/minus SEM bars.""}]","{""item_seed"": 1008, ""method"": ""seeded_replicate_v2"", ""model"": ""categorical_independent_conditions"", ""points"": [{""category"": ""no auxin"", ""displayed_mean"": 53.0, ""displayed_sem"": 1.0, ""raw_replicate_mean"": 52.34, ""raw_replicate_sem"": 1.017, ""replicates"": [49.0, 51.9, 53.8, 55.0, 52.0], ""true_model_value"": 53.0}, {""category"": ""low auxin"", ""displayed_mean"": 40.0, ""displayed_sem"": 0.3, ""raw_replicate_mean"": 40.8, ""raw_replicate_sem"": 0.31, ""replicates"": [41.7, 41.3, 40.7, 40.2, 40.1], ""true_model_value"": 40.0}, {""category"": ""medium auxin"", ""displayed_mean"": 69.0, ""displayed_sem"": 2.4, ""raw_replicate_mean"": 70.3, ""raw_replicate_sem"": 2.373, ""replicates"": [77.2, 67.4, 66.4, 74.8, 65.7], ""true_model_value"": 69.0}, {""category"": ""high auxin"", ""displayed_mean"": 63.0, ""displayed_sem"": 1.9, ""raw_replicate_mean"": 65.22, ""raw_replicate_sem"": 1.933, ""replicates"": [67.8, 60.2, 70.8, 65.5, 61.8], ""true_model_value"": 63.0}], ""replicate_n"": 5}",independently_authored_synthetic_research_seed_unverified,Research seed for hand-drawn graph capture and reviewer evaluation. Do not expose criterion definitions to the person drawing the graph.
HDG-2026-P2-CAT-010,v0.2-research-seed,frq,short,canonical_answer,categorical_comparison_supplied_uncertainty,,HDG-2026-P2-CAT-010__response-01.jpg,"Researchers measured water loss for four treatment groups. Use the data table to construct a graph that compares the group means. Include a categorical x-axis with the treatments in table order, a y-axis labeled with units, plotted means, and symmetric error bars showing plus or minus one SEM.

Write the item ID HDG-2026-P2-CAT-010 at the top of your page.

| Treatment | Mean mass lost in 30 min (mg) | SEM (mg) |
| --- | --- | --- |
| still air | 88.0 | 2.2 |
| fan low | 65.0 | 2.2 |
| fan medium | 58.0 | 1.3 |
| fan high | 54.0 | 1.6 |","Expected graph: categorical point-with-whisker or bar-with-whisker graph; x-axis treatment category in table order; y-axis mass lost in 30 min (mg). Required criteria: REPRESENTATION_TYPE, CATEGORY_IDENTITY, Y_UNIT, Y_SCALE, PLOT_VALUES, UNCERTAINTY_MARKS.",AP Biology|data analysis|experimental design|graph construction,water loss|categorical comparison|SEM error bars,"[{""Mean mass lost in 30 min (mg)"": 88.0, ""SEM (mg)"": 2.2, ""Treatment"": ""still air""}, {""Mean mass lost in 30 min (mg)"": 65.0, ""SEM (mg)"": 2.2, ""Treatment"": ""fan low""}, {""Mean mass lost in 30 min (mg)"": 58.0, ""SEM (mg)"": 1.3, ""Treatment"": ""fan medium""}, {""Mean mass lost in 30 min (mg)"": 54.0, ""SEM (mg)"": 1.6, ""Treatment"": ""fan high""}]","{""accepted_variants"": [""points with whiskers"", ""bars with whiskers""], ""representation"": ""categorical point-with-whisker or bar-with-whisker graph"", ""required_uncertainty"": ""symmetric plus/minus one SEM bars"", ""x_axis"": ""treatment category in table order"", ""y_axis"": ""mass lost in 30 min (mg)""}","[{""criterion_id"": ""REPRESENTATION_TYPE"", ""met_rule"": ""Uses accepted categorical graph representation.""}, {""criterion_id"": ""CATEGORY_IDENTITY"", ""met_rule"": ""All four treatments are identifiable in table order or clearly mapped.""}, {""criterion_id"": ""Y_UNIT"", ""met_rule"": ""Y-axis includes the required variable and unit.""}, {""criterion_id"": ""Y_SCALE"", ""met_rule"": ""Y-scale is interpretable and can represent all means and SEM bars.""}, {""criterion_id"": ""PLOT_VALUES"", ""met_rule"": ""All four means are plotted at recoverable positions.""}, {""criterion_id"": ""UNCERTAINTY_MARKS"", ""met_rule"": ""Each mean has centered symmetric plus/minus SEM bars.""}]","{""item_seed"": 1009, ""method"": ""seeded_replicate_v2"", ""model"": ""categorical_independent_conditions"", ""points"": [{""category"": ""still air"", ""displayed_mean"": 88.0, ""displayed_sem"": 2.2, ""raw_replicate_mean"": 90.02, ""raw_replicate_sem"": 2.213, ""replicates"": [85.3, 90.4, 87.3, 88.9, 98.2], ""true_model_value"": 88.0}, {""category"": ""fan low"", ""displayed_mean"": 65.0, ""displayed_sem"": 2.2, ""raw_replicate_mean"": 64.92, ""raw_replicate_sem"": 2.183, ""replicates"": [65.1, 62.1, 60.9, 73.2, 63.3], ""true_model_value"": 65.0}, {""category"": ""fan medium"", ""displayed_mean"": 58.0, ""displayed_sem"": 1.3, ""raw_replicate_mean"": 57.4, ""raw_replicate_sem"": 1.251, ""replicates"": [52.6, 58.5, 58.2, 59.9, 57.8], ""true_model_value"": 58.0}, {""category"": ""fan high"", ""displayed_mean"": 54.0, ""displayed_sem"": 1.6, ""raw_replicate_mean"": 53.28, ""raw_replicate_sem"": 1.559, ""replicates"": [50.0, 53.7, 51.2, 52.5, 59.0], ""true_model_value"": 54.0}], ""replicate_n"": 5}",independently_authored_synthetic_research_seed_unverified,Research seed for hand-drawn graph capture and reviewer evaluation. Do not expose criterion definitions to the person drawing the graph.
HDG-2026-P2-CAT-011,v0.2-research-seed,frq,short,canonical_answer,categorical_comparison_supplied_uncertainty,,HDG-2026-P2-CAT-011__response-01.jpg,"Researchers measured chlorophyll absorbance for four treatment groups. Use the data table to construct a graph that compares the group means. Include a categorical x-axis with the treatments in table order, a y-axis labeled with units, plotted means, and symmetric error bars showing plus or minus one SEM.

Write the item ID HDG-2026-P2-CAT-011 at the top of your page.

| Treatment | Mean absorbance at 540 nm (a.u.) | SEM (a.u.) |
| --- | --- | --- |
| low blue | 23.0 | 0.6 |
| moderate blue | 57.0 | 1.1 |
| high blue | 19.0 | 0.7 |
| mixed light | 43.0 | 0.3 |","Expected graph: categorical point-with-whisker or bar-with-whisker graph; x-axis treatment category in table order; y-axis absorbance at 540 nm (a.u.). Required criteria: REPRESENTATION_TYPE, CATEGORY_IDENTITY, Y_UNIT, Y_SCALE, PLOT_VALUES, UNCERTAINTY_MARKS.",AP Biology|data analysis|experimental design|graph construction,chlorophyll absorbance|categorical comparison|SEM error bars,"[{""Mean absorbance at 540 nm (a.u.)"": 23.0, ""SEM (a.u.)"": 0.6, ""Treatment"": ""low blue""}, {""Mean absorbance at 540 nm (a.u.)"": 57.0, ""SEM (a.u.)"": 1.1, ""Treatment"": ""moderate blue""}, {""Mean absorbance at 540 nm (a.u.)"": 19.0, ""SEM (a.u.)"": 0.7, ""Treatment"": ""high blue""}, {""Mean absorbance at 540 nm (a.u.)"": 43.0, ""SEM (a.u.)"": 0.3, ""Treatment"": ""mixed light""}]","{""accepted_variants"": [""points with whiskers"", ""bars with whiskers""], ""representation"": ""categorical point-with-whisker or bar-with-whisker graph"", ""required_uncertainty"": ""symmetric plus/minus one SEM bars"", ""x_axis"": ""treatment category in table order"", ""y_axis"": ""absorbance at 540 nm (a.u.)""}","[{""criterion_id"": ""REPRESENTATION_TYPE"", ""met_rule"": ""Uses accepted categorical graph representation.""}, {""criterion_id"": ""CATEGORY_IDENTITY"", ""met_rule"": ""All four treatments are identifiable in table order or clearly mapped.""}, {""criterion_id"": ""Y_UNIT"", ""met_rule"": ""Y-axis includes the required variable and unit.""}, {""criterion_id"": ""Y_SCALE"", ""met_rule"": ""Y-scale is interpretable and can represent all means and SEM bars.""}, {""criterion_id"": ""PLOT_VALUES"", ""met_rule"": ""All four means are plotted at recoverable positions.""}, {""criterion_id"": ""UNCERTAINTY_MARKS"", ""met_rule"": ""Each mean has centered symmetric plus/minus SEM bars.""}]","{""item_seed"": 1010, ""method"": ""seeded_replicate_v2"", ""model"": ""categorical_independent_conditions"", ""points"": [{""category"": ""low blue"", ""displayed_mean"": 23.0, ""displayed_sem"": 0.6, ""raw_replicate_mean"": 23.4, ""raw_replicate_sem"": 0.583, ""replicates"": [24.0, 24.6, 21.4, 24.2, 22.8], ""true_model_value"": 23.0}, {""category"": ""moderate blue"", ""displayed_mean"": 57.0, ""displayed_sem"": 1.1, ""raw_replicate_mean"": 55.62, ""raw_replicate_sem"": 1.146, ""replicates"": [53.3, 54.1, 58.7, 53.9, 58.1], ""true_model_value"": 57.0}, {""category"": ""high blue"", ""displayed_mean"": 19.0, ""displayed_sem"": 0.7, ""raw_replicate_mean"": 18.64, ""raw_replicate_sem"": 0.697, ""replicates"": [17.3, 20.9, 18.6, 19.3, 17.1], ""true_model_value"": 19.0}, {""category"": ""mixed light"", ""displayed_mean"": 43.0, ""displayed_sem"": 0.3, ""raw_replicate_mean"": 41.7, ""raw_replicate_sem"": 0.202, ""replicates"": [41.8, 41.2, 41.3, 42.3, 41.9], ""true_model_value"": 43.0}], ""replicate_n"": 5}",independently_authored_synthetic_research_seed_unverified,Research seed for hand-drawn graph capture and reviewer evaluation. Do not expose criterion definitions to the person drawing the graph.
HDG-2026-P2-CAT-012,v0.2-research-seed,frq,short,canonical_answer,categorical_comparison_supplied_uncertainty,,HDG-2026-P2-CAT-012__response-01.jpg,"Researchers measured leaf pore density for four treatment groups. Use the data table to construct a graph that compares the group means. Include a categorical x-axis with the treatments in table order, a y-axis labeled with units, plotted means, and symmetric error bars showing plus or minus one SEM.

Write the item ID HDG-2026-P2-CAT-012 at the top of your page.

| Treatment | Mean stomatal density (stomata/mm^2) | SEM (stomata/mm^2) |
| --- | --- | --- |
| deep shade | 44.0 | 1.6 |
| partial shade | 59.0 | 1.2 |
| open sun | 51.0 | 1.2 |
| reflected sun | 74.0 | 1.7 |","Expected graph: categorical point-with-whisker or bar-with-whisker graph; x-axis treatment category in table order; y-axis stomatal density (stomata/mm^2). Required criteria: REPRESENTATION_TYPE, CATEGORY_IDENTITY, Y_UNIT, Y_SCALE, PLOT_VALUES, UNCERTAINTY_MARKS.",AP Biology|data analysis|experimental design|graph construction,leaf pore density|categorical comparison|SEM error bars,"[{""Mean stomatal density (stomata/mm^2)"": 44.0, ""SEM (stomata/mm^2)"": 1.6, ""Treatment"": ""deep shade""}, {""Mean stomatal density (stomata/mm^2)"": 59.0, ""SEM (stomata/mm^2)"": 1.2, ""Treatment"": ""partial shade""}, {""Mean stomatal density (stomata/mm^2)"": 51.0, ""SEM (stomata/mm^2)"": 1.2, ""Treatment"": ""open sun""}, {""Mean stomatal density (stomata/mm^2)"": 74.0, ""SEM (stomata/mm^2)"": 1.7, ""Treatment"": ""reflected sun""}]","{""accepted_variants"": [""points with whiskers"", ""bars with whiskers""], ""representation"": ""categorical point-with-whisker or bar-with-whisker graph"", ""required_uncertainty"": ""symmetric plus/minus one SEM bars"", ""x_axis"": ""treatment category in table order"", ""y_axis"": ""stomatal density (stomata/mm^2)""}","[{""criterion_id"": ""REPRESENTATION_TYPE"", ""met_rule"": ""Uses accepted categorical graph representation.""}, {""criterion_id"": ""CATEGORY_IDENTITY"", ""met_rule"": ""All four treatments are identifiable in table order or clearly mapped.""}, {""criterion_id"": ""Y_UNIT"", ""met_rule"": ""Y-axis includes the required variable and unit.""}, {""criterion_id"": ""Y_SCALE"", ""met_rule"": ""Y-scale is interpretable and can represent all means and SEM bars.""}, {""criterion_id"": ""PLOT_VALUES"", ""met_rule"": ""All four means are plotted at recoverable positions.""}, {""criterion_id"": ""UNCERTAINTY_MARKS"", ""met_rule"": ""Each mean has centered symmetric plus/minus SEM bars.""}]","{""item_seed"": 1011, ""method"": ""seeded_replicate_v2"", ""model"": ""categorical_independent_conditions"", ""points"": [{""category"": ""deep shade"", ""displayed_mean"": 44.0, ""displayed_sem"": 1.6, ""raw_replicate_mean"": 42.86, ""raw_replicate_sem"": 1.591, ""replicates"": [44.2, 47.6, 43.5, 38.2, 40.8], ""true_model_value"": 44.0}, {""category"": ""partial shade"", ""displayed_mean"": 59.0, ""displayed_sem"": 1.2, ""raw_replicate_mean"": 58.16, ""raw_replicate_sem"": 1.153, ""replicates"": [61.2, 55.8, 56.8, 56.3, 60.7], ""true_model_value"": 59.0}, {""category"": ""open sun"", ""displayed_mean"": 51.0, ""displayed_sem"": 1.2, ""raw_replicate_mean"": 53.32, ""raw_replicate_sem"": 1.185, ""replicates"": [54.2, 48.8, 54.4, 55.7, 53.5], ""true_model_value"": 51.0}, {""category"": ""reflected sun"", ""displayed_mean"": 74.0, ""displayed_sem"": 1.7, ""raw_replicate_mean"": 73.4, ""raw_replicate_sem"": 1.675, ""replicates"": [67.9, 74.1, 78.4, 72.9, 73.7], ""true_model_value"": 74.0}], ""replicate_n"": 5}",independently_authored_synthetic_research_seed_unverified,Research seed for hand-drawn graph capture and reviewer evaluation. Do not expose criterion definitions to the person drawing the graph.
HDG-2026-P2-CAT-013,v0.2-research-seed,frq,short,canonical_answer,categorical_comparison_supplied_uncertainty,,HDG-2026-P2-CAT-013__response-01.jpg,"Researchers measured membrane leakage for four treatment groups. Use the data table to construct a graph that compares the group means. Include a categorical x-axis with the treatments in table order, a y-axis labeled with units, plotted means, and symmetric error bars showing plus or minus one SEM.

Write the item ID HDG-2026-P2-CAT-013 at the top of your page.

| Treatment | Mean conductivity after 10 min (uS/cm) | SEM (uS/cm) |
| --- | --- | --- |
| isotonic | 20.0 | 0.4 |
| mild salt | 25.0 | 0.5 |
| moderate salt | 32.0 | 0.8 |
| high salt | 47.0 | 1.2 |","Expected graph: categorical point-with-whisker or bar-with-whisker graph; x-axis treatment category in table order; y-axis conductivity after 10 min (uS/cm). Required criteria: REPRESENTATION_TYPE, CATEGORY_IDENTITY, Y_UNIT, Y_SCALE, PLOT_VALUES, UNCERTAINTY_MARKS.",AP Biology|data analysis|experimental design|graph construction,membrane leakage|categorical comparison|SEM error bars,"[{""Mean conductivity after 10 min (uS/cm)"": 20.0, ""SEM (uS/cm)"": 0.4, ""Treatment"": ""isotonic""}, {""Mean conductivity after 10 min (uS/cm)"": 25.0, ""SEM (uS/cm)"": 0.5, ""Treatment"": ""mild salt""}, {""Mean conductivity after 10 min (uS/cm)"": 32.0, ""SEM (uS/cm)"": 0.8, ""Treatment"": ""moderate salt""}, {""Mean conductivity after 10 min (uS/cm)"": 47.0, ""SEM (uS/cm)"": 1.2, ""Treatment"": ""high salt""}]","{""accepted_variants"": [""points with whiskers"", ""bars with whiskers""], ""representation"": ""categorical point-with-whisker or bar-with-whisker graph"", ""required_uncertainty"": ""symmetric plus/minus one SEM bars"", ""x_axis"": ""treatment category in table order"", ""y_axis"": ""conductivity after 10 min (uS/cm)""}","[{""criterion_id"": ""REPRESENTATION_TYPE"", ""met_rule"": ""Uses accepted categorical graph representation.""}, {""criterion_id"": ""CATEGORY_IDENTITY"", ""met_rule"": ""All four treatments are identifiable in table order or clearly mapped.""}, {""criterion_id"": ""Y_UNIT"", ""met_rule"": ""Y-axis includes the required variable and unit.""}, {""criterion_id"": ""Y_SCALE"", ""met_rule"": ""Y-scale is interpretable and can represent all means and SEM bars.""}, {""criterion_id"": ""PLOT_VALUES"", ""met_rule"": ""All four means are plotted at recoverable positions.""}, {""criterion_id"": ""UNCERTAINTY_MARKS"", ""met_rule"": ""Each mean has centered symmetric plus/minus SEM bars.""}]","{""item_seed"": 1012, ""method"": ""seeded_replicate_v2"", ""model"": ""categorical_independent_conditions"", ""points"": [{""category"": ""isotonic"", ""displayed_mean"": 20.0, ""displayed_sem"": 0.4, ""raw_replicate_mean"": 19.78, ""raw_replicate_sem"": 0.397, ""replicates"": [19.5, 19.9, 21.2, 19.5, 18.8], ""true_model_value"": 20.0}, {""category"": ""mild salt"", ""displayed_mean"": 25.0, ""displayed_sem"": 0.5, ""raw_replicate_mean"": 24.82, ""raw_replicate_sem"": 0.544, ""replicates"": [22.9, 26.0, 24.6, 25.7, 24.9], ""true_model_value"": 25.0}, {""category"": ""moderate salt"", ""displayed_mean"": 32.0, ""displayed_sem"": 0.8, ""raw_replicate_mean"": 32.3, ""raw_replicate_sem"": 0.814, ""replicates"": [32.9, 33.0, 29.7, 34.5, 31.4], ""true_model_value"": 32.0}, {""category"": ""high salt"", ""displayed_mean"": 47.0, ""displayed_sem"": 1.2, ""raw_replicate_mean"": 45.54, ""raw_replicate_sem"": 1.199, ""replicates"": [50.2, 43.5, 44.7, 44.1, 45.2], ""true_model_value"": 47.0}], ""replicate_n"": 5}",independently_authored_synthetic_research_seed_unverified,Research seed for hand-drawn graph capture and reviewer evaluation. Do not expose criterion definitions to the person drawing the graph.
HDG-2026-P2-CAT-014,v0.2-research-seed,frq,short,canonical_answer,categorical_comparison_supplied_uncertainty,,HDG-2026-P2-CAT-014__response-01.jpg,"Researchers measured root tip mitosis for four treatment groups. Use the data table to construct a graph that compares the group means. Include a categorical x-axis with the treatments in table order, a y-axis labeled with units, plotted means, and symmetric error bars showing plus or minus one SEM.

Write the item ID HDG-2026-P2-CAT-014 at the top of your page.

| Treatment | Mean mitotic cells (%) | SEM (%) |
| --- | --- | --- |
| cool | 32.0 | 0.6 |
| room temp | 9.0 | 0.3 |
| warm | 36.0 | 0.7 |
| heat stress | 27.0 | 0.4 |","Expected graph: categorical point-with-whisker or bar-with-whisker graph; x-axis treatment category in table order; y-axis mitotic cells (%). Required criteria: REPRESENTATION_TYPE, CATEGORY_IDENTITY, Y_UNIT, Y_SCALE, PLOT_VALUES, UNCERTAINTY_MARKS.",AP Biology|data analysis|experimental design|graph construction,root tip mitosis|categorical comparison|SEM error bars,"[{""Mean mitotic cells (%)"": 32.0, ""SEM (%)"": 0.6, ""Treatment"": ""cool""}, {""Mean mitotic cells (%)"": 9.0, ""SEM (%)"": 0.3, ""Treatment"": ""room temp""}, {""Mean mitotic cells (%)"": 36.0, ""SEM (%)"": 0.7, ""Treatment"": ""warm""}, {""Mean mitotic cells (%)"": 27.0, ""SEM (%)"": 0.4, ""Treatment"": ""heat stress""}]","{""accepted_variants"": [""points with whiskers"", ""bars with whiskers""], ""representation"": ""categorical point-with-whisker or bar-with-whisker graph"", ""required_uncertainty"": ""symmetric plus/minus one SEM bars"", ""x_axis"": ""treatment category in table order"", ""y_axis"": ""mitotic cells (%)""}","[{""criterion_id"": ""REPRESENTATION_TYPE"", ""met_rule"": ""Uses accepted categorical graph representation.""}, {""criterion_id"": ""CATEGORY_IDENTITY"", ""met_rule"": ""All four treatments are identifiable in table order or clearly mapped.""}, {""criterion_id"": ""Y_UNIT"", ""met_rule"": ""Y-axis includes the required variable and unit.""}, {""criterion_id"": ""Y_SCALE"", ""met_rule"": ""Y-scale is interpretable and can represent all means and SEM bars.""}, {""criterion_id"": ""PLOT_VALUES"", ""met_rule"": ""All four means are plotted at recoverable positions.""}, {""criterion_id"": ""UNCERTAINTY_MARKS"", ""met_rule"": ""Each mean has centered symmetric plus/minus SEM bars.""}]","{""item_seed"": 1013, ""method"": ""seeded_replicate_v2"", ""model"": ""categorical_independent_conditions"", ""points"": [{""category"": ""cool"", ""displayed_mean"": 32.0, ""displayed_sem"": 0.6, ""raw_replicate_mean"": 32.1, ""raw_replicate_sem"": 0.597, ""replicates"": [31.5, 32.5, 30.7, 34.2, 31.6], ""true_model_value"": 32.0}, {""category"": ""room temp"", ""displayed_mean"": 9.0, ""displayed_sem"": 0.3, ""raw_replicate_mean"": 8.92, ""raw_replicate_sem"": 0.301, ""replicates"": [8.2, 8.8, 9.0, 8.6, 10.0], ""true_model_value"": 9.0}, {""category"": ""warm"", ""displayed_mean"": 36.0, ""displayed_sem"": 0.7, ""raw_replicate_mean"": 36.1, ""raw_replicate_sem"": 0.676, ""replicates"": [35.5, 36.3, 35.8, 34.4, 38.5], ""true_model_value"": 36.0}, {""category"": ""heat stress"", ""displayed_mean"": 27.0, ""displayed_sem"": 0.4, ""raw_replicate_mean"": 25.64, ""raw_replicate_sem"": 0.406, ""replicates"": [24.7, 27.1, 25.8, 25.4, 25.2], ""true_model_value"": 27.0}], ""replicate_n"": 5}",independently_authored_synthetic_research_seed_unverified,Research seed for hand-drawn graph capture and reviewer evaluation. Do not expose criterion definitions to the person drawing the graph.
HDG-2026-P2-CAT-015,v0.2-research-seed,frq,short,canonical_answer,categorical_comparison_supplied_uncertainty,,HDG-2026-P2-CAT-015__response-01.jpg,"Researchers measured enzyme product for four treatment groups. Use the data table to construct a graph that compares the group means. Include a categorical x-axis with the treatments in table order, a y-axis labeled with units, plotted means, and symmetric error bars showing plus or minus one SEM.

Write the item ID HDG-2026-P2-CAT-015 at the top of your page.

| Treatment | Mean product formed in 5 min (umol) | SEM (umol) |
| --- | --- | --- |
| pH 5 | 17.0 | 0.3 |
| pH 6 | 50.0 | 1.0 |
| pH 7 | 26.0 | 0.5 |
| pH 8 | 59.0 | 1.0 |","Expected graph: categorical point-with-whisker or bar-with-whisker graph; x-axis treatment category in table order; y-axis product formed in 5 min (umol). Required criteria: REPRESENTATION_TYPE, CATEGORY_IDENTITY, Y_UNIT, Y_SCALE, PLOT_VALUES, UNCERTAINTY_MARKS.",AP Biology|data analysis|experimental design|graph construction,enzyme product|categorical comparison|SEM error bars,"[{""Mean product formed in 5 min (umol)"": 17.0, ""SEM (umol)"": 0.3, ""Treatment"": ""pH 5""}, {""Mean product formed in 5 min (umol)"": 50.0, ""SEM (umol)"": 1.0, ""Treatment"": ""pH 6""}, {""Mean product formed in 5 min (umol)"": 26.0, ""SEM (umol)"": 0.5, ""Treatment"": ""pH 7""}, {""Mean product formed in 5 min (umol)"": 59.0, ""SEM (umol)"": 1.0, ""Treatment"": ""pH 8""}]","{""accepted_variants"": [""points with whiskers"", ""bars with whiskers""], ""representation"": ""categorical point-with-whisker or bar-with-whisker graph"", ""required_uncertainty"": ""symmetric plus/minus one SEM bars"", ""x_axis"": ""treatment category in table order"", ""y_axis"": ""product formed in 5 min (umol)""}","[{""criterion_id"": ""REPRESENTATION_TYPE"", ""met_rule"": ""Uses accepted categorical graph representation.""}, {""criterion_id"": ""CATEGORY_IDENTITY"", ""met_rule"": ""All four treatments are identifiable in table order or clearly mapped.""}, {""criterion_id"": ""Y_UNIT"", ""met_rule"": ""Y-axis includes the required variable and unit.""}, {""criterion_id"": ""Y_SCALE"", ""met_rule"": ""Y-scale is interpretable and can represent all means and SEM bars.""}, {""criterion_id"": ""PLOT_VALUES"", ""met_rule"": ""All four means are plotted at recoverable positions.""}, {""criterion_id"": ""UNCERTAINTY_MARKS"", ""met_rule"": ""Each mean has centered symmetric plus/minus SEM bars.""}]","{""item_seed"": 1014, ""method"": ""seeded_replicate_v2"", ""model"": ""categorical_independent_conditions"", ""points"": [{""category"": ""pH 5"", ""displayed_mean"": 17.0, ""displayed_sem"": 0.3, ""raw_replicate_mean"": 16.76, ""raw_replicate_sem"": 0.103, ""replicates"": [16.8, 16.4, 16.9, 17.0, 16.7], ""true_model_value"": 17.0}, {""category"": ""pH 6"", ""displayed_mean"": 50.0, ""displayed_sem"": 1.0, ""raw_replicate_mean"": 51.62, ""raw_replicate_sem"": 1.009, ""replicates"": [52.6, 53.7, 51.7, 47.8, 52.3], ""true_model_value"": 50.0}, {""category"": ""pH 7"", ""displayed_mean"": 26.0, ""displayed_sem"": 0.5, ""raw_replicate_mean"": 25.56, ""raw_replicate_sem"": 0.455, ""replicates"": [25.0, 26.4, 26.9, 24.7, 24.8], ""true_model_value"": 26.0}, {""category"": ""pH 8"", ""displayed_mean"": 59.0, ""displayed_sem"": 1.0, ""raw_replicate_mean"": 58.36, ""raw_replicate_sem"": 1.044, ""replicates"": [61.3, 56.7, 56.1, 60.4, 57.3], ""true_model_value"": 59.0}], ""replicate_n"": 5}",independently_authored_synthetic_research_seed_unverified,Research seed for hand-drawn graph capture and reviewer evaluation. Do not expose criterion definitions to the person drawing the graph.
HDG-2026-P2-CAT-016,v0.2-research-seed,frq,short,canonical_answer,categorical_comparison_supplied_uncertainty,,HDG-2026-P2-CAT-016__response-01.jpg,"Researchers measured seed germination for four treatment groups. Use the data table to construct a graph that compares the group means. Include a categorical x-axis with the treatments in table order, a y-axis labeled with units, plotted means, and symmetric error bars showing plus or minus one SEM.

Write the item ID HDG-2026-P2-CAT-016 at the top of your page.

| Treatment | Mean germination (%) | SEM (%) |
| --- | --- | --- |
| dark | 55.0 | 1.4 |
| red light | 40.0 | 0.9 |
| blue light | 29.0 | 0.5 |
| white light | 12.0 | 0.5 |","Expected graph: categorical point-with-whisker or bar-with-whisker graph; x-axis treatment category in table order; y-axis germination (%). Required criteria: REPRESENTATION_TYPE, CATEGORY_IDENTITY, Y_UNIT, Y_SCALE, PLOT_VALUES, UNCERTAINTY_MARKS.",AP Biology|data analysis|experimental design|graph construction,seed germination|categorical comparison|SEM error bars,"[{""Mean germination (%)"": 55.0, ""SEM (%)"": 1.4, ""Treatment"": ""dark""}, {""Mean germination (%)"": 40.0, ""SEM (%)"": 0.9, ""Treatment"": ""red light""}, {""Mean germination (%)"": 29.0, ""SEM (%)"": 0.5, ""Treatment"": ""blue light""}, {""Mean germination (%)"": 12.0, ""SEM (%)"": 0.5, ""Treatment"": ""white light""}]","{""accepted_variants"": [""points with whiskers"", ""bars with whiskers""], ""representation"": ""categorical point-with-whisker or bar-with-whisker graph"", ""required_uncertainty"": ""symmetric plus/minus one SEM bars"", ""x_axis"": ""treatment category in table order"", ""y_axis"": ""germination (%)""}","[{""criterion_id"": ""REPRESENTATION_TYPE"", ""met_rule"": ""Uses accepted categorical graph representation.""}, {""criterion_id"": ""CATEGORY_IDENTITY"", ""met_rule"": ""All four treatments are identifiable in table order or clearly mapped.""}, {""criterion_id"": ""Y_UNIT"", ""met_rule"": ""Y-axis includes the required variable and unit.""}, {""criterion_id"": ""Y_SCALE"", ""met_rule"": ""Y-scale is interpretable and can represent all means and SEM bars.""}, {""criterion_id"": ""PLOT_VALUES"", ""met_rule"": ""All four means are plotted at recoverable positions.""}, {""criterion_id"": ""UNCERTAINTY_MARKS"", ""met_rule"": ""Each mean has centered symmetric plus/minus SEM bars.""}]","{""item_seed"": 1015, ""method"": ""seeded_replicate_v2"", ""model"": ""categorical_independent_conditions"", ""points"": [{""category"": ""dark"", ""displayed_mean"": 55.0, ""displayed_sem"": 1.4, ""raw_replicate_mean"": 54.94, ""raw_replicate_sem"": 1.371, ""replicates"": [57.1, 58.1, 52.6, 56.0, 50.9], ""true_model_value"": 55.0}, {""category"": ""red light"", ""displayed_mean"": 40.0, ""displayed_sem"": 0.9, ""raw_replicate_mean"": 40.16, ""raw_replicate_sem"": 0.903, ""replicates"": [37.7, 41.2, 42.8, 38.7, 40.4], ""true_model_value"": 40.0}, {""category"": ""blue light"", ""displayed_mean"": 29.0, ""displayed_sem"": 0.5, ""raw_replicate_mean"": 29.46, ""raw_replicate_sem"": 0.511, ""replicates"": [30.0, 31.2, 29.0, 28.4, 28.7], ""true_model_value"": 29.0}, {""category"": ""white light"", ""displayed_mean"": 12.0, ""displayed_sem"": 0.5, ""raw_replicate_mean"": 11.76, ""raw_replicate_sem"": 0.505, ""replicates"": [10.6, 12.3, 10.9, 13.4, 11.6], ""true_model_value"": 12.0}], ""replicate_n"": 5}",independently_authored_synthetic_research_seed_unverified,Research seed for hand-drawn graph capture and reviewer evaluation. Do not expose criterion definitions to the person drawing the graph.
HDG-2026-P2-CAT-017,v0.2-research-seed,frq,short,canonical_answer,categorical_comparison_supplied_uncertainty,,HDG-2026-P2-CAT-017__response-01.jpg,"Researchers measured yeast respiration for four treatment groups. Use the data table to construct a graph that compares the group means. Include a categorical x-axis with the treatments in table order, a y-axis labeled with units, plotted means, and symmetric error bars showing plus or minus one SEM.

Write the item ID HDG-2026-P2-CAT-017 at the top of your page.

| Treatment | Mean CO2 produced (mL) | SEM (mL) |
| --- | --- | --- |
| no sugar | 17.0 | 0.3 |
| glucose | 41.0 | 0.4 |
| sucrose | 6.0 | 0.3 |
| starch | 37.0 | 0.6 |","Expected graph: categorical point-with-whisker or bar-with-whisker graph; x-axis treatment category in table order; y-axis CO2 produced (mL). Required criteria: REPRESENTATION_TYPE, CATEGORY_IDENTITY, Y_UNIT, Y_SCALE, PLOT_VALUES, UNCERTAINTY_MARKS.",AP Biology|data analysis|experimental design|graph construction,yeast respiration|categorical comparison|SEM error bars,"[{""Mean CO2 produced (mL)"": 17.0, ""SEM (mL)"": 0.3, ""Treatment"": ""no sugar""}, {""Mean CO2 produced (mL)"": 41.0, ""SEM (mL)"": 0.4, ""Treatment"": ""glucose""}, {""Mean CO2 produced (mL)"": 6.0, ""SEM (mL)"": 0.3, ""Treatment"": ""sucrose""}, {""Mean CO2 produced (mL)"": 37.0, ""SEM (mL)"": 0.6, ""Treatment"": ""starch""}]","{""accepted_variants"": [""points with whiskers"", ""bars with whiskers""], ""representation"": ""categorical point-with-whisker or bar-with-whisker graph"", ""required_uncertainty"": ""symmetric plus/minus one SEM bars"", ""x_axis"": ""treatment category in table order"", ""y_axis"": ""CO2 produced (mL)""}","[{""criterion_id"": ""REPRESENTATION_TYPE"", ""met_rule"": ""Uses accepted categorical graph representation.""}, {""criterion_id"": ""CATEGORY_IDENTITY"", ""met_rule"": ""All four treatments are identifiable in table order or clearly mapped.""}, {""criterion_id"": ""Y_UNIT"", ""met_rule"": ""Y-axis includes the required variable and unit.""}, {""criterion_id"": ""Y_SCALE"", ""met_rule"": ""Y-scale is interpretable and can represent all means and SEM bars.""}, {""criterion_id"": ""PLOT_VALUES"", ""met_rule"": ""All four means are plotted at recoverable positions.""}, {""criterion_id"": ""UNCERTAINTY_MARKS"", ""met_rule"": ""Each mean has centered symmetric plus/minus SEM bars.""}]","{""item_seed"": 1016, ""method"": ""seeded_replicate_v2"", ""model"": ""categorical_independent_conditions"", ""points"": [{""category"": ""no sugar"", ""displayed_mean"": 17.0, ""displayed_sem"": 0.3, ""raw_replicate_mean"": 17.18, ""raw_replicate_sem"": 0.203, ""replicates"": [17.2, 17.3, 17.5, 16.4, 17.5], ""true_model_value"": 17.0}, {""category"": ""glucose"", ""displayed_mean"": 41.0, ""displayed_sem"": 0.4, ""raw_replicate_mean"": 41.52, ""raw_replicate_sem"": 0.444, ""replicates"": [39.9, 42.6, 41.6, 41.9, 41.6], ""true_model_value"": 41.0}, {""category"": ""sucrose"", ""displayed_mean"": 6.0, ""displayed_sem"": 0.3, ""raw_replicate_mean"": 5.96, ""raw_replicate_sem"": 0.242, ""replicates"": [6.8, 5.9, 5.3, 5.8, 6.0], ""true_model_value"": 6.0}, {""category"": ""starch"", ""displayed_mean"": 37.0, ""displayed_sem"": 0.6, ""raw_replicate_mean"": 36.46, ""raw_replicate_sem"": 0.587, ""replicates"": [36.6, 38.3, 37.0, 35.3, 35.1], ""true_model_value"": 37.0}], ""replicate_n"": 5}",independently_authored_synthetic_research_seed_unverified,Research seed for hand-drawn graph capture and reviewer evaluation. Do not expose criterion definitions to the person drawing the graph.
HDG-2026-P2-CAT-018,v0.2-research-seed,frq,short,canonical_answer,categorical_comparison_supplied_uncertainty,,HDG-2026-P2-CAT-018__response-01.jpg,"Researchers measured chloroplast settling for four treatment groups. Use the data table to construct a graph that compares the group means. Include a categorical x-axis with the treatments in table order, a y-axis labeled with units, plotted means, and symmetric error bars showing plus or minus one SEM.

Write the item ID HDG-2026-P2-CAT-018 at the top of your page.

| Treatment | Mean green layer thickness (mm) | SEM (mm) |
| --- | --- | --- |
| control | 19.0 | 0.3 |
| low salt | 28.0 | 0.9 |
| medium salt | 36.0 | 0.8 |
| high salt | 43.0 | 0.6 |","Expected graph: categorical point-with-whisker or bar-with-whisker graph; x-axis treatment category in table order; y-axis green layer thickness (mm). Required criteria: REPRESENTATION_TYPE, CATEGORY_IDENTITY, Y_UNIT, Y_SCALE, PLOT_VALUES, UNCERTAINTY_MARKS.",AP Biology|data analysis|experimental design|graph construction,chloroplast settling|categorical comparison|SEM error bars,"[{""Mean green layer thickness (mm)"": 19.0, ""SEM (mm)"": 0.3, ""Treatment"": ""control""}, {""Mean green layer thickness (mm)"": 28.0, ""SEM (mm)"": 0.9, ""Treatment"": ""low salt""}, {""Mean green layer thickness (mm)"": 36.0, ""SEM (mm)"": 0.8, ""Treatment"": ""medium salt""}, {""Mean green layer thickness (mm)"": 43.0, ""SEM (mm)"": 0.6, ""Treatment"": ""high salt""}]","{""accepted_variants"": [""points with whiskers"", ""bars with whiskers""], ""representation"": ""categorical point-with-whisker or bar-with-whisker graph"", ""required_uncertainty"": ""symmetric plus/minus one SEM bars"", ""x_axis"": ""treatment category in table order"", ""y_axis"": ""green layer thickness (mm)""}","[{""criterion_id"": ""REPRESENTATION_TYPE"", ""met_rule"": ""Uses accepted categorical graph representation.""}, {""criterion_id"": ""CATEGORY_IDENTITY"", ""met_rule"": ""All four treatments are identifiable in table order or clearly mapped.""}, {""criterion_id"": ""Y_UNIT"", ""met_rule"": ""Y-axis includes the required variable and unit.""}, {""criterion_id"": ""Y_SCALE"", ""met_rule"": ""Y-scale is interpretable and can represent all means and SEM bars.""}, {""criterion_id"": ""PLOT_VALUES"", ""met_rule"": ""All four means are plotted at recoverable positions.""}, {""criterion_id"": ""UNCERTAINTY_MARKS"", ""met_rule"": ""Each mean has centered symmetric plus/minus SEM bars.""}]","{""item_seed"": 1017, ""method"": ""seeded_replicate_v2"", ""model"": ""categorical_independent_conditions"", ""points"": [{""category"": ""control"", ""displayed_mean"": 19.0, ""displayed_sem"": 0.3, ""raw_replicate_mean"": 19.38, ""raw_replicate_sem"": 0.34, ""replicates"": [18.8, 19.8, 20.5, 19.1, 18.7], ""true_model_value"": 19.0}, {""category"": ""low salt"", ""displayed_mean"": 28.0, ""displayed_sem"": 0.9, ""raw_replicate_mean"": 27.42, ""raw_replicate_sem"": 0.864, ""replicates"": [24.3, 29.1, 28.7, 28.1, 26.9], ""true_model_value"": 28.0}, {""category"": ""medium salt"", ""displayed_mean"": 36.0, ""displayed_sem"": 0.8, ""raw_replicate_mean"": 34.5, ""raw_replicate_sem"": 0.797, ""replicates"": [35.2, 32.0, 34.3, 34.1, 36.9], ""true_model_value"": 36.0}, {""category"": ""high salt"", ""displayed_mean"": 43.0, ""displayed_sem"": 0.6, ""raw_replicate_mean"": 42.9, ""raw_replicate_sem"": 0.635, ""replicates"": [43.3, 44.3, 41.4, 41.4, 44.1], ""true_model_value"": 43.0}], ""replicate_n"": 5}",independently_authored_synthetic_research_seed_unverified,Research seed for hand-drawn graph capture and reviewer evaluation. Do not expose criterion definitions to the person drawing the graph.
HDG-2026-P2-CAT-019,v0.2-research-seed,frq,short,canonical_answer,categorical_comparison_supplied_uncertainty,,HDG-2026-P2-CAT-019__response-01.jpg,"Researchers measured callus growth for four treatment groups. Use the data table to construct a graph that compares the group means. Include a categorical x-axis with the treatments in table order, a y-axis labeled with units, plotted means, and symmetric error bars showing plus or minus one SEM.

Write the item ID HDG-2026-P2-CAT-019 at the top of your page.

| Treatment | Mean mass gain (mg) | SEM (mg) |
| --- | --- | --- |
| no auxin | 27.0 | 0.3 |
| low auxin | 81.0 | 1.5 |
| medium auxin | 17.0 | 0.3 |
| high auxin | 76.0 | 1.4 |","Expected graph: categorical point-with-whisker or bar-with-whisker graph; x-axis treatment category in table order; y-axis mass gain (mg). Required criteria: REPRESENTATION_TYPE, CATEGORY_IDENTITY, Y_UNIT, Y_SCALE, PLOT_VALUES, UNCERTAINTY_MARKS.",AP Biology|data analysis|experimental design|graph construction,callus growth|categorical comparison|SEM error bars,"[{""Mean mass gain (mg)"": 27.0, ""SEM (mg)"": 0.3, ""Treatment"": ""no auxin""}, {""Mean mass gain (mg)"": 81.0, ""SEM (mg)"": 1.5, ""Treatment"": ""low auxin""}, {""Mean mass gain (mg)"": 17.0, ""SEM (mg)"": 0.3, ""Treatment"": ""medium auxin""}, {""Mean mass gain (mg)"": 76.0, ""SEM (mg)"": 1.4, ""Treatment"": ""high auxin""}]","{""accepted_variants"": [""points with whiskers"", ""bars with whiskers""], ""representation"": ""categorical point-with-whisker or bar-with-whisker graph"", ""required_uncertainty"": ""symmetric plus/minus one SEM bars"", ""x_axis"": ""treatment category in table order"", ""y_axis"": ""mass gain (mg)""}","[{""criterion_id"": ""REPRESENTATION_TYPE"", ""met_rule"": ""Uses accepted categorical graph representation.""}, {""criterion_id"": ""CATEGORY_IDENTITY"", ""met_rule"": ""All four treatments are identifiable in table order or clearly mapped.""}, {""criterion_id"": ""Y_UNIT"", ""met_rule"": ""Y-axis includes the required variable and unit.""}, {""criterion_id"": ""Y_SCALE"", ""met_rule"": ""Y-scale is interpretable and can represent all means and SEM bars.""}, {""criterion_id"": ""PLOT_VALUES"", ""met_rule"": ""All four means are plotted at recoverable positions.""}, {""criterion_id"": ""UNCERTAINTY_MARKS"", ""met_rule"": ""Each mean has centered symmetric plus/minus SEM bars.""}]","{""item_seed"": 1018, ""method"": ""seeded_replicate_v2"", ""model"": ""categorical_independent_conditions"", ""points"": [{""category"": ""no auxin"", ""displayed_mean"": 27.0, ""displayed_sem"": 0.3, ""raw_replicate_mean"": 27.34, ""raw_replicate_sem"": 0.262, ""replicates"": [26.7, 27.9, 28.0, 26.9, 27.2], ""true_model_value"": 27.0}, {""category"": ""low auxin"", ""displayed_mean"": 81.0, ""displayed_sem"": 1.5, ""raw_replicate_mean"": 80.12, ""raw_replicate_sem"": 1.5, ""replicates"": [83.6, 76.9, 83.3, 76.6, 80.2], ""true_model_value"": 81.0}, {""category"": ""medium auxin"", ""displayed_mean"": 17.0, ""displayed_sem"": 0.3, ""raw_replicate_mean"": 17.18, ""raw_replicate_sem"": 0.334, ""replicates"": [17.7, 16.6, 18.1, 17.2, 16.3], ""true_model_value"": 17.0}, {""category"": ""high auxin"", ""displayed_mean"": 76.0, ""displayed_sem"": 1.4, ""raw_replicate_mean"": 77.18, ""raw_replicate_sem"": 1.422, ""replicates"": [77.9, 74.0, 82.3, 76.0, 75.7], ""true_model_value"": 76.0}], ""replicate_n"": 5}",independently_authored_synthetic_research_seed_unverified,Research seed for hand-drawn graph capture and reviewer evaluation. Do not expose criterion definitions to the person drawing the graph.
HDG-2026-P2-CAT-020,v0.2-research-seed,frq,short,canonical_answer,categorical_comparison_supplied_uncertainty,,HDG-2026-P2-CAT-020__response-01.jpg,"Researchers measured water loss for four treatment groups. Use the data table to construct a graph that compares the group means. Include a categorical x-axis with the treatments in table order, a y-axis labeled with units, plotted means, and symmetric error bars showing plus or minus one SEM.

Write the item ID HDG-2026-P2-CAT-020 at the top of your page.

| Treatment | Mean mass lost in 30 min (mg) | SEM (mg) |
| --- | --- | --- |
| still air | 89.0 | 1.4 |
| fan low | 65.0 | 1.7 |
| fan medium | 56.0 | 0.9 |
| fan high | 22.0 | 0.6 |","Expected graph: categorical point-with-whisker or bar-with-whisker graph; x-axis treatment category in table order; y-axis mass lost in 30 min (mg). Required criteria: REPRESENTATION_TYPE, CATEGORY_IDENTITY, Y_UNIT, Y_SCALE, PLOT_VALUES, UNCERTAINTY_MARKS.",AP Biology|data analysis|experimental design|graph construction,water loss|categorical comparison|SEM error bars,"[{""Mean mass lost in 30 min (mg)"": 89.0, ""SEM (mg)"": 1.4, ""Treatment"": ""still air""}, {""Mean mass lost in 30 min (mg)"": 65.0, ""SEM (mg)"": 1.7, ""Treatment"": ""fan low""}, {""Mean mass lost in 30 min (mg)"": 56.0, ""SEM (mg)"": 0.9, ""Treatment"": ""fan medium""}, {""Mean mass lost in 30 min (mg)"": 22.0, ""SEM (mg)"": 0.6, ""Treatment"": ""fan high""}]","{""accepted_variants"": [""points with whiskers"", ""bars with whiskers""], ""representation"": ""categorical point-with-whisker or bar-with-whisker graph"", ""required_uncertainty"": ""symmetric plus/minus one SEM bars"", ""x_axis"": ""treatment category in table order"", ""y_axis"": ""mass lost in 30 min (mg)""}","[{""criterion_id"": ""REPRESENTATION_TYPE"", ""met_rule"": ""Uses accepted categorical graph representation.""}, {""criterion_id"": ""CATEGORY_IDENTITY"", ""met_rule"": ""All four treatments are identifiable in table order or clearly mapped.""}, {""criterion_id"": ""Y_UNIT"", ""met_rule"": ""Y-axis includes the required variable and unit.""}, {""criterion_id"": ""Y_SCALE"", ""met_rule"": ""Y-scale is interpretable and can represent all means and SEM bars.""}, {""criterion_id"": ""PLOT_VALUES"", ""met_rule"": ""All four means are plotted at recoverable positions.""}, {""criterion_id"": ""UNCERTAINTY_MARKS"", ""met_rule"": ""Each mean has centered symmetric plus/minus SEM bars.""}]","{""item_seed"": 1019, ""method"": ""seeded_replicate_v2"", ""model"": ""categorical_independent_conditions"", ""points"": [{""category"": ""still air"", ""displayed_mean"": 89.0, ""displayed_sem"": 1.4, ""raw_replicate_mean"": 89.98, ""raw_replicate_sem"": 1.363, ""replicates"": [92.9, 91.2, 85.0, 89.4, 91.4], ""true_model_value"": 89.0}, {""category"": ""fan low"", ""displayed_mean"": 65.0, ""displayed_sem"": 1.7, ""raw_replicate_mean"": 66.16, ""raw_replicate_sem"": 1.684, ""replicates"": [66.0, 67.8, 66.9, 70.1, 60.0], ""true_model_value"": 65.0}, {""category"": ""fan medium"", ""displayed_mean"": 56.0, ""displayed_sem"": 0.9, ""raw_replicate_mean"": 53.92, ""raw_replicate_sem"": 0.925, ""replicates"": [52.0, 53.9, 53.4, 57.4, 52.9], ""true_model_value"": 56.0}, {""category"": ""fan high"", ""displayed_mean"": 22.0, ""displayed_sem"": 0.6, ""raw_replicate_mean"": 21.22, ""raw_replicate_sem"": 0.648, ""replicates"": [19.6, 19.7, 22.6, 22.2, 22.0], ""true_model_value"": 22.0}], ""replicate_n"": 5}",independently_authored_synthetic_research_seed_unverified,Research seed for hand-drawn graph capture and reviewer evaluation. Do not expose criterion definitions to the person drawing the graph.
HDG-2026-P2-CAT-021,v0.2-research-seed,frq,short,canonical_answer,categorical_comparison_supplied_uncertainty,,HDG-2026-P2-CAT-021__response-01.jpg,"Researchers measured chlorophyll absorbance for four treatment groups. Use the data table to construct a graph that compares the group means. Include a categorical x-axis with the treatments in table order, a y-axis labeled with units, plotted means, and symmetric error bars showing plus or minus one SEM.

Write the item ID HDG-2026-P2-CAT-021 at the top of your page.

| Treatment | Mean absorbance at 540 nm (a.u.) | SEM (a.u.) |
| --- | --- | --- |
| low blue | 57.0 | 1.7 |
| moderate blue | 18.0 | 0.6 |
| high blue | 65.0 | 1.2 |
| mixed light | 28.0 | 0.4 |","Expected graph: categorical point-with-whisker or bar-with-whisker graph; x-axis treatment category in table order; y-axis absorbance at 540 nm (a.u.). Required criteria: REPRESENTATION_TYPE, CATEGORY_IDENTITY, Y_UNIT, Y_SCALE, PLOT_VALUES, UNCERTAINTY_MARKS.",AP Biology|data analysis|experimental design|graph construction,chlorophyll absorbance|categorical comparison|SEM error bars,"[{""Mean absorbance at 540 nm (a.u.)"": 57.0, ""SEM (a.u.)"": 1.7, ""Treatment"": ""low blue""}, {""Mean absorbance at 540 nm (a.u.)"": 18.0, ""SEM (a.u.)"": 0.6, ""Treatment"": ""moderate blue""}, {""Mean absorbance at 540 nm (a.u.)"": 65.0, ""SEM (a.u.)"": 1.2, ""Treatment"": ""high blue""}, {""Mean absorbance at 540 nm (a.u.)"": 28.0, ""SEM (a.u.)"": 0.4, ""Treatment"": ""mixed light""}]","{""accepted_variants"": [""points with whiskers"", ""bars with whiskers""], ""representation"": ""categorical point-with-whisker or bar-with-whisker graph"", ""required_uncertainty"": ""symmetric plus/minus one SEM bars"", ""x_axis"": ""treatment category in table order"", ""y_axis"": ""absorbance at 540 nm (a.u.)""}","[{""criterion_id"": ""REPRESENTATION_TYPE"", ""met_rule"": ""Uses accepted categorical graph representation.""}, {""criterion_id"": ""CATEGORY_IDENTITY"", ""met_rule"": ""All four treatments are identifiable in table order or clearly mapped.""}, {""criterion_id"": ""Y_UNIT"", ""met_rule"": ""Y-axis includes the required variable and unit.""}, {""criterion_id"": ""Y_SCALE"", ""met_rule"": ""Y-scale is interpretable and can represent all means and SEM bars.""}, {""criterion_id"": ""PLOT_VALUES"", ""met_rule"": ""All four means are plotted at recoverable positions.""}, {""criterion_id"": ""UNCERTAINTY_MARKS"", ""met_rule"": ""Each mean has centered symmetric plus/minus SEM bars.""}]","{""item_seed"": 1020, ""method"": ""seeded_replicate_v2"", ""model"": ""categorical_independent_conditions"", ""points"": [{""category"": ""low blue"", ""displayed_mean"": 57.0, ""displayed_sem"": 1.7, ""raw_replicate_mean"": 57.3, ""raw_replicate_sem"": 1.739, ""replicates"": [57.1, 51.6, 58.6, 62.4, 56.8], ""true_model_value"": 57.0}, {""category"": ""moderate blue"", ""displayed_mean"": 18.0, ""displayed_sem"": 0.6, ""raw_replicate_mean"": 18.26, ""raw_replicate_sem"": 0.643, ""replicates"": [17.8, 20.4, 17.1, 17.0, 19.0], ""true_model_value"": 18.0}, {""category"": ""high blue"", ""displayed_mean"": 65.0, ""displayed_sem"": 1.2, ""raw_replicate_mean"": 65.48, ""raw_replicate_sem"": 1.202, ""replicates"": [69.8, 66.3, 64.3, 63.1, 63.9], ""true_model_value"": 65.0}, {""category"": ""mixed light"", ""displayed_mean"": 28.0, ""displayed_sem"": 0.4, ""raw_replicate_mean"": 27.56, ""raw_replicate_sem"": 0.397, ""replicates"": [26.7, 28.1, 26.5, 28.4, 28.1], ""true_model_value"": 28.0}], ""replicate_n"": 5}",independently_authored_synthetic_research_seed_unverified,Research seed for hand-drawn graph capture and reviewer evaluation. Do not expose criterion definitions to the person drawing the graph.
HDG-2026-P2-CAT-022,v0.2-research-seed,frq,short,canonical_answer,categorical_comparison_supplied_uncertainty,,HDG-2026-P2-CAT-022__response-01.jpg,"Researchers measured leaf pore density for four treatment groups. Use the data table to construct a graph that compares the group means. Include a categorical x-axis with the treatments in table order, a y-axis labeled with units, plotted means, and symmetric error bars showing plus or minus one SEM.

Write the item ID HDG-2026-P2-CAT-022 at the top of your page.

| Treatment | Mean stomatal density (stomata/mm^2) | SEM (stomata/mm^2) |
| --- | --- | --- |
| deep shade | 36.0 | 0.9 |
| partial shade | 43.0 | 1.0 |
| open sun | 51.0 | 1.1 |
| reflected sun | 67.0 | 2.2 |","Expected graph: categorical point-with-whisker or bar-with-whisker graph; x-axis treatment category in table order; y-axis stomatal density (stomata/mm^2). Required criteria: REPRESENTATION_TYPE, CATEGORY_IDENTITY, Y_UNIT, Y_SCALE, PLOT_VALUES, UNCERTAINTY_MARKS.",AP Biology|data analysis|experimental design|graph construction,leaf pore density|categorical comparison|SEM error bars,"[{""Mean stomatal density (stomata/mm^2)"": 36.0, ""SEM (stomata/mm^2)"": 0.9, ""Treatment"": ""deep shade""}, {""Mean stomatal density (stomata/mm^2)"": 43.0, ""SEM (stomata/mm^2)"": 1.0, ""Treatment"": ""partial shade""}, {""Mean stomatal density (stomata/mm^2)"": 51.0, ""SEM (stomata/mm^2)"": 1.1, ""Treatment"": ""open sun""}, {""Mean stomatal density (stomata/mm^2)"": 67.0, ""SEM (stomata/mm^2)"": 2.2, ""Treatment"": ""reflected sun""}]","{""accepted_variants"": [""points with whiskers"", ""bars with whiskers""], ""representation"": ""categorical point-with-whisker or bar-with-whisker graph"", ""required_uncertainty"": ""symmetric plus/minus one SEM bars"", ""x_axis"": ""treatment category in table order"", ""y_axis"": ""stomatal density (stomata/mm^2)""}","[{""criterion_id"": ""REPRESENTATION_TYPE"", ""met_rule"": ""Uses accepted categorical graph representation.""}, {""criterion_id"": ""CATEGORY_IDENTITY"", ""met_rule"": ""All four treatments are identifiable in table order or clearly mapped.""}, {""criterion_id"": ""Y_UNIT"", ""met_rule"": ""Y-axis includes the required variable and unit.""}, {""criterion_id"": ""Y_SCALE"", ""met_rule"": ""Y-scale is interpretable and can represent all means and SEM bars.""}, {""criterion_id"": ""PLOT_VALUES"", ""met_rule"": ""All four means are plotted at recoverable positions.""}, {""criterion_id"": ""UNCERTAINTY_MARKS"", ""met_rule"": ""Each mean has centered symmetric plus/minus SEM bars.""}]","{""item_seed"": 1021, ""method"": ""seeded_replicate_v2"", ""model"": ""categorical_independent_conditions"", ""points"": [{""category"": ""deep shade"", ""displayed_mean"": 36.0, ""displayed_sem"": 0.9, ""raw_replicate_mean"": 36.04, ""raw_replicate_sem"": 0.908, ""replicates"": [37.5, 37.2, 35.8, 32.6, 37.1], ""true_model_value"": 36.0}, {""category"": ""partial shade"", ""displayed_mean"": 43.0, ""displayed_sem"": 1.0, ""raw_replicate_mean"": 42.24, ""raw_replicate_sem"": 0.97, ""replicates"": [40.6, 45.0, 41.3, 40.2, 44.1], ""true_model_value"": 43.0}, {""category"": ""open sun"", ""displayed_mean"": 51.0, ""displayed_sem"": 1.1, ""raw_replicate_mean"": 51.4, ""raw_replicate_sem"": 1.067, ""replicates"": [49.2, 52.5, 52.0, 54.5, 48.8], ""true_model_value"": 51.0}, {""category"": ""reflected sun"", ""displayed_mean"": 67.0, ""displayed_sem"": 2.2, ""raw_replicate_mean"": 66.38, ""raw_replicate_sem"": 2.158, ""replicates"": [68.4, 73.1, 60.1, 66.0, 64.3], ""true_model_value"": 67.0}], ""replicate_n"": 5}",independently_authored_synthetic_research_seed_unverified,Research seed for hand-drawn graph capture and reviewer evaluation. Do not expose criterion definitions to the person drawing the graph.
HDG-2026-P2-CAT-023,v0.2-research-seed,frq,short,canonical_answer,categorical_comparison_supplied_uncertainty,,HDG-2026-P2-CAT-023__response-01.jpg,"Researchers measured membrane leakage for four treatment groups. Use the data table to construct a graph that compares the group means. Include a categorical x-axis with the treatments in table order, a y-axis labeled with units, plotted means, and symmetric error bars showing plus or minus one SEM.

Write the item ID HDG-2026-P2-CAT-023 at the top of your page.

| Treatment | Mean conductivity after 10 min (uS/cm) | SEM (uS/cm) |
| --- | --- | --- |
| isotonic | 46.0 | 1.1 |
| mild salt | 70.0 | 2.1 |
| moderate salt | 25.0 | 0.5 |
| high salt | 52.0 | 0.7 |","Expected graph: categorical point-with-whisker or bar-with-whisker graph; x-axis treatment category in table order; y-axis conductivity after 10 min (uS/cm). Required criteria: REPRESENTATION_TYPE, CATEGORY_IDENTITY, Y_UNIT, Y_SCALE, PLOT_VALUES, UNCERTAINTY_MARKS.",AP Biology|data analysis|experimental design|graph construction,membrane leakage|categorical comparison|SEM error bars,"[{""Mean conductivity after 10 min (uS/cm)"": 46.0, ""SEM (uS/cm)"": 1.1, ""Treatment"": ""isotonic""}, {""Mean conductivity after 10 min (uS/cm)"": 70.0, ""SEM (uS/cm)"": 2.1, ""Treatment"": ""mild salt""}, {""Mean conductivity after 10 min (uS/cm)"": 25.0, ""SEM (uS/cm)"": 0.5, ""Treatment"": ""moderate salt""}, {""Mean conductivity after 10 min (uS/cm)"": 52.0, ""SEM (uS/cm)"": 0.7, ""Treatment"": ""high salt""}]","{""accepted_variants"": [""points with whiskers"", ""bars with whiskers""], ""representation"": ""categorical point-with-whisker or bar-with-whisker graph"", ""required_uncertainty"": ""symmetric plus/minus one SEM bars"", ""x_axis"": ""treatment category in table order"", ""y_axis"": ""conductivity after 10 min (uS/cm)""}","[{""criterion_id"": ""REPRESENTATION_TYPE"", ""met_rule"": ""Uses accepted categorical graph representation.""}, {""criterion_id"": ""CATEGORY_IDENTITY"", ""met_rule"": ""All four treatments are identifiable in table order or clearly mapped.""}, {""criterion_id"": ""Y_UNIT"", ""met_rule"": ""Y-axis includes the required variable and unit.""}, {""criterion_id"": ""Y_SCALE"", ""met_rule"": ""Y-scale is interpretable and can represent all means and SEM bars.""}, {""criterion_id"": ""PLOT_VALUES"", ""met_rule"": ""All four means are plotted at recoverable positions.""}, {""criterion_id"": ""UNCERTAINTY_MARKS"", ""met_rule"": ""Each mean has centered symmetric plus/minus SEM bars.""}]","{""item_seed"": 1022, ""method"": ""seeded_replicate_v2"", ""model"": ""categorical_independent_conditions"", ""points"": [{""category"": ""isotonic"", ""displayed_mean"": 46.0, ""displayed_sem"": 1.1, ""raw_replicate_mean"": 45.56, ""raw_replicate_sem"": 1.086, ""replicates"": [43.9, 47.9, 48.2, 42.7, 45.1], ""true_model_value"": 46.0}, {""category"": ""mild salt"", ""displayed_mean"": 70.0, ""displayed_sem"": 2.1, ""raw_replicate_mean"": 69.32, ""raw_replicate_sem"": 2.06, ""replicates"": [76.1, 71.8, 64.8, 67.7, 66.2], ""true_model_value"": 70.0}, {""category"": ""moderate salt"", ""displayed_mean"": 25.0, ""displayed_sem"": 0.5, ""raw_replicate_mean"": 24.92, ""raw_replicate_sem"": 0.505, ""replicates"": [25.8, 25.3, 25.9, 24.4, 23.2], ""true_model_value"": 25.0}, {""category"": ""high salt"", ""displayed_mean"": 52.0, ""displayed_sem"": 0.7, ""raw_replicate_mean"": 51.74, ""raw_replicate_sem"": 0.651, ""replicates"": [49.4, 52.6, 53.2, 52.0, 51.5], ""true_model_value"": 52.0}], ""replicate_n"": 5}",independently_authored_synthetic_research_seed_unverified,Research seed for hand-drawn graph capture and reviewer evaluation. Do not expose criterion definitions to the person drawing the graph.
HDG-2026-P2-CAT-024,v0.2-research-seed,frq,short,canonical_answer,categorical_comparison_supplied_uncertainty,,HDG-2026-P2-CAT-024__response-01.jpg,"Researchers measured root tip mitosis for four treatment groups. Use the data table to construct a graph that compares the group means. Include a categorical x-axis with the treatments in table order, a y-axis labeled with units, plotted means, and symmetric error bars showing plus or minus one SEM.

Write the item ID HDG-2026-P2-CAT-024 at the top of your page.

| Treatment | Mean mitotic cells (%) | SEM (%) |
| --- | --- | --- |
| cool | 15.0 | 0.3 |
| room temp | 31.0 | 0.7 |
| warm | 10.0 | 0.4 |
| heat stress | 21.0 | 0.3 |","Expected graph: categorical point-with-whisker or bar-with-whisker graph; x-axis treatment category in table order; y-axis mitotic cells (%). Required criteria: REPRESENTATION_TYPE, CATEGORY_IDENTITY, Y_UNIT, Y_SCALE, PLOT_VALUES, UNCERTAINTY_MARKS.",AP Biology|data analysis|experimental design|graph construction,root tip mitosis|categorical comparison|SEM error bars,"[{""Mean mitotic cells (%)"": 15.0, ""SEM (%)"": 0.3, ""Treatment"": ""cool""}, {""Mean mitotic cells (%)"": 31.0, ""SEM (%)"": 0.7, ""Treatment"": ""room temp""}, {""Mean mitotic cells (%)"": 10.0, ""SEM (%)"": 0.4, ""Treatment"": ""warm""}, {""Mean mitotic cells (%)"": 21.0, ""SEM (%)"": 0.3, ""Treatment"": ""heat stress""}]","{""accepted_variants"": [""points with whiskers"", ""bars with whiskers""], ""representation"": ""categorical point-with-whisker or bar-with-whisker graph"", ""required_uncertainty"": ""symmetric plus/minus one SEM bars"", ""x_axis"": ""treatment category in table order"", ""y_axis"": ""mitotic cells (%)""}","[{""criterion_id"": ""REPRESENTATION_TYPE"", ""met_rule"": ""Uses accepted categorical graph representation.""}, {""criterion_id"": ""CATEGORY_IDENTITY"", ""met_rule"": ""All four treatments are identifiable in table order or clearly mapped.""}, {""criterion_id"": ""Y_UNIT"", ""met_rule"": ""Y-axis includes the required variable and unit.""}, {""criterion_id"": ""Y_SCALE"", ""met_rule"": ""Y-scale is interpretable and can represent all means and SEM bars.""}, {""criterion_id"": ""PLOT_VALUES"", ""met_rule"": ""All four means are plotted at recoverable positions.""}, {""criterion_id"": ""UNCERTAINTY_MARKS"", ""met_rule"": ""Each mean has centered symmetric plus/minus SEM bars.""}]","{""item_seed"": 1023, ""method"": ""seeded_replicate_v2"", ""model"": ""categorical_independent_conditions"", ""points"": [{""category"": ""cool"", ""displayed_mean"": 15.0, ""displayed_sem"": 0.3, ""raw_replicate_mean"": 15.02, ""raw_replicate_sem"": 0.315, ""replicates"": [15.7, 13.9, 14.8, 15.4, 15.3], ""true_model_value"": 15.0}, {""category"": ""room temp"", ""displayed_mean"": 31.0, ""displayed_sem"": 0.7, ""raw_replicate_mean"": 30.4, ""raw_replicate_sem"": 0.731, ""replicates"": [29.2, 28.9, 32.9, 29.9, 31.1], ""true_model_value"": 31.0}, {""category"": ""warm"", ""displayed_mean"": 10.0, ""displayed_sem"": 0.4, ""raw_replicate_mean"": 9.7, ""raw_replicate_sem"": 0.367, ""replicates"": [9.7, 11.0, 8.9, 9.8, 9.1], ""true_model_value"": 10.0}, {""category"": ""heat stress"", ""displayed_mean"": 21.0, ""displayed_sem"": 0.3, ""raw_replicate_mean"": 21.86, ""raw_replicate_sem"": 0.24, ""replicates"": [21.5, 21.8, 22.4, 22.4, 21.2], ""true_model_value"": 21.0}], ""replicate_n"": 5}",independently_authored_synthetic_research_seed_unverified,Research seed for hand-drawn graph capture and reviewer evaluation. Do not expose criterion definitions to the person drawing the graph.
HDG-2026-P2-CAT-025,v0.2-research-seed,frq,short,canonical_answer,categorical_comparison_supplied_uncertainty,,HDG-2026-P2-CAT-025__response-01.jpg,"Researchers measured enzyme product for four treatment groups. Use the data table to construct a graph that compares the group means. Include a categorical x-axis with the treatments in table order, a y-axis labeled with units, plotted means, and symmetric error bars showing plus or minus one SEM.

Write the item ID HDG-2026-P2-CAT-025 at the top of your page.

| Treatment | Mean product formed in 5 min (umol) | SEM (umol) |
| --- | --- | --- |
| pH 5 | 40.0 | 1.1 |
| pH 6 | 33.0 | 0.4 |
| pH 7 | 78.0 | 1.6 |
| pH 8 | 59.0 | 0.9 |","Expected graph: categorical point-with-whisker or bar-with-whisker graph; x-axis treatment category in table order; y-axis product formed in 5 min (umol). Required criteria: REPRESENTATION_TYPE, CATEGORY_IDENTITY, Y_UNIT, Y_SCALE, PLOT_VALUES, UNCERTAINTY_MARKS.",AP Biology|data analysis|experimental design|graph construction,enzyme product|categorical comparison|SEM error bars,"[{""Mean product formed in 5 min (umol)"": 40.0, ""SEM (umol)"": 1.1, ""Treatment"": ""pH 5""}, {""Mean product formed in 5 min (umol)"": 33.0, ""SEM (umol)"": 0.4, ""Treatment"": ""pH 6""}, {""Mean product formed in 5 min (umol)"": 78.0, ""SEM (umol)"": 1.6, ""Treatment"": ""pH 7""}, {""Mean product formed in 5 min (umol)"": 59.0, ""SEM (umol)"": 0.9, ""Treatment"": ""pH 8""}]","{""accepted_variants"": [""points with whiskers"", ""bars with whiskers""], ""representation"": ""categorical point-with-whisker or bar-with-whisker graph"", ""required_uncertainty"": ""symmetric plus/minus one SEM bars"", ""x_axis"": ""treatment category in table order"", ""y_axis"": ""product formed in 5 min (umol)""}","[{""criterion_id"": ""REPRESENTATION_TYPE"", ""met_rule"": ""Uses accepted categorical graph representation.""}, {""criterion_id"": ""CATEGORY_IDENTITY"", ""met_rule"": ""All four treatments are identifiable in table order or clearly mapped.""}, {""criterion_id"": ""Y_UNIT"", ""met_rule"": ""Y-axis includes the required variable and unit.""}, {""criterion_id"": ""Y_SCALE"", ""met_rule"": ""Y-scale is interpretable and can represent all means and SEM bars.""}, {""criterion_id"": ""PLOT_VALUES"", ""met_rule"": ""All four means are plotted at recoverable positions.""}, {""criterion_id"": ""UNCERTAINTY_MARKS"", ""met_rule"": ""Each mean has centered symmetric plus/minus SEM bars.""}]","{""item_seed"": 1024, ""method"": ""seeded_replicate_v2"", ""model"": ""categorical_independent_conditions"", ""points"": [{""category"": ""pH 5"", ""displayed_mean"": 40.0, ""displayed_sem"": 1.1, ""raw_replicate_mean"": 40.52, ""raw_replicate_sem"": 1.073, ""replicates"": [42.5, 37.3, 41.9, 42.3, 38.6], ""true_model_value"": 40.0}, {""category"": ""pH 6"", ""displayed_mean"": 33.0, ""displayed_sem"": 0.4, ""raw_replicate_mean"": 31.86, ""raw_replicate_sem"": 0.363, ""replicates"": [31.6, 33.0, 30.8, 31.7, 32.2], ""true_model_value"": 33.0}, {""category"": ""pH 7"", ""displayed_mean"": 78.0, ""displayed_sem"": 1.6, ""raw_replicate_mean"": 79.06, ""raw_replicate_sem"": 1.592, ""replicates"": [82.3, 74.3, 78.1, 82.9, 77.7], ""true_model_value"": 78.0}, {""category"": ""pH 8"", ""displayed_mean"": 59.0, ""displayed_sem"": 0.9, ""raw_replicate_mean"": 58.42, ""raw_replicate_sem"": 0.929, ""replicates"": [58.2, 57.0, 60.8, 55.9, 60.2], ""true_model_value"": 59.0}], ""replicate_n"": 5}",independently_authored_synthetic_research_seed_unverified,Research seed for hand-drawn graph capture and reviewer evaluation. Do not expose criterion definitions to the person drawing the graph.
HDG-2026-P2-CAT-026,v0.2-research-seed,frq,short,canonical_answer,categorical_comparison_supplied_uncertainty,,HDG-2026-P2-CAT-026__response-01.jpg,"Researchers measured seed germination for four treatment groups. Use the data table to construct a graph that compares the group means. Include a categorical x-axis with the treatments in table order, a y-axis labeled with units, plotted means, and symmetric error bars showing plus or minus one SEM.

Write the item ID HDG-2026-P2-CAT-026 at the top of your page.

| Treatment | Mean germination (%) | SEM (%) |
| --- | --- | --- |
| dark | 61.0 | 2.2 |
| red light | 57.0 | 1.0 |
| blue light | 80.0 | 1.1 |
| white light | 76.0 | 2.4 |","Expected graph: categorical point-with-whisker or bar-with-whisker graph; x-axis treatment category in table order; y-axis germination (%). Required criteria: REPRESENTATION_TYPE, CATEGORY_IDENTITY, Y_UNIT, Y_SCALE, PLOT_VALUES, UNCERTAINTY_MARKS.",AP Biology|data analysis|experimental design|graph construction,seed germination|categorical comparison|SEM error bars,"[{""Mean germination (%)"": 61.0, ""SEM (%)"": 2.2, ""Treatment"": ""dark""}, {""Mean germination (%)"": 57.0, ""SEM (%)"": 1.0, ""Treatment"": ""red light""}, {""Mean germination (%)"": 80.0, ""SEM (%)"": 1.1, ""Treatment"": ""blue light""}, {""Mean germination (%)"": 76.0, ""SEM (%)"": 2.4, ""Treatment"": ""white light""}]","{""accepted_variants"": [""points with whiskers"", ""bars with whiskers""], ""representation"": ""categorical point-with-whisker or bar-with-whisker graph"", ""required_uncertainty"": ""symmetric plus/minus one SEM bars"", ""x_axis"": ""treatment category in table order"", ""y_axis"": ""germination (%)""}","[{""criterion_id"": ""REPRESENTATION_TYPE"", ""met_rule"": ""Uses accepted categorical graph representation.""}, {""criterion_id"": ""CATEGORY_IDENTITY"", ""met_rule"": ""All four treatments are identifiable in table order or clearly mapped.""}, {""criterion_id"": ""Y_UNIT"", ""met_rule"": ""Y-axis includes the required variable and unit.""}, {""criterion_id"": ""Y_SCALE"", ""met_rule"": ""Y-scale is interpretable and can represent all means and SEM bars.""}, {""criterion_id"": ""PLOT_VALUES"", ""met_rule"": ""All four means are plotted at recoverable positions.""}, {""criterion_id"": ""UNCERTAINTY_MARKS"", ""met_rule"": ""Each mean has centered symmetric plus/minus SEM bars.""}]","{""item_seed"": 1025, ""method"": ""seeded_replicate_v2"", ""model"": ""categorical_independent_conditions"", ""points"": [{""category"": ""dark"", ""displayed_mean"": 61.0, ""displayed_sem"": 2.2, ""raw_replicate_mean"": 61.0, ""raw_replicate_sem"": 2.249, ""replicates"": [54.8, 60.0, 58.0, 66.7, 65.5], ""true_model_value"": 61.0}, {""category"": ""red light"", ""displayed_mean"": 57.0, ""displayed_sem"": 1.0, ""raw_replicate_mean"": 55.22, ""raw_replicate_sem"": 1.031, ""replicates"": [53.5, 54.7, 59.1, 53.5, 55.3], ""true_model_value"": 57.0}, {""category"": ""blue light"", ""displayed_mean"": 80.0, ""displayed_sem"": 1.1, ""raw_replicate_mean"": 80.5, ""raw_replicate_sem"": 1.071, ""replicates"": [84.0, 77.7, 79.7, 81.6, 79.5], ""true_model_value"": 80.0}, {""category"": ""white light"", ""displayed_mean"": 76.0, ""displayed_sem"": 2.4, ""raw_replicate_mean"": 77.06, ""raw_replicate_sem"": 2.403, ""replicates"": [74.9, 75.5, 81.2, 70.1, 83.6], ""true_model_value"": 76.0}], ""replicate_n"": 5}",independently_authored_synthetic_research_seed_unverified,Research seed for hand-drawn graph capture and reviewer evaluation. Do not expose criterion definitions to the person drawing the graph.
HDG-2026-P2-CAT-027,v0.2-research-seed,frq,short,canonical_answer,categorical_comparison_supplied_uncertainty,,HDG-2026-P2-CAT-027__response-01.jpg,"Researchers measured yeast respiration for four treatment groups. Use the data table to construct a graph that compares the group means. Include a categorical x-axis with the treatments in table order, a y-axis labeled with units, plotted means, and symmetric error bars showing plus or minus one SEM.

Write the item ID HDG-2026-P2-CAT-027 at the top of your page.

| Treatment | Mean CO2 produced (mL) | SEM (mL) |
| --- | --- | --- |
| no sugar | 22.0 | 0.5 |
| glucose | 52.0 | 1.4 |
| sucrose | 30.0 | 0.8 |
| starch | 56.0 | 1.1 |","Expected graph: categorical point-with-whisker or bar-with-whisker graph; x-axis treatment category in table order; y-axis CO2 produced (mL). Required criteria: REPRESENTATION_TYPE, CATEGORY_IDENTITY, Y_UNIT, Y_SCALE, PLOT_VALUES, UNCERTAINTY_MARKS.",AP Biology|data analysis|experimental design|graph construction,yeast respiration|categorical comparison|SEM error bars,"[{""Mean CO2 produced (mL)"": 22.0, ""SEM (mL)"": 0.5, ""Treatment"": ""no sugar""}, {""Mean CO2 produced (mL)"": 52.0, ""SEM (mL)"": 1.4, ""Treatment"": ""glucose""}, {""Mean CO2 produced (mL)"": 30.0, ""SEM (mL)"": 0.8, ""Treatment"": ""sucrose""}, {""Mean CO2 produced (mL)"": 56.0, ""SEM (mL)"": 1.1, ""Treatment"": ""starch""}]","{""accepted_variants"": [""points with whiskers"", ""bars with whiskers""], ""representation"": ""categorical point-with-whisker or bar-with-whisker graph"", ""required_uncertainty"": ""symmetric plus/minus one SEM bars"", ""x_axis"": ""treatment category in table order"", ""y_axis"": ""CO2 produced (mL)""}","[{""criterion_id"": ""REPRESENTATION_TYPE"", ""met_rule"": ""Uses accepted categorical graph representation.""}, {""criterion_id"": ""CATEGORY_IDENTITY"", ""met_rule"": ""All four treatments are identifiable in table order or clearly mapped.""}, {""criterion_id"": ""Y_UNIT"", ""met_rule"": ""Y-axis includes the required variable and unit.""}, {""criterion_id"": ""Y_SCALE"", ""met_rule"": ""Y-scale is interpretable and can represent all means and SEM bars.""}, {""criterion_id"": ""PLOT_VALUES"", ""met_rule"": ""All four means are plotted at recoverable positions.""}, {""criterion_id"": ""UNCERTAINTY_MARKS"", ""met_rule"": ""Each mean has centered symmetric plus/minus SEM bars.""}]","{""item_seed"": 1026, ""method"": ""seeded_replicate_v2"", ""model"": ""categorical_independent_conditions"", ""points"": [{""category"": ""no sugar"", ""displayed_mean"": 22.0, ""displayed_sem"": 0.5, ""raw_replicate_mean"": 22.86, ""raw_replicate_sem"": 0.536, ""replicates"": [23.0, 23.9, 20.8, 23.2, 23.4], ""true_model_value"": 22.0}, {""category"": ""glucose"", ""displayed_mean"": 52.0, ""displayed_sem"": 1.4, ""raw_replicate_mean"": 52.98, ""raw_replicate_sem"": 1.418, ""replicates"": [52.7, 55.1, 48.3, 56.6, 52.2], ""true_model_value"": 52.0}, {""category"": ""sucrose"", ""displayed_mean"": 30.0, ""displayed_sem"": 0.8, ""raw_replicate_mean"": 28.74, ""raw_replicate_sem"": 0.753, ""replicates"": [29.9, 29.4, 27.1, 30.5, 26.8], ""true_model_value"": 30.0}, {""category"": ""starch"", ""displayed_mean"": 56.0, ""displayed_sem"": 1.1, ""raw_replicate_mean"": 54.9, ""raw_replicate_sem"": 1.103, ""replicates"": [52.1, 53.6, 57.7, 53.8, 57.3], ""true_model_value"": 56.0}], ""replicate_n"": 5}",independently_authored_synthetic_research_seed_unverified,Research seed for hand-drawn graph capture and reviewer evaluation. Do not expose criterion definitions to the person drawing the graph.
HDG-2026-P2-CAT-028,v0.2-research-seed,frq,short,canonical_answer,categorical_comparison_supplied_uncertainty,,HDG-2026-P2-CAT-028__response-01.jpg,"Researchers measured chloroplast settling for four treatment groups. Use the data table to construct a graph that compares the group means. Include a categorical x-axis with the treatments in table order, a y-axis labeled with units, plotted means, and symmetric error bars showing plus or minus one SEM.

Write the item ID HDG-2026-P2-CAT-028 at the top of your page.

| Treatment | Mean green layer thickness (mm) | SEM (mm) |
| --- | --- | --- |
| control | 24.0 | 0.6 |
| low salt | 33.0 | 0.5 |
| medium salt | 29.0 | 0.7 |
| high salt | 44.0 | 0.6 |","Expected graph: categorical point-with-whisker or bar-with-whisker graph; x-axis treatment category in table order; y-axis green layer thickness (mm). Required criteria: REPRESENTATION_TYPE, CATEGORY_IDENTITY, Y_UNIT, Y_SCALE, PLOT_VALUES, UNCERTAINTY_MARKS.",AP Biology|data analysis|experimental design|graph construction,chloroplast settling|categorical comparison|SEM error bars,"[{""Mean green layer thickness (mm)"": 24.0, ""SEM (mm)"": 0.6, ""Treatment"": ""control""}, {""Mean green layer thickness (mm)"": 33.0, ""SEM (mm)"": 0.5, ""Treatment"": ""low salt""}, {""Mean green layer thickness (mm)"": 29.0, ""SEM (mm)"": 0.7, ""Treatment"": ""medium salt""}, {""Mean green layer thickness (mm)"": 44.0, ""SEM (mm)"": 0.6, ""Treatment"": ""high salt""}]","{""accepted_variants"": [""points with whiskers"", ""bars with whiskers""], ""representation"": ""categorical point-with-whisker or bar-with-whisker graph"", ""required_uncertainty"": ""symmetric plus/minus one SEM bars"", ""x_axis"": ""treatment category in table order"", ""y_axis"": ""green layer thickness (mm)""}","[{""criterion_id"": ""REPRESENTATION_TYPE"", ""met_rule"": ""Uses accepted categorical graph representation.""}, {""criterion_id"": ""CATEGORY_IDENTITY"", ""met_rule"": ""All four treatments are identifiable in table order or clearly mapped.""}, {""criterion_id"": ""Y_UNIT"", ""met_rule"": ""Y-axis includes the required variable and unit.""}, {""criterion_id"": ""Y_SCALE"", ""met_rule"": ""Y-scale is interpretable and can represent all means and SEM bars.""}, {""criterion_id"": ""PLOT_VALUES"", ""met_rule"": ""All four means are plotted at recoverable positions.""}, {""criterion_id"": ""UNCERTAINTY_MARKS"", ""met_rule"": ""Each mean has centered symmetric plus/minus SEM bars.""}]","{""item_seed"": 1027, ""method"": ""seeded_replicate_v2"", ""model"": ""categorical_independent_conditions"", ""points"": [{""category"": ""control"", ""displayed_mean"": 24.0, ""displayed_sem"": 0.6, ""raw_replicate_mean"": 24.62, ""raw_replicate_sem"": 0.573, ""replicates"": [24.4, 26.3, 24.4, 25.2, 22.8], ""true_model_value"": 24.0}, {""category"": ""low salt"", ""displayed_mean"": 33.0, ""displayed_sem"": 0.5, ""raw_replicate_mean"": 34.08, ""raw_replicate_sem"": 0.478, ""replicates"": [35.5, 33.9, 33.3, 32.9, 34.8], ""true_model_value"": 33.0}, {""category"": ""medium salt"", ""displayed_mean"": 29.0, ""displayed_sem"": 0.7, ""raw_replicate_mean"": 30.0, ""raw_replicate_sem"": 0.721, ""replicates"": [28.9, 30.1, 28.3, 30.2, 32.5], ""true_model_value"": 29.0}, {""category"": ""high salt"", ""displayed_mean"": 44.0, ""displayed_sem"": 0.6, ""raw_replicate_mean"": 44.86, ""raw_replicate_sem"": 0.579, ""replicates"": [44.0, 44.4, 45.5, 43.6, 46.8], ""true_model_value"": 44.0}], ""replicate_n"": 5}",independently_authored_synthetic_research_seed_unverified,Research seed for hand-drawn graph capture and reviewer evaluation. Do not expose criterion definitions to the person drawing the graph.
HDG-2026-P2-CAT-029,v0.2-research-seed,frq,short,canonical_answer,categorical_comparison_supplied_uncertainty,,HDG-2026-P2-CAT-029__response-01.jpg,"Researchers measured callus growth for four treatment groups. Use the data table to construct a graph that compares the group means. Include a categorical x-axis with the treatments in table order, a y-axis labeled with units, plotted means, and symmetric error bars showing plus or minus one SEM.

Write the item ID HDG-2026-P2-CAT-029 at the top of your page.

| Treatment | Mean mass gain (mg) | SEM (mg) |
| --- | --- | --- |
| no auxin | 84.0 | 2.0 |
| low auxin | 68.0 | 2.9 |
| medium auxin | 46.0 | 0.7 |
| high auxin | 18.0 | 0.8 |","Expected graph: categorical point-with-whisker or bar-with-whisker graph; x-axis treatment category in table order; y-axis mass gain (mg). Required criteria: REPRESENTATION_TYPE, CATEGORY_IDENTITY, Y_UNIT, Y_SCALE, PLOT_VALUES, UNCERTAINTY_MARKS.",AP Biology|data analysis|experimental design|graph construction,callus growth|categorical comparison|SEM error bars,"[{""Mean mass gain (mg)"": 84.0, ""SEM (mg)"": 2.0, ""Treatment"": ""no auxin""}, {""Mean mass gain (mg)"": 68.0, ""SEM (mg)"": 2.9, ""Treatment"": ""low auxin""}, {""Mean mass gain (mg)"": 46.0, ""SEM (mg)"": 0.7, ""Treatment"": ""medium auxin""}, {""Mean mass gain (mg)"": 18.0, ""SEM (mg)"": 0.8, ""Treatment"": ""high auxin""}]","{""accepted_variants"": [""points with whiskers"", ""bars with whiskers""], ""representation"": ""categorical point-with-whisker or bar-with-whisker graph"", ""required_uncertainty"": ""symmetric plus/minus one SEM bars"", ""x_axis"": ""treatment category in table order"", ""y_axis"": ""mass gain (mg)""}","[{""criterion_id"": ""REPRESENTATION_TYPE"", ""met_rule"": ""Uses accepted categorical graph representation.""}, {""criterion_id"": ""CATEGORY_IDENTITY"", ""met_rule"": ""All four treatments are identifiable in table order or clearly mapped.""}, {""criterion_id"": ""Y_UNIT"", ""met_rule"": ""Y-axis includes the required variable and unit.""}, {""criterion_id"": ""Y_SCALE"", ""met_rule"": ""Y-scale is interpretable and can represent all means and SEM bars.""}, {""criterion_id"": ""PLOT_VALUES"", ""met_rule"": ""All four means are plotted at recoverable positions.""}, {""criterion_id"": ""UNCERTAINTY_MARKS"", ""met_rule"": ""Each mean has centered symmetric plus/minus SEM bars.""}]","{""item_seed"": 1028, ""method"": ""seeded_replicate_v2"", ""model"": ""categorical_independent_conditions"", ""points"": [{""category"": ""no auxin"", ""displayed_mean"": 84.0, ""displayed_sem"": 2.0, ""raw_replicate_mean"": 82.42, ""raw_replicate_sem"": 2.01, ""replicates"": [85.4, 82.6, 79.6, 87.9, 76.6], ""true_model_value"": 84.0}, {""category"": ""low auxin"", ""displayed_mean"": 68.0, ""displayed_sem"": 2.9, ""raw_replicate_mean"": 65.8, ""raw_replicate_sem"": 2.878, ""replicates"": [71.1, 60.5, 57.8, 67.2, 72.4], ""true_model_value"": 68.0}, {""category"": ""medium auxin"", ""displayed_mean"": 46.0, ""displayed_sem"": 0.7, ""raw_replicate_mean"": 48.26, ""raw_replicate_sem"": 0.667, ""replicates"": [50.0, 47.3, 47.6, 49.7, 46.7], ""true_model_value"": 46.0}, {""category"": ""high auxin"", ""displayed_mean"": 18.0, ""displayed_sem"": 0.8, ""raw_replicate_mean"": 18.16, ""raw_replicate_sem"": 0.798, ""replicates"": [15.4, 20.1, 18.0, 19.3, 18.0], ""true_model_value"": 18.0}], ""replicate_n"": 5}",independently_authored_synthetic_research_seed_unverified,Research seed for hand-drawn graph capture and reviewer evaluation. Do not expose criterion definitions to the person drawing the graph.
HDG-2026-P2-CAT-030,v0.2-research-seed,frq,short,canonical_answer,categorical_comparison_supplied_uncertainty,,HDG-2026-P2-CAT-030__response-01.jpg,"Researchers measured water loss for four treatment groups. Use the data table to construct a graph that compares the group means. Include a categorical x-axis with the treatments in table order, a y-axis labeled with units, plotted means, and symmetric error bars showing plus or minus one SEM.

Write the item ID HDG-2026-P2-CAT-030 at the top of your page.

| Treatment | Mean mass lost in 30 min (mg) | SEM (mg) |
| --- | --- | --- |
| still air | 54.0 | 0.8 |
| fan low | 64.0 | 1.8 |
| fan medium | 46.0 | 1.3 |
| fan high | 60.0 | 1.4 |","Expected graph: categorical point-with-whisker or bar-with-whisker graph; x-axis treatment category in table order; y-axis mass lost in 30 min (mg). Required criteria: REPRESENTATION_TYPE, CATEGORY_IDENTITY, Y_UNIT, Y_SCALE, PLOT_VALUES, UNCERTAINTY_MARKS.",AP Biology|data analysis|experimental design|graph construction,water loss|categorical comparison|SEM error bars,"[{""Mean mass lost in 30 min (mg)"": 54.0, ""SEM (mg)"": 0.8, ""Treatment"": ""still air""}, {""Mean mass lost in 30 min (mg)"": 64.0, ""SEM (mg)"": 1.8, ""Treatment"": ""fan low""}, {""Mean mass lost in 30 min (mg)"": 46.0, ""SEM (mg)"": 1.3, ""Treatment"": ""fan medium""}, {""Mean mass lost in 30 min (mg)"": 60.0, ""SEM (mg)"": 1.4, ""Treatment"": ""fan high""}]","{""accepted_variants"": [""points with whiskers"", ""bars with whiskers""], ""representation"": ""categorical point-with-whisker or bar-with-whisker graph"", ""required_uncertainty"": ""symmetric plus/minus one SEM bars"", ""x_axis"": ""treatment category in table order"", ""y_axis"": ""mass lost in 30 min (mg)""}","[{""criterion_id"": ""REPRESENTATION_TYPE"", ""met_rule"": ""Uses accepted categorical graph representation.""}, {""criterion_id"": ""CATEGORY_IDENTITY"", ""met_rule"": ""All four treatments are identifiable in table order or clearly mapped.""}, {""criterion_id"": ""Y_UNIT"", ""met_rule"": ""Y-axis includes the required variable and unit.""}, {""criterion_id"": ""Y_SCALE"", ""met_rule"": ""Y-scale is interpretable and can represent all means and SEM bars.""}, {""criterion_id"": ""PLOT_VALUES"", ""met_rule"": ""All four means are plotted at recoverable positions.""}, {""criterion_id"": ""UNCERTAINTY_MARKS"", ""met_rule"": ""Each mean has centered symmetric plus/minus SEM bars.""}]","{""item_seed"": 1029, ""method"": ""seeded_replicate_v2"", ""model"": ""categorical_independent_conditions"", ""points"": [{""category"": ""still air"", ""displayed_mean"": 54.0, ""displayed_sem"": 0.8, ""raw_replicate_mean"": 52.88, ""raw_replicate_sem"": 0.834, ""replicates"": [52.6, 54.1, 55.1, 52.4, 50.2], ""true_model_value"": 54.0}, {""category"": ""fan low"", ""displayed_mean"": 64.0, ""displayed_sem"": 1.8, ""raw_replicate_mean"": 64.16, ""raw_replicate_sem"": 1.764, ""replicates"": [63.6, 63.2, 69.5, 65.8, 58.7], ""true_model_value"": 64.0}, {""category"": ""fan medium"", ""displayed_mean"": 46.0, ""displayed_sem"": 1.3, ""raw_replicate_mean"": 46.7, ""raw_replicate_sem"": 1.261, ""replicates"": [50.3, 45.1, 48.3, 46.8, 43.0], ""true_model_value"": 46.0}, {""category"": ""fan high"", ""displayed_mean"": 60.0, ""displayed_sem"": 1.4, ""raw_replicate_mean"": 60.86, ""raw_replicate_sem"": 1.364, ""replicates"": [60.0, 65.6, 58.1, 62.0, 58.6], ""true_model_value"": 60.0}], ""replicate_n"": 5}",independently_authored_synthetic_research_seed_unverified,Research seed for hand-drawn graph capture and reviewer evaluation. Do not expose criterion definitions to the person drawing the graph.
HDG-2026-P2-CAT-031,v0.2-research-seed,frq,short,canonical_answer,categorical_comparison_supplied_uncertainty,,HDG-2026-P2-CAT-031__response-01.jpg,"Researchers measured chlorophyll absorbance for four treatment groups. Use the data table to construct a graph that compares the group means. Include a categorical x-axis with the treatments in table order, a y-axis labeled with units, plotted means, and symmetric error bars showing plus or minus one SEM.

Write the item ID HDG-2026-P2-CAT-031 at the top of your page.

| Treatment | Mean absorbance at 540 nm (a.u.) | SEM (a.u.) |
| --- | --- | --- |
| low blue | 33.0 | 1.1 |
| moderate blue | 17.0 | 0.5 |
| high blue | 55.0 | 0.5 |
| mixed light | 27.0 | 0.6 |","Expected graph: categorical point-with-whisker or bar-with-whisker graph; x-axis treatment category in table order; y-axis absorbance at 540 nm (a.u.). Required criteria: REPRESENTATION_TYPE, CATEGORY_IDENTITY, Y_UNIT, Y_SCALE, PLOT_VALUES, UNCERTAINTY_MARKS.",AP Biology|data analysis|experimental design|graph construction,chlorophyll absorbance|categorical comparison|SEM error bars,"[{""Mean absorbance at 540 nm (a.u.)"": 33.0, ""SEM (a.u.)"": 1.1, ""Treatment"": ""low blue""}, {""Mean absorbance at 540 nm (a.u.)"": 17.0, ""SEM (a.u.)"": 0.5, ""Treatment"": ""moderate blue""}, {""Mean absorbance at 540 nm (a.u.)"": 55.0, ""SEM (a.u.)"": 0.5, ""Treatment"": ""high blue""}, {""Mean absorbance at 540 nm (a.u.)"": 27.0, ""SEM (a.u.)"": 0.6, ""Treatment"": ""mixed light""}]","{""accepted_variants"": [""points with whiskers"", ""bars with whiskers""], ""representation"": ""categorical point-with-whisker or bar-with-whisker graph"", ""required_uncertainty"": ""symmetric plus/minus one SEM bars"", ""x_axis"": ""treatment category in table order"", ""y_axis"": ""absorbance at 540 nm (a.u.)""}","[{""criterion_id"": ""REPRESENTATION_TYPE"", ""met_rule"": ""Uses accepted categorical graph representation.""}, {""criterion_id"": ""CATEGORY_IDENTITY"", ""met_rule"": ""All four treatments are identifiable in table order or clearly mapped.""}, {""criterion_id"": ""Y_UNIT"", ""met_rule"": ""Y-axis includes the required variable and unit.""}, {""criterion_id"": ""Y_SCALE"", ""met_rule"": ""Y-scale is interpretable and can represent all means and SEM bars.""}, {""criterion_id"": ""PLOT_VALUES"", ""met_rule"": ""All four means are plotted at recoverable positions.""}, {""criterion_id"": ""UNCERTAINTY_MARKS"", ""met_rule"": ""Each mean has centered symmetric plus/minus SEM bars.""}]","{""item_seed"": 1030, ""method"": ""seeded_replicate_v2"", ""model"": ""categorical_independent_conditions"", ""points"": [{""category"": ""low blue"", ""displayed_mean"": 33.0, ""displayed_sem"": 1.1, ""raw_replicate_mean"": 33.82, ""raw_replicate_sem"": 1.087, ""replicates"": [33.8, 31.7, 37.8, 32.0, 33.8], ""true_model_value"": 33.0}, {""category"": ""moderate blue"", ""displayed_mean"": 17.0, ""displayed_sem"": 0.5, ""raw_replicate_mean"": 17.3, ""raw_replicate_sem"": 0.518, ""replicates"": [16.6, 16.3, 19.0, 16.6, 18.0], ""true_model_value"": 17.0}, {""category"": ""high blue"", ""displayed_mean"": 55.0, ""displayed_sem"": 0.5, ""raw_replicate_mean"": 54.2, ""raw_replicate_sem"": 0.522, ""replicates"": [54.3, 54.5, 55.5, 52.3, 54.4], ""true_model_value"": 55.0}, {""category"": ""mixed light"", ""displayed_mean"": 27.0, ""displayed_sem"": 0.6, ""raw_replicate_mean"": 28.04, ""raw_replicate_sem"": 0.555, ""replicates"": [28.9, 28.3, 28.9, 25.9, 28.2], ""true_model_value"": 27.0}], ""replicate_n"": 5}",independently_authored_synthetic_research_seed_unverified,Research seed for hand-drawn graph capture and reviewer evaluation. Do not expose criterion definitions to the person drawing the graph.
HDG-2026-P2-CAT-032,v0.2-research-seed,frq,short,canonical_answer,categorical_comparison_supplied_uncertainty,,HDG-2026-P2-CAT-032__response-01.jpg,"Researchers measured leaf pore density for four treatment groups. Use the data table to construct a graph that compares the group means. Include a categorical x-axis with the treatments in table order, a y-axis labeled with units, plotted means, and symmetric error bars showing plus or minus one SEM.

Write the item ID HDG-2026-P2-CAT-032 at the top of your page.

| Treatment | Mean stomatal density (stomata/mm^2) | SEM (stomata/mm^2) |
| --- | --- | --- |
| deep shade | 27.0 | 0.5 |
| partial shade | 41.0 | 0.8 |
| open sun | 32.0 | 0.7 |
| reflected sun | 86.0 | 2.1 |","Expected graph: categorical point-with-whisker or bar-with-whisker graph; x-axis treatment category in table order; y-axis stomatal density (stomata/mm^2). Required criteria: REPRESENTATION_TYPE, CATEGORY_IDENTITY, Y_UNIT, Y_SCALE, PLOT_VALUES, UNCERTAINTY_MARKS.",AP Biology|data analysis|experimental design|graph construction,leaf pore density|categorical comparison|SEM error bars,"[{""Mean stomatal density (stomata/mm^2)"": 27.0, ""SEM (stomata/mm^2)"": 0.5, ""Treatment"": ""deep shade""}, {""Mean stomatal density (stomata/mm^2)"": 41.0, ""SEM (stomata/mm^2)"": 0.8, ""Treatment"": ""partial shade""}, {""Mean stomatal density (stomata/mm^2)"": 32.0, ""SEM (stomata/mm^2)"": 0.7, ""Treatment"": ""open sun""}, {""Mean stomatal density (stomata/mm^2)"": 86.0, ""SEM (stomata/mm^2)"": 2.1, ""Treatment"": ""reflected sun""}]","{""accepted_variants"": [""points with whiskers"", ""bars with whiskers""], ""representation"": ""categorical point-with-whisker or bar-with-whisker graph"", ""required_uncertainty"": ""symmetric plus/minus one SEM bars"", ""x_axis"": ""treatment category in table order"", ""y_axis"": ""stomatal density (stomata/mm^2)""}","[{""criterion_id"": ""REPRESENTATION_TYPE"", ""met_rule"": ""Uses accepted categorical graph representation.""}, {""criterion_id"": ""CATEGORY_IDENTITY"", ""met_rule"": ""All four treatments are identifiable in table order or clearly mapped.""}, {""criterion_id"": ""Y_UNIT"", ""met_rule"": ""Y-axis includes the required variable and unit.""}, {""criterion_id"": ""Y_SCALE"", ""met_rule"": ""Y-scale is interpretable and can represent all means and SEM bars.""}, {""criterion_id"": ""PLOT_VALUES"", ""met_rule"": ""All four means are plotted at recoverable positions.""}, {""criterion_id"": ""UNCERTAINTY_MARKS"", ""met_rule"": ""Each mean has centered symmetric plus/minus SEM bars.""}]","{""item_seed"": 1031, ""method"": ""seeded_replicate_v2"", ""model"": ""categorical_independent_conditions"", ""points"": [{""category"": ""deep shade"", ""displayed_mean"": 27.0, ""displayed_sem"": 0.5, ""raw_replicate_mean"": 27.6, ""raw_replicate_sem"": 0.479, ""replicates"": [27.4, 26.9, 28.2, 26.4, 29.1], ""true_model_value"": 27.0}, {""category"": ""partial shade"", ""displayed_mean"": 41.0, ""displayed_sem"": 0.8, ""raw_replicate_mean"": 40.64, ""raw_replicate_sem"": 0.771, ""replicates"": [42.5, 40.3, 41.8, 40.6, 38.0], ""true_model_value"": 41.0}, {""category"": ""open sun"", ""displayed_mean"": 32.0, ""displayed_sem"": 0.7, ""raw_replicate_mean"": 32.24, ""raw_replicate_sem"": 0.712, ""replicates"": [31.0, 33.4, 32.4, 30.3, 34.1], ""true_model_value"": 32.0}, {""category"": ""reflected sun"", ""displayed_mean"": 86.0, ""displayed_sem"": 2.1, ""raw_replicate_mean"": 81.74, ""raw_replicate_sem"": 2.124, ""replicates"": [79.0, 89.5, 81.7, 81.5, 77.0], ""true_model_value"": 86.0}], ""replicate_n"": 5}",independently_authored_synthetic_research_seed_unverified,Research seed for hand-drawn graph capture and reviewer evaluation. Do not expose criterion definitions to the person drawing the graph.
HDG-2026-P2-CAT-033,v0.2-research-seed,frq,short,canonical_answer,categorical_comparison_supplied_uncertainty,,HDG-2026-P2-CAT-033__response-01.jpg,"Researchers measured membrane leakage for four treatment groups. Use the data table to construct a graph that compares the group means. Include a categorical x-axis with the treatments in table order, a y-axis labeled with units, plotted means, and symmetric error bars showing plus or minus one SEM.

Write the item ID HDG-2026-P2-CAT-033 at the top of your page.

| Treatment | Mean conductivity after 10 min (uS/cm) | SEM (uS/cm) |
| --- | --- | --- |
| isotonic | 30.0 | 0.4 |
| mild salt | 66.0 | 1.6 |
| moderate salt | 40.0 | 1.8 |
| high salt | 74.0 | 2.2 |","Expected graph: categorical point-with-whisker or bar-with-whisker graph; x-axis treatment category in table order; y-axis conductivity after 10 min (uS/cm). Required criteria: REPRESENTATION_TYPE, CATEGORY_IDENTITY, Y_UNIT, Y_SCALE, PLOT_VALUES, UNCERTAINTY_MARKS.",AP Biology|data analysis|experimental design|graph construction,membrane leakage|categorical comparison|SEM error bars,"[{""Mean conductivity after 10 min (uS/cm)"": 30.0, ""SEM (uS/cm)"": 0.4, ""Treatment"": ""isotonic""}, {""Mean conductivity after 10 min (uS/cm)"": 66.0, ""SEM (uS/cm)"": 1.6, ""Treatment"": ""mild salt""}, {""Mean conductivity after 10 min (uS/cm)"": 40.0, ""SEM (uS/cm)"": 1.8, ""Treatment"": ""moderate salt""}, {""Mean conductivity after 10 min (uS/cm)"": 74.0, ""SEM (uS/cm)"": 2.2, ""Treatment"": ""high salt""}]","{""accepted_variants"": [""points with whiskers"", ""bars with whiskers""], ""representation"": ""categorical point-with-whisker or bar-with-whisker graph"", ""required_uncertainty"": ""symmetric plus/minus one SEM bars"", ""x_axis"": ""treatment category in table order"", ""y_axis"": ""conductivity after 10 min (uS/cm)""}","[{""criterion_id"": ""REPRESENTATION_TYPE"", ""met_rule"": ""Uses accepted categorical graph representation.""}, {""criterion_id"": ""CATEGORY_IDENTITY"", ""met_rule"": ""All four treatments are identifiable in table order or clearly mapped.""}, {""criterion_id"": ""Y_UNIT"", ""met_rule"": ""Y-axis includes the required variable and unit.""}, {""criterion_id"": ""Y_SCALE"", ""met_rule"": ""Y-scale is interpretable and can represent all means and SEM bars.""}, {""criterion_id"": ""PLOT_VALUES"", ""met_rule"": ""All four means are plotted at recoverable positions.""}, {""criterion_id"": ""UNCERTAINTY_MARKS"", ""met_rule"": ""Each mean has centered symmetric plus/minus SEM bars.""}]","{""item_seed"": 1032, ""method"": ""seeded_replicate_v2"", ""model"": ""categorical_independent_conditions"", ""points"": [{""category"": ""isotonic"", ""displayed_mean"": 30.0, ""displayed_sem"": 0.4, ""raw_replicate_mean"": 31.32, ""raw_replicate_sem"": 0.361, ""replicates"": [31.1, 30.7, 30.5, 31.9, 32.4], ""true_model_value"": 30.0}, {""category"": ""mild salt"", ""displayed_mean"": 66.0, ""displayed_sem"": 1.6, ""raw_replicate_mean"": 67.16, ""raw_replicate_sem"": 1.647, ""replicates"": [62.6, 71.5, 70.0, 64.6, 67.1], ""true_model_value"": 66.0}, {""category"": ""moderate salt"", ""displayed_mean"": 40.0, ""displayed_sem"": 1.8, ""raw_replicate_mean"": 38.76, ""raw_replicate_sem"": 1.829, ""replicates"": [34.6, 45.5, 39.0, 37.1, 37.6], ""true_model_value"": 40.0}, {""category"": ""high salt"", ""displayed_mean"": 74.0, ""displayed_sem"": 2.2, ""raw_replicate_mean"": 73.48, ""raw_replicate_sem"": 2.224, ""replicates"": [71.6, 80.7, 73.0, 75.0, 67.1], ""true_model_value"": 74.0}], ""replicate_n"": 5}",independently_authored_synthetic_research_seed_unverified,Research seed for hand-drawn graph capture and reviewer evaluation. Do not expose criterion definitions to the person drawing the graph.
HDG-2026-P2-CAT-034,v0.2-research-seed,frq,short,canonical_answer,categorical_comparison_supplied_uncertainty,,HDG-2026-P2-CAT-034__response-01.jpg,"Researchers measured root tip mitosis for four treatment groups. Use the data table to construct a graph that compares the group means. Include a categorical x-axis with the treatments in table order, a y-axis labeled with units, plotted means, and symmetric error bars showing plus or minus one SEM.

Write the item ID HDG-2026-P2-CAT-034 at the top of your page.

| Treatment | Mean mitotic cells (%) | SEM (%) |
| --- | --- | --- |
| cool | 17.0 | 0.3 |
| room temp | 46.0 | 0.8 |
| warm | 11.0 | 0.3 |
| heat stress | 24.0 | 0.4 |","Expected graph: categorical point-with-whisker or bar-with-whisker graph; x-axis treatment category in table order; y-axis mitotic cells (%). Required criteria: REPRESENTATION_TYPE, CATEGORY_IDENTITY, Y_UNIT, Y_SCALE, PLOT_VALUES, UNCERTAINTY_MARKS.",AP Biology|data analysis|experimental design|graph construction,root tip mitosis|categorical comparison|SEM error bars,"[{""Mean mitotic cells (%)"": 17.0, ""SEM (%)"": 0.3, ""Treatment"": ""cool""}, {""Mean mitotic cells (%)"": 46.0, ""SEM (%)"": 0.8, ""Treatment"": ""room temp""}, {""Mean mitotic cells (%)"": 11.0, ""SEM (%)"": 0.3, ""Treatment"": ""warm""}, {""Mean mitotic cells (%)"": 24.0, ""SEM (%)"": 0.4, ""Treatment"": ""heat stress""}]","{""accepted_variants"": [""points with whiskers"", ""bars with whiskers""], ""representation"": ""categorical point-with-whisker or bar-with-whisker graph"", ""required_uncertainty"": ""symmetric plus/minus one SEM bars"", ""x_axis"": ""treatment category in table order"", ""y_axis"": ""mitotic cells (%)""}","[{""criterion_id"": ""REPRESENTATION_TYPE"", ""met_rule"": ""Uses accepted categorical graph representation.""}, {""criterion_id"": ""CATEGORY_IDENTITY"", ""met_rule"": ""All four treatments are identifiable in table order or clearly mapped.""}, {""criterion_id"": ""Y_UNIT"", ""met_rule"": ""Y-axis includes the required variable and unit.""}, {""criterion_id"": ""Y_SCALE"", ""met_rule"": ""Y-scale is interpretable and can represent all means and SEM bars.""}, {""criterion_id"": ""PLOT_VALUES"", ""met_rule"": ""All four means are plotted at recoverable positions.""}, {""criterion_id"": ""UNCERTAINTY_MARKS"", ""met_rule"": ""Each mean has centered symmetric plus/minus SEM bars.""}]","{""item_seed"": 1033, ""method"": ""seeded_replicate_v2"", ""model"": ""categorical_independent_conditions"", ""points"": [{""category"": ""cool"", ""displayed_mean"": 17.0, ""displayed_sem"": 0.3, ""raw_replicate_mean"": 16.44, ""raw_replicate_sem"": 0.277, ""replicates"": [16.5, 15.7, 17.4, 16.2, 16.4], ""true_model_value"": 17.0}, {""category"": ""room temp"", ""displayed_mean"": 46.0, ""displayed_sem"": 0.8, ""raw_replicate_mean"": 46.1, ""raw_replicate_sem"": 0.828, ""replicates"": [48.4, 46.5, 45.7, 46.6, 43.3], ""true_model_value"": 46.0}, {""category"": ""warm"", ""displayed_mean"": 11.0, ""displayed_sem"": 0.3, ""raw_replicate_mean"": 11.24, ""raw_replicate_sem"": 0.238, ""replicates"": [11.8, 10.8, 10.7, 11.1, 11.8], ""true_model_value"": 11.0}, {""category"": ""heat stress"", ""displayed_mean"": 24.0, ""displayed_sem"": 0.4, ""raw_replicate_mean"": 25.08, ""raw_replicate_sem"": 0.436, ""replicates"": [23.5, 25.3, 24.9, 25.7, 26.0], ""true_model_value"": 24.0}], ""replicate_n"": 5}",independently_authored_synthetic_research_seed_unverified,Research seed for hand-drawn graph capture and reviewer evaluation. Do not expose criterion definitions to the person drawing the graph.
HDG-2026-P2-CAT-035,v0.2-research-seed,frq,short,canonical_answer,categorical_comparison_supplied_uncertainty,,HDG-2026-P2-CAT-035__response-01.jpg,"Researchers measured enzyme product for four treatment groups. Use the data table to construct a graph that compares the group means. Include a categorical x-axis with the treatments in table order, a y-axis labeled with units, plotted means, and symmetric error bars showing plus or minus one SEM.

Write the item ID HDG-2026-P2-CAT-035 at the top of your page.

| Treatment | Mean product formed in 5 min (umol) | SEM (umol) |
| --- | --- | --- |
| pH 5 | 49.0 | 0.6 |
| pH 6 | 76.0 | 1.4 |
| pH 7 | 19.0 | 0.3 |
| pH 8 | 59.0 | 1.3 |","Expected graph: categorical point-with-whisker or bar-with-whisker graph; x-axis treatment category in table order; y-axis product formed in 5 min (umol). Required criteria: REPRESENTATION_TYPE, CATEGORY_IDENTITY, Y_UNIT, Y_SCALE, PLOT_VALUES, UNCERTAINTY_MARKS.",AP Biology|data analysis|experimental design|graph construction,enzyme product|categorical comparison|SEM error bars,"[{""Mean product formed in 5 min (umol)"": 49.0, ""SEM (umol)"": 0.6, ""Treatment"": ""pH 5""}, {""Mean product formed in 5 min (umol)"": 76.0, ""SEM (umol)"": 1.4, ""Treatment"": ""pH 6""}, {""Mean product formed in 5 min (umol)"": 19.0, ""SEM (umol)"": 0.3, ""Treatment"": ""pH 7""}, {""Mean product formed in 5 min (umol)"": 59.0, ""SEM (umol)"": 1.3, ""Treatment"": ""pH 8""}]","{""accepted_variants"": [""points with whiskers"", ""bars with whiskers""], ""representation"": ""categorical point-with-whisker or bar-with-whisker graph"", ""required_uncertainty"": ""symmetric plus/minus one SEM bars"", ""x_axis"": ""treatment category in table order"", ""y_axis"": ""product formed in 5 min (umol)""}","[{""criterion_id"": ""REPRESENTATION_TYPE"", ""met_rule"": ""Uses accepted categorical graph representation.""}, {""criterion_id"": ""CATEGORY_IDENTITY"", ""met_rule"": ""All four treatments are identifiable in table order or clearly mapped.""}, {""criterion_id"": ""Y_UNIT"", ""met_rule"": ""Y-axis includes the required variable and unit.""}, {""criterion_id"": ""Y_SCALE"", ""met_rule"": ""Y-scale is interpretable and can represent all means and SEM bars.""}, {""criterion_id"": ""PLOT_VALUES"", ""met_rule"": ""All four means are plotted at recoverable positions.""}, {""criterion_id"": ""UNCERTAINTY_MARKS"", ""met_rule"": ""Each mean has centered symmetric plus/minus SEM bars.""}]","{""item_seed"": 1034, ""method"": ""seeded_replicate_v2"", ""model"": ""categorical_independent_conditions"", ""points"": [{""category"": ""pH 5"", ""displayed_mean"": 49.0, ""displayed_sem"": 0.6, ""raw_replicate_mean"": 48.8, ""raw_replicate_sem"": 0.594, ""replicates"": [49.0, 47.8, 49.2, 50.7, 47.3], ""true_model_value"": 49.0}, {""category"": ""pH 6"", ""displayed_mean"": 76.0, ""displayed_sem"": 1.4, ""raw_replicate_mean"": 77.96, ""raw_replicate_sem"": 1.424, ""replicates"": [77.6, 74.8, 83.3, 76.7, 77.4], ""true_model_value"": 76.0}, {""category"": ""pH 7"", ""displayed_mean"": 19.0, ""displayed_sem"": 0.3, ""raw_replicate_mean"": 18.3, ""raw_replicate_sem"": 0.292, ""replicates"": [18.1, 17.5, 18.4, 18.2, 19.3], ""true_model_value"": 19.0}, {""category"": ""pH 8"", ""displayed_mean"": 59.0, ""displayed_sem"": 1.3, ""raw_replicate_mean"": 57.56, ""raw_replicate_sem"": 1.266, ""replicates"": [61.3, 54.7, 59.0, 54.8, 58.0], ""true_model_value"": 59.0}], ""replicate_n"": 5}",independently_authored_synthetic_research_seed_unverified,Research seed for hand-drawn graph capture and reviewer evaluation. Do not expose criterion definitions to the person drawing the graph.
HDG-2026-P2-CAT-036,v0.2-research-seed,frq,short,canonical_answer,categorical_comparison_supplied_uncertainty,,HDG-2026-P2-CAT-036__response-01.jpg,"Researchers measured seed germination for four treatment groups. Use the data table to construct a graph that compares the group means. Include a categorical x-axis with the treatments in table order, a y-axis labeled with units, plotted means, and symmetric error bars showing plus or minus one SEM.

Write the item ID HDG-2026-P2-CAT-036 at the top of your page.

| Treatment | Mean germination (%) | SEM (%) |
| --- | --- | --- |
| dark | 62.0 | 1.1 |
| red light | 33.0 | 0.7 |
| blue light | 73.0 | 1.5 |
| white light | 38.0 | 1.5 |","Expected graph: categorical point-with-whisker or bar-with-whisker graph; x-axis treatment category in table order; y-axis germination (%). Required criteria: REPRESENTATION_TYPE, CATEGORY_IDENTITY, Y_UNIT, Y_SCALE, PLOT_VALUES, UNCERTAINTY_MARKS.",AP Biology|data analysis|experimental design|graph construction,seed germination|categorical comparison|SEM error bars,"[{""Mean germination (%)"": 62.0, ""SEM (%)"": 1.1, ""Treatment"": ""dark""}, {""Mean germination (%)"": 33.0, ""SEM (%)"": 0.7, ""Treatment"": ""red light""}, {""Mean germination (%)"": 73.0, ""SEM (%)"": 1.5, ""Treatment"": ""blue light""}, {""Mean germination (%)"": 38.0, ""SEM (%)"": 1.5, ""Treatment"": ""white light""}]","{""accepted_variants"": [""points with whiskers"", ""bars with whiskers""], ""representation"": ""categorical point-with-whisker or bar-with-whisker graph"", ""required_uncertainty"": ""symmetric plus/minus one SEM bars"", ""x_axis"": ""treatment category in table order"", ""y_axis"": ""germination (%)""}","[{""criterion_id"": ""REPRESENTATION_TYPE"", ""met_rule"": ""Uses accepted categorical graph representation.""}, {""criterion_id"": ""CATEGORY_IDENTITY"", ""met_rule"": ""All four treatments are identifiable in table order or clearly mapped.""}, {""criterion_id"": ""Y_UNIT"", ""met_rule"": ""Y-axis includes the required variable and unit.""}, {""criterion_id"": ""Y_SCALE"", ""met_rule"": ""Y-scale is interpretable and can represent all means and SEM bars.""}, {""criterion_id"": ""PLOT_VALUES"", ""met_rule"": ""All four means are plotted at recoverable positions.""}, {""criterion_id"": ""UNCERTAINTY_MARKS"", ""met_rule"": ""Each mean has centered symmetric plus/minus SEM bars.""}]","{""item_seed"": 1035, ""method"": ""seeded_replicate_v2"", ""model"": ""categorical_independent_conditions"", ""points"": [{""category"": ""dark"", ""displayed_mean"": 62.0, ""displayed_sem"": 1.1, ""raw_replicate_mean"": 61.68, ""raw_replicate_sem"": 1.138, ""replicates"": [61.8, 60.8, 61.4, 65.7, 58.7], ""true_model_value"": 62.0}, {""category"": ""red light"", ""displayed_mean"": 33.0, ""displayed_sem"": 0.7, ""raw_replicate_mean"": 33.66, ""raw_replicate_sem"": 0.733, ""replicates"": [32.1, 35.0, 32.0, 33.6, 35.6], ""true_model_value"": 33.0}, {""category"": ""blue light"", ""displayed_mean"": 73.0, ""displayed_sem"": 1.5, ""raw_replicate_mean"": 73.1, ""raw_replicate_sem"": 1.472, ""replicates"": [70.0, 77.6, 71.7, 75.5, 70.7], ""true_model_value"": 73.0}, {""category"": ""white light"", ""displayed_mean"": 38.0, ""displayed_sem"": 1.5, ""raw_replicate_mean"": 36.96, ""raw_replicate_sem"": 1.507, ""replicates"": [34.2, 33.7, 35.9, 41.2, 39.8], ""true_model_value"": 38.0}], ""replicate_n"": 5}",independently_authored_synthetic_research_seed_unverified,Research seed for hand-drawn graph capture and reviewer evaluation. Do not expose criterion definitions to the person drawing the graph.
HDG-2026-P2-CAT-037,v0.2-research-seed,frq,short,canonical_answer,categorical_comparison_supplied_uncertainty,,HDG-2026-P2-CAT-037__response-01.jpg,"Researchers measured yeast respiration for four treatment groups. Use the data table to construct a graph that compares the group means. Include a categorical x-axis with the treatments in table order, a y-axis labeled with units, plotted means, and symmetric error bars showing plus or minus one SEM.

Write the item ID HDG-2026-P2-CAT-037 at the top of your page.

| Treatment | Mean CO2 produced (mL) | SEM (mL) |
| --- | --- | --- |
| no sugar | 33.0 | 0.8 |
| glucose | 8.0 | 0.3 |
| sucrose | 55.0 | 1.2 |
| starch | 16.0 | 0.3 |","Expected graph: categorical point-with-whisker or bar-with-whisker graph; x-axis treatment category in table order; y-axis CO2 produced (mL). Required criteria: REPRESENTATION_TYPE, CATEGORY_IDENTITY, Y_UNIT, Y_SCALE, PLOT_VALUES, UNCERTAINTY_MARKS.",AP Biology|data analysis|experimental design|graph construction,yeast respiration|categorical comparison|SEM error bars,"[{""Mean CO2 produced (mL)"": 33.0, ""SEM (mL)"": 0.8, ""Treatment"": ""no sugar""}, {""Mean CO2 produced (mL)"": 8.0, ""SEM (mL)"": 0.3, ""Treatment"": ""glucose""}, {""Mean CO2 produced (mL)"": 55.0, ""SEM (mL)"": 1.2, ""Treatment"": ""sucrose""}, {""Mean CO2 produced (mL)"": 16.0, ""SEM (mL)"": 0.3, ""Treatment"": ""starch""}]","{""accepted_variants"": [""points with whiskers"", ""bars with whiskers""], ""representation"": ""categorical point-with-whisker or bar-with-whisker graph"", ""required_uncertainty"": ""symmetric plus/minus one SEM bars"", ""x_axis"": ""treatment category in table order"", ""y_axis"": ""CO2 produced (mL)""}","[{""criterion_id"": ""REPRESENTATION_TYPE"", ""met_rule"": ""Uses accepted categorical graph representation.""}, {""criterion_id"": ""CATEGORY_IDENTITY"", ""met_rule"": ""All four treatments are identifiable in table order or clearly mapped.""}, {""criterion_id"": ""Y_UNIT"", ""met_rule"": ""Y-axis includes the required variable and unit.""}, {""criterion_id"": ""Y_SCALE"", ""met_rule"": ""Y-scale is interpretable and can represent all means and SEM bars.""}, {""criterion_id"": ""PLOT_VALUES"", ""met_rule"": ""All four means are plotted at recoverable positions.""}, {""criterion_id"": ""UNCERTAINTY_MARKS"", ""met_rule"": ""Each mean has centered symmetric plus/minus SEM bars.""}]","{""item_seed"": 1036, ""method"": ""seeded_replicate_v2"", ""model"": ""categorical_independent_conditions"", ""points"": [{""category"": ""no sugar"", ""displayed_mean"": 33.0, ""displayed_sem"": 0.8, ""raw_replicate_mean"": 33.18, ""raw_replicate_sem"": 0.814, ""replicates"": [34.4, 33.3, 30.9, 35.4, 31.9], ""true_model_value"": 33.0}, {""category"": ""glucose"", ""displayed_mean"": 8.0, ""displayed_sem"": 0.3, ""raw_replicate_mean"": 7.94, ""raw_replicate_sem"": 0.33, ""replicates"": [7.5, 7.8, 7.1, 8.3, 9.0], ""true_model_value"": 8.0}, {""category"": ""sucrose"", ""displayed_mean"": 55.0, ""displayed_sem"": 1.2, ""raw_replicate_mean"": 53.7, ""raw_replicate_sem"": 1.197, ""replicates"": [54.1, 50.0, 53.8, 57.5, 53.1], ""true_model_value"": 55.0}, {""category"": ""starch"", ""displayed_mean"": 16.0, ""displayed_sem"": 0.3, ""raw_replicate_mean"": 16.02, ""raw_replicate_sem"": 0.208, ""replicates"": [15.8, 16.3, 16.4, 16.3, 15.3], ""true_model_value"": 16.0}], ""replicate_n"": 5}",independently_authored_synthetic_research_seed_unverified,Research seed for hand-drawn graph capture and reviewer evaluation. Do not expose criterion definitions to the person drawing the graph.
HDG-2026-P2-CAT-038,v0.2-research-seed,frq,short,canonical_answer,categorical_comparison_supplied_uncertainty,,HDG-2026-P2-CAT-038__response-01.jpg,"Researchers measured chloroplast settling for four treatment groups. Use the data table to construct a graph that compares the group means. Include a categorical x-axis with the treatments in table order, a y-axis labeled with units, plotted means, and symmetric error bars showing plus or minus one SEM.

Write the item ID HDG-2026-P2-CAT-038 at the top of your page.

| Treatment | Mean green layer thickness (mm) | SEM (mm) |
| --- | --- | --- |
| control | 25.0 | 0.4 |
| low salt | 31.0 | 0.9 |
| medium salt | 40.0 | 0.4 |
| high salt | 44.0 | 1.2 |","Expected graph: categorical point-with-whisker or bar-with-whisker graph; x-axis treatment category in table order; y-axis green layer thickness (mm). Required criteria: REPRESENTATION_TYPE, CATEGORY_IDENTITY, Y_UNIT, Y_SCALE, PLOT_VALUES, UNCERTAINTY_MARKS.",AP Biology|data analysis|experimental design|graph construction,chloroplast settling|categorical comparison|SEM error bars,"[{""Mean green layer thickness (mm)"": 25.0, ""SEM (mm)"": 0.4, ""Treatment"": ""control""}, {""Mean green layer thickness (mm)"": 31.0, ""SEM (mm)"": 0.9, ""Treatment"": ""low salt""}, {""Mean green layer thickness (mm)"": 40.0, ""SEM (mm)"": 0.4, ""Treatment"": ""medium salt""}, {""Mean green layer thickness (mm)"": 44.0, ""SEM (mm)"": 1.2, ""Treatment"": ""high salt""}]","{""accepted_variants"": [""points with whiskers"", ""bars with whiskers""], ""representation"": ""categorical point-with-whisker or bar-with-whisker graph"", ""required_uncertainty"": ""symmetric plus/minus one SEM bars"", ""x_axis"": ""treatment category in table order"", ""y_axis"": ""green layer thickness (mm)""}","[{""criterion_id"": ""REPRESENTATION_TYPE"", ""met_rule"": ""Uses accepted categorical graph representation.""}, {""criterion_id"": ""CATEGORY_IDENTITY"", ""met_rule"": ""All four treatments are identifiable in table order or clearly mapped.""}, {""criterion_id"": ""Y_UNIT"", ""met_rule"": ""Y-axis includes the required variable and unit.""}, {""criterion_id"": ""Y_SCALE"", ""met_rule"": ""Y-scale is interpretable and can represent all means and SEM bars.""}, {""criterion_id"": ""PLOT_VALUES"", ""met_rule"": ""All four means are plotted at recoverable positions.""}, {""criterion_id"": ""UNCERTAINTY_MARKS"", ""met_rule"": ""Each mean has centered symmetric plus/minus SEM bars.""}]","{""item_seed"": 1037, ""method"": ""seeded_replicate_v2"", ""model"": ""categorical_independent_conditions"", ""points"": [{""category"": ""control"", ""displayed_mean"": 25.0, ""displayed_sem"": 0.4, ""raw_replicate_mean"": 25.56, ""raw_replicate_sem"": 0.407, ""replicates"": [25.3, 26.1, 25.9, 26.4, 24.1], ""true_model_value"": 25.0}, {""category"": ""low salt"", ""displayed_mean"": 31.0, ""displayed_sem"": 0.9, ""raw_replicate_mean"": 30.94, ""raw_replicate_sem"": 0.921, ""replicates"": [32.3, 27.9, 30.4, 30.8, 33.3], ""true_model_value"": 31.0}, {""category"": ""medium salt"", ""displayed_mean"": 40.0, ""displayed_sem"": 0.4, ""raw_replicate_mean"": 40.3, ""raw_replicate_sem"": 0.447, ""replicates"": [41.0, 39.3, 39.2, 41.4, 40.6], ""true_model_value"": 40.0}, {""category"": ""high salt"", ""displayed_mean"": 44.0, ""displayed_sem"": 1.2, ""raw_replicate_mean"": 43.88, ""raw_replicate_sem"": 1.16, ""replicates"": [40.5, 46.1, 46.5, 42.0, 44.3], ""true_model_value"": 44.0}], ""replicate_n"": 5}",independently_authored_synthetic_research_seed_unverified,Research seed for hand-drawn graph capture and reviewer evaluation. Do not expose criterion definitions to the person drawing the graph.
HDG-2026-P2-CAT-039,v0.2-research-seed,frq,short,canonical_answer,categorical_comparison_supplied_uncertainty,,HDG-2026-P2-CAT-039__response-01.jpg,"Researchers measured callus growth for four treatment groups. Use the data table to construct a graph that compares the group means. Include a categorical x-axis with the treatments in table order, a y-axis labeled with units, plotted means, and symmetric error bars showing plus or minus one SEM.

Write the item ID HDG-2026-P2-CAT-039 at the top of your page.

| Treatment | Mean mass gain (mg) | SEM (mg) |
| --- | --- | --- |
| no auxin | 39.0 | 0.7 |
| low auxin | 29.0 | 1.2 |
| medium auxin | 85.0 | 2.0 |
| high auxin | 74.0 | 1.2 |","Expected graph: categorical point-with-whisker or bar-with-whisker graph; x-axis treatment category in table order; y-axis mass gain (mg). Required criteria: REPRESENTATION_TYPE, CATEGORY_IDENTITY, Y_UNIT, Y_SCALE, PLOT_VALUES, UNCERTAINTY_MARKS.",AP Biology|data analysis|experimental design|graph construction,callus growth|categorical comparison|SEM error bars,"[{""Mean mass gain (mg)"": 39.0, ""SEM (mg)"": 0.7, ""Treatment"": ""no auxin""}, {""Mean mass gain (mg)"": 29.0, ""SEM (mg)"": 1.2, ""Treatment"": ""low auxin""}, {""Mean mass gain (mg)"": 85.0, ""SEM (mg)"": 2.0, ""Treatment"": ""medium auxin""}, {""Mean mass gain (mg)"": 74.0, ""SEM (mg)"": 1.2, ""Treatment"": ""high auxin""}]","{""accepted_variants"": [""points with whiskers"", ""bars with whiskers""], ""representation"": ""categorical point-with-whisker or bar-with-whisker graph"", ""required_uncertainty"": ""symmetric plus/minus one SEM bars"", ""x_axis"": ""treatment category in table order"", ""y_axis"": ""mass gain (mg)""}","[{""criterion_id"": ""REPRESENTATION_TYPE"", ""met_rule"": ""Uses accepted categorical graph representation.""}, {""criterion_id"": ""CATEGORY_IDENTITY"", ""met_rule"": ""All four treatments are identifiable in table order or clearly mapped.""}, {""criterion_id"": ""Y_UNIT"", ""met_rule"": ""Y-axis includes the required variable and unit.""}, {""criterion_id"": ""Y_SCALE"", ""met_rule"": ""Y-scale is interpretable and can represent all means and SEM bars.""}, {""criterion_id"": ""PLOT_VALUES"", ""met_rule"": ""All four means are plotted at recoverable positions.""}, {""criterion_id"": ""UNCERTAINTY_MARKS"", ""met_rule"": ""Each mean has centered symmetric plus/minus SEM bars.""}]","{""item_seed"": 1038, ""method"": ""seeded_replicate_v2"", ""model"": ""categorical_independent_conditions"", ""points"": [{""category"": ""no auxin"", ""displayed_mean"": 39.0, ""displayed_sem"": 0.7, ""raw_replicate_mean"": 39.44, ""raw_replicate_sem"": 0.717, ""replicates"": [37.7, 38.0, 40.0, 41.6, 39.9], ""true_model_value"": 39.0}, {""category"": ""low auxin"", ""displayed_mean"": 29.0, ""displayed_sem"": 1.2, ""raw_replicate_mean"": 28.5, ""raw_replicate_sem"": 1.248, ""replicates"": [23.9, 30.2, 29.7, 27.9, 30.8], ""true_model_value"": 29.0}, {""category"": ""medium auxin"", ""displayed_mean"": 85.0, ""displayed_sem"": 2.0, ""raw_replicate_mean"": 84.64, ""raw_replicate_sem"": 1.975, ""replicates"": [77.7, 83.1, 88.6, 87.8, 86.0], ""true_model_value"": 85.0}, {""category"": ""high auxin"", ""displayed_mean"": 74.0, ""displayed_sem"": 1.2, ""raw_replicate_mean"": 72.18, ""raw_replicate_sem"": 1.191, ""replicates"": [72.0, 71.2, 70.3, 70.6, 76.8], ""true_model_value"": 74.0}], ""replicate_n"": 5}",independently_authored_synthetic_research_seed_unverified,Research seed for hand-drawn graph capture and reviewer evaluation. Do not expose criterion definitions to the person drawing the graph.
HDG-2026-P2-CAT-040,v0.2-research-seed,frq,short,canonical_answer,categorical_comparison_supplied_uncertainty,,HDG-2026-P2-CAT-040__response-01.jpg,"Researchers measured water loss for four treatment groups. Use the data table to construct a graph that compares the group means. Include a categorical x-axis with the treatments in table order, a y-axis labeled with units, plotted means, and symmetric error bars showing plus or minus one SEM.

Write the item ID HDG-2026-P2-CAT-040 at the top of your page.

| Treatment | Mean mass lost in 30 min (mg) | SEM (mg) |
| --- | --- | --- |
| still air | 36.0 | 1.1 |
| fan low | 62.0 | 1.7 |
| fan medium | 26.0 | 0.9 |
| fan high | 48.0 | 0.7 |","Expected graph: categorical point-with-whisker or bar-with-whisker graph; x-axis treatment category in table order; y-axis mass lost in 30 min (mg). Required criteria: REPRESENTATION_TYPE, CATEGORY_IDENTITY, Y_UNIT, Y_SCALE, PLOT_VALUES, UNCERTAINTY_MARKS.",AP Biology|data analysis|experimental design|graph construction,water loss|categorical comparison|SEM error bars,"[{""Mean mass lost in 30 min (mg)"": 36.0, ""SEM (mg)"": 1.1, ""Treatment"": ""still air""}, {""Mean mass lost in 30 min (mg)"": 62.0, ""SEM (mg)"": 1.7, ""Treatment"": ""fan low""}, {""Mean mass lost in 30 min (mg)"": 26.0, ""SEM (mg)"": 0.9, ""Treatment"": ""fan medium""}, {""Mean mass lost in 30 min (mg)"": 48.0, ""SEM (mg)"": 0.7, ""Treatment"": ""fan high""}]","{""accepted_variants"": [""points with whiskers"", ""bars with whiskers""], ""representation"": ""categorical point-with-whisker or bar-with-whisker graph"", ""required_uncertainty"": ""symmetric plus/minus one SEM bars"", ""x_axis"": ""treatment category in table order"", ""y_axis"": ""mass lost in 30 min (mg)""}","[{""criterion_id"": ""REPRESENTATION_TYPE"", ""met_rule"": ""Uses accepted categorical graph representation.""}, {""criterion_id"": ""CATEGORY_IDENTITY"", ""met_rule"": ""All four treatments are identifiable in table order or clearly mapped.""}, {""criterion_id"": ""Y_UNIT"", ""met_rule"": ""Y-axis includes the required variable and unit.""}, {""criterion_id"": ""Y_SCALE"", ""met_rule"": ""Y-scale is interpretable and can represent all means and SEM bars.""}, {""criterion_id"": ""PLOT_VALUES"", ""met_rule"": ""All four means are plotted at recoverable positions.""}, {""criterion_id"": ""UNCERTAINTY_MARKS"", ""met_rule"": ""Each mean has centered symmetric plus/minus SEM bars.""}]","{""item_seed"": 1039, ""method"": ""seeded_replicate_v2"", ""model"": ""categorical_independent_conditions"", ""points"": [{""category"": ""still air"", ""displayed_mean"": 36.0, ""displayed_sem"": 1.1, ""raw_replicate_mean"": 36.22, ""raw_replicate_sem"": 1.132, ""replicates"": [38.2, 37.9, 37.4, 32.1, 35.5], ""true_model_value"": 36.0}, {""category"": ""fan low"", ""displayed_mean"": 62.0, ""displayed_sem"": 1.7, ""raw_replicate_mean"": 61.92, ""raw_replicate_sem"": 1.717, ""replicates"": [64.4, 64.2, 63.4, 62.4, 55.2], ""true_model_value"": 62.0}, {""category"": ""fan medium"", ""displayed_mean"": 26.0, ""displayed_sem"": 0.9, ""raw_replicate_mean"": 26.38, ""raw_replicate_sem"": 0.927, ""replicates"": [28.5, 25.2, 23.5, 26.6, 28.1], ""true_model_value"": 26.0}, {""category"": ""fan high"", ""displayed_mean"": 48.0, ""displayed_sem"": 0.7, ""raw_replicate_mean"": 48.22, ""raw_replicate_sem"": 0.672, ""replicates"": [48.1, 48.3, 45.8, 49.2, 49.7], ""true_model_value"": 48.0}], ""replicate_n"": 5}",independently_authored_synthetic_research_seed_unverified,Research seed for hand-drawn graph capture and reviewer evaluation. Do not expose criterion definitions to the person drawing the graph.
HDG-2026-P2-CAT-041,v0.2-research-seed,frq,short,canonical_answer,categorical_comparison_supplied_uncertainty,,HDG-2026-P2-CAT-041__response-01.jpg,"Researchers measured chlorophyll absorbance for four treatment groups. Use the data table to construct a graph that compares the group means. Include a categorical x-axis with the treatments in table order, a y-axis labeled with units, plotted means, and symmetric error bars showing plus or minus one SEM.

Write the item ID HDG-2026-P2-CAT-041 at the top of your page.

| Treatment | Mean absorbance at 540 nm (a.u.) | SEM (a.u.) |
| --- | --- | --- |
| low blue | 66.0 | 1.5 |
| moderate blue | 48.0 | 1.2 |
| high blue | 39.0 | 0.6 |
| mixed light | 23.0 | 0.5 |","Expected graph: categorical point-with-whisker or bar-with-whisker graph; x-axis treatment category in table order; y-axis absorbance at 540 nm (a.u.). Required criteria: REPRESENTATION_TYPE, CATEGORY_IDENTITY, Y_UNIT, Y_SCALE, PLOT_VALUES, UNCERTAINTY_MARKS.",AP Biology|data analysis|experimental design|graph construction,chlorophyll absorbance|categorical comparison|SEM error bars,"[{""Mean absorbance at 540 nm (a.u.)"": 66.0, ""SEM (a.u.)"": 1.5, ""Treatment"": ""low blue""}, {""Mean absorbance at 540 nm (a.u.)"": 48.0, ""SEM (a.u.)"": 1.2, ""Treatment"": ""moderate blue""}, {""Mean absorbance at 540 nm (a.u.)"": 39.0, ""SEM (a.u.)"": 0.6, ""Treatment"": ""high blue""}, {""Mean absorbance at 540 nm (a.u.)"": 23.0, ""SEM (a.u.)"": 0.5, ""Treatment"": ""mixed light""}]","{""accepted_variants"": [""points with whiskers"", ""bars with whiskers""], ""representation"": ""categorical point-with-whisker or bar-with-whisker graph"", ""required_uncertainty"": ""symmetric plus/minus one SEM bars"", ""x_axis"": ""treatment category in table order"", ""y_axis"": ""absorbance at 540 nm (a.u.)""}","[{""criterion_id"": ""REPRESENTATION_TYPE"", ""met_rule"": ""Uses accepted categorical graph representation.""}, {""criterion_id"": ""CATEGORY_IDENTITY"", ""met_rule"": ""All four treatments are identifiable in table order or clearly mapped.""}, {""criterion_id"": ""Y_UNIT"", ""met_rule"": ""Y-axis includes the required variable and unit.""}, {""criterion_id"": ""Y_SCALE"", ""met_rule"": ""Y-scale is interpretable and can represent all means and SEM bars.""}, {""criterion_id"": ""PLOT_VALUES"", ""met_rule"": ""All four means are plotted at recoverable positions.""}, {""criterion_id"": ""UNCERTAINTY_MARKS"", ""met_rule"": ""Each mean has centered symmetric plus/minus SEM bars.""}]","{""item_seed"": 1040, ""method"": ""seeded_replicate_v2"", ""model"": ""categorical_independent_conditions"", ""points"": [{""category"": ""low blue"", ""displayed_mean"": 66.0, ""displayed_sem"": 1.5, ""raw_replicate_mean"": 66.58, ""raw_replicate_sem"": 1.476, ""replicates"": [61.6, 67.4, 69.5, 69.3, 65.1], ""true_model_value"": 66.0}, {""category"": ""moderate blue"", ""displayed_mean"": 48.0, ""displayed_sem"": 1.2, ""raw_replicate_mean"": 48.96, ""raw_replicate_sem"": 1.169, ""replicates"": [51.6, 46.7, 51.7, 46.2, 48.6], ""true_model_value"": 48.0}, {""category"": ""high blue"", ""displayed_mean"": 39.0, ""displayed_sem"": 0.6, ""raw_replicate_mean"": 39.82, ""raw_replicate_sem"": 0.606, ""replicates"": [40.1, 39.2, 41.1, 40.9, 37.8], ""true_model_value"": 39.0}, {""category"": ""mixed light"", ""displayed_mean"": 23.0, ""displayed_sem"": 0.5, ""raw_replicate_mean"": 22.92, ""raw_replicate_sem"": 0.504, ""replicates"": [24.1, 23.1, 21.1, 23.5, 22.8], ""true_model_value"": 23.0}], ""replicate_n"": 5}",independently_authored_synthetic_research_seed_unverified,Research seed for hand-drawn graph capture and reviewer evaluation. Do not expose criterion definitions to the person drawing the graph.
HDG-2026-P2-CAT-042,v0.2-research-seed,frq,short,canonical_answer,categorical_comparison_supplied_uncertainty,,HDG-2026-P2-CAT-042__response-01.jpg,"Researchers measured leaf pore density for four treatment groups. Use the data table to construct a graph that compares the group means. Include a categorical x-axis with the treatments in table order, a y-axis labeled with units, plotted means, and symmetric error bars showing plus or minus one SEM.

Write the item ID HDG-2026-P2-CAT-042 at the top of your page.

| Treatment | Mean stomatal density (stomata/mm^2) | SEM (stomata/mm^2) |
| --- | --- | --- |
| deep shade | 65.0 | 0.9 |
| partial shade | 52.0 | 0.9 |
| open sun | 76.0 | 1.6 |
| reflected sun | 72.0 | 1.7 |","Expected graph: categorical point-with-whisker or bar-with-whisker graph; x-axis treatment category in table order; y-axis stomatal density (stomata/mm^2). Required criteria: REPRESENTATION_TYPE, CATEGORY_IDENTITY, Y_UNIT, Y_SCALE, PLOT_VALUES, UNCERTAINTY_MARKS.",AP Biology|data analysis|experimental design|graph construction,leaf pore density|categorical comparison|SEM error bars,"[{""Mean stomatal density (stomata/mm^2)"": 65.0, ""SEM (stomata/mm^2)"": 0.9, ""Treatment"": ""deep shade""}, {""Mean stomatal density (stomata/mm^2)"": 52.0, ""SEM (stomata/mm^2)"": 0.9, ""Treatment"": ""partial shade""}, {""Mean stomatal density (stomata/mm^2)"": 76.0, ""SEM (stomata/mm^2)"": 1.6, ""Treatment"": ""open sun""}, {""Mean stomatal density (stomata/mm^2)"": 72.0, ""SEM (stomata/mm^2)"": 1.7, ""Treatment"": ""reflected sun""}]","{""accepted_variants"": [""points with whiskers"", ""bars with whiskers""], ""representation"": ""categorical point-with-whisker or bar-with-whisker graph"", ""required_uncertainty"": ""symmetric plus/minus one SEM bars"", ""x_axis"": ""treatment category in table order"", ""y_axis"": ""stomatal density (stomata/mm^2)""}","[{""criterion_id"": ""REPRESENTATION_TYPE"", ""met_rule"": ""Uses accepted categorical graph representation.""}, {""criterion_id"": ""CATEGORY_IDENTITY"", ""met_rule"": ""All four treatments are identifiable in table order or clearly mapped.""}, {""criterion_id"": ""Y_UNIT"", ""met_rule"": ""Y-axis includes the required variable and unit.""}, {""criterion_id"": ""Y_SCALE"", ""met_rule"": ""Y-scale is interpretable and can represent all means and SEM bars.""}, {""criterion_id"": ""PLOT_VALUES"", ""met_rule"": ""All four means are plotted at recoverable positions.""}, {""criterion_id"": ""UNCERTAINTY_MARKS"", ""met_rule"": ""Each mean has centered symmetric plus/minus SEM bars.""}]","{""item_seed"": 1041, ""method"": ""seeded_replicate_v2"", ""model"": ""categorical_independent_conditions"", ""points"": [{""category"": ""deep shade"", ""displayed_mean"": 65.0, ""displayed_sem"": 0.9, ""raw_replicate_mean"": 64.64, ""raw_replicate_sem"": 0.869, ""replicates"": [64.1, 65.1, 65.7, 61.6, 66.7], ""true_model_value"": 65.0}, {""category"": ""partial shade"", ""displayed_mean"": 52.0, ""displayed_sem"": 0.9, ""raw_replicate_mean"": 51.1, ""raw_replicate_sem"": 0.914, ""replicates"": [52.6, 48.6, 53.0, 52.1, 49.2], ""true_model_value"": 52.0}, {""category"": ""open sun"", ""displayed_mean"": 76.0, ""displayed_sem"": 1.6, ""raw_replicate_mean"": 73.26, ""raw_replicate_sem"": 1.595, ""replicates"": [72.0, 71.4, 75.2, 69.3, 78.4], ""true_model_value"": 76.0}, {""category"": ""reflected sun"", ""displayed_mean"": 72.0, ""displayed_sem"": 1.7, ""raw_replicate_mean"": 70.88, ""raw_replicate_sem"": 1.695, ""replicates"": [74.0, 66.4, 74.5, 72.2, 67.3], ""true_model_value"": 72.0}], ""replicate_n"": 5}",independently_authored_synthetic_research_seed_unverified,Research seed for hand-drawn graph capture and reviewer evaluation. Do not expose criterion definitions to the person drawing the graph.
HDG-2026-P2-CAT-043,v0.2-research-seed,frq,short,canonical_answer,categorical_comparison_supplied_uncertainty,,HDG-2026-P2-CAT-043__response-01.jpg,"Researchers measured membrane leakage for four treatment groups. Use the data table to construct a graph that compares the group means. Include a categorical x-axis with the treatments in table order, a y-axis labeled with units, plotted means, and symmetric error bars showing plus or minus one SEM.

Write the item ID HDG-2026-P2-CAT-043 at the top of your page.

| Treatment | Mean conductivity after 10 min (uS/cm) | SEM (uS/cm) |
| --- | --- | --- |
| isotonic | 31.0 | 0.9 |
| mild salt | 65.0 | 1.6 |
| moderate salt | 46.0 | 1.2 |
| high salt | 73.0 | 1.2 |","Expected graph: categorical point-with-whisker or bar-with-whisker graph; x-axis treatment category in table order; y-axis conductivity after 10 min (uS/cm). Required criteria: REPRESENTATION_TYPE, CATEGORY_IDENTITY, Y_UNIT, Y_SCALE, PLOT_VALUES, UNCERTAINTY_MARKS.",AP Biology|data analysis|experimental design|graph construction,membrane leakage|categorical comparison|SEM error bars,"[{""Mean conductivity after 10 min (uS/cm)"": 31.0, ""SEM (uS/cm)"": 0.9, ""Treatment"": ""isotonic""}, {""Mean conductivity after 10 min (uS/cm)"": 65.0, ""SEM (uS/cm)"": 1.6, ""Treatment"": ""mild salt""}, {""Mean conductivity after 10 min (uS/cm)"": 46.0, ""SEM (uS/cm)"": 1.2, ""Treatment"": ""moderate salt""}, {""Mean conductivity after 10 min (uS/cm)"": 73.0, ""SEM (uS/cm)"": 1.2, ""Treatment"": ""high salt""}]","{""accepted_variants"": [""points with whiskers"", ""bars with whiskers""], ""representation"": ""categorical point-with-whisker or bar-with-whisker graph"", ""required_uncertainty"": ""symmetric plus/minus one SEM bars"", ""x_axis"": ""treatment category in table order"", ""y_axis"": ""conductivity after 10 min (uS/cm)""}","[{""criterion_id"": ""REPRESENTATION_TYPE"", ""met_rule"": ""Uses accepted categorical graph representation.""}, {""criterion_id"": ""CATEGORY_IDENTITY"", ""met_rule"": ""All four treatments are identifiable in table order or clearly mapped.""}, {""criterion_id"": ""Y_UNIT"", ""met_rule"": ""Y-axis includes the required variable and unit.""}, {""criterion_id"": ""Y_SCALE"", ""met_rule"": ""Y-scale is interpretable and can represent all means and SEM bars.""}, {""criterion_id"": ""PLOT_VALUES"", ""met_rule"": ""All four means are plotted at recoverable positions.""}, {""criterion_id"": ""UNCERTAINTY_MARKS"", ""met_rule"": ""Each mean has centered symmetric plus/minus SEM bars.""}]","{""item_seed"": 1042, ""method"": ""seeded_replicate_v2"", ""model"": ""categorical_independent_conditions"", ""points"": [{""category"": ""isotonic"", ""displayed_mean"": 31.0, ""displayed_sem"": 0.9, ""raw_replicate_mean"": 31.56, ""raw_replicate_sem"": 0.85, ""replicates"": [31.0, 34.3, 31.8, 29.0, 31.7], ""true_model_value"": 31.0}, {""category"": ""mild salt"", ""displayed_mean"": 65.0, ""displayed_sem"": 1.6, ""raw_replicate_mean"": 68.96, ""raw_replicate_sem"": 1.598, ""replicates"": [73.6, 65.3, 65.4, 70.0, 70.5], ""true_model_value"": 65.0}, {""category"": ""moderate salt"", ""displayed_mean"": 46.0, ""displayed_sem"": 1.2, ""raw_replicate_mean"": 44.54, ""raw_replicate_sem"": 1.197, ""replicates"": [45.4, 45.3, 46.0, 39.8, 46.2], ""true_model_value"": 46.0}, {""category"": ""high salt"", ""displayed_mean"": 73.0, ""displayed_sem"": 1.2, ""raw_replicate_mean"": 73.1, ""raw_replicate_sem"": 1.172, ""replicates"": [69.4, 76.0, 72.2, 75.2, 72.7], ""true_model_value"": 73.0}], ""replicate_n"": 5}",independently_authored_synthetic_research_seed_unverified,Research seed for hand-drawn graph capture and reviewer evaluation. Do not expose criterion definitions to the person drawing the graph.
HDG-2026-P2-CAT-044,v0.2-research-seed,frq,short,canonical_answer,categorical_comparison_supplied_uncertainty,,HDG-2026-P2-CAT-044__response-01.jpg,"Researchers measured root tip mitosis for four treatment groups. Use the data table to construct a graph that compares the group means. Include a categorical x-axis with the treatments in table order, a y-axis labeled with units, plotted means, and symmetric error bars showing plus or minus one SEM.

Write the item ID HDG-2026-P2-CAT-044 at the top of your page.

| Treatment | Mean mitotic cells (%) | SEM (%) |
| --- | --- | --- |
| cool | 19.0 | 0.5 |
| room temp | 15.0 | 0.3 |
| warm | 40.0 | 0.6 |
| heat stress | 28.0 | 0.6 |","Expected graph: categorical point-with-whisker or bar-with-whisker graph; x-axis treatment category in table order; y-axis mitotic cells (%). Required criteria: REPRESENTATION_TYPE, CATEGORY_IDENTITY, Y_UNIT, Y_SCALE, PLOT_VALUES, UNCERTAINTY_MARKS.",AP Biology|data analysis|experimental design|graph construction,root tip mitosis|categorical comparison|SEM error bars,"[{""Mean mitotic cells (%)"": 19.0, ""SEM (%)"": 0.5, ""Treatment"": ""cool""}, {""Mean mitotic cells (%)"": 15.0, ""SEM (%)"": 0.3, ""Treatment"": ""room temp""}, {""Mean mitotic cells (%)"": 40.0, ""SEM (%)"": 0.6, ""Treatment"": ""warm""}, {""Mean mitotic cells (%)"": 28.0, ""SEM (%)"": 0.6, ""Treatment"": ""heat stress""}]","{""accepted_variants"": [""points with whiskers"", ""bars with whiskers""], ""representation"": ""categorical point-with-whisker or bar-with-whisker graph"", ""required_uncertainty"": ""symmetric plus/minus one SEM bars"", ""x_axis"": ""treatment category in table order"", ""y_axis"": ""mitotic cells (%)""}","[{""criterion_id"": ""REPRESENTATION_TYPE"", ""met_rule"": ""Uses accepted categorical graph representation.""}, {""criterion_id"": ""CATEGORY_IDENTITY"", ""met_rule"": ""All four treatments are identifiable in table order or clearly mapped.""}, {""criterion_id"": ""Y_UNIT"", ""met_rule"": ""Y-axis includes the required variable and unit.""}, {""criterion_id"": ""Y_SCALE"", ""met_rule"": ""Y-scale is interpretable and can represent all means and SEM bars.""}, {""criterion_id"": ""PLOT_VALUES"", ""met_rule"": ""All four means are plotted at recoverable positions.""}, {""criterion_id"": ""UNCERTAINTY_MARKS"", ""met_rule"": ""Each mean has centered symmetric plus/minus SEM bars.""}]","{""item_seed"": 1043, ""method"": ""seeded_replicate_v2"", ""model"": ""categorical_independent_conditions"", ""points"": [{""category"": ""cool"", ""displayed_mean"": 19.0, ""displayed_sem"": 0.5, ""raw_replicate_mean"": 18.34, ""raw_replicate_sem"": 0.465, ""replicates"": [17.9, 17.8, 17.9, 20.2, 17.9], ""true_model_value"": 19.0}, {""category"": ""room temp"", ""displayed_mean"": 15.0, ""displayed_sem"": 0.3, ""raw_replicate_mean"": 15.62, ""raw_replicate_sem"": 0.291, ""replicates"": [15.6, 14.8, 16.6, 15.7, 15.4], ""true_model_value"": 15.0}, {""category"": ""warm"", ""displayed_mean"": 40.0, ""displayed_sem"": 0.6, ""raw_replicate_mean"": 41.86, ""raw_replicate_sem"": 0.585, ""replicates"": [42.4, 39.9, 43.5, 41.8, 41.7], ""true_model_value"": 40.0}, {""category"": ""heat stress"", ""displayed_mean"": 28.0, ""displayed_sem"": 0.6, ""raw_replicate_mean"": 27.78, ""raw_replicate_sem"": 0.589, ""replicates"": [28.4, 27.5, 29.7, 27.0, 26.3], ""true_model_value"": 28.0}], ""replicate_n"": 5}",independently_authored_synthetic_research_seed_unverified,Research seed for hand-drawn graph capture and reviewer evaluation. Do not expose criterion definitions to the person drawing the graph.
HDG-2026-P2-CAT-045,v0.2-research-seed,frq,short,canonical_answer,categorical_comparison_supplied_uncertainty,,HDG-2026-P2-CAT-045__response-01.jpg,"Researchers measured enzyme product for four treatment groups. Use the data table to construct a graph that compares the group means. Include a categorical x-axis with the treatments in table order, a y-axis labeled with units, plotted means, and symmetric error bars showing plus or minus one SEM.

Write the item ID HDG-2026-P2-CAT-045 at the top of your page.

| Treatment | Mean product formed in 5 min (umol) | SEM (umol) |
| --- | --- | --- |
| pH 5 | 30.0 | 0.7 |
| pH 6 | 47.0 | 1.2 |
| pH 7 | 40.0 | 0.9 |
| pH 8 | 69.0 | 0.6 |","Expected graph: categorical point-with-whisker or bar-with-whisker graph; x-axis treatment category in table order; y-axis product formed in 5 min (umol). Required criteria: REPRESENTATION_TYPE, CATEGORY_IDENTITY, Y_UNIT, Y_SCALE, PLOT_VALUES, UNCERTAINTY_MARKS.",AP Biology|data analysis|experimental design|graph construction,enzyme product|categorical comparison|SEM error bars,"[{""Mean product formed in 5 min (umol)"": 30.0, ""SEM (umol)"": 0.7, ""Treatment"": ""pH 5""}, {""Mean product formed in 5 min (umol)"": 47.0, ""SEM (umol)"": 1.2, ""Treatment"": ""pH 6""}, {""Mean product formed in 5 min (umol)"": 40.0, ""SEM (umol)"": 0.9, ""Treatment"": ""pH 7""}, {""Mean product formed in 5 min (umol)"": 69.0, ""SEM (umol)"": 0.6, ""Treatment"": ""pH 8""}]","{""accepted_variants"": [""points with whiskers"", ""bars with whiskers""], ""representation"": ""categorical point-with-whisker or bar-with-whisker graph"", ""required_uncertainty"": ""symmetric plus/minus one SEM bars"", ""x_axis"": ""treatment category in table order"", ""y_axis"": ""product formed in 5 min (umol)""}","[{""criterion_id"": ""REPRESENTATION_TYPE"", ""met_rule"": ""Uses accepted categorical graph representation.""}, {""criterion_id"": ""CATEGORY_IDENTITY"", ""met_rule"": ""All four treatments are identifiable in table order or clearly mapped.""}, {""criterion_id"": ""Y_UNIT"", ""met_rule"": ""Y-axis includes the required variable and unit.""}, {""criterion_id"": ""Y_SCALE"", ""met_rule"": ""Y-scale is interpretable and can represent all means and SEM bars.""}, {""criterion_id"": ""PLOT_VALUES"", ""met_rule"": ""All four means are plotted at recoverable positions.""}, {""criterion_id"": ""UNCERTAINTY_MARKS"", ""met_rule"": ""Each mean has centered symmetric plus/minus SEM bars.""}]","{""item_seed"": 1044, ""method"": ""seeded_replicate_v2"", ""model"": ""categorical_independent_conditions"", ""points"": [{""category"": ""pH 5"", ""displayed_mean"": 30.0, ""displayed_sem"": 0.7, ""raw_replicate_mean"": 29.96, ""raw_replicate_sem"": 0.744, ""replicates"": [29.2, 31.1, 30.3, 31.7, 27.5], ""true_model_value"": 30.0}, {""category"": ""pH 6"", ""displayed_mean"": 47.0, ""displayed_sem"": 1.2, ""raw_replicate_mean"": 47.94, ""raw_replicate_sem"": 1.194, ""replicates"": [49.2, 45.5, 51.5, 45.1, 48.4], ""true_model_value"": 47.0}, {""category"": ""pH 7"", ""displayed_mean"": 40.0, ""displayed_sem"": 0.9, ""raw_replicate_mean"": 41.68, ""raw_replicate_sem"": 0.937, ""replicates"": [38.1, 42.3, 42.7, 41.8, 43.5], ""true_model_value"": 40.0}, {""category"": ""pH 8"", ""displayed_mean"": 69.0, ""displayed_sem"": 0.6, ""raw_replicate_mean"": 69.92, ""raw_replicate_sem"": 0.558, ""replicates"": [70.7, 67.8, 69.8, 70.5, 70.8], ""true_model_value"": 69.0}], ""replicate_n"": 5}",independently_authored_synthetic_research_seed_unverified,Research seed for hand-drawn graph capture and reviewer evaluation. Do not expose criterion definitions to the person drawing the graph.
HDG-2026-P2-CAT-046,v0.2-research-seed,frq,short,canonical_answer,categorical_comparison_supplied_uncertainty,,HDG-2026-P2-CAT-046__response-01.jpg,"Researchers measured seed germination for four treatment groups. Use the data table to construct a graph that compares the group means. Include a categorical x-axis with the treatments in table order, a y-axis labeled with units, plotted means, and symmetric error bars showing plus or minus one SEM.

Write the item ID HDG-2026-P2-CAT-046 at the top of your page.

| Treatment | Mean germination (%) | SEM (%) |
| --- | --- | --- |
| dark | 21.0 | 0.6 |
| red light | 30.0 | 0.4 |
| blue light | 48.0 | 0.5 |
| white light | 78.0 | 0.9 |","Expected graph: categorical point-with-whisker or bar-with-whisker graph; x-axis treatment category in table order; y-axis germination (%). Required criteria: REPRESENTATION_TYPE, CATEGORY_IDENTITY, Y_UNIT, Y_SCALE, PLOT_VALUES, UNCERTAINTY_MARKS.",AP Biology|data analysis|experimental design|graph construction,seed germination|categorical comparison|SEM error bars,"[{""Mean germination (%)"": 21.0, ""SEM (%)"": 0.6, ""Treatment"": ""dark""}, {""Mean germination (%)"": 30.0, ""SEM (%)"": 0.4, ""Treatment"": ""red light""}, {""Mean germination (%)"": 48.0, ""SEM (%)"": 0.5, ""Treatment"": ""blue light""}, {""Mean germination (%)"": 78.0, ""SEM (%)"": 0.9, ""Treatment"": ""white light""}]","{""accepted_variants"": [""points with whiskers"", ""bars with whiskers""], ""representation"": ""categorical point-with-whisker or bar-with-whisker graph"", ""required_uncertainty"": ""symmetric plus/minus one SEM bars"", ""x_axis"": ""treatment category in table order"", ""y_axis"": ""germination (%)""}","[{""criterion_id"": ""REPRESENTATION_TYPE"", ""met_rule"": ""Uses accepted categorical graph representation.""}, {""criterion_id"": ""CATEGORY_IDENTITY"", ""met_rule"": ""All four treatments are identifiable in table order or clearly mapped.""}, {""criterion_id"": ""Y_UNIT"", ""met_rule"": ""Y-axis includes the required variable and unit.""}, {""criterion_id"": ""Y_SCALE"", ""met_rule"": ""Y-scale is interpretable and can represent all means and SEM bars.""}, {""criterion_id"": ""PLOT_VALUES"", ""met_rule"": ""All four means are plotted at recoverable positions.""}, {""criterion_id"": ""UNCERTAINTY_MARKS"", ""met_rule"": ""Each mean has centered symmetric plus/minus SEM bars.""}]","{""item_seed"": 1045, ""method"": ""seeded_replicate_v2"", ""model"": ""categorical_independent_conditions"", ""points"": [{""category"": ""dark"", ""displayed_mean"": 21.0, ""displayed_sem"": 0.6, ""raw_replicate_mean"": 20.64, ""raw_replicate_sem"": 0.588, ""replicates"": [21.4, 21.0, 19.6, 22.2, 19.0], ""true_model_value"": 21.0}, {""category"": ""red light"", ""displayed_mean"": 30.0, ""displayed_sem"": 0.4, ""raw_replicate_mean"": 31.12, ""raw_replicate_sem"": 0.403, ""replicates"": [30.4, 32.4, 30.2, 31.0, 31.6], ""true_model_value"": 30.0}, {""category"": ""blue light"", ""displayed_mean"": 48.0, ""displayed_sem"": 0.5, ""raw_replicate_mean"": 46.94, ""raw_replicate_sem"": 0.461, ""replicates"": [48.3, 47.6, 46.9, 46.0, 45.9], ""true_model_value"": 48.0}, {""category"": ""white light"", ""displayed_mean"": 78.0, ""displayed_sem"": 0.9, ""raw_replicate_mean"": 78.4, ""raw_replicate_sem"": 0.888, ""replicates"": [81.7, 77.4, 76.5, 78.5, 77.9], ""true_model_value"": 78.0}], ""replicate_n"": 5}",independently_authored_synthetic_research_seed_unverified,Research seed for hand-drawn graph capture and reviewer evaluation. Do not expose criterion definitions to the person drawing the graph.
HDG-2026-P2-CAT-047,v0.2-research-seed,frq,short,canonical_answer,categorical_comparison_supplied_uncertainty,,HDG-2026-P2-CAT-047__response-01.jpg,"Researchers measured yeast respiration for four treatment groups. Use the data table to construct a graph that compares the group means. Include a categorical x-axis with the treatments in table order, a y-axis labeled with units, plotted means, and symmetric error bars showing plus or minus one SEM.

Write the item ID HDG-2026-P2-CAT-047 at the top of your page.

| Treatment | Mean CO2 produced (mL) | SEM (mL) |
| --- | --- | --- |
| no sugar | 14.0 | 0.5 |
| glucose | 30.0 | 0.9 |
| sucrose | 20.0 | 0.3 |
| starch | 55.0 | 1.4 |","Expected graph: categorical point-with-whisker or bar-with-whisker graph; x-axis treatment category in table order; y-axis CO2 produced (mL). Required criteria: REPRESENTATION_TYPE, CATEGORY_IDENTITY, Y_UNIT, Y_SCALE, PLOT_VALUES, UNCERTAINTY_MARKS.",AP Biology|data analysis|experimental design|graph construction,yeast respiration|categorical comparison|SEM error bars,"[{""Mean CO2 produced (mL)"": 14.0, ""SEM (mL)"": 0.5, ""Treatment"": ""no sugar""}, {""Mean CO2 produced (mL)"": 30.0, ""SEM (mL)"": 0.9, ""Treatment"": ""glucose""}, {""Mean CO2 produced (mL)"": 20.0, ""SEM (mL)"": 0.3, ""Treatment"": ""sucrose""}, {""Mean CO2 produced (mL)"": 55.0, ""SEM (mL)"": 1.4, ""Treatment"": ""starch""}]","{""accepted_variants"": [""points with whiskers"", ""bars with whiskers""], ""representation"": ""categorical point-with-whisker or bar-with-whisker graph"", ""required_uncertainty"": ""symmetric plus/minus one SEM bars"", ""x_axis"": ""treatment category in table order"", ""y_axis"": ""CO2 produced (mL)""}","[{""criterion_id"": ""REPRESENTATION_TYPE"", ""met_rule"": ""Uses accepted categorical graph representation.""}, {""criterion_id"": ""CATEGORY_IDENTITY"", ""met_rule"": ""All four treatments are identifiable in table order or clearly mapped.""}, {""criterion_id"": ""Y_UNIT"", ""met_rule"": ""Y-axis includes the required variable and unit.""}, {""criterion_id"": ""Y_SCALE"", ""met_rule"": ""Y-scale is interpretable and can represent all means and SEM bars.""}, {""criterion_id"": ""PLOT_VALUES"", ""met_rule"": ""All four means are plotted at recoverable positions.""}, {""criterion_id"": ""UNCERTAINTY_MARKS"", ""met_rule"": ""Each mean has centered symmetric plus/minus SEM bars.""}]","{""item_seed"": 1046, ""method"": ""seeded_replicate_v2"", ""model"": ""categorical_independent_conditions"", ""points"": [{""category"": ""no sugar"", ""displayed_mean"": 14.0, ""displayed_sem"": 0.5, ""raw_replicate_mean"": 13.46, ""raw_replicate_sem"": 0.511, ""replicates"": [14.3, 14.3, 14.1, 11.7, 12.9], ""true_model_value"": 14.0}, {""category"": ""glucose"", ""displayed_mean"": 30.0, ""displayed_sem"": 0.9, ""raw_replicate_mean"": 30.1, ""raw_replicate_sem"": 0.88, ""replicates"": [31.6, 26.7, 30.5, 31.3, 30.4], ""true_model_value"": 30.0}, {""category"": ""sucrose"", ""displayed_mean"": 20.0, ""displayed_sem"": 0.3, ""raw_replicate_mean"": 18.44, ""raw_replicate_sem"": 0.252, ""replicates"": [18.5, 18.1, 18.5, 17.8, 19.3], ""true_model_value"": 20.0}, {""category"": ""starch"", ""displayed_mean"": 55.0, ""displayed_sem"": 1.4, ""raw_replicate_mean"": 55.0, ""raw_replicate_sem"": 1.397, ""replicates"": [60.2, 52.7, 52.9, 53.6, 55.6], ""true_model_value"": 55.0}], ""replicate_n"": 5}",independently_authored_synthetic_research_seed_unverified,Research seed for hand-drawn graph capture and reviewer evaluation. Do not expose criterion definitions to the person drawing the graph.
HDG-2026-P2-CAT-048,v0.2-research-seed,frq,short,canonical_answer,categorical_comparison_supplied_uncertainty,,HDG-2026-P2-CAT-048__response-01.jpg,"Researchers measured chloroplast settling for four treatment groups. Use the data table to construct a graph that compares the group means. Include a categorical x-axis with the treatments in table order, a y-axis labeled with units, plotted means, and symmetric error bars showing plus or minus one SEM.

Write the item ID HDG-2026-P2-CAT-048 at the top of your page.

| Treatment | Mean green layer thickness (mm) | SEM (mm) |
| --- | --- | --- |
| control | 34.0 | 0.9 |
| low salt | 17.0 | 0.3 |
| medium salt | 42.0 | 0.3 |
| high salt | 24.0 | 0.4 |","Expected graph: categorical point-with-whisker or bar-with-whisker graph; x-axis treatment category in table order; y-axis green layer thickness (mm). Required criteria: REPRESENTATION_TYPE, CATEGORY_IDENTITY, Y_UNIT, Y_SCALE, PLOT_VALUES, UNCERTAINTY_MARKS.",AP Biology|data analysis|experimental design|graph construction,chloroplast settling|categorical comparison|SEM error bars,"[{""Mean green layer thickness (mm)"": 34.0, ""SEM (mm)"": 0.9, ""Treatment"": ""control""}, {""Mean green layer thickness (mm)"": 17.0, ""SEM (mm)"": 0.3, ""Treatment"": ""low salt""}, {""Mean green layer thickness (mm)"": 42.0, ""SEM (mm)"": 0.3, ""Treatment"": ""medium salt""}, {""Mean green layer thickness (mm)"": 24.0, ""SEM (mm)"": 0.4, ""Treatment"": ""high salt""}]","{""accepted_variants"": [""points with whiskers"", ""bars with whiskers""], ""representation"": ""categorical point-with-whisker or bar-with-whisker graph"", ""required_uncertainty"": ""symmetric plus/minus one SEM bars"", ""x_axis"": ""treatment category in table order"", ""y_axis"": ""green layer thickness (mm)""}","[{""criterion_id"": ""REPRESENTATION_TYPE"", ""met_rule"": ""Uses accepted categorical graph representation.""}, {""criterion_id"": ""CATEGORY_IDENTITY"", ""met_rule"": ""All four treatments are identifiable in table order or clearly mapped.""}, {""criterion_id"": ""Y_UNIT"", ""met_rule"": ""Y-axis includes the required variable and unit.""}, {""criterion_id"": ""Y_SCALE"", ""met_rule"": ""Y-scale is interpretable and can represent all means and SEM bars.""}, {""criterion_id"": ""PLOT_VALUES"", ""met_rule"": ""All four means are plotted at recoverable positions.""}, {""criterion_id"": ""UNCERTAINTY_MARKS"", ""met_rule"": ""Each mean has centered symmetric plus/minus SEM bars.""}]","{""item_seed"": 1047, ""method"": ""seeded_replicate_v2"", ""model"": ""categorical_independent_conditions"", ""points"": [{""category"": ""control"", ""displayed_mean"": 34.0, ""displayed_sem"": 0.9, ""raw_replicate_mean"": 33.54, ""raw_replicate_sem"": 0.923, ""replicates"": [33.6, 33.8, 30.4, 36.2, 33.7], ""true_model_value"": 34.0}, {""category"": ""low salt"", ""displayed_mean"": 17.0, ""displayed_sem"": 0.3, ""raw_replicate_mean"": 16.86, ""raw_replicate_sem"": 0.225, ""replicates"": [16.9, 16.1, 17.0, 17.5, 16.8], ""true_model_value"": 17.0}, {""category"": ""medium salt"", ""displayed_mean"": 42.0, ""displayed_sem"": 0.3, ""raw_replicate_mean"": 42.7, ""raw_replicate_sem"": 0.265, ""replicates"": [43.0, 42.7, 41.8, 42.6, 43.4], ""true_model_value"": 42.0}, {""category"": ""high salt"", ""displayed_mean"": 24.0, ""displayed_sem"": 0.4, ""raw_replicate_mean"": 22.78, ""raw_replicate_sem"": 0.442, ""replicates"": [23.0, 23.2, 21.9, 21.7, 24.1], ""true_model_value"": 24.0}], ""replicate_n"": 5}",independently_authored_synthetic_research_seed_unverified,Research seed for hand-drawn graph capture and reviewer evaluation. Do not expose criterion definitions to the person drawing the graph.
HDG-2026-P2-CAT-049,v0.2-research-seed,frq,short,canonical_answer,categorical_comparison_supplied_uncertainty,,HDG-2026-P2-CAT-049__response-01.jpg,"Researchers measured callus growth for four treatment groups. Use the data table to construct a graph that compares the group means. Include a categorical x-axis with the treatments in table order, a y-axis labeled with units, plotted means, and symmetric error bars showing plus or minus one SEM.

Write the item ID HDG-2026-P2-CAT-049 at the top of your page.

| Treatment | Mean mass gain (mg) | SEM (mg) |
| --- | --- | --- |
| no auxin | 84.0 | 1.2 |
| low auxin | 49.0 | 0.6 |
| medium auxin | 35.0 | 0.5 |
| high auxin | 22.0 | 0.3 |","Expected graph: categorical point-with-whisker or bar-with-whisker graph; x-axis treatment category in table order; y-axis mass gain (mg). Required criteria: REPRESENTATION_TYPE, CATEGORY_IDENTITY, Y_UNIT, Y_SCALE, PLOT_VALUES, UNCERTAINTY_MARKS.",AP Biology|data analysis|experimental design|graph construction,callus growth|categorical comparison|SEM error bars,"[{""Mean mass gain (mg)"": 84.0, ""SEM (mg)"": 1.2, ""Treatment"": ""no auxin""}, {""Mean mass gain (mg)"": 49.0, ""SEM (mg)"": 0.6, ""Treatment"": ""low auxin""}, {""Mean mass gain (mg)"": 35.0, ""SEM (mg)"": 0.5, ""Treatment"": ""medium auxin""}, {""Mean mass gain (mg)"": 22.0, ""SEM (mg)"": 0.3, ""Treatment"": ""high auxin""}]","{""accepted_variants"": [""points with whiskers"", ""bars with whiskers""], ""representation"": ""categorical point-with-whisker or bar-with-whisker graph"", ""required_uncertainty"": ""symmetric plus/minus one SEM bars"", ""x_axis"": ""treatment category in table order"", ""y_axis"": ""mass gain (mg)""}","[{""criterion_id"": ""REPRESENTATION_TYPE"", ""met_rule"": ""Uses accepted categorical graph representation.""}, {""criterion_id"": ""CATEGORY_IDENTITY"", ""met_rule"": ""All four treatments are identifiable in table order or clearly mapped.""}, {""criterion_id"": ""Y_UNIT"", ""met_rule"": ""Y-axis includes the required variable and unit.""}, {""criterion_id"": ""Y_SCALE"", ""met_rule"": ""Y-scale is interpretable and can represent all means and SEM bars.""}, {""criterion_id"": ""PLOT_VALUES"", ""met_rule"": ""All four means are plotted at recoverable positions.""}, {""criterion_id"": ""UNCERTAINTY_MARKS"", ""met_rule"": ""Each mean has centered symmetric plus/minus SEM bars.""}]","{""item_seed"": 1048, ""method"": ""seeded_replicate_v2"", ""model"": ""categorical_independent_conditions"", ""points"": [{""category"": ""no auxin"", ""displayed_mean"": 84.0, ""displayed_sem"": 1.2, ""raw_replicate_mean"": 83.32, ""raw_replicate_sem"": 1.249, ""replicates"": [85.0, 82.4, 85.3, 85.1, 78.8], ""true_model_value"": 84.0}, {""category"": ""low auxin"", ""displayed_mean"": 49.0, ""displayed_sem"": 0.6, ""raw_replicate_mean"": 49.56, ""raw_replicate_sem"": 0.627, ""replicates"": [50.2, 48.8, 48.2, 48.9, 51.7], ""true_model_value"": 49.0}, {""category"": ""medium auxin"", ""displayed_mean"": 35.0, ""displayed_sem"": 0.5, ""raw_replicate_mean"": 34.46, ""raw_replicate_sem"": 0.495, ""replicates"": [36.4, 33.9, 34.0, 34.3, 33.7], ""true_model_value"": 35.0}, {""category"": ""high auxin"", ""displayed_mean"": 22.0, ""displayed_sem"": 0.3, ""raw_replicate_mean"": 21.3, ""raw_replicate_sem"": 0.327, ""replicates"": [21.6, 21.1, 20.3, 21.2, 22.3], ""true_model_value"": 22.0}], ""replicate_n"": 5}",independently_authored_synthetic_research_seed_unverified,Research seed for hand-drawn graph capture and reviewer evaluation. Do not expose criterion definitions to the person drawing the graph.
HDG-2026-P2-CAT-050,v0.2-research-seed,frq,short,canonical_answer,categorical_comparison_supplied_uncertainty,,HDG-2026-P2-CAT-050__response-01.jpg,"Researchers measured water loss for four treatment groups. Use the data table to construct a graph that compares the group means. Include a categorical x-axis with the treatments in table order, a y-axis labeled with units, plotted means, and symmetric error bars showing plus or minus one SEM.

Write the item ID HDG-2026-P2-CAT-050 at the top of your page.

| Treatment | Mean mass lost in 30 min (mg) | SEM (mg) |
| --- | --- | --- |
| still air | 29.0 | 0.6 |
| fan low | 66.0 | 2.9 |
| fan medium | 25.0 | 0.3 |
| fan high | 33.0 | 1.1 |","Expected graph: categorical point-with-whisker or bar-with-whisker graph; x-axis treatment category in table order; y-axis mass lost in 30 min (mg). Required criteria: REPRESENTATION_TYPE, CATEGORY_IDENTITY, Y_UNIT, Y_SCALE, PLOT_VALUES, UNCERTAINTY_MARKS.",AP Biology|data analysis|experimental design|graph construction,water loss|categorical comparison|SEM error bars,"[{""Mean mass lost in 30 min (mg)"": 29.0, ""SEM (mg)"": 0.6, ""Treatment"": ""still air""}, {""Mean mass lost in 30 min (mg)"": 66.0, ""SEM (mg)"": 2.9, ""Treatment"": ""fan low""}, {""Mean mass lost in 30 min (mg)"": 25.0, ""SEM (mg)"": 0.3, ""Treatment"": ""fan medium""}, {""Mean mass lost in 30 min (mg)"": 33.0, ""SEM (mg)"": 1.1, ""Treatment"": ""fan high""}]","{""accepted_variants"": [""points with whiskers"", ""bars with whiskers""], ""representation"": ""categorical point-with-whisker or bar-with-whisker graph"", ""required_uncertainty"": ""symmetric plus/minus one SEM bars"", ""x_axis"": ""treatment category in table order"", ""y_axis"": ""mass lost in 30 min (mg)""}","[{""criterion_id"": ""REPRESENTATION_TYPE"", ""met_rule"": ""Uses accepted categorical graph representation.""}, {""criterion_id"": ""CATEGORY_IDENTITY"", ""met_rule"": ""All four treatments are identifiable in table order or clearly mapped.""}, {""criterion_id"": ""Y_UNIT"", ""met_rule"": ""Y-axis includes the required variable and unit.""}, {""criterion_id"": ""Y_SCALE"", ""met_rule"": ""Y-scale is interpretable and can represent all means and SEM bars.""}, {""criterion_id"": ""PLOT_VALUES"", ""met_rule"": ""All four means are plotted at recoverable positions.""}, {""criterion_id"": ""UNCERTAINTY_MARKS"", ""met_rule"": ""Each mean has centered symmetric plus/minus SEM bars.""}]","{""item_seed"": 1049, ""method"": ""seeded_replicate_v2"", ""model"": ""categorical_independent_conditions"", ""points"": [{""category"": ""still air"", ""displayed_mean"": 29.0, ""displayed_sem"": 0.6, ""raw_replicate_mean"": 29.9, ""raw_replicate_sem"": 0.614, ""replicates"": [30.5, 27.6, 29.7, 30.7, 31.0], ""true_model_value"": 29.0}, {""category"": ""fan low"", ""displayed_mean"": 66.0, ""displayed_sem"": 2.9, ""raw_replicate_mean"": 67.38, ""raw_replicate_sem"": 2.887, ""replicates"": [66.8, 76.4, 69.1, 58.4, 66.2], ""true_model_value"": 66.0}, {""category"": ""fan medium"", ""displayed_mean"": 25.0, ""displayed_sem"": 0.3, ""raw_replicate_mean"": 25.42, ""raw_replicate_sem"": 0.213, ""replicates"": [24.9, 25.2, 25.2, 26.1, 25.7], ""true_model_value"": 25.0}, {""category"": ""fan high"", ""displayed_mean"": 33.0, ""displayed_sem"": 1.1, ""raw_replicate_mean"": 34.06, ""raw_replicate_sem"": 1.104, ""replicates"": [33.7, 37.6, 30.7, 34.6, 33.7], ""true_model_value"": 33.0}], ""replicate_n"": 5}",independently_authored_synthetic_research_seed_unverified,Research seed for hand-drawn graph capture and reviewer evaluation. Do not expose criterion definitions to the person drawing the graph.
HDG-2026-P2-SER-001,v0.2-research-seed,frq,short,canonical_answer,continuous_measured_series_supplied_uncertainty,,HDG-2026-P2-SER-001__response-01.jpg,"Researchers measured enzyme reaction rate at several values of temperature. Use the data table to construct a graph with temperature on the x-axis and mean reaction rate on the y-axis. Plot each mean at its measured x-value, connect adjacent measured values, and include symmetric error bars showing plus or minus one SEM.

Write the item ID HDG-2026-P2-SER-001 at the top of your page.

| temperature (deg C) | Mean reaction rate (umol/min) | SEM (umol/min) |
| --- | --- | --- |
| 10 | 46.0 | 1.3 |
| 15 | 63.0 | 1.9 |
| 20 | 60.0 | 1.2 |
| 28 | 48.0 | 1.0 |
| 42 | 23.0 | 0.3 |
| 55 | 12.0 | 0.3 |
| 60 | 10.0 | 0.3 |","Expected graph: continuous measured series with connected adjacent points; x-axis temperature (deg C); y-axis mean reaction rate (umol/min). Required criteria: REPRESENTATION_TYPE, X_UNIT, Y_UNIT, X_SCALE, Y_SCALE, PLOT_VALUES, POINT_CONNECTION, UNCERTAINTY_MARKS.",AP Biology|data analysis|quantitative graphing|response curves,enzyme reaction rate|continuous measured series|SEM error bars,"[{""Mean reaction rate (umol/min)"": 46.0, ""SEM (umol/min)"": 1.3, ""temperature (deg C)"": 10}, {""Mean reaction rate (umol/min)"": 63.0, ""SEM (umol/min)"": 1.9, ""temperature (deg C)"": 15}, {""Mean reaction rate (umol/min)"": 60.0, ""SEM (umol/min)"": 1.2, ""temperature (deg C)"": 20}, {""Mean reaction rate (umol/min)"": 48.0, ""SEM (umol/min)"": 1.0, ""temperature (deg C)"": 28}, {""Mean reaction rate (umol/min)"": 23.0, ""SEM (umol/min)"": 0.3, ""temperature (deg C)"": 42}, {""Mean reaction rate (umol/min)"": 12.0, ""SEM (umol/min)"": 0.3, ""temperature (deg C)"": 55}, {""Mean reaction rate (umol/min)"": 10.0, ""SEM (umol/min)"": 0.3, ""temperature (deg C)"": 60}]","{""accepted_variants"": [""points connected by line segments""], ""representation"": ""continuous measured series with connected adjacent points"", ""required_uncertainty"": ""symmetric plus/minus one SEM bars"", ""x_axis"": ""temperature (deg C)"", ""y_axis"": ""mean reaction rate (umol/min)""}","[{""criterion_id"": ""REPRESENTATION_TYPE"", ""met_rule"": ""Uses a continuous x-axis graph with plotted points.""}, {""criterion_id"": ""X_UNIT"", ""met_rule"": ""X-axis includes the required variable and unit.""}, {""criterion_id"": ""Y_UNIT"", ""met_rule"": ""Y-axis includes the required variable and unit.""}, {""criterion_id"": ""X_SCALE"", ""met_rule"": ""Numeric x positions are proportional and interpretable.""}, {""criterion_id"": ""Y_SCALE"", ""met_rule"": ""Y-scale is interpretable and can represent all means and SEM bars.""}, {""criterion_id"": ""PLOT_VALUES"", ""met_rule"": ""All measured means are plotted at recoverable coordinates.""}, {""criterion_id"": ""POINT_CONNECTION"", ""met_rule"": ""Adjacent measured values are connected without replacing points.""}, {""criterion_id"": ""UNCERTAINTY_MARKS"", ""met_rule"": ""Each mean has centered symmetric plus/minus SEM bars.""}]","{""item_seed"": 2000, ""method"": ""seeded_replicate_v2"", ""model"": ""peak(center=16.29,spread=16.76,amp=51.0,base=7.71)"", ""points"": [{""displayed_mean"": 46.0, ""displayed_sem"": 1.3, ""raw_replicate_mean"": 45.44, ""raw_replicate_sem"": 1.324, ""replicates"": [40.9, 48.8, 46.0, 44.6, 46.9], ""true_model_value"": 55.246, ""x"": 10}, {""displayed_mean"": 63.0, ""displayed_sem"": 1.9, ""raw_replicate_mean"": 60.96, ""raw_replicate_sem"": 1.876, ""replicates"": [64.6, 62.5, 64.6, 55.4, 57.7], ""true_model_value"": 58.564, ""x"": 15}, {""displayed_mean"": 60.0, ""displayed_sem"": 1.2, ""raw_replicate_mean"": 59.76, ""raw_replicate_sem"": 1.198, ""replicates"": [57.7, 62.8, 59.9, 56.5, 61.9], ""true_model_value"": 57.48, ""x"": 20}, {""displayed_mean"": 48.0, ""displayed_sem"": 1.0, ""raw_replicate_mean"": 48.06, ""raw_replicate_sem"": 1.032, ""replicates"": [45.4, 48.6, 51.6, 47.8, 46.9], ""true_model_value"": 47.668, ""x"": 28}, {""displayed_mean"": 23.0, ""displayed_sem"": 0.3, ""raw_replicate_mean"": 22.62, ""raw_replicate_sem"": 0.343, ""replicates"": [23.1, 23.7, 22.2, 21.8, 22.3], ""true_model_value"": 23.436, ""x"": 42}, {""displayed_mean"": 12.0, ""displayed_sem"": 0.3, ""raw_replicate_mean"": 12.22, ""raw_replicate_sem"": 0.294, ""replicates"": [12.9, 12.4, 12.6, 11.2, 12.0], ""true_model_value"": 11.253, ""x"": 55}, {""displayed_mean"": 10.0, ""displayed_sem"": 0.3, ""raw_replicate_mean"": 10.6, ""raw_replicate_sem"": 0.3, ""replicates"": [11.1, 9.7, 10.3, 10.5, 11.4], ""true_model_value"": 9.412, ""x"": 60}], ""replicate_n"": 5}",independently_authored_synthetic_research_seed_unverified,Research seed for hand-drawn graph capture and reviewer evaluation. Do not expose criterion definitions to the person drawing the graph.
HDG-2026-P2-SER-002,v0.2-research-seed,frq,short,canonical_answer,continuous_measured_series_supplied_uncertainty,,HDG-2026-P2-SER-002__response-01.jpg,"Researchers measured photosynthetic oxygen release at several values of light intensity. Use the data table to construct a graph with light intensity on the x-axis and mean oxygen release on the y-axis. Plot each mean at its measured x-value, connect adjacent measured values, and include symmetric error bars showing plus or minus one SEM.

Write the item ID HDG-2026-P2-SER-002 at the top of your page.

| light intensity (umol photons/m^2/s) | Mean oxygen release (umol O2/min) | SEM (umol O2/min) |
| --- | --- | --- |
| 0 | 1.0 | 0.6 |
| 50 | 2.0 | 0.3 |
| 350 | 15.0 | 0.5 |
| 500 | 21.0 | 0.3 |
| 900 | 27.0 | 1.0 |
| 1100 | 28.0 | 0.4 |
| 1400 | 33.0 | 0.5 |","Expected graph: continuous measured series with connected adjacent points; x-axis light intensity (umol photons/m^2/s); y-axis mean oxygen release (umol O2/min). Required criteria: REPRESENTATION_TYPE, X_UNIT, Y_UNIT, X_SCALE, Y_SCALE, PLOT_VALUES, POINT_CONNECTION, UNCERTAINTY_MARKS.",AP Biology|data analysis|quantitative graphing|response curves,photosynthetic oxygen release|continuous measured series|SEM error bars,"[{""Mean oxygen release (umol O2/min)"": 1.0, ""SEM (umol O2/min)"": 0.6, ""light intensity (umol photons/m^2/s)"": 0}, {""Mean oxygen release (umol O2/min)"": 2.0, ""SEM (umol O2/min)"": 0.3, ""light intensity (umol photons/m^2/s)"": 50}, {""Mean oxygen release (umol O2/min)"": 15.0, ""SEM (umol O2/min)"": 0.5, ""light intensity (umol photons/m^2/s)"": 350}, {""Mean oxygen release (umol O2/min)"": 21.0, ""SEM (umol O2/min)"": 0.3, ""light intensity (umol photons/m^2/s)"": 500}, {""Mean oxygen release (umol O2/min)"": 27.0, ""SEM (umol O2/min)"": 1.0, ""light intensity (umol photons/m^2/s)"": 900}, {""Mean oxygen release (umol O2/min)"": 28.0, ""SEM (umol O2/min)"": 0.4, ""light intensity (umol photons/m^2/s)"": 1100}, {""Mean oxygen release (umol O2/min)"": 33.0, ""SEM (umol O2/min)"": 0.5, ""light intensity (umol photons/m^2/s)"": 1400}]","{""accepted_variants"": [""points connected by line segments""], ""representation"": ""continuous measured series with connected adjacent points"", ""required_uncertainty"": ""symmetric plus/minus one SEM bars"", ""x_axis"": ""light intensity (umol photons/m^2/s)"", ""y_axis"": ""mean oxygen release (umol O2/min)""}","[{""criterion_id"": ""REPRESENTATION_TYPE"", ""met_rule"": ""Uses a continuous x-axis graph with plotted points.""}, {""criterion_id"": ""X_UNIT"", ""met_rule"": ""X-axis includes the required variable and unit.""}, {""criterion_id"": ""Y_UNIT"", ""met_rule"": ""Y-axis includes the required variable and unit.""}, {""criterion_id"": ""X_SCALE"", ""met_rule"": ""Numeric x positions are proportional and interpretable.""}, {""criterion_id"": ""Y_SCALE"", ""met_rule"": ""Y-scale is interpretable and can represent all means and SEM bars.""}, {""criterion_id"": ""PLOT_VALUES"", ""met_rule"": ""All measured means are plotted at recoverable coordinates.""}, {""criterion_id"": ""POINT_CONNECTION"", ""met_rule"": ""Adjacent measured values are connected without replacing points.""}, {""criterion_id"": ""UNCERTAINTY_MARKS"", ""met_rule"": ""Each mean has centered symmetric plus/minus SEM bars.""}]","{""item_seed"": 2001, ""method"": ""seeded_replicate_v2"", ""model"": ""saturating(ymax=37.39,scale=650.82)"", ""points"": [{""displayed_mean"": 1.0, ""displayed_sem"": 0.6, ""raw_replicate_mean"": 0.8, ""raw_replicate_sem"": 0.563, ""replicates"": [-0.3, 2.2, -0.5, 2.0, 0.6], ""true_model_value"": 0.0, ""x"": 0}, {""displayed_mean"": 2.0, ""displayed_sem"": 0.3, ""raw_replicate_mean"": 1.96, ""raw_replicate_sem"": 0.277, ""replicates"": [1.7, 2.2, 2.5, 2.4, 1.0], ""true_model_value"": 2.765, ""x"": 50}, {""displayed_mean"": 15.0, ""displayed_sem"": 0.5, ""raw_replicate_mean"": 14.84, ""raw_replicate_sem"": 0.461, ""replicates"": [15.1, 16.0, 13.2, 14.7, 15.2], ""true_model_value"": 15.555, ""x"": 350}, {""displayed_mean"": 21.0, ""displayed_sem"": 0.3, ""raw_replicate_mean"": 20.96, ""raw_replicate_sem"": 0.304, ""replicates"": [20.4, 21.7, 20.2, 20.9, 21.6], ""true_model_value"": 20.05, ""x"": 500}, {""displayed_mean"": 27.0, ""displayed_sem"": 1.0, ""raw_replicate_mean"": 27.04, ""raw_replicate_sem"": 0.952, ""replicates"": [27.5, 24.9, 24.9, 28.1, 29.8], ""true_model_value"": 28.014, ""x"": 900}, {""displayed_mean"": 28.0, ""displayed_sem"": 0.4, ""raw_replicate_mean"": 27.34, ""raw_replicate_sem"": 0.415, ""replicates"": [27.8, 25.9, 28.3, 27.7, 27.0], ""true_model_value"": 30.496, ""x"": 1100}, {""displayed_mean"": 33.0, ""displayed_sem"": 0.5, ""raw_replicate_mean"": 32.66, ""raw_replicate_sem"": 0.477, ""replicates"": [30.9, 32.8, 33.4, 32.6, 33.6], ""true_model_value"": 33.044, ""x"": 1400}], ""replicate_n"": 5}",independently_authored_synthetic_research_seed_unverified,Research seed for hand-drawn graph capture and reviewer evaluation. Do not expose criterion definitions to the person drawing the graph.
HDG-2026-P2-SER-003,v0.2-research-seed,frq,short,canonical_answer,continuous_measured_series_supplied_uncertainty,,HDG-2026-P2-SER-003__response-01.jpg,"Researchers measured pigment absorbance at several values of wavelength. Use the data table to construct a graph with wavelength on the x-axis and mean absorbance on the y-axis. Plot each mean at its measured x-value, connect adjacent measured values, and include symmetric error bars showing plus or minus one SEM.

Write the item ID HDG-2026-P2-SER-003 at the top of your page.

| wavelength (nm) | Mean absorbance (a.u.) | SEM (a.u.) |
| --- | --- | --- |
| 400 | 60.0 | 2.0 |
| 430 | 49.0 | 0.8 |
| 460 | 37.0 | 1.2 |
| 490 | 27.0 | 0.4 |
| 580 | 14.0 | 0.3 |
| 640 | 11.0 | 0.3 |
| 660 | 10.0 | 0.3 |","Expected graph: continuous measured series with connected adjacent points; x-axis wavelength (nm); y-axis mean absorbance (a.u.). Required criteria: REPRESENTATION_TYPE, X_UNIT, Y_UNIT, X_SCALE, Y_SCALE, PLOT_VALUES, POINT_CONNECTION, UNCERTAINTY_MARKS.",AP Biology|data analysis|quantitative graphing|response curves,pigment absorbance|continuous measured series|SEM error bars,"[{""Mean absorbance (a.u.)"": 60.0, ""SEM (a.u.)"": 2.0, ""wavelength (nm)"": 400}, {""Mean absorbance (a.u.)"": 49.0, ""SEM (a.u.)"": 0.8, ""wavelength (nm)"": 430}, {""Mean absorbance (a.u.)"": 37.0, ""SEM (a.u.)"": 1.2, ""wavelength (nm)"": 460}, {""Mean absorbance (a.u.)"": 27.0, ""SEM (a.u.)"": 0.4, ""wavelength (nm)"": 490}, {""Mean absorbance (a.u.)"": 14.0, ""SEM (a.u.)"": 0.3, ""wavelength (nm)"": 580}, {""Mean absorbance (a.u.)"": 11.0, ""SEM (a.u.)"": 0.3, ""wavelength (nm)"": 640}, {""Mean absorbance (a.u.)"": 10.0, ""SEM (a.u.)"": 0.3, ""wavelength (nm)"": 660}]","{""accepted_variants"": [""points connected by line segments""], ""representation"": ""continuous measured series with connected adjacent points"", ""required_uncertainty"": ""symmetric plus/minus one SEM bars"", ""x_axis"": ""wavelength (nm)"", ""y_axis"": ""mean absorbance (a.u.)""}","[{""criterion_id"": ""REPRESENTATION_TYPE"", ""met_rule"": ""Uses a continuous x-axis graph with plotted points.""}, {""criterion_id"": ""X_UNIT"", ""met_rule"": ""X-axis includes the required variable and unit.""}, {""criterion_id"": ""Y_UNIT"", ""met_rule"": ""Y-axis includes the required variable and unit.""}, {""criterion_id"": ""X_SCALE"", ""met_rule"": ""Numeric x positions are proportional and interpretable.""}, {""criterion_id"": ""Y_SCALE"", ""met_rule"": ""Y-scale is interpretable and can represent all means and SEM bars.""}, {""criterion_id"": ""PLOT_VALUES"", ""met_rule"": ""All measured means are plotted at recoverable coordinates.""}, {""criterion_id"": ""POINT_CONNECTION"", ""met_rule"": ""Adjacent measured values are connected without replacing points.""}, {""criterion_id"": ""UNCERTAINTY_MARKS"", ""met_rule"": ""Each mean has centered symmetric plus/minus SEM bars.""}]","{""item_seed"": 2002, ""method"": ""seeded_replicate_v2"", ""model"": ""decay(start=63.74,scale=94.33,floor=5.66)"", ""points"": [{""displayed_mean"": 60.0, ""displayed_sem"": 2.0, ""raw_replicate_mean"": 60.78, ""raw_replicate_sem"": 2.029, ""replicates"": [61.8, 57.7, 68.2, 57.0, 59.2], ""true_model_value"": 63.739, ""x"": 400}, {""displayed_mean"": 49.0, ""displayed_sem"": 0.8, ""raw_replicate_mean"": 48.72, ""raw_replicate_sem"": 0.752, ""replicates"": [47.8, 49.5, 46.4, 50.8, 49.1], ""true_model_value"": 47.917, ""x"": 430}, {""displayed_mean"": 37.0, ""displayed_sem"": 1.2, ""raw_replicate_mean"": 36.74, ""raw_replicate_sem"": 1.22, ""replicates"": [35.9, 41.4, 35.9, 36.3, 34.2], ""true_model_value"": 36.405, ""x"": 460}, {""displayed_mean"": 27.0, ""displayed_sem"": 0.4, ""raw_replicate_mean"": 26.88, ""raw_replicate_sem"": 0.425, ""replicates"": [28.3, 27.3, 26.7, 26.1, 26.0], ""true_model_value"": 28.029, ""x"": 490}, {""displayed_mean"": 14.0, ""displayed_sem"": 0.3, ""raw_replicate_mean"": 13.86, ""raw_replicate_sem"": 0.183, ""replicates"": [14.0, 14.0, 13.5, 13.4, 14.4], ""true_model_value"": 14.274, ""x"": 580}, {""displayed_mean"": 11.0, ""displayed_sem"": 0.3, ""raw_replicate_mean"": 11.28, ""raw_replicate_sem"": 0.34, ""replicates"": [10.6, 10.7, 12.0, 12.2, 10.9], ""true_model_value"": 10.219, ""x"": 640}, {""displayed_mean"": 10.0, ""displayed_sem"": 0.3, ""raw_replicate_mean"": 9.74, ""raw_replicate_sem"": 0.229, ""replicates"": [10.0, 10.5, 9.2, 9.5, 9.5], ""true_model_value"": 9.348, ""x"": 660}], ""replicate_n"": 5}",independently_authored_synthetic_research_seed_unverified,Research seed for hand-drawn graph capture and reviewer evaluation. Do not expose criterion definitions to the person drawing the graph.
HDG-2026-P2-SER-004,v0.2-research-seed,frq,short,canonical_answer,continuous_measured_series_supplied_uncertainty,,HDG-2026-P2-SER-004__response-01.jpg,"Researchers measured seedling growth at several values of days after planting. Use the data table to construct a graph with days after planting on the x-axis and mean height on the y-axis. Plot each mean at its measured x-value, connect adjacent measured values, and include symmetric error bars showing plus or minus one SEM.

Write the item ID HDG-2026-P2-SER-004 at the top of your page.

| days after planting (days) | Mean height (cm) | SEM (cm) |
| --- | --- | --- |
| 0 | 19.0 | 0.4 |
| 1 | 18.0 | 0.3 |
| 3 | 24.0 | 0.6 |
| 5 | 29.0 | 0.9 |
| 7 | 36.0 | 0.9 |
| 11 | 45.0 | 0.8 |
| 12 | 53.0 | 1.0 |","Expected graph: continuous measured series with connected adjacent points; x-axis days after planting (days); y-axis mean height (cm). Required criteria: REPRESENTATION_TYPE, X_UNIT, Y_UNIT, X_SCALE, Y_SCALE, PLOT_VALUES, POINT_CONNECTION, UNCERTAINTY_MARKS.",AP Biology|data analysis|quantitative graphing|response curves,seedling growth|continuous measured series|SEM error bars,"[{""Mean height (cm)"": 19.0, ""SEM (cm)"": 0.4, ""days after planting (days)"": 0}, {""Mean height (cm)"": 18.0, ""SEM (cm)"": 0.3, ""days after planting (days)"": 1}, {""Mean height (cm)"": 24.0, ""SEM (cm)"": 0.6, ""days after planting (days)"": 3}, {""Mean height (cm)"": 29.0, ""SEM (cm)"": 0.9, ""days after planting (days)"": 5}, {""Mean height (cm)"": 36.0, ""SEM (cm)"": 0.9, ""days after planting (days)"": 7}, {""Mean height (cm)"": 45.0, ""SEM (cm)"": 0.8, ""days after planting (days)"": 11}, {""Mean height (cm)"": 53.0, ""SEM (cm)"": 1.0, ""days after planting (days)"": 12}]","{""accepted_variants"": [""points connected by line segments""], ""representation"": ""continuous measured series with connected adjacent points"", ""required_uncertainty"": ""symmetric plus/minus one SEM bars"", ""x_axis"": ""days after planting (days)"", ""y_axis"": ""mean height (cm)""}","[{""criterion_id"": ""REPRESENTATION_TYPE"", ""met_rule"": ""Uses a continuous x-axis graph with plotted points.""}, {""criterion_id"": ""X_UNIT"", ""met_rule"": ""X-axis includes the required variable and unit.""}, {""criterion_id"": ""Y_UNIT"", ""met_rule"": ""Y-axis includes the required variable and unit.""}, {""criterion_id"": ""X_SCALE"", ""met_rule"": ""Numeric x positions are proportional and interpretable.""}, {""criterion_id"": ""Y_SCALE"", ""met_rule"": ""Y-scale is interpretable and can represent all means and SEM bars.""}, {""criterion_id"": ""PLOT_VALUES"", ""met_rule"": ""All measured means are plotted at recoverable coordinates.""}, {""criterion_id"": ""POINT_CONNECTION"", ""met_rule"": ""Adjacent measured values are connected without replacing points.""}, {""criterion_id"": ""UNCERTAINTY_MARKS"", ""met_rule"": ""Each mean has centered symmetric plus/minus SEM bars.""}]","{""item_seed"": 2003, ""method"": ""seeded_replicate_v2"", ""model"": ""linear(intercept=18.27,top=47.05)"", ""points"": [{""displayed_mean"": 19.0, ""displayed_sem"": 0.4, ""raw_replicate_mean"": 19.1, ""raw_replicate_sem"": 0.396, ""replicates"": [18.1, 19.0, 19.9, 18.4, 20.1], ""true_model_value"": 18.273, ""x"": 0}, {""displayed_mean"": 18.0, ""displayed_sem"": 0.3, ""raw_replicate_mean"": 17.2, ""raw_replicate_sem"": 0.235, ""replicates"": [17.4, 17.7, 17.6, 16.5, 16.8], ""true_model_value"": 20.671, ""x"": 1}, {""displayed_mean"": 24.0, ""displayed_sem"": 0.6, ""raw_replicate_mean"": 23.36, ""raw_replicate_sem"": 0.572, ""replicates"": [22.1, 23.6, 22.3, 25.3, 23.5], ""true_model_value"": 25.468, ""x"": 3}, {""displayed_mean"": 29.0, ""displayed_sem"": 0.9, ""raw_replicate_mean"": 28.52, ""raw_replicate_sem"": 0.86, ""replicates"": [28.8, 25.9, 28.2, 31.3, 28.4], ""true_model_value"": 30.264, ""x"": 5}, {""displayed_mean"": 36.0, ""displayed_sem"": 0.9, ""raw_replicate_mean"": 35.02, ""raw_replicate_sem"": 0.859, ""replicates"": [34.0, 38.0, 34.7, 32.9, 35.5], ""true_model_value"": 35.061, ""x"": 7}, {""displayed_mean"": 45.0, ""displayed_sem"": 0.8, ""raw_replicate_mean"": 42.38, ""raw_replicate_sem"": 0.791, ""replicates"": [41.8, 44.5, 42.4, 39.8, 43.4], ""true_model_value"": 44.654, ""x"": 11}, {""displayed_mean"": 53.0, ""displayed_sem"": 1.0, ""raw_replicate_mean"": 53.34, ""raw_replicate_sem"": 0.956, ""replicates"": [52.5, 56.8, 51.0, 53.0, 53.4], ""true_model_value"": 47.052, ""x"": 12}], ""replicate_n"": 5}",independently_authored_synthetic_research_seed_unverified,Research seed for hand-drawn graph capture and reviewer evaluation. Do not expose criterion definitions to the person drawing the graph.
HDG-2026-P2-SER-005,v0.2-research-seed,frq,short,canonical_answer,continuous_measured_series_supplied_uncertainty,,HDG-2026-P2-SER-005__response-01.jpg,"Researchers measured heart cell contraction at several values of calcium concentration. Use the data table to construct a graph with calcium concentration on the x-axis and mean contractions per min on the y-axis. Plot each mean at its measured x-value, connect adjacent measured values, and include symmetric error bars showing plus or minus one SEM.

Write the item ID HDG-2026-P2-SER-005 at the top of your page.

| calcium concentration (mM) | Mean contractions per min (beats/min) | SEM (beats/min) |
| --- | --- | --- |
| 1 | 25.0 | 0.8 |
| 1.5 | 32.0 | 0.4 |
| 3 | 45.0 | 0.9 |
| 4 | 51.0 | 1.2 |
| 5 | 59.0 | 1.3 |
| 6 | 55.0 | 1.4 |
| 8 | 31.0 | 0.8 |","Expected graph: continuous measured series with connected adjacent points; x-axis calcium concentration (mM); y-axis mean contractions per min (beats/min). Required criteria: REPRESENTATION_TYPE, X_UNIT, Y_UNIT, X_SCALE, Y_SCALE, PLOT_VALUES, POINT_CONNECTION, UNCERTAINTY_MARKS.",AP Biology|data analysis|quantitative graphing|response curves,heart cell contraction|continuous measured series|SEM error bars,"[{""Mean contractions per min (beats/min)"": 25.0, ""SEM (beats/min)"": 0.8, ""calcium concentration (mM)"": 1}, {""Mean contractions per min (beats/min)"": 32.0, ""SEM (beats/min)"": 0.4, ""calcium concentration (mM)"": 1.5}, {""Mean contractions per min (beats/min)"": 45.0, ""SEM (beats/min)"": 0.9, ""calcium concentration (mM)"": 3}, {""Mean contractions per min (beats/min)"": 51.0, ""SEM (beats/min)"": 1.2, ""calcium concentration (mM)"": 4}, {""Mean contractions per min (beats/min)"": 59.0, ""SEM (beats/min)"": 1.3, ""calcium concentration (mM)"": 5}, {""Mean contractions per min (beats/min)"": 55.0, ""SEM (beats/min)"": 1.4, ""calcium concentration (mM)"": 6}, {""Mean contractions per min (beats/min)"": 31.0, ""SEM (beats/min)"": 0.8, ""calcium concentration (mM)"": 8}]","{""accepted_variants"": [""points connected by line segments""], ""representation"": ""continuous measured series with connected adjacent points"", ""required_uncertainty"": ""symmetric plus/minus one SEM bars"", ""x_axis"": ""calcium concentration (mM)"", ""y_axis"": ""mean contractions per min (beats/min)""}","[{""criterion_id"": ""REPRESENTATION_TYPE"", ""met_rule"": ""Uses a continuous x-axis graph with plotted points.""}, {""criterion_id"": ""X_UNIT"", ""met_rule"": ""X-axis includes the required variable and unit.""}, {""criterion_id"": ""Y_UNIT"", ""met_rule"": ""Y-axis includes the required variable and unit.""}, {""criterion_id"": ""X_SCALE"", ""met_rule"": ""Numeric x positions are proportional and interpretable.""}, {""criterion_id"": ""Y_SCALE"", ""met_rule"": ""Y-scale is interpretable and can represent all means and SEM bars.""}, {""criterion_id"": ""PLOT_VALUES"", ""met_rule"": ""All measured means are plotted at recoverable coordinates.""}, {""criterion_id"": ""POINT_CONNECTION"", ""met_rule"": ""Adjacent measured values are connected without replacing points.""}, {""criterion_id"": ""UNCERTAINTY_MARKS"", ""met_rule"": ""Each mean has centered symmetric plus/minus SEM bars.""}]","{""item_seed"": 2004, ""method"": ""seeded_replicate_v2"", ""model"": ""peak(center=4.82,spread=2.53,amp=47.09,base=9.45)"", ""points"": [{""displayed_mean"": 25.0, ""displayed_sem"": 0.8, ""raw_replicate_mean"": 25.04, ""raw_replicate_sem"": 0.755, ""replicates"": [26.2, 26.1, 26.5, 23.3, 23.1], ""true_model_value"": 24.502, ""x"": 1}, {""displayed_mean"": 32.0, ""displayed_sem"": 0.4, ""raw_replicate_mean"": 33.0, ""raw_replicate_sem"": 0.425, ""replicates"": [33.0, 33.4, 31.5, 33.0, 34.1], ""true_model_value"": 29.347, ""x"": 1.5}, {""displayed_mean"": 45.0, ""displayed_sem"": 0.9, ""raw_replicate_mean"": 44.54, ""raw_replicate_sem"": 0.927, ""replicates"": [43.2, 47.7, 43.7, 42.6, 45.5], ""true_model_value"": 45.801, ""x"": 3}, {""displayed_mean"": 51.0, ""displayed_sem"": 1.2, ""raw_replicate_mean"": 53.86, ""raw_replicate_sem"": 1.164, ""replicates"": [52.1, 54.4, 52.3, 58.2, 52.3], ""true_model_value"": 54.131, ""x"": 4}, {""displayed_mean"": 59.0, ""displayed_sem"": 1.3, ""raw_replicate_mean"": 60.18, ""raw_replicate_sem"": 1.325, ""replicates"": [64.7, 59.3, 57.2, 61.4, 58.3], ""true_model_value"": 56.419, ""x"": 5}, {""displayed_mean"": 55.0, ""displayed_sem"": 1.4, ""raw_replicate_mean"": 55.98, ""raw_replicate_sem"": 1.367, ""replicates"": [52.7, 55.6, 57.6, 60.3, 53.7], ""true_model_value"": 51.677, ""x"": 6}, {""displayed_mean"": 31.0, ""displayed_sem"": 0.8, ""raw_replicate_mean"": 30.98, ""raw_replicate_sem"": 0.819, ""replicates"": [30.2, 31.3, 33.1, 32.0, 28.3], ""true_model_value"": 30.8, ""x"": 8}], ""replicate_n"": 5}",independently_authored_synthetic_research_seed_unverified,Research seed for hand-drawn graph capture and reviewer evaluation. Do not expose criterion definitions to the person drawing the graph.
HDG-2026-P2-SER-006,v0.2-research-seed,frq,short,canonical_answer,continuous_measured_series_supplied_uncertainty,,HDG-2026-P2-SER-006__response-01.jpg,"Researchers measured fermentation rate at several values of incubation time. Use the data table to construct a graph with incubation time on the x-axis and mean CO2 production rate on the y-axis. Plot each mean at its measured x-value, connect adjacent measured values, and include symmetric error bars showing plus or minus one SEM.

Write the item ID HDG-2026-P2-SER-006 at the top of your page.

| incubation time (min) | Mean CO2 production rate (mL/min) | SEM (mL/min) |
| --- | --- | --- |
| 0 | 1.0 | 0.3 |
| 2 | 4.0 | 0.4 |
| 5 | 12.0 | 0.4 |
| 8 | 22.0 | 0.4 |
| 12 | 27.0 | 0.5 |
| 30 | 42.0 | 0.9 |
| 40 | 44.0 | 0.8 |","Expected graph: continuous measured series with connected adjacent points; x-axis incubation time (min); y-axis mean CO2 production rate (mL/min). Required criteria: REPRESENTATION_TYPE, X_UNIT, Y_UNIT, X_SCALE, Y_SCALE, PLOT_VALUES, POINT_CONNECTION, UNCERTAINTY_MARKS.",AP Biology|data analysis|quantitative graphing|response curves,fermentation rate|continuous measured series|SEM error bars,"[{""Mean CO2 production rate (mL/min)"": 1.0, ""SEM (mL/min)"": 0.3, ""incubation time (min)"": 0}, {""Mean CO2 production rate (mL/min)"": 4.0, ""SEM (mL/min)"": 0.4, ""incubation time (min)"": 2}, {""Mean CO2 production rate (mL/min)"": 12.0, ""SEM (mL/min)"": 0.4, ""incubation time (min)"": 5}, {""Mean CO2 production rate (mL/min)"": 22.0, ""SEM (mL/min)"": 0.4, ""incubation time (min)"": 8}, {""Mean CO2 production rate (mL/min)"": 27.0, ""SEM (mL/min)"": 0.5, ""incubation time (min)"": 12}, {""Mean CO2 production rate (mL/min)"": 42.0, ""SEM (mL/min)"": 0.9, ""incubation time (min)"": 30}, {""Mean CO2 production rate (mL/min)"": 44.0, ""SEM (mL/min)"": 0.8, ""incubation time (min)"": 40}]","{""accepted_variants"": [""points connected by line segments""], ""representation"": ""continuous measured series with connected adjacent points"", ""required_uncertainty"": ""symmetric plus/minus one SEM bars"", ""x_axis"": ""incubation time (min)"", ""y_axis"": ""mean CO2 production rate (mL/min)""}","[{""criterion_id"": ""REPRESENTATION_TYPE"", ""met_rule"": ""Uses a continuous x-axis graph with plotted points.""}, {""criterion_id"": ""X_UNIT"", ""met_rule"": ""X-axis includes the required variable and unit.""}, {""criterion_id"": ""Y_UNIT"", ""met_rule"": ""Y-axis includes the required variable and unit.""}, {""criterion_id"": ""X_SCALE"", ""met_rule"": ""Numeric x positions are proportional and interpretable.""}, {""criterion_id"": ""Y_SCALE"", ""met_rule"": ""Y-scale is interpretable and can represent all means and SEM bars.""}, {""criterion_id"": ""PLOT_VALUES"", ""met_rule"": ""All measured means are plotted at recoverable coordinates.""}, {""criterion_id"": ""POINT_CONNECTION"", ""met_rule"": ""Adjacent measured values are connected without replacing points.""}, {""criterion_id"": ""UNCERTAINTY_MARKS"", ""met_rule"": ""Each mean has centered symmetric plus/minus SEM bars.""}]","{""item_seed"": 2005, ""method"": ""seeded_replicate_v2"", ""model"": ""saturating(ymax=46.06,scale=15.29)"", ""points"": [{""displayed_mean"": 1.0, ""displayed_sem"": 0.3, ""raw_replicate_mean"": 1.02, ""raw_replicate_sem"": 0.332, ""replicates"": [0.5, 0.5, 0.9, 0.9, 2.3], ""true_model_value"": 0.0, ""x"": 0}, {""displayed_mean"": 4.0, ""displayed_sem"": 0.4, ""raw_replicate_mean"": 4.52, ""raw_replicate_sem"": 0.398, ""replicates"": [3.5, 5.1, 5.7, 3.9, 4.4], ""true_model_value"": 5.649, ""x"": 2}, {""displayed_mean"": 12.0, ""displayed_sem"": 0.4, ""raw_replicate_mean"": 12.36, ""raw_replicate_sem"": 0.375, ""replicates"": [12.8, 12.4, 11.5, 11.6, 13.5], ""true_model_value"": 12.85, ""x"": 5}, {""displayed_mean"": 22.0, ""displayed_sem"": 0.4, ""raw_replicate_mean"": 22.08, ""raw_replicate_sem"": 0.373, ""replicates"": [21.3, 21.4, 23.2, 22.7, 21.8], ""true_model_value"": 18.768, ""x"": 8}, {""displayed_mean"": 27.0, ""displayed_sem"": 0.5, ""raw_replicate_mean"": 26.88, ""raw_replicate_sem"": 0.527, ""replicates"": [27.5, 27.4, 28.2, 25.9, 25.4], ""true_model_value"": 25.052, ""x"": 12}, {""displayed_mean"": 42.0, ""displayed_sem"": 0.9, ""raw_replicate_mean"": 41.84, ""raw_replicate_sem"": 0.899, ""replicates"": [45.3, 41.7, 40.2, 41.2, 40.8], ""true_model_value"": 39.591, ""x"": 30}, {""displayed_mean"": 44.0, ""displayed_sem"": 0.8, ""raw_replicate_mean"": 42.48, ""raw_replicate_sem"": 0.775, ""replicates"": [41.1, 42.9, 45.2, 40.9, 42.3], ""true_model_value"": 42.699, ""x"": 40}], ""replicate_n"": 5}",independently_authored_synthetic_research_seed_unverified,Research seed for hand-drawn graph capture and reviewer evaluation. Do not expose criterion definitions to the person drawing the graph.
HDG-2026-P2-SER-007,v0.2-research-seed,frq,short,canonical_answer,continuous_measured_series_supplied_uncertainty,,HDG-2026-P2-SER-007__response-01.jpg,"Researchers measured aquatic plant growth at several values of nitrate concentration. Use the data table to construct a graph with nitrate concentration on the x-axis and mean growth rate on the y-axis. Plot each mean at its measured x-value, connect adjacent measured values, and include symmetric error bars showing plus or minus one SEM.

Write the item ID HDG-2026-P2-SER-007 at the top of your page.

| nitrate concentration (mg/L) | Mean growth rate (mg/day) | SEM (mg/day) |
| --- | --- | --- |
| 0 | 74.0 | 1.2 |
| 5 | 65.0 | 3.3 |
| 15 | 58.0 | 1.9 |
| 40 | 38.0 | 0.8 |
| 60 | 24.0 | 0.3 |
| 80 | 19.0 | 0.3 |
| 100 | 13.0 | 0.3 |","Expected graph: continuous measured series with connected adjacent points; x-axis nitrate concentration (mg/L); y-axis mean growth rate (mg/day). Required criteria: REPRESENTATION_TYPE, X_UNIT, Y_UNIT, X_SCALE, Y_SCALE, PLOT_VALUES, POINT_CONNECTION, UNCERTAINTY_MARKS.",AP Biology|data analysis|quantitative graphing|response curves,aquatic plant growth|continuous measured series|SEM error bars,"[{""Mean growth rate (mg/day)"": 74.0, ""SEM (mg/day)"": 1.2, ""nitrate concentration (mg/L)"": 0}, {""Mean growth rate (mg/day)"": 65.0, ""SEM (mg/day)"": 3.3, ""nitrate concentration (mg/L)"": 5}, {""Mean growth rate (mg/day)"": 58.0, ""SEM (mg/day)"": 1.9, ""nitrate concentration (mg/L)"": 15}, {""Mean growth rate (mg/day)"": 38.0, ""SEM (mg/day)"": 0.8, ""nitrate concentration (mg/L)"": 40}, {""Mean growth rate (mg/day)"": 24.0, ""SEM (mg/day)"": 0.3, ""nitrate concentration (mg/L)"": 60}, {""Mean growth rate (mg/day)"": 19.0, ""SEM (mg/day)"": 0.3, ""nitrate concentration (mg/L)"": 80}, {""Mean growth rate (mg/day)"": 13.0, ""SEM (mg/day)"": 0.3, ""nitrate concentration (mg/L)"": 100}]","{""accepted_variants"": [""points connected by line segments""], ""representation"": ""continuous measured series with connected adjacent points"", ""required_uncertainty"": ""symmetric plus/minus one SEM bars"", ""x_axis"": ""nitrate concentration (mg/L)"", ""y_axis"": ""mean growth rate (mg/day)""}","[{""criterion_id"": ""REPRESENTATION_TYPE"", ""met_rule"": ""Uses a continuous x-axis graph with plotted points.""}, {""criterion_id"": ""X_UNIT"", ""met_rule"": ""X-axis includes the required variable and unit.""}, {""criterion_id"": ""Y_UNIT"", ""met_rule"": ""Y-axis includes the required variable and unit.""}, {""criterion_id"": ""X_SCALE"", ""met_rule"": ""Numeric x positions are proportional and interpretable.""}, {""criterion_id"": ""Y_SCALE"", ""met_rule"": ""Y-scale is interpretable and can represent all means and SEM bars.""}, {""criterion_id"": ""PLOT_VALUES"", ""met_rule"": ""All measured means are plotted at recoverable coordinates.""}, {""criterion_id"": ""POINT_CONNECTION"", ""met_rule"": ""Adjacent measured values are connected without replacing points.""}, {""criterion_id"": ""UNCERTAINTY_MARKS"", ""met_rule"": ""Each mean has centered symmetric plus/minus SEM bars.""}]","{""item_seed"": 2006, ""method"": ""seeded_replicate_v2"", ""model"": ""decay(start=72.59,scale=50.12,floor=3.47)"", ""points"": [{""displayed_mean"": 74.0, ""displayed_sem"": 1.2, ""raw_replicate_mean"": 74.48, ""raw_replicate_sem"": 1.25, ""replicates"": [71.2, 77.1, 76.8, 71.8, 75.5], ""true_model_value"": 72.585, ""x"": 0}, {""displayed_mean"": 65.0, ""displayed_sem"": 3.3, ""raw_replicate_mean"": 65.06, ""raw_replicate_sem"": 3.252, ""replicates"": [70.1, 69.5, 58.6, 71.3, 55.8], ""true_model_value"": 66.024, ""x"": 5}, {""displayed_mean"": 58.0, ""displayed_sem"": 1.9, ""raw_replicate_mean"": 58.42, ""raw_replicate_sem"": 1.921, ""replicates"": [55.6, 62.7, 63.3, 56.6, 53.9], ""true_model_value"": 54.71, ""x"": 15}, {""displayed_mean"": 38.0, ""displayed_sem"": 0.8, ""raw_replicate_mean"": 37.64, ""raw_replicate_sem"": 0.762, ""replicates"": [38.6, 38.1, 39.7, 35.6, 36.2], ""true_model_value"": 34.588, ""x"": 40}, {""displayed_mean"": 24.0, ""displayed_sem"": 0.3, ""raw_replicate_mean"": 24.06, ""raw_replicate_sem"": 0.271, ""replicates"": [23.3, 24.9, 24.3, 24.1, 23.7], ""true_model_value"": 24.35, ""x"": 60}, {""displayed_mean"": 19.0, ""displayed_sem"": 0.3, ""raw_replicate_mean"": 18.82, ""raw_replicate_sem"": 0.24, ""replicates"": [19.4, 19.1, 18.2, 18.3, 19.1], ""true_model_value"": 17.481, ""x"": 80}, {""displayed_mean"": 13.0, ""displayed_sem"": 0.3, ""raw_replicate_mean"": 13.12, ""raw_replicate_sem"": 0.244, ""replicates"": [12.7, 13.7, 13.4, 12.4, 13.4], ""true_model_value"": 12.872, ""x"": 100}], ""replicate_n"": 5}",independently_authored_synthetic_research_seed_unverified,Research seed for hand-drawn graph capture and reviewer evaluation. Do not expose criterion definitions to the person drawing the graph.
HDG-2026-P2-SER-008,v0.2-research-seed,frq,short,canonical_answer,continuous_measured_series_supplied_uncertainty,,HDG-2026-P2-SER-008__response-01.jpg,"Researchers measured membrane transport at several values of external glucose. Use the data table to construct a graph with external glucose on the x-axis and mean uptake rate on the y-axis. Plot each mean at its measured x-value, connect adjacent measured values, and include symmetric error bars showing plus or minus one SEM.

Write the item ID HDG-2026-P2-SER-008 at the top of your page.

| external glucose (mM) | Mean uptake rate (pmol/min) | SEM (pmol/min) |
| --- | --- | --- |
| 0 | 16.0 | 0.3 |
| 2 | 21.0 | 0.4 |
| 5 | 31.0 | 1.1 |
| 8 | 37.0 | 0.5 |
| 12 | 46.0 | 0.6 |
| 16 | 60.0 | 1.5 |
| 20 | 69.0 | 1.1 |","Expected graph: continuous measured series with connected adjacent points; x-axis external glucose (mM); y-axis mean uptake rate (pmol/min). Required criteria: REPRESENTATION_TYPE, X_UNIT, Y_UNIT, X_SCALE, Y_SCALE, PLOT_VALUES, POINT_CONNECTION, UNCERTAINTY_MARKS.",AP Biology|data analysis|quantitative graphing|response curves,membrane transport|continuous measured series|SEM error bars,"[{""Mean uptake rate (pmol/min)"": 16.0, ""SEM (pmol/min)"": 0.3, ""external glucose (mM)"": 0}, {""Mean uptake rate (pmol/min)"": 21.0, ""SEM (pmol/min)"": 0.4, ""external glucose (mM)"": 2}, {""Mean uptake rate (pmol/min)"": 31.0, ""SEM (pmol/min)"": 1.1, ""external glucose (mM)"": 5}, {""Mean uptake rate (pmol/min)"": 37.0, ""SEM (pmol/min)"": 0.5, ""external glucose (mM)"": 8}, {""Mean uptake rate (pmol/min)"": 46.0, ""SEM (pmol/min)"": 0.6, ""external glucose (mM)"": 12}, {""Mean uptake rate (pmol/min)"": 60.0, ""SEM (pmol/min)"": 1.5, ""external glucose (mM)"": 16}, {""Mean uptake rate (pmol/min)"": 69.0, ""SEM (pmol/min)"": 1.1, ""external glucose (mM)"": 20}]","{""accepted_variants"": [""points connected by line segments""], ""representation"": ""continuous measured series with connected adjacent points"", ""required_uncertainty"": ""symmetric plus/minus one SEM bars"", ""x_axis"": ""external glucose (mM)"", ""y_axis"": ""mean uptake rate (pmol/min)""}","[{""criterion_id"": ""REPRESENTATION_TYPE"", ""met_rule"": ""Uses a continuous x-axis graph with plotted points.""}, {""criterion_id"": ""X_UNIT"", ""met_rule"": ""X-axis includes the required variable and unit.""}, {""criterion_id"": ""Y_UNIT"", ""met_rule"": ""Y-axis includes the required variable and unit.""}, {""criterion_id"": ""X_SCALE"", ""met_rule"": ""Numeric x positions are proportional and interpretable.""}, {""criterion_id"": ""Y_SCALE"", ""met_rule"": ""Y-scale is interpretable and can represent all means and SEM bars.""}, {""criterion_id"": ""PLOT_VALUES"", ""met_rule"": ""All measured means are plotted at recoverable coordinates.""}, {""criterion_id"": ""POINT_CONNECTION"", ""met_rule"": ""Adjacent measured values are connected without replacing points.""}, {""criterion_id"": ""UNCERTAINTY_MARKS"", ""met_rule"": ""Each mean has centered symmetric plus/minus SEM bars.""}]","{""item_seed"": 2007, ""method"": ""seeded_replicate_v2"", ""model"": ""linear(intercept=17.67,top=65.08)"", ""points"": [{""displayed_mean"": 16.0, ""displayed_sem"": 0.3, ""raw_replicate_mean"": 15.86, ""raw_replicate_sem"": 0.16, ""replicates"": [16.3, 15.5, 16.1, 15.9, 15.5], ""true_model_value"": 17.665, ""x"": 0}, {""displayed_mean"": 21.0, ""displayed_sem"": 0.4, ""raw_replicate_mean"": 21.4, ""raw_replicate_sem"": 0.425, ""replicates"": [20.6, 21.7, 20.2, 22.2, 22.3], ""true_model_value"": 22.407, ""x"": 2}, {""displayed_mean"": 31.0, ""displayed_sem"": 1.1, ""raw_replicate_mean"": 31.56, ""raw_replicate_sem"": 1.145, ""replicates"": [34.5, 31.7, 31.5, 32.6, 27.5], ""true_model_value"": 29.518, ""x"": 5}, {""displayed_mean"": 37.0, ""displayed_sem"": 0.5, ""raw_replicate_mean"": 37.28, ""raw_replicate_sem"": 0.499, ""replicates"": [37.7, 35.8, 37.8, 38.6, 36.5], ""true_model_value"": 36.63, ""x"": 8}, {""displayed_mean"": 46.0, ""displayed_sem"": 0.6, ""raw_replicate_mean"": 44.84, ""raw_replicate_sem"": 0.571, ""replicates"": [44.1, 46.4, 43.5, 44.2, 46.0], ""true_model_value"": 46.112, ""x"": 12}, {""displayed_mean"": 60.0, ""displayed_sem"": 1.5, ""raw_replicate_mean"": 57.54, ""raw_replicate_sem"": 1.459, ""replicates"": [57.1, 60.7, 61.1, 54.4, 54.4], ""true_model_value"": 55.594, ""x"": 16}, {""displayed_mean"": 69.0, ""displayed_sem"": 1.1, ""raw_replicate_mean"": 69.68, ""raw_replicate_sem"": 1.125, ""replicates"": [66.5, 72.4, 68.6, 72.1, 68.8], ""true_model_value"": 65.076, ""x"": 20}], ""replicate_n"": 5}",independently_authored_synthetic_research_seed_unverified,Research seed for hand-drawn graph capture and reviewer evaluation. Do not expose criterion definitions to the person drawing the graph.
HDG-2026-P2-SER-009,v0.2-research-seed,frq,short,canonical_answer,continuous_measured_series_supplied_uncertainty,,HDG-2026-P2-SER-009__response-01.jpg,"Researchers measured cell survival at several values of UV exposure time. Use the data table to construct a graph with UV exposure time on the x-axis and mean surviving cells on the y-axis. Plot each mean at its measured x-value, connect adjacent measured values, and include symmetric error bars showing plus or minus one SEM.

Write the item ID HDG-2026-P2-SER-009 at the top of your page.

| UV exposure time (s) | Mean surviving cells (%) | SEM (%) |
| --- | --- | --- |
| 10 | 31.0 | 0.6 |
| 20 | 37.0 | 0.6 |
| 30 | 43.0 | 0.7 |
| 45 | 45.0 | 1.0 |
| 60 | 46.0 | 0.5 |
| 100 | 34.0 | 0.5 |
| 150 | 14.0 | 0.3 |","Expected graph: continuous measured series with connected adjacent points; x-axis UV exposure time (s); y-axis mean surviving cells (%). Required criteria: REPRESENTATION_TYPE, X_UNIT, Y_UNIT, X_SCALE, Y_SCALE, PLOT_VALUES, POINT_CONNECTION, UNCERTAINTY_MARKS.",AP Biology|data analysis|quantitative graphing|response curves,cell survival|continuous measured series|SEM error bars,"[{""Mean surviving cells (%)"": 31.0, ""SEM (%)"": 0.6, ""UV exposure time (s)"": 10}, {""Mean surviving cells (%)"": 37.0, ""SEM (%)"": 0.6, ""UV exposure time (s)"": 20}, {""Mean surviving cells (%)"": 43.0, ""SEM (%)"": 0.7, ""UV exposure time (s)"": 30}, {""Mean surviving cells (%)"": 45.0, ""SEM (%)"": 1.0, ""UV exposure time (s)"": 45}, {""Mean surviving cells (%)"": 46.0, ""SEM (%)"": 0.5, ""UV exposure time (s)"": 60}, {""Mean surviving cells (%)"": 34.0, ""SEM (%)"": 0.5, ""UV exposure time (s)"": 100}, {""Mean surviving cells (%)"": 14.0, ""SEM (%)"": 0.3, ""UV exposure time (s)"": 150}]","{""accepted_variants"": [""points connected by line segments""], ""representation"": ""continuous measured series with connected adjacent points"", ""required_uncertainty"": ""symmetric plus/minus one SEM bars"", ""x_axis"": ""UV exposure time (s)"", ""y_axis"": ""mean surviving cells (%)""}","[{""criterion_id"": ""REPRESENTATION_TYPE"", ""met_rule"": ""Uses a continuous x-axis graph with plotted points.""}, {""criterion_id"": ""X_UNIT"", ""met_rule"": ""X-axis includes the required variable and unit.""}, {""criterion_id"": ""Y_UNIT"", ""met_rule"": ""Y-axis includes the required variable and unit.""}, {""criterion_id"": ""X_SCALE"", ""met_rule"": ""Numeric x positions are proportional and interpretable.""}, {""criterion_id"": ""Y_SCALE"", ""met_rule"": ""Y-scale is interpretable and can represent all means and SEM bars.""}, {""criterion_id"": ""PLOT_VALUES"", ""met_rule"": ""All measured means are plotted at recoverable coordinates.""}, {""criterion_id"": ""POINT_CONNECTION"", ""met_rule"": ""Adjacent measured values are connected without replacing points.""}, {""criterion_id"": ""UNCERTAINTY_MARKS"", ""met_rule"": ""Each mean has centered symmetric plus/minus SEM bars.""}]","{""item_seed"": 2008, ""method"": ""seeded_replicate_v2"", ""model"": ""peak(center=56.26,spread=42.78,amp=35.0,base=11.4)"", ""points"": [{""displayed_mean"": 31.0, ""displayed_sem"": 0.6, ""raw_replicate_mean"": 30.88, ""raw_replicate_sem"": 0.63, ""replicates"": [29.6, 30.1, 30.0, 31.8, 32.9], ""true_model_value"": 30.907, ""x"": 10}, {""displayed_mean"": 37.0, ""displayed_sem"": 0.6, ""raw_replicate_mean"": 36.42, ""raw_replicate_sem"": 0.589, ""replicates"": [37.1, 35.4, 35.3, 35.9, 38.4], ""true_model_value"": 35.839, ""x"": 20}, {""displayed_mean"": 43.0, ""displayed_sem"": 0.7, ""raw_replicate_mean"": 42.98, ""raw_replicate_sem"": 0.712, ""replicates"": [44.5, 44.9, 42.2, 41.6, 41.7], ""true_model_value"": 40.391, ""x"": 30}, {""displayed_mean"": 45.0, ""displayed_sem"": 1.0, ""raw_replicate_mean"": 45.94, ""raw_replicate_sem"": 1.029, ""replicates"": [44.6, 44.0, 49.4, 47.2, 44.5], ""true_model_value"": 45.209, ""x"": 45}, {""displayed_mean"": 46.0, ""displayed_sem"": 0.5, ""raw_replicate_mean"": 46.36, ""raw_replicate_sem"": 0.455, ""replicates"": [47.4, 45.8, 45.8, 45.3, 47.5], ""true_model_value"": 46.267, ""x"": 60}, {""displayed_mean"": 34.0, ""displayed_sem"": 0.5, ""raw_replicate_mean"": 33.2, ""raw_replicate_sem"": 0.521, ""replicates"": [33.8, 31.3, 33.8, 34.2, 32.9], ""true_model_value"": 32.154, ""x"": 100}, {""displayed_mean"": 14.0, ""displayed_sem"": 0.3, ""raw_replicate_mean"": 14.14, ""raw_replicate_sem"": 0.154, ""replicates"": [14.7, 14.2, 14.0, 13.8, 14.0], ""true_model_value"": 14.577, ""x"": 150}], ""replicate_n"": 5}",independently_authored_synthetic_research_seed_unverified,Research seed for hand-drawn graph capture and reviewer evaluation. Do not expose criterion definitions to the person drawing the graph.
HDG-2026-P2-SER-010,v0.2-research-seed,frq,short,canonical_answer,continuous_measured_series_supplied_uncertainty,,HDG-2026-P2-SER-010__response-01.jpg,"Researchers measured enzyme activity at several values of pH. Use the data table to construct a graph with pH on the x-axis and mean relative activity on the y-axis. Plot each mean at its measured x-value, connect adjacent measured values, and include symmetric error bars showing plus or minus one SEM.

Write the item ID HDG-2026-P2-SER-010 at the top of your page.

| pH (pH units) | Mean relative activity (%) | SEM (%) |
| --- | --- | --- |
| 4 | 1.0 | 0.3 |
| 5 | 15.0 | 0.3 |
| 6 | 24.0 | 0.4 |
| 7 | 29.0 | 1.2 |
| 8 | 40.0 | 1.1 |
| 9 | 39.0 | 1.2 |
| 10 | 41.0 | 0.6 |","Expected graph: continuous measured series with connected adjacent points; x-axis pH (pH units); y-axis mean relative activity (%). Required criteria: REPRESENTATION_TYPE, X_UNIT, Y_UNIT, X_SCALE, Y_SCALE, PLOT_VALUES, POINT_CONNECTION, UNCERTAINTY_MARKS.",AP Biology|data analysis|quantitative graphing|response curves,enzyme activity|continuous measured series|SEM error bars,"[{""Mean relative activity (%)"": 1.0, ""SEM (%)"": 0.3, ""pH (pH units)"": 4}, {""Mean relative activity (%)"": 15.0, ""SEM (%)"": 0.3, ""pH (pH units)"": 5}, {""Mean relative activity (%)"": 24.0, ""SEM (%)"": 0.4, ""pH (pH units)"": 6}, {""Mean relative activity (%)"": 29.0, ""SEM (%)"": 1.2, ""pH (pH units)"": 7}, {""Mean relative activity (%)"": 40.0, ""SEM (%)"": 1.1, ""pH (pH units)"": 8}, {""Mean relative activity (%)"": 39.0, ""SEM (%)"": 1.2, ""pH (pH units)"": 9}, {""Mean relative activity (%)"": 41.0, ""SEM (%)"": 0.6, ""pH (pH units)"": 10}]","{""accepted_variants"": [""points connected by line segments""], ""representation"": ""continuous measured series with connected adjacent points"", ""required_uncertainty"": ""symmetric plus/minus one SEM bars"", ""x_axis"": ""pH (pH units)"", ""y_axis"": ""mean relative activity (%)""}","[{""criterion_id"": ""REPRESENTATION_TYPE"", ""met_rule"": ""Uses a continuous x-axis graph with plotted points.""}, {""criterion_id"": ""X_UNIT"", ""met_rule"": ""X-axis includes the required variable and unit.""}, {""criterion_id"": ""Y_UNIT"", ""met_rule"": ""Y-axis includes the required variable and unit.""}, {""criterion_id"": ""X_SCALE"", ""met_rule"": ""Numeric x positions are proportional and interpretable.""}, {""criterion_id"": ""Y_SCALE"", ""met_rule"": ""Y-scale is interpretable and can represent all means and SEM bars.""}, {""criterion_id"": ""PLOT_VALUES"", ""met_rule"": ""All measured means are plotted at recoverable coordinates.""}, {""criterion_id"": ""POINT_CONNECTION"", ""met_rule"": ""Adjacent measured values are connected without replacing points.""}, {""criterion_id"": ""UNCERTAINTY_MARKS"", ""met_rule"": ""Each mean has centered symmetric plus/minus SEM bars.""}]","{""item_seed"": 2009, ""method"": ""seeded_replicate_v2"", ""model"": ""saturating(ymax=44.68,scale=2.46)"", ""points"": [{""displayed_mean"": 1.0, ""displayed_sem"": 0.3, ""raw_replicate_mean"": 1.18, ""raw_replicate_sem"": 0.28, ""replicates"": [2.2, 0.8, 1.3, 0.6, 1.0], ""true_model_value"": 0.0, ""x"": 4}, {""displayed_mean"": 15.0, ""displayed_sem"": 0.3, ""raw_replicate_mean"": 15.5, ""raw_replicate_sem"": 0.118, ""replicates"": [15.1, 15.6, 15.6, 15.8, 15.4], ""true_model_value"": 14.924, ""x"": 5}, {""displayed_mean"": 24.0, ""displayed_sem"": 0.4, ""raw_replicate_mean"": 24.18, ""raw_replicate_sem"": 0.426, ""replicates"": [23.9, 23.3, 25.8, 24.1, 23.8], ""true_model_value"": 24.864, ""x"": 6}, {""displayed_mean"": 29.0, ""displayed_sem"": 1.2, ""raw_replicate_mean"": 28.2, ""raw_replicate_sem"": 1.177, ""replicates"": [29.1, 24.4, 31.7, 27.8, 28.0], ""true_model_value"": 31.484, ""x"": 7}, {""displayed_mean"": 40.0, ""displayed_sem"": 1.1, ""raw_replicate_mean"": 39.36, ""raw_replicate_sem"": 1.093, ""replicates"": [38.4, 43.1, 36.9, 40.4, 38.0], ""true_model_value"": 35.893, ""x"": 8}, {""displayed_mean"": 39.0, ""displayed_sem"": 1.2, ""raw_replicate_mean"": 40.16, ""raw_replicate_sem"": 1.151, ""replicates"": [36.7, 43.5, 39.4, 39.5, 41.7], ""true_model_value"": 38.829, ""x"": 9}, {""displayed_mean"": 41.0, ""displayed_sem"": 0.6, ""raw_replicate_mean"": 41.56, ""raw_replicate_sem"": 0.556, ""replicates"": [43.4, 41.4, 42.0, 40.1, 40.9], ""true_model_value"": 40.785, ""x"": 10}], ""replicate_n"": 5}",independently_authored_synthetic_research_seed_unverified,Research seed for hand-drawn graph capture and reviewer evaluation. Do not expose criterion definitions to the person drawing the graph.
HDG-2026-P2-SER-011,v0.2-research-seed,frq,short,canonical_answer,continuous_measured_series_supplied_uncertainty,,HDG-2026-P2-SER-011__response-01.jpg,"Researchers measured enzyme reaction rate at several values of temperature. Use the data table to construct a graph with temperature on the x-axis and mean reaction rate on the y-axis. Plot each mean at its measured x-value, connect adjacent measured values, and include symmetric error bars showing plus or minus one SEM.

Write the item ID HDG-2026-P2-SER-011 at the top of your page.

| temperature (deg C) | Mean reaction rate (umol/min) | SEM (umol/min) |
| --- | --- | --- |
| 10 | 85.0 | 1.2 |
| 15 | 59.0 | 0.9 |
| 28 | 31.0 | 0.9 |
| 35 | 28.0 | 0.6 |
| 42 | 24.0 | 0.3 |
| 55 | 15.0 | 0.4 |
| 60 | 14.0 | 0.4 |","Expected graph: continuous measured series with connected adjacent points; x-axis temperature (deg C); y-axis mean reaction rate (umol/min). Required criteria: REPRESENTATION_TYPE, X_UNIT, Y_UNIT, X_SCALE, Y_SCALE, PLOT_VALUES, POINT_CONNECTION, UNCERTAINTY_MARKS.",AP Biology|data analysis|quantitative graphing|response curves,enzyme reaction rate|continuous measured series|SEM error bars,"[{""Mean reaction rate (umol/min)"": 85.0, ""SEM (umol/min)"": 1.2, ""temperature (deg C)"": 10}, {""Mean reaction rate (umol/min)"": 59.0, ""SEM (umol/min)"": 0.9, ""temperature (deg C)"": 15}, {""Mean reaction rate (umol/min)"": 31.0, ""SEM (umol/min)"": 0.9, ""temperature (deg C)"": 28}, {""Mean reaction rate (umol/min)"": 28.0, ""SEM (umol/min)"": 0.6, ""temperature (deg C)"": 35}, {""Mean reaction rate (umol/min)"": 24.0, ""SEM (umol/min)"": 0.3, ""temperature (deg C)"": 42}, {""Mean reaction rate (umol/min)"": 15.0, ""SEM (umol/min)"": 0.4, ""temperature (deg C)"": 55}, {""Mean reaction rate (umol/min)"": 14.0, ""SEM (umol/min)"": 0.4, ""temperature (deg C)"": 60}]","{""accepted_variants"": [""points connected by line segments""], ""representation"": ""continuous measured series with connected adjacent points"", ""required_uncertainty"": ""symmetric plus/minus one SEM bars"", ""x_axis"": ""temperature (deg C)"", ""y_axis"": ""mean reaction rate (umol/min)""}","[{""criterion_id"": ""REPRESENTATION_TYPE"", ""met_rule"": ""Uses a continuous x-axis graph with plotted points.""}, {""criterion_id"": ""X_UNIT"", ""met_rule"": ""X-axis includes the required variable and unit.""}, {""criterion_id"": ""Y_UNIT"", ""met_rule"": ""Y-axis includes the required variable and unit.""}, {""criterion_id"": ""X_SCALE"", ""met_rule"": ""Numeric x positions are proportional and interpretable.""}, {""criterion_id"": ""Y_SCALE"", ""met_rule"": ""Y-scale is interpretable and can represent all means and SEM bars.""}, {""criterion_id"": ""PLOT_VALUES"", ""met_rule"": ""All measured means are plotted at recoverable coordinates.""}, {""criterion_id"": ""POINT_CONNECTION"", ""met_rule"": ""Adjacent measured values are connected without replacing points.""}, {""criterion_id"": ""UNCERTAINTY_MARKS"", ""met_rule"": ""Each mean has centered symmetric plus/minus SEM bars.""}]","{""item_seed"": 2010, ""method"": ""seeded_replicate_v2"", ""model"": ""decay(start=77.75,scale=20.41,floor=6.25)"", ""points"": [{""displayed_mean"": 85.0, ""displayed_sem"": 1.2, ""raw_replicate_mean"": 87.24, ""raw_replicate_sem"": 1.218, ""replicates"": [85.0, 86.3, 91.9, 87.2, 85.8], ""true_model_value"": 77.745, ""x"": 10}, {""displayed_mean"": 59.0, ""displayed_sem"": 0.9, ""raw_replicate_mean"": 59.62, ""raw_replicate_sem"": 0.882, ""replicates"": [59.9, 62.7, 57.4, 59.5, 58.6], ""true_model_value"": 62.213, ""x"": 15}, {""displayed_mean"": 31.0, ""displayed_sem"": 0.9, ""raw_replicate_mean"": 31.26, ""raw_replicate_sem"": 0.93, ""replicates"": [30.8, 31.2, 29.1, 34.7, 30.5], ""true_model_value"": 35.852, ""x"": 28}, {""displayed_mean"": 28.0, ""displayed_sem"": 0.6, ""raw_replicate_mean"": 27.58, ""raw_replicate_sem"": 0.611, ""replicates"": [29.1, 26.3, 26.5, 29.0, 27.0], ""true_model_value"": 27.258, ""x"": 35}, {""displayed_mean"": 24.0, ""displayed_sem"": 0.3, ""raw_replicate_mean"": 24.22, ""raw_replicate_sem"": 0.282, ""replicates"": [24.5, 25.0, 24.3, 23.3, 24.0], ""true_model_value"": 21.16, ""x"": 42}, {""displayed_mean"": 15.0, ""displayed_sem"": 0.4, ""raw_replicate_mean"": 14.66, ""raw_replicate_sem"": 0.378, ""replicates"": [15.8, 14.0, 15.3, 13.9, 14.3], ""true_model_value"": 14.138, ""x"": 55}, {""displayed_mean"": 14.0, ""displayed_sem"": 0.4, ""raw_replicate_mean"": 14.12, ""raw_replicate_sem"": 0.357, ""replicates"": [13.5, 13.6, 15.3, 14.6, 13.6], ""true_model_value"": 12.424, ""x"": 60}], ""replicate_n"": 5}",independently_authored_synthetic_research_seed_unverified,Research seed for hand-drawn graph capture and reviewer evaluation. Do not expose criterion definitions to the person drawing the graph.
HDG-2026-P2-SER-012,v0.2-research-seed,frq,short,canonical_answer,continuous_measured_series_supplied_uncertainty,,HDG-2026-P2-SER-012__response-01.jpg,"Researchers measured photosynthetic oxygen release at several values of light intensity. Use the data table to construct a graph with light intensity on the x-axis and mean oxygen release on the y-axis. Plot each mean at its measured x-value, connect adjacent measured values, and include symmetric error bars showing plus or minus one SEM.

Write the item ID HDG-2026-P2-SER-012 at the top of your page.

| light intensity (umol photons/m^2/s) | Mean oxygen release (umol O2/min) | SEM (umol O2/min) |
| --- | --- | --- |
| 100 | 19.0 | 0.5 |
| 200 | 21.0 | 0.5 |
| 350 | 26.0 | 0.3 |
| 500 | 26.0 | 1.2 |
| 700 | 31.0 | 0.6 |
| 900 | 44.0 | 0.7 |
| 1400 | 53.0 | 0.5 |","Expected graph: continuous measured series with connected adjacent points; x-axis light intensity (umol photons/m^2/s); y-axis mean oxygen release (umol O2/min). Required criteria: REPRESENTATION_TYPE, X_UNIT, Y_UNIT, X_SCALE, Y_SCALE, PLOT_VALUES, POINT_CONNECTION, UNCERTAINTY_MARKS.",AP Biology|data analysis|quantitative graphing|response curves,photosynthetic oxygen release|continuous measured series|SEM error bars,"[{""Mean oxygen release (umol O2/min)"": 19.0, ""SEM (umol O2/min)"": 0.5, ""light intensity (umol photons/m^2/s)"": 100}, {""Mean oxygen release (umol O2/min)"": 21.0, ""SEM (umol O2/min)"": 0.5, ""light intensity (umol photons/m^2/s)"": 200}, {""Mean oxygen release (umol O2/min)"": 26.0, ""SEM (umol O2/min)"": 0.3, ""light intensity (umol photons/m^2/s)"": 350}, {""Mean oxygen release (umol O2/min)"": 26.0, ""SEM (umol O2/min)"": 1.2, ""light intensity (umol photons/m^2/s)"": 500}, {""Mean oxygen release (umol O2/min)"": 31.0, ""SEM (umol O2/min)"": 0.6, ""light intensity (umol photons/m^2/s)"": 700}, {""Mean oxygen release (umol O2/min)"": 44.0, ""SEM (umol O2/min)"": 0.7, ""light intensity (umol photons/m^2/s)"": 900}, {""Mean oxygen release (umol O2/min)"": 53.0, ""SEM (umol O2/min)"": 0.5, ""light intensity (umol photons/m^2/s)"": 1400}]","{""accepted_variants"": [""points connected by line segments""], ""representation"": ""continuous measured series with connected adjacent points"", ""required_uncertainty"": ""symmetric plus/minus one SEM bars"", ""x_axis"": ""light intensity (umol photons/m^2/s)"", ""y_axis"": ""mean oxygen release (umol O2/min)""}","[{""criterion_id"": ""REPRESENTATION_TYPE"", ""met_rule"": ""Uses a continuous x-axis graph with plotted points.""}, {""criterion_id"": ""X_UNIT"", ""met_rule"": ""X-axis includes the required variable and unit.""}, {""criterion_id"": ""Y_UNIT"", ""met_rule"": ""Y-axis includes the required variable and unit.""}, {""criterion_id"": ""X_SCALE"", ""met_rule"": ""Numeric x positions are proportional and interpretable.""}, {""criterion_id"": ""Y_SCALE"", ""met_rule"": ""Y-scale is interpretable and can represent all means and SEM bars.""}, {""criterion_id"": ""PLOT_VALUES"", ""met_rule"": ""All measured means are plotted at recoverable coordinates.""}, {""criterion_id"": ""POINT_CONNECTION"", ""met_rule"": ""Adjacent measured values are connected without replacing points.""}, {""criterion_id"": ""UNCERTAINTY_MARKS"", ""met_rule"": ""Each mean has centered symmetric plus/minus SEM bars.""}]","{""item_seed"": 2011, ""method"": ""seeded_replicate_v2"", ""model"": ""linear(intercept=19.48,top=49.76)"", ""points"": [{""displayed_mean"": 19.0, ""displayed_sem"": 0.5, ""raw_replicate_mean"": 18.66, ""raw_replicate_sem"": 0.52, ""replicates"": [17.4, 18.0, 19.9, 18.1, 19.9], ""true_model_value"": 19.484, ""x"": 100}, {""displayed_mean"": 21.0, ""displayed_sem"": 0.5, ""raw_replicate_mean"": 21.38, ""raw_replicate_sem"": 0.489, ""replicates"": [22.4, 20.1, 21.9, 20.3, 22.2], ""true_model_value"": 21.813, ""x"": 200}, {""displayed_mean"": 26.0, ""displayed_sem"": 0.3, ""raw_replicate_mean"": 26.82, ""raw_replicate_sem"": 0.34, ""replicates"": [25.6, 26.9, 27.7, 27.0, 26.9], ""true_model_value"": 25.307, ""x"": 350}, {""displayed_mean"": 26.0, ""displayed_sem"": 1.2, ""raw_replicate_mean"": 26.9, ""raw_replicate_sem"": 1.176, ""replicates"": [25.8, 25.3, 31.4, 27.0, 25.0], ""true_model_value"": 28.801, ""x"": 500}, {""displayed_mean"": 31.0, ""displayed_sem"": 0.6, ""raw_replicate_mean"": 31.92, ""raw_replicate_sem"": 0.606, ""replicates"": [32.2, 31.7, 31.9, 33.8, 30.0], ""true_model_value"": 33.46, ""x"": 700}, {""displayed_mean"": 44.0, ""displayed_sem"": 0.7, ""raw_replicate_mean"": 45.0, ""raw_replicate_sem"": 0.671, ""replicates"": [46.5, 45.1, 44.2, 42.9, 46.3], ""true_model_value"": 38.118, ""x"": 900}, {""displayed_mean"": 53.0, ""displayed_sem"": 0.5, ""raw_replicate_mean"": 52.98, ""raw_replicate_sem"": 0.462, ""replicates"": [54.2, 53.1, 52.2, 53.7, 51.7], ""true_model_value"": 49.765, ""x"": 1400}], ""replicate_n"": 5}",independently_authored_synthetic_research_seed_unverified,Research seed for hand-drawn graph capture and reviewer evaluation. Do not expose criterion definitions to the person drawing the graph.
HDG-2026-P2-SER-013,v0.2-research-seed,frq,short,canonical_answer,continuous_measured_series_supplied_uncertainty,,HDG-2026-P2-SER-013__response-01.jpg,"Researchers measured pigment absorbance at several values of wavelength. Use the data table to construct a graph with wavelength on the x-axis and mean absorbance on the y-axis. Plot each mean at its measured x-value, connect adjacent measured values, and include symmetric error bars showing plus or minus one SEM.

Write the item ID HDG-2026-P2-SER-013 at the top of your page.

| wavelength (nm) | Mean absorbance (a.u.) | SEM (a.u.) |
| --- | --- | --- |
| 400 | 15.0 | 0.3 |
| 430 | 22.0 | 0.3 |
| 460 | 33.0 | 0.7 |
| 520 | 50.0 | 1.0 |
| 550 | 61.0 | 0.4 |
| 580 | 55.0 | 0.7 |
| 660 | 27.0 | 0.4 |","Expected graph: continuous measured series with connected adjacent points; x-axis wavelength (nm); y-axis mean absorbance (a.u.). Required criteria: REPRESENTATION_TYPE, X_UNIT, Y_UNIT, X_SCALE, Y_SCALE, PLOT_VALUES, POINT_CONNECTION, UNCERTAINTY_MARKS.",AP Biology|data analysis|quantitative graphing|response curves,pigment absorbance|continuous measured series|SEM error bars,"[{""Mean absorbance (a.u.)"": 15.0, ""SEM (a.u.)"": 0.3, ""wavelength (nm)"": 400}, {""Mean absorbance (a.u.)"": 22.0, ""SEM (a.u.)"": 0.3, ""wavelength (nm)"": 430}, {""Mean absorbance (a.u.)"": 33.0, ""SEM (a.u.)"": 0.7, ""wavelength (nm)"": 460}, {""Mean absorbance (a.u.)"": 50.0, ""SEM (a.u.)"": 1.0, ""wavelength (nm)"": 520}, {""Mean absorbance (a.u.)"": 61.0, ""SEM (a.u.)"": 0.4, ""wavelength (nm)"": 550}, {""Mean absorbance (a.u.)"": 55.0, ""SEM (a.u.)"": 0.7, ""wavelength (nm)"": 580}, {""Mean absorbance (a.u.)"": 27.0, ""SEM (a.u.)"": 0.4, ""wavelength (nm)"": 660}]","{""accepted_variants"": [""points connected by line segments""], ""representation"": ""continuous measured series with connected adjacent points"", ""required_uncertainty"": ""symmetric plus/minus one SEM bars"", ""x_axis"": ""wavelength (nm)"", ""y_axis"": ""mean absorbance (a.u.)""}","[{""criterion_id"": ""REPRESENTATION_TYPE"", ""met_rule"": ""Uses a continuous x-axis graph with plotted points.""}, {""criterion_id"": ""X_UNIT"", ""met_rule"": ""X-axis includes the required variable and unit.""}, {""criterion_id"": ""Y_UNIT"", ""met_rule"": ""Y-axis includes the required variable and unit.""}, {""criterion_id"": ""X_SCALE"", ""met_rule"": ""Numeric x positions are proportional and interpretable.""}, {""criterion_id"": ""Y_SCALE"", ""met_rule"": ""Y-scale is interpretable and can represent all means and SEM bars.""}, {""criterion_id"": ""PLOT_VALUES"", ""met_rule"": ""All measured means are plotted at recoverable coordinates.""}, {""criterion_id"": ""POINT_CONNECTION"", ""met_rule"": ""Adjacent measured values are connected without replacing points.""}, {""criterion_id"": ""UNCERTAINTY_MARKS"", ""met_rule"": ""Each mean has centered symmetric plus/minus SEM bars.""}]","{""item_seed"": 2012, ""method"": ""seeded_replicate_v2"", ""model"": ""peak(center=552.96,spread=72.38,amp=49.57,base=9.9)"", ""points"": [{""displayed_mean"": 15.0, ""displayed_sem"": 0.3, ""raw_replicate_mean"": 15.22, ""raw_replicate_sem"": 0.222, ""replicates"": [15.9, 15.0, 15.1, 14.6, 15.5], ""true_model_value"": 15.211, ""x"": 400}, {""displayed_mean"": 22.0, ""displayed_sem"": 0.3, ""raw_replicate_mean"": 21.66, ""raw_replicate_sem"": 0.232, ""replicates"": [20.8, 21.8, 21.7, 22.2, 21.8], ""true_model_value"": 21.607, ""x"": 430}, {""displayed_mean"": 33.0, ""displayed_sem"": 0.7, ""raw_replicate_mean"": 32.88, ""raw_replicate_sem"": 0.731, ""replicates"": [31.7, 33.3, 30.9, 35.1, 33.4], ""true_model_value"": 31.627, ""x"": 460}, {""displayed_mean"": 50.0, ""displayed_sem"": 1.0, ""raw_replicate_mean"": 49.38, ""raw_replicate_sem"": 0.968, ""replicates"": [50.5, 46.2, 48.2, 50.4, 51.6], ""true_model_value"": 54.589, ""x"": 520}, {""displayed_mean"": 61.0, ""displayed_sem"": 0.4, ""raw_replicate_mean"": 61.76, ""raw_replicate_sem"": 0.398, ""replicates"": [61.2, 62.9, 62.4, 60.7, 61.6], ""true_model_value"": 59.43, ""x"": 550}, {""displayed_mean"": 55.0, ""displayed_sem"": 0.7, ""raw_replicate_mean"": 55.44, ""raw_replicate_sem"": 0.69, ""replicates"": [53.8, 54.0, 55.9, 56.0, 57.5], ""true_model_value"": 56.13, ""x"": 580}, {""displayed_mean"": 27.0, ""displayed_sem"": 0.4, ""raw_replicate_mean"": 25.8, ""raw_replicate_sem"": 0.396, ""replicates"": [25.3, 26.8, 25.6, 24.7, 26.6], ""true_model_value"": 26.505, ""x"": 660}], ""replicate_n"": 5}",independently_authored_synthetic_research_seed_unverified,Research seed for hand-drawn graph capture and reviewer evaluation. Do not expose criterion definitions to the person drawing the graph.
HDG-2026-P2-SER-014,v0.2-research-seed,frq,short,canonical_answer,continuous_measured_series_supplied_uncertainty,,HDG-2026-P2-SER-014__response-01.jpg,"Researchers measured seedling growth at several values of days after planting. Use the data table to construct a graph with days after planting on the x-axis and mean height on the y-axis. Plot each mean at its measured x-value, connect adjacent measured values, and include symmetric error bars showing plus or minus one SEM.

Write the item ID HDG-2026-P2-SER-014 at the top of your page.

| days after planting (days) | Mean height (cm) | SEM (cm) |
| --- | --- | --- |
| 1 | 1.0 | 0.5 |
| 3 | 17.0 | 0.3 |
| 5 | 29.0 | 0.7 |
| 7 | 38.0 | 0.8 |
| 9 | 37.0 | 1.1 |
| 11 | 44.0 | 0.5 |
| 12 | 47.0 | 0.7 |","Expected graph: continuous measured series with connected adjacent points; x-axis days after planting (days); y-axis mean height (cm). Required criteria: REPRESENTATION_TYPE, X_UNIT, Y_UNIT, X_SCALE, Y_SCALE, PLOT_VALUES, POINT_CONNECTION, UNCERTAINTY_MARKS.",AP Biology|data analysis|quantitative graphing|response curves,seedling growth|continuous measured series|SEM error bars,"[{""Mean height (cm)"": 1.0, ""SEM (cm)"": 0.5, ""days after planting (days)"": 1}, {""Mean height (cm)"": 17.0, ""SEM (cm)"": 0.3, ""days after planting (days)"": 3}, {""Mean height (cm)"": 29.0, ""SEM (cm)"": 0.7, ""days after planting (days)"": 5}, {""Mean height (cm)"": 38.0, ""SEM (cm)"": 0.8, ""days after planting (days)"": 7}, {""Mean height (cm)"": 37.0, ""SEM (cm)"": 1.1, ""days after planting (days)"": 9}, {""Mean height (cm)"": 44.0, ""SEM (cm)"": 0.5, ""days after planting (days)"": 11}, {""Mean height (cm)"": 47.0, ""SEM (cm)"": 0.7, ""days after planting (days)"": 12}]","{""accepted_variants"": [""points connected by line segments""], ""representation"": ""continuous measured series with connected adjacent points"", ""required_uncertainty"": ""symmetric plus/minus one SEM bars"", ""x_axis"": ""days after planting (days)"", ""y_axis"": ""mean height (cm)""}","[{""criterion_id"": ""REPRESENTATION_TYPE"", ""met_rule"": ""Uses a continuous x-axis graph with plotted points.""}, {""criterion_id"": ""X_UNIT"", ""met_rule"": ""X-axis includes the required variable and unit.""}, {""criterion_id"": ""Y_UNIT"", ""met_rule"": ""Y-axis includes the required variable and unit.""}, {""criterion_id"": ""X_SCALE"", ""met_rule"": ""Numeric x positions are proportional and interpretable.""}, {""criterion_id"": ""Y_SCALE"", ""met_rule"": ""Y-scale is interpretable and can represent all means and SEM bars.""}, {""criterion_id"": ""PLOT_VALUES"", ""met_rule"": ""All measured means are plotted at recoverable coordinates.""}, {""criterion_id"": ""POINT_CONNECTION"", ""met_rule"": ""Adjacent measured values are connected without replacing points.""}, {""criterion_id"": ""UNCERTAINTY_MARKS"", ""met_rule"": ""Each mean has centered symmetric plus/minus SEM bars.""}]","{""item_seed"": 2013, ""method"": ""seeded_replicate_v2"", ""model"": ""saturating(ymax=46.82,scale=4.33)"", ""points"": [{""displayed_mean"": 1.0, ""displayed_sem"": 0.5, ""raw_replicate_mean"": 1.36, ""raw_replicate_sem"": 0.513, ""replicates"": [-0.1, 1.5, 0.5, 2.4, 2.5], ""true_model_value"": 0.0, ""x"": 1}, {""displayed_mean"": 17.0, ""displayed_sem"": 0.3, ""raw_replicate_mean"": 17.36, ""raw_replicate_sem"": 0.157, ""replicates"": [17.2, 17.8, 17.3, 16.9, 17.6], ""true_model_value"": 17.319, ""x"": 3}, {""displayed_mean"": 29.0, ""displayed_sem"": 0.7, ""raw_replicate_mean"": 28.88, ""raw_replicate_sem"": 0.67, ""replicates"": [30.7, 28.0, 27.9, 30.3, 27.5], ""true_model_value"": 28.233, ""x"": 5}, {""displayed_mean"": 38.0, ""displayed_sem"": 0.8, ""raw_replicate_mean"": 38.54, ""raw_replicate_sem"": 0.797, ""replicates"": [38.8, 40.2, 40.3, 36.7, 36.7], ""true_model_value"": 35.109, ""x"": 7}, {""displayed_mean"": 37.0, ""displayed_sem"": 1.1, ""raw_replicate_mean"": 35.64, ""raw_replicate_sem"": 1.148, ""replicates"": [35.4, 31.4, 37.5, 37.8, 36.1], ""true_model_value"": 39.442, ""x"": 9}, {""displayed_mean"": 44.0, ""displayed_sem"": 0.5, ""raw_replicate_mean"": 43.4, ""raw_replicate_sem"": 0.492, ""replicates"": [42.1, 44.7, 44.3, 43.3, 42.6], ""true_model_value"": 42.173, ""x"": 11}, {""displayed_mean"": 47.0, ""displayed_sem"": 0.7, ""raw_replicate_mean"": 47.42, ""raw_replicate_sem"": 0.68, ""replicates"": [47.7, 45.2, 49.4, 47.8, 47.0], ""true_model_value"": 43.132, ""x"": 12}], ""replicate_n"": 5}",independently_authored_synthetic_research_seed_unverified,Research seed for hand-drawn graph capture and reviewer evaluation. Do not expose criterion definitions to the person drawing the graph.
HDG-2026-P2-SER-015,v0.2-research-seed,frq,short,canonical_answer,continuous_measured_series_supplied_uncertainty,,HDG-2026-P2-SER-015__response-01.jpg,"Researchers measured heart cell contraction at several values of calcium concentration. Use the data table to construct a graph with calcium concentration on the x-axis and mean contractions per min on the y-axis. Plot each mean at its measured x-value, connect adjacent measured values, and include symmetric error bars showing plus or minus one SEM.

Write the item ID HDG-2026-P2-SER-015 at the top of your page.

| calcium concentration (mM) | Mean contractions per min (beats/min) | SEM (beats/min) |
| --- | --- | --- |
| 0.2 | 76.0 | 1.7 |
| 1 | 52.0 | 0.9 |
| 1.5 | 42.0 | 0.8 |
| 2 | 42.0 | 0.8 |
| 4 | 23.0 | 0.3 |
| 6 | 13.0 | 0.3 |
| 8 | 9.0 | 0.3 |","Expected graph: continuous measured series with connected adjacent points; x-axis calcium concentration (mM); y-axis mean contractions per min (beats/min). Required criteria: REPRESENTATION_TYPE, X_UNIT, Y_UNIT, X_SCALE, Y_SCALE, PLOT_VALUES, POINT_CONNECTION, UNCERTAINTY_MARKS.",AP Biology|data analysis|quantitative graphing|response curves,heart cell contraction|continuous measured series|SEM error bars,"[{""Mean contractions per min (beats/min)"": 76.0, ""SEM (beats/min)"": 1.7, ""calcium concentration (mM)"": 0.2}, {""Mean contractions per min (beats/min)"": 52.0, ""SEM (beats/min)"": 0.9, ""calcium concentration (mM)"": 1}, {""Mean contractions per min (beats/min)"": 42.0, ""SEM (beats/min)"": 0.8, ""calcium concentration (mM)"": 1.5}, {""Mean contractions per min (beats/min)"": 42.0, ""SEM (beats/min)"": 0.8, ""calcium concentration (mM)"": 2}, {""Mean contractions per min (beats/min)"": 23.0, ""SEM (beats/min)"": 0.3, ""calcium concentration (mM)"": 4}, {""Mean contractions per min (beats/min)"": 13.0, ""SEM (beats/min)"": 0.3, ""calcium concentration (mM)"": 6}, {""Mean contractions per min (beats/min)"": 9.0, ""SEM (beats/min)"": 0.3, ""calcium concentration (mM)"": 8}]","{""accepted_variants"": [""points connected by line segments""], ""representation"": ""continuous measured series with connected adjacent points"", ""required_uncertainty"": ""symmetric plus/minus one SEM bars"", ""x_axis"": ""calcium concentration (mM)"", ""y_axis"": ""mean contractions per min (beats/min)""}","[{""criterion_id"": ""REPRESENTATION_TYPE"", ""met_rule"": ""Uses a continuous x-axis graph with plotted points.""}, {""criterion_id"": ""X_UNIT"", ""met_rule"": ""X-axis includes the required variable and unit.""}, {""criterion_id"": ""Y_UNIT"", ""met_rule"": ""Y-axis includes the required variable and unit.""}, {""criterion_id"": ""X_SCALE"", ""met_rule"": ""Numeric x positions are proportional and interpretable.""}, {""criterion_id"": ""Y_SCALE"", ""met_rule"": ""Y-scale is interpretable and can represent all means and SEM bars.""}, {""criterion_id"": ""PLOT_VALUES"", ""met_rule"": ""All measured means are plotted at recoverable coordinates.""}, {""criterion_id"": ""POINT_CONNECTION"", ""met_rule"": ""Adjacent measured values are connected without replacing points.""}, {""criterion_id"": ""UNCERTAINTY_MARKS"", ""met_rule"": ""Each mean has centered symmetric plus/minus SEM bars.""}]","{""item_seed"": 2014, ""method"": ""seeded_replicate_v2"", ""model"": ""decay(start=73.34,scale=2.91,floor=4.0)"", ""points"": [{""displayed_mean"": 76.0, ""displayed_sem"": 1.7, ""raw_replicate_mean"": 77.06, ""raw_replicate_sem"": 1.746, ""replicates"": [79.1, 73.9, 77.9, 82.0, 72.4], ""true_model_value"": 73.341, ""x"": 0.2}, {""displayed_mean"": 52.0, ""displayed_sem"": 0.9, ""raw_replicate_mean"": 52.88, ""raw_replicate_sem"": 0.935, ""replicates"": [49.7, 55.3, 53.5, 52.2, 53.7], ""true_model_value"": 56.679, ""x"": 1}, {""displayed_mean"": 42.0, ""displayed_sem"": 0.8, ""raw_replicate_mean"": 41.4, ""raw_replicate_sem"": 0.826, ""replicates"": [39.9, 41.4, 44.1, 42.1, 39.5], ""true_model_value"": 48.365, ""x"": 1.5}, {""displayed_mean"": 42.0, ""displayed_sem"": 0.8, ""raw_replicate_mean"": 41.56, ""raw_replicate_sem"": 0.751, ""replicates"": [42.7, 39.5, 43.5, 40.2, 41.9], ""true_model_value"": 41.363, ""x"": 2}, {""displayed_mean"": 23.0, ""displayed_sem"": 0.3, ""raw_replicate_mean"": 22.76, ""raw_replicate_sem"": 0.344, ""replicates"": [22.8, 22.5, 23.4, 23.5, 21.6], ""true_model_value"": 22.796, ""x"": 4}, {""displayed_mean"": 13.0, ""displayed_sem"": 0.3, ""raw_replicate_mean"": 13.56, ""raw_replicate_sem"": 0.319, ""replicates"": [13.9, 14.3, 12.5, 13.2, 13.9], ""true_model_value"": 13.455, ""x"": 6}, {""displayed_mean"": 9.0, ""displayed_sem"": 0.3, ""raw_replicate_mean"": 8.8, ""raw_replicate_sem"": 0.239, ""replicates"": [9.6, 9.1, 8.4, 8.5, 8.4], ""true_model_value"": 8.756, ""x"": 8}], ""replicate_n"": 5}",independently_authored_synthetic_research_seed_unverified,Research seed for hand-drawn graph capture and reviewer evaluation. Do not expose criterion definitions to the person drawing the graph.
HDG-2026-P2-SER-016,v0.2-research-seed,frq,short,canonical_answer,continuous_measured_series_supplied_uncertainty,,HDG-2026-P2-SER-016__response-01.jpg,"Researchers measured fermentation rate at several values of incubation time. Use the data table to construct a graph with incubation time on the x-axis and mean CO2 production rate on the y-axis. Plot each mean at its measured x-value, connect adjacent measured values, and include symmetric error bars showing plus or minus one SEM.

Write the item ID HDG-2026-P2-SER-016 at the top of your page.

| incubation time (min) | Mean CO2 production rate (mL/min) | SEM (mL/min) |
| --- | --- | --- |
| 2 | 12.0 | 0.3 |
| 5 | 14.0 | 0.5 |
| 8 | 17.0 | 0.8 |
| 12 | 21.0 | 0.8 |
| 20 | 31.0 | 0.9 |
| 25 | 36.0 | 1.2 |
| 30 | 42.0 | 1.2 |","Expected graph: continuous measured series with connected adjacent points; x-axis incubation time (min); y-axis mean CO2 production rate (mL/min). Required criteria: REPRESENTATION_TYPE, X_UNIT, Y_UNIT, X_SCALE, Y_SCALE, PLOT_VALUES, POINT_CONNECTION, UNCERTAINTY_MARKS.",AP Biology|data analysis|quantitative graphing|response curves,fermentation rate|continuous measured series|SEM error bars,"[{""Mean CO2 production rate (mL/min)"": 12.0, ""SEM (mL/min)"": 0.3, ""incubation time (min)"": 2}, {""Mean CO2 production rate (mL/min)"": 14.0, ""SEM (mL/min)"": 0.5, ""incubation time (min)"": 5}, {""Mean CO2 production rate (mL/min)"": 17.0, ""SEM (mL/min)"": 0.8, ""incubation time (min)"": 8}, {""Mean CO2 production rate (mL/min)"": 21.0, ""SEM (mL/min)"": 0.8, ""incubation time (min)"": 12}, {""Mean CO2 production rate (mL/min)"": 31.0, ""SEM (mL/min)"": 0.9, ""incubation time (min)"": 20}, {""Mean CO2 production rate (mL/min)"": 36.0, ""SEM (mL/min)"": 1.2, ""incubation time (min)"": 25}, {""Mean CO2 production rate (mL/min)"": 42.0, ""SEM (mL/min)"": 1.2, ""incubation time (min)"": 30}]","{""accepted_variants"": [""points connected by line segments""], ""representation"": ""continuous measured series with connected adjacent points"", ""required_uncertainty"": ""symmetric plus/minus one SEM bars"", ""x_axis"": ""incubation time (min)"", ""y_axis"": ""mean CO2 production rate (mL/min)""}","[{""criterion_id"": ""REPRESENTATION_TYPE"", ""met_rule"": ""Uses a continuous x-axis graph with plotted points.""}, {""criterion_id"": ""X_UNIT"", ""met_rule"": ""X-axis includes the required variable and unit.""}, {""criterion_id"": ""Y_UNIT"", ""met_rule"": ""Y-axis includes the required variable and unit.""}, {""criterion_id"": ""X_SCALE"", ""met_rule"": ""Numeric x positions are proportional and interpretable.""}, {""criterion_id"": ""Y_SCALE"", ""met_rule"": ""Y-scale is interpretable and can represent all means and SEM bars.""}, {""criterion_id"": ""PLOT_VALUES"", ""met_rule"": ""All measured means are plotted at recoverable coordinates.""}, {""criterion_id"": ""POINT_CONNECTION"", ""met_rule"": ""Adjacent measured values are connected without replacing points.""}, {""criterion_id"": ""UNCERTAINTY_MARKS"", ""met_rule"": ""Each mean has centered symmetric plus/minus SEM bars.""}]","{""item_seed"": 2015, ""method"": ""seeded_replicate_v2"", ""model"": ""linear(intercept=10.29,top=43.66)"", ""points"": [{""displayed_mean"": 12.0, ""displayed_sem"": 0.3, ""raw_replicate_mean"": 12.0, ""raw_replicate_sem"": 0.184, ""replicates"": [11.5, 12.3, 12.5, 11.7, 12.0], ""true_model_value"": 10.292, ""x"": 2}, {""displayed_mean"": 14.0, ""displayed_sem"": 0.5, ""raw_replicate_mean"": 14.04, ""raw_replicate_sem"": 0.497, ""replicates"": [13.1, 14.4, 15.8, 13.2, 13.7], ""true_model_value"": 13.867, ""x"": 5}, {""displayed_mean"": 17.0, ""displayed_sem"": 0.8, ""raw_replicate_mean"": 16.7, ""raw_replicate_sem"": 0.826, ""replicates"": [18.8, 18.3, 16.6, 15.2, 14.6], ""true_model_value"": 17.441, ""x"": 8}, {""displayed_mean"": 21.0, ""displayed_sem"": 0.8, ""raw_replicate_mean"": 20.48, ""raw_replicate_sem"": 0.848, ""replicates"": [22.8, 18.3, 20.9, 21.6, 18.8], ""true_model_value"": 22.207, ""x"": 12}, {""displayed_mean"": 31.0, ""displayed_sem"": 0.9, ""raw_replicate_mean"": 30.72, ""raw_replicate_sem"": 0.886, ""replicates"": [33.5, 29.6, 31.2, 28.2, 31.1], ""true_model_value"": 31.74, ""x"": 20}, {""displayed_mean"": 36.0, ""displayed_sem"": 1.2, ""raw_replicate_mean"": 35.02, ""raw_replicate_sem"": 1.216, ""replicates"": [38.2, 36.8, 31.5, 33.1, 35.5], ""true_model_value"": 37.697, ""x"": 25}, {""displayed_mean"": 42.0, ""displayed_sem"": 1.2, ""raw_replicate_mean"": 42.0, ""raw_replicate_sem"": 1.154, ""replicates"": [46.0, 39.0, 40.8, 41.8, 42.4], ""true_model_value"": 43.655, ""x"": 30}], ""replicate_n"": 5}",independently_authored_synthetic_research_seed_unverified,Research seed for hand-drawn graph capture and reviewer evaluation. Do not expose criterion definitions to the person drawing the graph.
HDG-2026-P2-SER-017,v0.2-research-seed,frq,short,canonical_answer,continuous_measured_series_supplied_uncertainty,,HDG-2026-P2-SER-017__response-01.jpg,"Researchers measured aquatic plant growth at several values of nitrate concentration. Use the data table to construct a graph with nitrate concentration on the x-axis and mean growth rate on the y-axis. Plot each mean at its measured x-value, connect adjacent measured values, and include symmetric error bars showing plus or minus one SEM.

Write the item ID HDG-2026-P2-SER-017 at the top of your page.

| nitrate concentration (mg/L) | Mean growth rate (mg/day) | SEM (mg/day) |
| --- | --- | --- |
| 0 | 18.0 | 0.5 |
| 5 | 19.0 | 0.3 |
| 10 | 24.0 | 0.3 |
| 15 | 23.0 | 0.7 |
| 25 | 31.0 | 0.6 |
| 80 | 57.0 | 1.7 |
| 100 | 44.0 | 0.7 |","Expected graph: continuous measured series with connected adjacent points; x-axis nitrate concentration (mg/L); y-axis mean growth rate (mg/day). Required criteria: REPRESENTATION_TYPE, X_UNIT, Y_UNIT, X_SCALE, Y_SCALE, PLOT_VALUES, POINT_CONNECTION, UNCERTAINTY_MARKS.",AP Biology|data analysis|quantitative graphing|response curves,aquatic plant growth|continuous measured series|SEM error bars,"[{""Mean growth rate (mg/day)"": 18.0, ""SEM (mg/day)"": 0.5, ""nitrate concentration (mg/L)"": 0}, {""Mean growth rate (mg/day)"": 19.0, ""SEM (mg/day)"": 0.3, ""nitrate concentration (mg/L)"": 5}, {""Mean growth rate (mg/day)"": 24.0, ""SEM (mg/day)"": 0.3, ""nitrate concentration (mg/L)"": 10}, {""Mean growth rate (mg/day)"": 23.0, ""SEM (mg/day)"": 0.7, ""nitrate concentration (mg/L)"": 15}, {""Mean growth rate (mg/day)"": 31.0, ""SEM (mg/day)"": 0.6, ""nitrate concentration (mg/L)"": 25}, {""Mean growth rate (mg/day)"": 57.0, ""SEM (mg/day)"": 1.7, ""nitrate concentration (mg/L)"": 80}, {""Mean growth rate (mg/day)"": 44.0, ""SEM (mg/day)"": 0.7, ""nitrate concentration (mg/L)"": 100}]","{""accepted_variants"": [""points connected by line segments""], ""representation"": ""continuous measured series with connected adjacent points"", ""required_uncertainty"": ""symmetric plus/minus one SEM bars"", ""x_axis"": ""nitrate concentration (mg/L)"", ""y_axis"": ""mean growth rate (mg/day)""}","[{""criterion_id"": ""REPRESENTATION_TYPE"", ""met_rule"": ""Uses a continuous x-axis graph with plotted points.""}, {""criterion_id"": ""X_UNIT"", ""met_rule"": ""X-axis includes the required variable and unit.""}, {""criterion_id"": ""Y_UNIT"", ""met_rule"": ""Y-axis includes the required variable and unit.""}, {""criterion_id"": ""X_SCALE"", ""met_rule"": ""Numeric x positions are proportional and interpretable.""}, {""criterion_id"": ""Y_SCALE"", ""met_rule"": ""Y-scale is interpretable and can represent all means and SEM bars.""}, {""criterion_id"": ""PLOT_VALUES"", ""met_rule"": ""All measured means are plotted at recoverable coordinates.""}, {""criterion_id"": ""POINT_CONNECTION"", ""met_rule"": ""Adjacent measured values are connected without replacing points.""}, {""criterion_id"": ""UNCERTAINTY_MARKS"", ""met_rule"": ""Each mean has centered symmetric plus/minus SEM bars.""}]","{""item_seed"": 2016, ""method"": ""seeded_replicate_v2"", ""model"": ""peak(center=70.67,spread=36.2,amp=44.68,base=10.66)"", ""points"": [{""displayed_mean"": 18.0, ""displayed_sem"": 0.5, ""raw_replicate_mean"": 17.8, ""raw_replicate_sem"": 0.509, ""replicates"": [17.6, 19.3, 16.6, 18.6, 16.9], ""true_model_value"": 17.305, ""x"": 0}, {""displayed_mean"": 19.0, ""displayed_sem"": 0.3, ""raw_replicate_mean"": 19.68, ""raw_replicate_sem"": 0.296, ""replicates"": [20.4, 18.9, 19.8, 19.1, 20.2], ""true_model_value"": 19.28, ""x"": 5}, {""displayed_mean"": 24.0, ""displayed_sem"": 0.3, ""raw_replicate_mean"": 24.2, ""raw_replicate_sem"": 0.27, ""replicates"": [24.8, 24.8, 23.5, 24.2, 23.7], ""true_model_value"": 21.63, ""x"": 10}, {""displayed_mean"": 23.0, ""displayed_sem"": 0.7, ""raw_replicate_mean"": 22.58, ""raw_replicate_sem"": 0.749, ""replicates"": [24.0, 21.3, 24.2, 20.4, 23.0], ""true_model_value"": 24.356, ""x"": 15}, {""displayed_mean"": 31.0, ""displayed_sem"": 0.6, ""raw_replicate_mean"": 31.82, ""raw_replicate_sem"": 0.588, ""replicates"": [33.5, 31.4, 32.2, 32.1, 29.9], ""true_model_value"": 30.821, ""x"": 25}, {""displayed_mean"": 57.0, ""displayed_sem"": 1.7, ""raw_replicate_mean"": 56.36, ""raw_replicate_sem"": 1.703, ""replicates"": [57.1, 51.8, 59.2, 60.6, 53.1], ""true_model_value"": 53.881, ""x"": 80}, {""displayed_mean"": 44.0, ""displayed_sem"": 0.7, ""raw_replicate_mean"": 42.78, ""raw_replicate_sem"": 0.745, ""replicates"": [41.6, 43.8, 45.2, 41.3, 42.0], ""true_model_value"": 42.838, ""x"": 100}], ""replicate_n"": 5}",independently_authored_synthetic_research_seed_unverified,Research seed for hand-drawn graph capture and reviewer evaluation. Do not expose criterion definitions to the person drawing the graph.
HDG-2026-P2-SER-018,v0.2-research-seed,frq,short,canonical_answer,continuous_measured_series_supplied_uncertainty,,HDG-2026-P2-SER-018__response-01.jpg,"Researchers measured membrane transport at several values of external glucose. Use the data table to construct a graph with external glucose on the x-axis and mean uptake rate on the y-axis. Plot each mean at its measured x-value, connect adjacent measured values, and include symmetric error bars showing plus or minus one SEM.

Write the item ID HDG-2026-P2-SER-018 at the top of your page.

| external glucose (mM) | Mean uptake rate (pmol/min) | SEM (pmol/min) |
| --- | --- | --- |
| 1 | 1.0 | 0.5 |
| 3 | 8.0 | 0.4 |
| 5 | 18.0 | 0.3 |
| 8 | 20.0 | 0.4 |
| 12 | 28.0 | 1.2 |
| 16 | 36.0 | 0.6 |
| 25 | 49.0 | 1.0 |","Expected graph: continuous measured series with connected adjacent points; x-axis external glucose (mM); y-axis mean uptake rate (pmol/min). Required criteria: REPRESENTATION_TYPE, X_UNIT, Y_UNIT, X_SCALE, Y_SCALE, PLOT_VALUES, POINT_CONNECTION, UNCERTAINTY_MARKS.",AP Biology|data analysis|quantitative graphing|response curves,membrane transport|continuous measured series|SEM error bars,"[{""Mean uptake rate (pmol/min)"": 1.0, ""SEM (pmol/min)"": 0.5, ""external glucose (mM)"": 1}, {""Mean uptake rate (pmol/min)"": 8.0, ""SEM (pmol/min)"": 0.4, ""external glucose (mM)"": 3}, {""Mean uptake rate (pmol/min)"": 18.0, ""SEM (pmol/min)"": 0.3, ""external glucose (mM)"": 5}, {""Mean uptake rate (pmol/min)"": 20.0, ""SEM (pmol/min)"": 0.4, ""external glucose (mM)"": 8}, {""Mean uptake rate (pmol/min)"": 28.0, ""SEM (pmol/min)"": 1.2, ""external glucose (mM)"": 12}, {""Mean uptake rate (pmol/min)"": 36.0, ""SEM (pmol/min)"": 0.6, ""external glucose (mM)"": 16}, {""Mean uptake rate (pmol/min)"": 49.0, ""SEM (pmol/min)"": 1.0, ""external glucose (mM)"": 25}]","{""accepted_variants"": [""points connected by line segments""], ""representation"": ""continuous measured series with connected adjacent points"", ""required_uncertainty"": ""symmetric plus/minus one SEM bars"", ""x_axis"": ""external glucose (mM)"", ""y_axis"": ""mean uptake rate (pmol/min)""}","[{""criterion_id"": ""REPRESENTATION_TYPE"", ""met_rule"": ""Uses a continuous x-axis graph with plotted points.""}, {""criterion_id"": ""X_UNIT"", ""met_rule"": ""X-axis includes the required variable and unit.""}, {""criterion_id"": ""Y_UNIT"", ""met_rule"": ""Y-axis includes the required variable and unit.""}, {""criterion_id"": ""X_SCALE"", ""met_rule"": ""Numeric x positions are proportional and interpretable.""}, {""criterion_id"": ""Y_SCALE"", ""met_rule"": ""Y-scale is interpretable and can represent all means and SEM bars.""}, {""criterion_id"": ""PLOT_VALUES"", ""met_rule"": ""All measured means are plotted at recoverable coordinates.""}, {""criterion_id"": ""POINT_CONNECTION"", ""met_rule"": ""Adjacent measured values are connected without replacing points.""}, {""criterion_id"": ""UNCERTAINTY_MARKS"", ""met_rule"": ""Each mean has centered symmetric plus/minus SEM bars.""}]","{""item_seed"": 2017, ""method"": ""seeded_replicate_v2"", ""model"": ""saturating(ymax=46.92,scale=10.42)"", ""points"": [{""displayed_mean"": 1.0, ""displayed_sem"": 0.5, ""raw_replicate_mean"": 1.42, ""raw_replicate_sem"": 0.529, ""replicates"": [2.2, 2.4, 1.1, 1.9, -0.5], ""true_model_value"": 0.0, ""x"": 1}, {""displayed_mean"": 8.0, ""displayed_sem"": 0.4, ""raw_replicate_mean"": 8.14, ""raw_replicate_sem"": 0.38, ""replicates"": [7.2, 8.7, 7.9, 9.3, 7.6], ""true_model_value"": 8.191, ""x"": 3}, {""displayed_mean"": 18.0, ""displayed_sem"": 0.3, ""raw_replicate_mean"": 18.16, ""raw_replicate_sem"": 0.341, ""replicates"": [17.1, 17.9, 18.0, 18.8, 19.0], ""true_model_value"": 14.951, ""x"": 5}, {""displayed_mean"": 20.0, ""displayed_sem"": 0.4, ""raw_replicate_mean"": 20.22, ""raw_replicate_sem"": 0.404, ""replicates"": [20.3, 20.5, 20.2, 21.3, 18.8], ""true_model_value"": 22.945, ""x"": 8}, {""displayed_mean"": 28.0, ""displayed_sem"": 1.2, ""raw_replicate_mean"": 28.46, ""raw_replicate_sem"": 1.201, ""replicates"": [26.9, 32.3, 25.3, 28.1, 29.7], ""true_model_value"": 30.584, ""x"": 12}, {""displayed_mean"": 36.0, ""displayed_sem"": 0.6, ""raw_replicate_mean"": 36.66, ""raw_replicate_sem"": 0.626, ""replicates"": [35.8, 36.4, 38.5, 35.0, 37.6], ""true_model_value"": 35.789, ""x"": 16}, {""displayed_mean"": 49.0, ""displayed_sem"": 1.0, ""raw_replicate_mean"": 49.98, ""raw_replicate_sem"": 0.95, ""replicates"": [47.3, 51.0, 48.3, 50.8, 52.5], ""true_model_value"": 42.224, ""x"": 25}], ""replicate_n"": 5}",independently_authored_synthetic_research_seed_unverified,Research seed for hand-drawn graph capture and reviewer evaluation. Do not expose criterion definitions to the person drawing the graph.
HDG-2026-P2-SER-019,v0.2-research-seed,frq,short,canonical_answer,continuous_measured_series_supplied_uncertainty,,HDG-2026-P2-SER-019__response-01.jpg,"Researchers measured cell survival at several values of UV exposure time. Use the data table to construct a graph with UV exposure time on the x-axis and mean surviving cells on the y-axis. Plot each mean at its measured x-value, connect adjacent measured values, and include symmetric error bars showing plus or minus one SEM.

Write the item ID HDG-2026-P2-SER-019 at the top of your page.

| UV exposure time (s) | Mean surviving cells (%) | SEM (%) |
| --- | --- | --- |
| 10 | 69.0 | 1.0 |
| 20 | 56.0 | 1.5 |
| 30 | 52.0 | 1.1 |
| 80 | 26.0 | 0.3 |
| 100 | 21.0 | 0.5 |
| 120 | 18.0 | 0.3 |
| 150 | 14.0 | 0.4 |","Expected graph: continuous measured series with connected adjacent points; x-axis UV exposure time (s); y-axis mean surviving cells (%). Required criteria: REPRESENTATION_TYPE, X_UNIT, Y_UNIT, X_SCALE, Y_SCALE, PLOT_VALUES, POINT_CONNECTION, UNCERTAINTY_MARKS.",AP Biology|data analysis|quantitative graphing|response curves,cell survival|continuous measured series|SEM error bars,"[{""Mean surviving cells (%)"": 69.0, ""SEM (%)"": 1.0, ""UV exposure time (s)"": 10}, {""Mean surviving cells (%)"": 56.0, ""SEM (%)"": 1.5, ""UV exposure time (s)"": 20}, {""Mean surviving cells (%)"": 52.0, ""SEM (%)"": 1.1, ""UV exposure time (s)"": 30}, {""Mean surviving cells (%)"": 26.0, ""SEM (%)"": 0.3, ""UV exposure time (s)"": 80}, {""Mean surviving cells (%)"": 21.0, ""SEM (%)"": 0.5, ""UV exposure time (s)"": 100}, {""Mean surviving cells (%)"": 18.0, ""SEM (%)"": 0.3, ""UV exposure time (s)"": 120}, {""Mean surviving cells (%)"": 14.0, ""SEM (%)"": 0.4, ""UV exposure time (s)"": 150}]","{""accepted_variants"": [""points connected by line segments""], ""representation"": ""continuous measured series with connected adjacent points"", ""required_uncertainty"": ""symmetric plus/minus one SEM bars"", ""x_axis"": ""UV exposure time (s)"", ""y_axis"": ""mean surviving cells (%)""}","[{""criterion_id"": ""REPRESENTATION_TYPE"", ""met_rule"": ""Uses a continuous x-axis graph with plotted points.""}, {""criterion_id"": ""X_UNIT"", ""met_rule"": ""X-axis includes the required variable and unit.""}, {""criterion_id"": ""Y_UNIT"", ""met_rule"": ""Y-axis includes the required variable and unit.""}, {""criterion_id"": ""X_SCALE"", ""met_rule"": ""Numeric x positions are proportional and interpretable.""}, {""criterion_id"": ""Y_SCALE"", ""met_rule"": ""Y-scale is interpretable and can represent all means and SEM bars.""}, {""criterion_id"": ""PLOT_VALUES"", ""met_rule"": ""All measured means are plotted at recoverable coordinates.""}, {""criterion_id"": ""POINT_CONNECTION"", ""met_rule"": ""Adjacent measured values are connected without replacing points.""}, {""criterion_id"": ""UNCERTAINTY_MARKS"", ""met_rule"": ""Each mean has centered symmetric plus/minus SEM bars.""}]","{""item_seed"": 2018, ""method"": ""seeded_replicate_v2"", ""model"": ""decay(start=63.79,scale=69.89,floor=6.28)"", ""points"": [{""displayed_mean"": 69.0, ""displayed_sem"": 1.0, ""raw_replicate_mean"": 66.92, ""raw_replicate_sem"": 1.041, ""replicates"": [69.9, 68.5, 66.2, 66.1, 63.9], ""true_model_value"": 63.795, ""x"": 10}, {""displayed_mean"": 56.0, ""displayed_sem"": 1.5, ""raw_replicate_mean"": 54.8, ""raw_replicate_sem"": 1.529, ""replicates"": [53.3, 59.8, 51.6, 56.8, 52.5], ""true_model_value"": 56.127, ""x"": 20}, {""displayed_mean"": 52.0, ""displayed_sem"": 1.1, ""raw_replicate_mean"": 51.82, ""raw_replicate_sem"": 1.071, ""replicates"": [52.3, 55.7, 51.3, 50.0, 49.8], ""true_model_value"": 49.481, ""x"": 30}, {""displayed_mean"": 26.0, ""displayed_sem"": 0.3, ""raw_replicate_mean"": 25.56, ""raw_replicate_sem"": 0.225, ""replicates"": [25.3, 26.4, 25.6, 25.4, 25.1], ""true_model_value"": 27.406, ""x"": 80}, {""displayed_mean"": 21.0, ""displayed_sem"": 0.5, ""raw_replicate_mean"": 21.54, ""raw_replicate_sem"": 0.47, ""replicates"": [22.0, 20.9, 21.3, 20.4, 23.1], ""true_model_value"": 22.149, ""x"": 100}, {""displayed_mean"": 18.0, ""displayed_sem"": 0.3, ""raw_replicate_mean"": 19.08, ""raw_replicate_sem"": 0.229, ""replicates"": [19.0, 19.9, 19.1, 18.5, 18.9], ""true_model_value"": 18.2, ""x"": 120}, {""displayed_mean"": 14.0, ""displayed_sem"": 0.4, ""raw_replicate_mean"": 14.34, ""raw_replicate_sem"": 0.426, ""replicates"": [15.1, 14.3, 14.1, 12.9, 15.3], ""true_model_value"": 14.041, ""x"": 150}], ""replicate_n"": 5}",independently_authored_synthetic_research_seed_unverified,Research seed for hand-drawn graph capture and reviewer evaluation. Do not expose criterion definitions to the person drawing the graph.
HDG-2026-P2-SER-020,v0.2-research-seed,frq,short,canonical_answer,continuous_measured_series_supplied_uncertainty,,HDG-2026-P2-SER-020__response-01.jpg,"Researchers measured enzyme activity at several values of pH. Use the data table to construct a graph with pH on the x-axis and mean relative activity on the y-axis. Plot each mean at its measured x-value, connect adjacent measured values, and include symmetric error bars showing plus or minus one SEM.

Write the item ID HDG-2026-P2-SER-020 at the top of your page.

| pH (pH units) | Mean relative activity (%) | SEM (%) |
| --- | --- | --- |
| 5 | 16.0 | 0.3 |
| 6 | 23.0 | 0.4 |
| 7 | 29.0 | 0.5 |
| 8 | 32.0 | 0.3 |
| 9 | 41.0 | 0.9 |
| 10 | 53.0 | 0.8 |
| 11 | 54.0 | 0.8 |","Expected graph: continuous measured series with connected adjacent points; x-axis pH (pH units); y-axis mean relative activity (%). Required criteria: REPRESENTATION_TYPE, X_UNIT, Y_UNIT, X_SCALE, Y_SCALE, PLOT_VALUES, POINT_CONNECTION, UNCERTAINTY_MARKS.",AP Biology|data analysis|quantitative graphing|response curves,enzyme activity|continuous measured series|SEM error bars,"[{""Mean relative activity (%)"": 16.0, ""SEM (%)"": 0.3, ""pH (pH units)"": 5}, {""Mean relative activity (%)"": 23.0, ""SEM (%)"": 0.4, ""pH (pH units)"": 6}, {""Mean relative activity (%)"": 29.0, ""SEM (%)"": 0.5, ""pH (pH units)"": 7}, {""Mean relative activity (%)"": 32.0, ""SEM (%)"": 0.3, ""pH (pH units)"": 8}, {""Mean relative activity (%)"": 41.0, ""SEM (%)"": 0.9, ""pH (pH units)"": 9}, {""Mean relative activity (%)"": 53.0, ""SEM (%)"": 0.8, ""pH (pH units)"": 10}, {""Mean relative activity (%)"": 54.0, ""SEM (%)"": 0.8, ""pH (pH units)"": 11}]","{""accepted_variants"": [""points connected by line segments""], ""representation"": ""continuous measured series with connected adjacent points"", ""required_uncertainty"": ""symmetric plus/minus one SEM bars"", ""x_axis"": ""pH (pH units)"", ""y_axis"": ""mean relative activity (%)""}","[{""criterion_id"": ""REPRESENTATION_TYPE"", ""met_rule"": ""Uses a continuous x-axis graph with plotted points.""}, {""criterion_id"": ""X_UNIT"", ""met_rule"": ""X-axis includes the required variable and unit.""}, {""criterion_id"": ""Y_UNIT"", ""met_rule"": ""Y-axis includes the required variable and unit.""}, {""criterion_id"": ""X_SCALE"", ""met_rule"": ""Numeric x positions are proportional and interpretable.""}, {""criterion_id"": ""Y_SCALE"", ""met_rule"": ""Y-scale is interpretable and can represent all means and SEM bars.""}, {""criterion_id"": ""PLOT_VALUES"", ""met_rule"": ""All measured means are plotted at recoverable coordinates.""}, {""criterion_id"": ""POINT_CONNECTION"", ""met_rule"": ""Adjacent measured values are connected without replacing points.""}, {""criterion_id"": ""UNCERTAINTY_MARKS"", ""met_rule"": ""Each mean has centered symmetric plus/minus SEM bars.""}]","{""item_seed"": 2019, ""method"": ""seeded_replicate_v2"", ""model"": ""linear(intercept=15.43,top=57.12)"", ""points"": [{""displayed_mean"": 16.0, ""displayed_sem"": 0.3, ""raw_replicate_mean"": 15.9, ""raw_replicate_sem"": 0.152, ""replicates"": [16.1, 16.0, 15.3, 16.1, 16.0], ""true_model_value"": 15.432, ""x"": 5}, {""displayed_mean"": 23.0, ""displayed_sem"": 0.4, ""raw_replicate_mean"": 22.46, ""raw_replicate_sem"": 0.441, ""replicates"": [21.4, 22.5, 23.9, 21.7, 22.8], ""true_model_value"": 22.381, ""x"": 6}, {""displayed_mean"": 29.0, ""displayed_sem"": 0.5, ""raw_replicate_mean"": 28.58, ""raw_replicate_sem"": 0.5, ""replicates"": [27.8, 27.1, 29.8, 29.4, 28.8], ""true_model_value"": 29.33, ""x"": 7}, {""displayed_mean"": 32.0, ""displayed_sem"": 0.3, ""raw_replicate_mean"": 32.76, ""raw_replicate_sem"": 0.349, ""replicates"": [32.8, 33.5, 33.5, 31.7, 32.3], ""true_model_value"": 36.278, ""x"": 8}, {""displayed_mean"": 41.0, ""displayed_sem"": 0.9, ""raw_replicate_mean"": 41.1, ""raw_replicate_sem"": 0.922, ""replicates"": [41.0, 40.3, 39.2, 40.4, 44.6], ""true_model_value"": 43.227, ""x"": 9}, {""displayed_mean"": 53.0, ""displayed_sem"": 0.8, ""raw_replicate_mean"": 52.78, ""raw_replicate_sem"": 0.755, ""replicates"": [51.9, 54.9, 54.3, 51.3, 51.5], ""true_model_value"": 50.176, ""x"": 10}, {""displayed_mean"": 54.0, ""displayed_sem"": 0.8, ""raw_replicate_mean"": 53.2, ""raw_replicate_sem"": 0.798, ""replicates"": [54.6, 51.1, 51.8, 53.2, 55.3], ""true_model_value"": 57.124, ""x"": 11}], ""replicate_n"": 5}",independently_authored_synthetic_research_seed_unverified,Research seed for hand-drawn graph capture and reviewer evaluation. Do not expose criterion definitions to the person drawing the graph.
HDG-2026-P2-SER-021,v0.2-research-seed,frq,short,canonical_answer,continuous_measured_series_supplied_uncertainty,,HDG-2026-P2-SER-021__response-01.jpg,"Researchers measured enzyme reaction rate at several values of temperature. Use the data table to construct a graph with temperature on the x-axis and mean reaction rate on the y-axis. Plot each mean at its measured x-value, connect adjacent measured values, and include symmetric error bars showing plus or minus one SEM.

Write the item ID HDG-2026-P2-SER-021 at the top of your page.

| temperature (deg C) | Mean reaction rate (umol/min) | SEM (umol/min) |
| --- | --- | --- |
| 5 | 17.0 | 0.3 |
| 28 | 39.0 | 0.4 |
| 35 | 41.0 | 0.3 |
| 42 | 38.0 | 0.8 |
| 50 | 27.0 | 0.6 |
| 55 | 24.0 | 0.7 |
| 60 | 17.0 | 0.3 |","Expected graph: continuous measured series with connected adjacent points; x-axis temperature (deg C); y-axis mean reaction rate (umol/min). Required criteria: REPRESENTATION_TYPE, X_UNIT, Y_UNIT, X_SCALE, Y_SCALE, PLOT_VALUES, POINT_CONNECTION, UNCERTAINTY_MARKS.",AP Biology|data analysis|quantitative graphing|response curves,enzyme reaction rate|continuous measured series|SEM error bars,"[{""Mean reaction rate (umol/min)"": 17.0, ""SEM (umol/min)"": 0.3, ""temperature (deg C)"": 5}, {""Mean reaction rate (umol/min)"": 39.0, ""SEM (umol/min)"": 0.4, ""temperature (deg C)"": 28}, {""Mean reaction rate (umol/min)"": 41.0, ""SEM (umol/min)"": 0.3, ""temperature (deg C)"": 35}, {""Mean reaction rate (umol/min)"": 38.0, ""SEM (umol/min)"": 0.8, ""temperature (deg C)"": 42}, {""Mean reaction rate (umol/min)"": 27.0, ""SEM (umol/min)"": 0.6, ""temperature (deg C)"": 50}, {""Mean reaction rate (umol/min)"": 24.0, ""SEM (umol/min)"": 0.7, ""temperature (deg C)"": 55}, {""Mean reaction rate (umol/min)"": 17.0, ""SEM (umol/min)"": 0.3, ""temperature (deg C)"": 60}]","{""accepted_variants"": [""points connected by line segments""], ""representation"": ""continuous measured series with connected adjacent points"", ""required_uncertainty"": ""symmetric plus/minus one SEM bars"", ""x_axis"": ""temperature (deg C)"", ""y_axis"": ""mean reaction rate (umol/min)""}","[{""criterion_id"": ""REPRESENTATION_TYPE"", ""met_rule"": ""Uses a continuous x-axis graph with plotted points.""}, {""criterion_id"": ""X_UNIT"", ""met_rule"": ""X-axis includes the required variable and unit.""}, {""criterion_id"": ""Y_UNIT"", ""met_rule"": ""Y-axis includes the required variable and unit.""}, {""criterion_id"": ""X_SCALE"", ""met_rule"": ""Numeric x positions are proportional and interpretable.""}, {""criterion_id"": ""Y_SCALE"", ""met_rule"": ""Y-scale is interpretable and can represent all means and SEM bars.""}, {""criterion_id"": ""PLOT_VALUES"", ""met_rule"": ""All measured means are plotted at recoverable coordinates.""}, {""criterion_id"": ""POINT_CONNECTION"", ""met_rule"": ""Adjacent measured values are connected without replacing points.""}, {""criterion_id"": ""UNCERTAINTY_MARKS"", ""met_rule"": ""Each mean has centered symmetric plus/minus SEM bars.""}]","{""item_seed"": 2020, ""method"": ""seeded_replicate_v2"", ""model"": ""peak(center=32.14,spread=18.55,amp=36.23,base=5.02)"", ""points"": [{""displayed_mean"": 17.0, ""displayed_sem"": 0.3, ""raw_replicate_mean"": 17.1, ""raw_replicate_sem"": 0.276, ""replicates"": [18.1, 16.7, 17.1, 16.5, 17.1], ""true_model_value"": 17.44, ""x"": 5}, {""displayed_mean"": 39.0, ""displayed_sem"": 0.4, ""raw_replicate_mean"": 38.96, ""raw_replicate_sem"": 0.434, ""replicates"": [39.3, 39.8, 39.4, 37.3, 39.0], ""true_model_value"": 40.361, ""x"": 28}, {""displayed_mean"": 41.0, ""displayed_sem"": 0.3, ""raw_replicate_mean"": 41.86, ""raw_replicate_sem"": 0.336, ""replicates"": [42.1, 41.8, 40.6, 42.5, 42.3], ""true_model_value"": 40.826, ""x"": 35}, {""displayed_mean"": 38.0, ""displayed_sem"": 0.8, ""raw_replicate_mean"": 38.06, ""raw_replicate_sem"": 0.83, ""replicates"": [40.9, 36.5, 38.9, 36.6, 37.4], ""true_model_value"": 36.481, ""x"": 42}, {""displayed_mean"": 27.0, ""displayed_sem"": 0.6, ""raw_replicate_mean"": 26.42, ""raw_replicate_sem"": 0.634, ""replicates"": [27.5, 27.8, 24.5, 25.4, 26.9], ""true_model_value"": 27.814, ""x"": 50}, {""displayed_mean"": 24.0, ""displayed_sem"": 0.7, ""raw_replicate_mean"": 23.92, ""raw_replicate_sem"": 0.66, ""replicates"": [25.2, 23.1, 23.4, 22.2, 25.7], ""true_model_value"": 21.976, ""x"": 55}, {""displayed_mean"": 17.0, ""displayed_sem"": 0.3, ""raw_replicate_mean"": 16.58, ""raw_replicate_sem"": 0.233, ""replicates"": [15.8, 16.8, 16.7, 16.4, 17.2], ""true_model_value"": 16.749, ""x"": 60}], ""replicate_n"": 5}",independently_authored_synthetic_research_seed_unverified,Research seed for hand-drawn graph capture and reviewer evaluation. Do not expose criterion definitions to the person drawing the graph.
HDG-2026-P2-SER-022,v0.2-research-seed,frq,short,canonical_answer,continuous_measured_series_supplied_uncertainty,,HDG-2026-P2-SER-022__response-01.jpg,"Researchers measured photosynthetic oxygen release at several values of light intensity. Use the data table to construct a graph with light intensity on the x-axis and mean oxygen release on the y-axis. Plot each mean at its measured x-value, connect adjacent measured values, and include symmetric error bars showing plus or minus one SEM.

Write the item ID HDG-2026-P2-SER-022 at the top of your page.

| light intensity (umol photons/m^2/s) | Mean oxygen release (umol O2/min) | SEM (umol O2/min) |
| --- | --- | --- |
| 0 | 1.0 | 0.3 |
| 50 | 3.0 | 0.3 |
| 200 | 11.0 | 0.3 |
| 500 | 22.0 | 0.7 |
| 700 | 25.0 | 1.1 |
| 1100 | 32.0 | 0.4 |
| 1400 | 36.0 | 0.4 |","Expected graph: continuous measured series with connected adjacent points; x-axis light intensity (umol photons/m^2/s); y-axis mean oxygen release (umol O2/min). Required criteria: REPRESENTATION_TYPE, X_UNIT, Y_UNIT, X_SCALE, Y_SCALE, PLOT_VALUES, POINT_CONNECTION, UNCERTAINTY_MARKS.",AP Biology|data analysis|quantitative graphing|response curves,photosynthetic oxygen release|continuous measured series|SEM error bars,"[{""Mean oxygen release (umol O2/min)"": 1.0, ""SEM (umol O2/min)"": 0.3, ""light intensity (umol photons/m^2/s)"": 0}, {""Mean oxygen release (umol O2/min)"": 3.0, ""SEM (umol O2/min)"": 0.3, ""light intensity (umol photons/m^2/s)"": 50}, {""Mean oxygen release (umol O2/min)"": 11.0, ""SEM (umol O2/min)"": 0.3, ""light intensity (umol photons/m^2/s)"": 200}, {""Mean oxygen release (umol O2/min)"": 22.0, ""SEM (umol O2/min)"": 0.7, ""light intensity (umol photons/m^2/s)"": 500}, {""Mean oxygen release (umol O2/min)"": 25.0, ""SEM (umol O2/min)"": 1.1, ""light intensity (umol photons/m^2/s)"": 700}, {""Mean oxygen release (umol O2/min)"": 32.0, ""SEM (umol O2/min)"": 0.4, ""light intensity (umol photons/m^2/s)"": 1100}, {""Mean oxygen release (umol O2/min)"": 36.0, ""SEM (umol O2/min)"": 0.4, ""light intensity (umol photons/m^2/s)"": 1400}]","{""accepted_variants"": [""points connected by line segments""], ""representation"": ""continuous measured series with connected adjacent points"", ""required_uncertainty"": ""symmetric plus/minus one SEM bars"", ""x_axis"": ""light intensity (umol photons/m^2/s)"", ""y_axis"": ""mean oxygen release (umol O2/min)""}","[{""criterion_id"": ""REPRESENTATION_TYPE"", ""met_rule"": ""Uses a continuous x-axis graph with plotted points.""}, {""criterion_id"": ""X_UNIT"", ""met_rule"": ""X-axis includes the required variable and unit.""}, {""criterion_id"": ""Y_UNIT"", ""met_rule"": ""Y-axis includes the required variable and unit.""}, {""criterion_id"": ""X_SCALE"", ""met_rule"": ""Numeric x positions are proportional and interpretable.""}, {""criterion_id"": ""Y_SCALE"", ""met_rule"": ""Y-scale is interpretable and can represent all means and SEM bars.""}, {""criterion_id"": ""PLOT_VALUES"", ""met_rule"": ""All measured means are plotted at recoverable coordinates.""}, {""criterion_id"": ""POINT_CONNECTION"", ""met_rule"": ""Adjacent measured values are connected without replacing points.""}, {""criterion_id"": ""UNCERTAINTY_MARKS"", ""met_rule"": ""Each mean has centered symmetric plus/minus SEM bars.""}]","{""item_seed"": 2021, ""method"": ""seeded_replicate_v2"", ""model"": ""saturating(ymax=36.05,scale=492.29)"", ""points"": [{""displayed_mean"": 1.0, ""displayed_sem"": 0.3, ""raw_replicate_mean"": 1.62, ""raw_replicate_sem"": 0.275, ""replicates"": [2.1, 2.1, 1.7, 1.6, 0.6], ""true_model_value"": 0.0, ""x"": 0}, {""displayed_mean"": 3.0, ""displayed_sem"": 0.3, ""raw_replicate_mean"": 3.2, ""raw_replicate_sem"": 0.279, ""replicates"": [2.9, 3.6, 3.3, 3.9, 2.3], ""true_model_value"": 3.482, ""x"": 50}, {""displayed_mean"": 11.0, ""displayed_sem"": 0.3, ""raw_replicate_mean"": 10.86, ""raw_replicate_sem"": 0.277, ""replicates"": [11.7, 10.3, 10.2, 11.1, 11.0], ""true_model_value"": 12.035, ""x"": 200}, {""displayed_mean"": 22.0, ""displayed_sem"": 0.7, ""raw_replicate_mean"": 21.64, ""raw_replicate_sem"": 0.674, ""replicates"": [22.6, 21.8, 19.0, 22.3, 22.5], ""true_model_value"": 22.993, ""x"": 500}, {""displayed_mean"": 25.0, ""displayed_sem"": 1.1, ""raw_replicate_mean"": 24.92, ""raw_replicate_sem"": 1.141, ""replicates"": [20.8, 25.7, 25.0, 25.3, 27.8], ""true_model_value"": 27.352, ""x"": 700}, {""displayed_mean"": 32.0, ""displayed_sem"": 0.4, ""raw_replicate_mean"": 32.5, ""raw_replicate_sem"": 0.37, ""replicates"": [32.6, 31.5, 31.9, 33.6, 32.9], ""true_model_value"": 32.19, ""x"": 1100}, {""displayed_mean"": 36.0, ""displayed_sem"": 0.4, ""raw_replicate_mean"": 36.26, ""raw_replicate_sem"": 0.372, ""replicates"": [35.6, 36.5, 37.5, 36.3, 35.4], ""true_model_value"": 33.951, ""x"": 1400}], ""replicate_n"": 5}",independently_authored_synthetic_research_seed_unverified,Research seed for hand-drawn graph capture and reviewer evaluation. Do not expose criterion definitions to the person drawing the graph.
HDG-2026-P2-SER-023,v0.2-research-seed,frq,short,canonical_answer,continuous_measured_series_supplied_uncertainty,,HDG-2026-P2-SER-023__response-01.jpg,"Researchers measured pigment absorbance at several values of wavelength. Use the data table to construct a graph with wavelength on the x-axis and mean absorbance on the y-axis. Plot each mean at its measured x-value, connect adjacent measured values, and include symmetric error bars showing plus or minus one SEM.

Write the item ID HDG-2026-P2-SER-023 at the top of your page.

| wavelength (nm) | Mean absorbance (a.u.) | SEM (a.u.) |
| --- | --- | --- |
| 430 | 58.0 | 1.8 |
| 460 | 49.0 | 0.8 |
| 490 | 32.0 | 1.0 |
| 520 | 20.0 | 0.5 |
| 550 | 16.0 | 0.4 |
| 580 | 12.0 | 0.3 |
| 610 | 8.0 | 0.4 |","Expected graph: continuous measured series with connected adjacent points; x-axis wavelength (nm); y-axis mean absorbance (a.u.). Required criteria: REPRESENTATION_TYPE, X_UNIT, Y_UNIT, X_SCALE, Y_SCALE, PLOT_VALUES, POINT_CONNECTION, UNCERTAINTY_MARKS.",AP Biology|data analysis|quantitative graphing|response curves,pigment absorbance|continuous measured series|SEM error bars,"[{""Mean absorbance (a.u.)"": 58.0, ""SEM (a.u.)"": 1.8, ""wavelength (nm)"": 430}, {""Mean absorbance (a.u.)"": 49.0, ""SEM (a.u.)"": 0.8, ""wavelength (nm)"": 460}, {""Mean absorbance (a.u.)"": 32.0, ""SEM (a.u.)"": 1.0, ""wavelength (nm)"": 490}, {""Mean absorbance (a.u.)"": 20.0, ""SEM (a.u.)"": 0.5, ""wavelength (nm)"": 520}, {""Mean absorbance (a.u.)"": 16.0, ""SEM (a.u.)"": 0.4, ""wavelength (nm)"": 550}, {""Mean absorbance (a.u.)"": 12.0, ""SEM (a.u.)"": 0.3, ""wavelength (nm)"": 580}, {""Mean absorbance (a.u.)"": 8.0, ""SEM (a.u.)"": 0.4, ""wavelength (nm)"": 610}]","{""accepted_variants"": [""points connected by line segments""], ""representation"": ""continuous measured series with connected adjacent points"", ""required_uncertainty"": ""symmetric plus/minus one SEM bars"", ""x_axis"": ""wavelength (nm)"", ""y_axis"": ""mean absorbance (a.u.)""}","[{""criterion_id"": ""REPRESENTATION_TYPE"", ""met_rule"": ""Uses a continuous x-axis graph with plotted points.""}, {""criterion_id"": ""X_UNIT"", ""met_rule"": ""X-axis includes the required variable and unit.""}, {""criterion_id"": ""Y_UNIT"", ""met_rule"": ""Y-axis includes the required variable and unit.""}, {""criterion_id"": ""X_SCALE"", ""met_rule"": ""Numeric x positions are proportional and interpretable.""}, {""criterion_id"": ""Y_SCALE"", ""met_rule"": ""Y-scale is interpretable and can represent all means and SEM bars.""}, {""criterion_id"": ""PLOT_VALUES"", ""met_rule"": ""All measured means are plotted at recoverable coordinates.""}, {""criterion_id"": ""POINT_CONNECTION"", ""met_rule"": ""Adjacent measured values are connected without replacing points.""}, {""criterion_id"": ""UNCERTAINTY_MARKS"", ""met_rule"": ""Each mean has centered symmetric plus/minus SEM bars.""}]","{""item_seed"": 2022, ""method"": ""seeded_replicate_v2"", ""model"": ""decay(start=67.75,scale=67.21,floor=4.0)"", ""points"": [{""displayed_mean"": 58.0, ""displayed_sem"": 1.8, ""raw_replicate_mean"": 57.1, ""raw_replicate_sem"": 1.825, ""replicates"": [54.7, 56.1, 57.1, 53.6, 64.0], ""true_model_value"": 67.754, ""x"": 430}, {""displayed_mean"": 49.0, ""displayed_sem"": 0.8, ""raw_replicate_mean"": 47.24, ""raw_replicate_sem"": 0.789, ""replicates"": [46.0, 48.5, 47.0, 45.2, 49.5], ""true_model_value"": 44.798, ""x"": 460}, {""displayed_mean"": 32.0, ""displayed_sem"": 1.0, ""raw_replicate_mean"": 31.66, ""raw_replicate_sem"": 0.995, ""replicates"": [33.2, 31.3, 31.2, 34.2, 28.4], ""true_model_value"": 30.108, ""x"": 490}, {""displayed_mean"": 20.0, ""displayed_sem"": 0.5, ""raw_replicate_mean"": 19.84, ""raw_replicate_sem"": 0.535, ""replicates"": [19.0, 21.1, 19.0, 18.9, 21.2], ""true_model_value"": 20.707, ""x"": 520}, {""displayed_mean"": 16.0, ""displayed_sem"": 0.4, ""raw_replicate_mean"": 16.12, ""raw_replicate_sem"": 0.365, ""replicates"": [16.2, 16.9, 15.8, 16.8, 14.9], ""true_model_value"": 14.69, ""x"": 550}, {""displayed_mean"": 12.0, ""displayed_sem"": 0.3, ""raw_replicate_mean"": 11.96, ""raw_replicate_sem"": 0.206, ""replicates"": [12.4, 12.4, 11.8, 11.3, 11.9], ""true_model_value"": 10.84, ""x"": 580}, {""displayed_mean"": 8.0, ""displayed_sem"": 0.4, ""raw_replicate_mean"": 7.58, ""raw_replicate_sem"": 0.447, ""replicates"": [7.9, 7.5, 9.1, 6.6, 6.8], ""true_model_value"": 8.376, ""x"": 610}], ""replicate_n"": 5}",independently_authored_synthetic_research_seed_unverified,Research seed for hand-drawn graph capture and reviewer evaluation. Do not expose criterion definitions to the person drawing the graph.
HDG-2026-P2-SER-024,v0.2-research-seed,frq,short,canonical_answer,continuous_measured_series_supplied_uncertainty,,HDG-2026-P2-SER-024__response-01.jpg,"Researchers measured seedling growth at several values of days after planting. Use the data table to construct a graph with days after planting on the x-axis and mean height on the y-axis. Plot each mean at its measured x-value, connect adjacent measured values, and include symmetric error bars showing plus or minus one SEM.

Write the item ID HDG-2026-P2-SER-024 at the top of your page.

| days after planting (days) | Mean height (cm) | SEM (cm) |
| --- | --- | --- |
| 0 | 18.0 | 0.3 |
| 2 | 26.0 | 0.8 |
| 5 | 34.0 | 0.5 |
| 7 | 41.0 | 0.8 |
| 9 | 43.0 | 1.5 |
| 11 | 48.0 | 1.2 |
| 12 | 56.0 | 1.2 |","Expected graph: continuous measured series with connected adjacent points; x-axis days after planting (days); y-axis mean height (cm). Required criteria: REPRESENTATION_TYPE, X_UNIT, Y_UNIT, X_SCALE, Y_SCALE, PLOT_VALUES, POINT_CONNECTION, UNCERTAINTY_MARKS.",AP Biology|data analysis|quantitative graphing|response curves,seedling growth|continuous measured series|SEM error bars,"[{""Mean height (cm)"": 18.0, ""SEM (cm)"": 0.3, ""days after planting (days)"": 0}, {""Mean height (cm)"": 26.0, ""SEM (cm)"": 0.8, ""days after planting (days)"": 2}, {""Mean height (cm)"": 34.0, ""SEM (cm)"": 0.5, ""days after planting (days)"": 5}, {""Mean height (cm)"": 41.0, ""SEM (cm)"": 0.8, ""days after planting (days)"": 7}, {""Mean height (cm)"": 43.0, ""SEM (cm)"": 1.5, ""days after planting (days)"": 9}, {""Mean height (cm)"": 48.0, ""SEM (cm)"": 1.2, ""days after planting (days)"": 11}, {""Mean height (cm)"": 56.0, ""SEM (cm)"": 1.2, ""days after planting (days)"": 12}]","{""accepted_variants"": [""points connected by line segments""], ""representation"": ""continuous measured series with connected adjacent points"", ""required_uncertainty"": ""symmetric plus/minus one SEM bars"", ""x_axis"": ""days after planting (days)"", ""y_axis"": ""mean height (cm)""}","[{""criterion_id"": ""REPRESENTATION_TYPE"", ""met_rule"": ""Uses a continuous x-axis graph with plotted points.""}, {""criterion_id"": ""X_UNIT"", ""met_rule"": ""X-axis includes the required variable and unit.""}, {""criterion_id"": ""Y_UNIT"", ""met_rule"": ""Y-axis includes the required variable and unit.""}, {""criterion_id"": ""X_SCALE"", ""met_rule"": ""Numeric x positions are proportional and interpretable.""}, {""criterion_id"": ""Y_SCALE"", ""met_rule"": ""Y-scale is interpretable and can represent all means and SEM bars.""}, {""criterion_id"": ""PLOT_VALUES"", ""met_rule"": ""All measured means are plotted at recoverable coordinates.""}, {""criterion_id"": ""POINT_CONNECTION"", ""met_rule"": ""Adjacent measured values are connected without replacing points.""}, {""criterion_id"": ""UNCERTAINTY_MARKS"", ""met_rule"": ""Each mean has centered symmetric plus/minus SEM bars.""}]","{""item_seed"": 2023, ""method"": ""seeded_replicate_v2"", ""model"": ""linear(intercept=17.75,top=55.41)"", ""points"": [{""displayed_mean"": 18.0, ""displayed_sem"": 0.3, ""raw_replicate_mean"": 18.26, ""raw_replicate_sem"": 0.286, ""replicates"": [19.1, 18.0, 18.6, 17.4, 18.2], ""true_model_value"": 17.752, ""x"": 0}, {""displayed_mean"": 26.0, ""displayed_sem"": 0.8, ""raw_replicate_mean"": 25.36, ""raw_replicate_sem"": 0.785, ""replicates"": [27.4, 23.9, 27.1, 24.6, 23.8], ""true_model_value"": 24.028, ""x"": 2}, {""displayed_mean"": 34.0, ""displayed_sem"": 0.5, ""raw_replicate_mean"": 35.02, ""raw_replicate_sem"": 0.496, ""replicates"": [35.4, 36.6, 33.6, 35.0, 34.5], ""true_model_value"": 33.441, ""x"": 5}, {""displayed_mean"": 41.0, ""displayed_sem"": 0.8, ""raw_replicate_mean"": 41.16, ""raw_replicate_sem"": 0.797, ""replicates"": [39.4, 41.6, 43.1, 39.2, 42.5], ""true_model_value"": 39.716, ""x"": 7}, {""displayed_mean"": 43.0, ""displayed_sem"": 1.5, ""raw_replicate_mean"": 42.62, ""raw_replicate_sem"": 1.506, ""replicates"": [45.9, 39.8, 41.5, 46.5, 39.4], ""true_model_value"": 45.992, ""x"": 9}, {""displayed_mean"": 48.0, ""displayed_sem"": 1.2, ""raw_replicate_mean"": 49.58, ""raw_replicate_sem"": 1.211, ""replicates"": [51.9, 50.2, 52.3, 47.0, 46.5], ""true_model_value"": 52.267, ""x"": 11}, {""displayed_mean"": 56.0, ""displayed_sem"": 1.2, ""raw_replicate_mean"": 54.84, ""raw_replicate_sem"": 1.155, ""replicates"": [54.5, 54.7, 52.9, 52.9, 59.2], ""true_model_value"": 55.405, ""x"": 12}], ""replicate_n"": 5}",independently_authored_synthetic_research_seed_unverified,Research seed for hand-drawn graph capture and reviewer evaluation. Do not expose criterion definitions to the person drawing the graph.
HDG-2026-P2-SER-025,v0.2-research-seed,frq,short,canonical_answer,continuous_measured_series_supplied_uncertainty,,HDG-2026-P2-SER-025__response-01.jpg,"Researchers measured heart cell contraction at several values of calcium concentration. Use the data table to construct a graph with calcium concentration on the x-axis and mean contractions per min on the y-axis. Plot each mean at its measured x-value, connect adjacent measured values, and include symmetric error bars showing plus or minus one SEM.

Write the item ID HDG-2026-P2-SER-025 at the top of your page.

| calcium concentration (mM) | Mean contractions per min (beats/min) | SEM (beats/min) |
| --- | --- | --- |
| 0.2 | 11.0 | 0.3 |
| 0.5 | 11.0 | 0.3 |
| 1 | 15.0 | 0.4 |
| 2 | 21.0 | 0.6 |
| 4 | 48.0 | 0.5 |
| 6 | 58.0 | 1.8 |
| 8 | 32.0 | 0.5 |","Expected graph: continuous measured series with connected adjacent points; x-axis calcium concentration (mM); y-axis mean contractions per min (beats/min). Required criteria: REPRESENTATION_TYPE, X_UNIT, Y_UNIT, X_SCALE, Y_SCALE, PLOT_VALUES, POINT_CONNECTION, UNCERTAINTY_MARKS.",AP Biology|data analysis|quantitative graphing|response curves,heart cell contraction|continuous measured series|SEM error bars,"[{""Mean contractions per min (beats/min)"": 11.0, ""SEM (beats/min)"": 0.3, ""calcium concentration (mM)"": 0.2}, {""Mean contractions per min (beats/min)"": 11.0, ""SEM (beats/min)"": 0.3, ""calcium concentration (mM)"": 0.5}, {""Mean contractions per min (beats/min)"": 15.0, ""SEM (beats/min)"": 0.4, ""calcium concentration (mM)"": 1}, {""Mean contractions per min (beats/min)"": 21.0, ""SEM (beats/min)"": 0.6, ""calcium concentration (mM)"": 2}, {""Mean contractions per min (beats/min)"": 48.0, ""SEM (beats/min)"": 0.5, ""calcium concentration (mM)"": 4}, {""Mean contractions per min (beats/min)"": 58.0, ""SEM (beats/min)"": 1.8, ""calcium concentration (mM)"": 6}, {""Mean contractions per min (beats/min)"": 32.0, ""SEM (beats/min)"": 0.5, ""calcium concentration (mM)"": 8}]","{""accepted_variants"": [""points connected by line segments""], ""representation"": ""continuous measured series with connected adjacent points"", ""required_uncertainty"": ""symmetric plus/minus one SEM bars"", ""x_axis"": ""calcium concentration (mM)"", ""y_axis"": ""mean contractions per min (beats/min)""}","[{""criterion_id"": ""REPRESENTATION_TYPE"", ""met_rule"": ""Uses a continuous x-axis graph with plotted points.""}, {""criterion_id"": ""X_UNIT"", ""met_rule"": ""X-axis includes the required variable and unit.""}, {""criterion_id"": ""Y_UNIT"", ""met_rule"": ""Y-axis includes the required variable and unit.""}, {""criterion_id"": ""X_SCALE"", ""met_rule"": ""Numeric x positions are proportional and interpretable.""}, {""criterion_id"": ""Y_SCALE"", ""met_rule"": ""Y-scale is interpretable and can represent all means and SEM bars.""}, {""criterion_id"": ""PLOT_VALUES"", ""met_rule"": ""All measured means are plotted at recoverable coordinates.""}, {""criterion_id"": ""POINT_CONNECTION"", ""met_rule"": ""Adjacent measured values are connected without replacing points.""}, {""criterion_id"": ""UNCERTAINTY_MARKS"", ""met_rule"": ""Each mean has centered symmetric plus/minus SEM bars.""}]","{""item_seed"": 2024, ""method"": ""seeded_replicate_v2"", ""model"": ""peak(center=5.65,spread=2.18,amp=49.36,base=8.7)"", ""points"": [{""displayed_mean"": 11.0, ""displayed_sem"": 0.3, ""raw_replicate_mean"": 11.16, ""raw_replicate_sem"": 0.225, ""replicates"": [10.6, 10.9, 11.4, 11.0, 11.9], ""true_model_value"": 10.836, ""x"": 0.2}, {""displayed_mean"": 11.0, ""displayed_sem"": 0.3, ""raw_replicate_mean"": 11.12, ""raw_replicate_sem"": 0.331, ""replicates"": [10.3, 11.5, 11.4, 10.4, 12.0], ""true_model_value"": 11.69, ""x"": 0.5}, {""displayed_mean"": 15.0, ""displayed_sem"": 0.4, ""raw_replicate_mean"": 14.74, ""raw_replicate_sem"": 0.359, ""replicates"": [15.5, 14.7, 15.5, 14.4, 13.6], ""true_model_value"": 13.719, ""x"": 1}, {""displayed_mean"": 21.0, ""displayed_sem"": 0.6, ""raw_replicate_mean"": 20.72, ""raw_replicate_sem"": 0.609, ""replicates"": [22.2, 20.7, 21.1, 21.1, 18.5], ""true_model_value"": 20.768, ""x"": 2}, {""displayed_mean"": 48.0, ""displayed_sem"": 0.5, ""raw_replicate_mean"": 47.58, ""raw_replicate_sem"": 0.518, ""replicates"": [47.6, 47.0, 49.0, 46.0, 48.3], ""true_model_value"": 45.706, ""x"": 4}, {""displayed_mean"": 58.0, ""displayed_sem"": 1.8, ""raw_replicate_mean"": 57.34, ""raw_replicate_sem"": 1.797, ""replicates"": [57.9, 62.7, 55.6, 51.8, 58.7], ""true_model_value"": 57.429, ""x"": 6}, {""displayed_mean"": 32.0, ""displayed_sem"": 0.5, ""raw_replicate_mean"": 33.86, ""raw_replicate_sem"": 0.519, ""replicates"": [35.4, 33.2, 32.8, 33.1, 34.8], ""true_model_value"": 36.253, ""x"": 8}], ""replicate_n"": 5}",independently_authored_synthetic_research_seed_unverified,Research seed for hand-drawn graph capture and reviewer evaluation. Do not expose criterion definitions to the person drawing the graph.
HDG-2026-P2-SER-026,v0.2-research-seed,frq,short,canonical_answer,continuous_measured_series_supplied_uncertainty,,HDG-2026-P2-SER-026__response-01.jpg,"Researchers measured fermentation rate at several values of incubation time. Use the data table to construct a graph with incubation time on the x-axis and mean CO2 production rate on the y-axis. Plot each mean at its measured x-value, connect adjacent measured values, and include symmetric error bars showing plus or minus one SEM.

Write the item ID HDG-2026-P2-SER-026 at the top of your page.

| incubation time (min) | Mean CO2 production rate (mL/min) | SEM (mL/min) |
| --- | --- | --- |
| 2 | 1.0 | 0.4 |
| 5 | 8.0 | 0.3 |
| 12 | 20.0 | 0.3 |
| 16 | 24.0 | 0.6 |
| 25 | 33.0 | 0.5 |
| 30 | 39.0 | 1.0 |
| 40 | 39.0 | 1.2 |","Expected graph: continuous measured series with connected adjacent points; x-axis incubation time (min); y-axis mean CO2 production rate (mL/min). Required criteria: REPRESENTATION_TYPE, X_UNIT, Y_UNIT, X_SCALE, Y_SCALE, PLOT_VALUES, POINT_CONNECTION, UNCERTAINTY_MARKS.",AP Biology|data analysis|quantitative graphing|response curves,fermentation rate|continuous measured series|SEM error bars,"[{""Mean CO2 production rate (mL/min)"": 1.0, ""SEM (mL/min)"": 0.4, ""incubation time (min)"": 2}, {""Mean CO2 production rate (mL/min)"": 8.0, ""SEM (mL/min)"": 0.3, ""incubation time (min)"": 5}, {""Mean CO2 production rate (mL/min)"": 20.0, ""SEM (mL/min)"": 0.3, ""incubation time (min)"": 12}, {""Mean CO2 production rate (mL/min)"": 24.0, ""SEM (mL/min)"": 0.6, ""incubation time (min)"": 16}, {""Mean CO2 production rate (mL/min)"": 33.0, ""SEM (mL/min)"": 0.5, ""incubation time (min)"": 25}, {""Mean CO2 production rate (mL/min)"": 39.0, ""SEM (mL/min)"": 1.0, ""incubation time (min)"": 30}, {""Mean CO2 production rate (mL/min)"": 39.0, ""SEM (mL/min)"": 1.2, ""incubation time (min)"": 40}]","{""accepted_variants"": [""points connected by line segments""], ""representation"": ""continuous measured series with connected adjacent points"", ""required_uncertainty"": ""symmetric plus/minus one SEM bars"", ""x_axis"": ""incubation time (min)"", ""y_axis"": ""mean CO2 production rate (mL/min)""}","[{""criterion_id"": ""REPRESENTATION_TYPE"", ""met_rule"": ""Uses a continuous x-axis graph with plotted points.""}, {""criterion_id"": ""X_UNIT"", ""met_rule"": ""X-axis includes the required variable and unit.""}, {""criterion_id"": ""Y_UNIT"", ""met_rule"": ""Y-axis includes the required variable and unit.""}, {""criterion_id"": ""X_SCALE"", ""met_rule"": ""Numeric x positions are proportional and interpretable.""}, {""criterion_id"": ""Y_SCALE"", ""met_rule"": ""Y-scale is interpretable and can represent all means and SEM bars.""}, {""criterion_id"": ""PLOT_VALUES"", ""met_rule"": ""All measured means are plotted at recoverable coordinates.""}, {""criterion_id"": ""POINT_CONNECTION"", ""met_rule"": ""Adjacent measured values are connected without replacing points.""}, {""criterion_id"": ""UNCERTAINTY_MARKS"", ""met_rule"": ""Each mean has centered symmetric plus/minus SEM bars.""}]","{""item_seed"": 2025, ""method"": ""seeded_replicate_v2"", ""model"": ""saturating(ymax=40.97,scale=15.01)"", ""points"": [{""displayed_mean"": 1.0, ""displayed_sem"": 0.4, ""raw_replicate_mean"": 0.96, ""raw_replicate_sem"": 0.448, ""replicates"": [1.2, 2.6, 0.4, 0.5, 0.1], ""true_model_value"": 0.0, ""x"": 2}, {""displayed_mean"": 8.0, ""displayed_sem"": 0.3, ""raw_replicate_mean"": 7.94, ""raw_replicate_sem"": 0.256, ""replicates"": [7.6, 8.0, 8.2, 7.2, 8.7], ""true_model_value"": 7.419, ""x"": 5}, {""displayed_mean"": 20.0, ""displayed_sem"": 0.3, ""raw_replicate_mean"": 20.68, ""raw_replicate_sem"": 0.248, ""replicates"": [20.9, 21.0, 20.5, 21.2, 19.8], ""true_model_value"": 19.919, ""x"": 12}, {""displayed_mean"": 24.0, ""displayed_sem"": 0.6, ""raw_replicate_mean"": 25.06, ""raw_replicate_sem"": 0.559, ""replicates"": [26.3, 25.3, 24.5, 26.0, 23.2], ""true_model_value"": 24.841, ""x"": 16}, {""displayed_mean"": 33.0, ""displayed_sem"": 0.5, ""raw_replicate_mean"": 34.18, ""raw_replicate_sem"": 0.533, ""replicates"": [35.7, 33.4, 35.2, 33.6, 33.0], ""true_model_value"": 32.111, ""x"": 25}, {""displayed_mean"": 39.0, ""displayed_sem"": 1.0, ""raw_replicate_mean"": 39.7, ""raw_replicate_sem"": 0.969, ""replicates"": [36.2, 39.3, 40.2, 41.8, 41.0], ""true_model_value"": 34.619, ""x"": 30}, {""displayed_mean"": 39.0, ""displayed_sem"": 1.2, ""raw_replicate_mean"": 38.74, ""raw_replicate_sem"": 1.212, ""replicates"": [35.3, 40.3, 39.9, 41.7, 36.5], ""true_model_value"": 37.705, ""x"": 40}], ""replicate_n"": 5}",independently_authored_synthetic_research_seed_unverified,Research seed for hand-drawn graph capture and reviewer evaluation. Do not expose criterion definitions to the person drawing the graph.
HDG-2026-P2-SER-027,v0.2-research-seed,frq,short,canonical_answer,continuous_measured_series_supplied_uncertainty,,HDG-2026-P2-SER-027__response-01.jpg,"Researchers measured aquatic plant growth at several values of nitrate concentration. Use the data table to construct a graph with nitrate concentration on the x-axis and mean growth rate on the y-axis. Plot each mean at its measured x-value, connect adjacent measured values, and include symmetric error bars showing plus or minus one SEM.

Write the item ID HDG-2026-P2-SER-027 at the top of your page.

| nitrate concentration (mg/L) | Mean growth rate (mg/day) | SEM (mg/day) |
| --- | --- | --- |
| 0 | 76.0 | 1.4 |
| 10 | 57.0 | 1.3 |
| 25 | 49.0 | 0.5 |
| 40 | 42.0 | 0.9 |
| 60 | 28.0 | 0.6 |
| 80 | 18.0 | 0.6 |
| 100 | 13.0 | 0.4 |","Expected graph: continuous measured series with connected adjacent points; x-axis nitrate concentration (mg/L); y-axis mean growth rate (mg/day). Required criteria: REPRESENTATION_TYPE, X_UNIT, Y_UNIT, X_SCALE, Y_SCALE, PLOT_VALUES, POINT_CONNECTION, UNCERTAINTY_MARKS.",AP Biology|data analysis|quantitative graphing|response curves,aquatic plant growth|continuous measured series|SEM error bars,"[{""Mean growth rate (mg/day)"": 76.0, ""SEM (mg/day)"": 1.4, ""nitrate concentration (mg/L)"": 0}, {""Mean growth rate (mg/day)"": 57.0, ""SEM (mg/day)"": 1.3, ""nitrate concentration (mg/L)"": 10}, {""Mean growth rate (mg/day)"": 49.0, ""SEM (mg/day)"": 0.5, ""nitrate concentration (mg/L)"": 25}, {""Mean growth rate (mg/day)"": 42.0, ""SEM (mg/day)"": 0.9, ""nitrate concentration (mg/L)"": 40}, {""Mean growth rate (mg/day)"": 28.0, ""SEM (mg/day)"": 0.6, ""nitrate concentration (mg/L)"": 60}, {""Mean growth rate (mg/day)"": 18.0, ""SEM (mg/day)"": 0.6, ""nitrate concentration (mg/L)"": 80}, {""Mean growth rate (mg/day)"": 13.0, ""SEM (mg/day)"": 0.4, ""nitrate concentration (mg/L)"": 100}]","{""accepted_variants"": [""points connected by line segments""], ""representation"": ""continuous measured series with connected adjacent points"", ""required_uncertainty"": ""symmetric plus/minus one SEM bars"", ""x_axis"": ""nitrate concentration (mg/L)"", ""y_axis"": ""mean growth rate (mg/day)""}","[{""criterion_id"": ""REPRESENTATION_TYPE"", ""met_rule"": ""Uses a continuous x-axis graph with plotted points.""}, {""criterion_id"": ""X_UNIT"", ""met_rule"": ""X-axis includes the required variable and unit.""}, {""criterion_id"": ""Y_UNIT"", ""met_rule"": ""Y-axis includes the required variable and unit.""}, {""criterion_id"": ""X_SCALE"", ""met_rule"": ""Numeric x positions are proportional and interpretable.""}, {""criterion_id"": ""Y_SCALE"", ""met_rule"": ""Y-scale is interpretable and can represent all means and SEM bars.""}, {""criterion_id"": ""PLOT_VALUES"", ""met_rule"": ""All measured means are plotted at recoverable coordinates.""}, {""criterion_id"": ""POINT_CONNECTION"", ""met_rule"": ""Adjacent measured values are connected without replacing points.""}, {""criterion_id"": ""UNCERTAINTY_MARKS"", ""met_rule"": ""Each mean has centered symmetric plus/minus SEM bars.""}]","{""item_seed"": 2026, ""method"": ""seeded_replicate_v2"", ""model"": ""decay(start=72.95,scale=52.06,floor=4.19)"", ""points"": [{""displayed_mean"": 76.0, ""displayed_sem"": 1.4, ""raw_replicate_mean"": 74.98, ""raw_replicate_sem"": 1.4, ""replicates"": [74.4, 74.3, 79.7, 75.5, 71.0], ""true_model_value"": 72.946, ""x"": 0}, {""displayed_mean"": 57.0, ""displayed_sem"": 1.3, ""raw_replicate_mean"": 56.78, ""raw_replicate_sem"": 1.301, ""replicates"": [53.0, 55.9, 58.2, 60.8, 56.0], ""true_model_value"": 60.93, ""x"": 10}, {""displayed_mean"": 49.0, ""displayed_sem"": 0.5, ""raw_replicate_mean"": 47.62, ""raw_replicate_sem"": 0.503, ""replicates"": [49.2, 47.2, 46.1, 47.7, 47.9], ""true_model_value"": 46.726, ""x"": 25}, {""displayed_mean"": 42.0, ""displayed_sem"": 0.9, ""raw_replicate_mean"": 40.14, ""raw_replicate_sem"": 0.869, ""replicates"": [42.6, 41.8, 39.4, 38.3, 38.6], ""true_model_value"": 36.077, ""x"": 40}, {""displayed_mean"": 28.0, ""displayed_sem"": 0.6, ""raw_replicate_mean"": 27.78, ""raw_replicate_sem"": 0.57, ""replicates"": [26.2, 27.7, 29.1, 26.9, 29.0], ""true_model_value"": 25.905, ""x"": 60}, {""displayed_mean"": 18.0, ""displayed_sem"": 0.6, ""raw_replicate_mean"": 17.68, ""raw_replicate_sem"": 0.64, ""replicates"": [17.6, 19.5, 16.4, 16.2, 18.7], ""true_model_value"": 18.977, ""x"": 80}, {""displayed_mean"": 13.0, ""displayed_sem"": 0.4, ""raw_replicate_mean"": 13.26, ""raw_replicate_sem"": 0.443, ""replicates"": [13.7, 14.0, 13.1, 11.6, 13.9], ""true_model_value"": 14.259, ""x"": 100}], ""replicate_n"": 5}",independently_authored_synthetic_research_seed_unverified,Research seed for hand-drawn graph capture and reviewer evaluation. Do not expose criterion definitions to the person drawing the graph.
HDG-2026-P2-SER-028,v0.2-research-seed,frq,short,canonical_answer,continuous_measured_series_supplied_uncertainty,,HDG-2026-P2-SER-028__response-01.jpg,"Researchers measured membrane transport at several values of external glucose. Use the data table to construct a graph with external glucose on the x-axis and mean uptake rate on the y-axis. Plot each mean at its measured x-value, connect adjacent measured values, and include symmetric error bars showing plus or minus one SEM.

Write the item ID HDG-2026-P2-SER-028 at the top of your page.

| external glucose (mM) | Mean uptake rate (pmol/min) | SEM (pmol/min) |
| --- | --- | --- |
| 1 | 10.0 | 0.3 |
| 3 | 14.0 | 0.4 |
| 5 | 16.0 | 0.3 |
| 12 | 25.0 | 0.5 |
| 16 | 31.0 | 1.1 |
| 20 | 35.0 | 0.4 |
| 25 | 40.0 | 0.6 |","Expected graph: continuous measured series with connected adjacent points; x-axis external glucose (mM); y-axis mean uptake rate (pmol/min). Required criteria: REPRESENTATION_TYPE, X_UNIT, Y_UNIT, X_SCALE, Y_SCALE, PLOT_VALUES, POINT_CONNECTION, UNCERTAINTY_MARKS.",AP Biology|data analysis|quantitative graphing|response curves,membrane transport|continuous measured series|SEM error bars,"[{""Mean uptake rate (pmol/min)"": 10.0, ""SEM (pmol/min)"": 0.3, ""external glucose (mM)"": 1}, {""Mean uptake rate (pmol/min)"": 14.0, ""SEM (pmol/min)"": 0.4, ""external glucose (mM)"": 3}, {""Mean uptake rate (pmol/min)"": 16.0, ""SEM (pmol/min)"": 0.3, ""external glucose (mM)"": 5}, {""Mean uptake rate (pmol/min)"": 25.0, ""SEM (pmol/min)"": 0.5, ""external glucose (mM)"": 12}, {""Mean uptake rate (pmol/min)"": 31.0, ""SEM (pmol/min)"": 1.1, ""external glucose (mM)"": 16}, {""Mean uptake rate (pmol/min)"": 35.0, ""SEM (pmol/min)"": 0.4, ""external glucose (mM)"": 20}, {""Mean uptake rate (pmol/min)"": 40.0, ""SEM (pmol/min)"": 0.6, ""external glucose (mM)"": 25}]","{""accepted_variants"": [""points connected by line segments""], ""representation"": ""continuous measured series with connected adjacent points"", ""required_uncertainty"": ""symmetric plus/minus one SEM bars"", ""x_axis"": ""external glucose (mM)"", ""y_axis"": ""mean uptake rate (pmol/min)""}","[{""criterion_id"": ""REPRESENTATION_TYPE"", ""met_rule"": ""Uses a continuous x-axis graph with plotted points.""}, {""criterion_id"": ""X_UNIT"", ""met_rule"": ""X-axis includes the required variable and unit.""}, {""criterion_id"": ""Y_UNIT"", ""met_rule"": ""Y-axis includes the required variable and unit.""}, {""criterion_id"": ""X_SCALE"", ""met_rule"": ""Numeric x positions are proportional and interpretable.""}, {""criterion_id"": ""Y_SCALE"", ""met_rule"": ""Y-scale is interpretable and can represent all means and SEM bars.""}, {""criterion_id"": ""PLOT_VALUES"", ""met_rule"": ""All measured means are plotted at recoverable coordinates.""}, {""criterion_id"": ""POINT_CONNECTION"", ""met_rule"": ""Adjacent measured values are connected without replacing points.""}, {""criterion_id"": ""UNCERTAINTY_MARKS"", ""met_rule"": ""Each mean has centered symmetric plus/minus SEM bars.""}]","{""item_seed"": 2027, ""method"": ""seeded_replicate_v2"", ""model"": ""linear(intercept=11.64,top=40.58)"", ""points"": [{""displayed_mean"": 10.0, ""displayed_sem"": 0.3, ""raw_replicate_mean"": 10.14, ""raw_replicate_sem"": 0.299, ""replicates"": [10.1, 10.6, 11.0, 9.6, 9.4], ""true_model_value"": 11.645, ""x"": 1}, {""displayed_mean"": 14.0, ""displayed_sem"": 0.4, ""raw_replicate_mean"": 13.14, ""raw_replicate_sem"": 0.38, ""replicates"": [12.5, 14.6, 12.6, 13.1, 12.9], ""true_model_value"": 14.056, ""x"": 3}, {""displayed_mean"": 16.0, ""displayed_sem"": 0.3, ""raw_replicate_mean"": 16.28, ""raw_replicate_sem"": 0.343, ""replicates"": [15.8, 17.3, 15.6, 15.8, 16.9], ""true_model_value"": 16.468, ""x"": 5}, {""displayed_mean"": 25.0, ""displayed_sem"": 0.5, ""raw_replicate_mean"": 24.36, ""raw_replicate_sem"": 0.524, ""replicates"": [23.7, 23.5, 23.4, 25.2, 26.0], ""true_model_value"": 24.908, ""x"": 12}, {""displayed_mean"": 31.0, ""displayed_sem"": 1.1, ""raw_replicate_mean"": 31.26, ""raw_replicate_sem"": 1.067, ""replicates"": [30.7, 35.4, 29.7, 29.6, 30.9], ""true_model_value"": 29.732, ""x"": 16}, {""displayed_mean"": 35.0, ""displayed_sem"": 0.4, ""raw_replicate_mean"": 34.72, ""raw_replicate_sem"": 0.416, ""replicates"": [34.9, 35.4, 34.2, 35.7, 33.4], ""true_model_value"": 34.555, ""x"": 20}, {""displayed_mean"": 40.0, ""displayed_sem"": 0.6, ""raw_replicate_mean"": 41.02, ""raw_replicate_sem"": 0.641, ""replicates"": [39.9, 41.7, 42.1, 42.3, 39.1], ""true_model_value"": 40.584, ""x"": 25}], ""replicate_n"": 5}",independently_authored_synthetic_research_seed_unverified,Research seed for hand-drawn graph capture and reviewer evaluation. Do not expose criterion definitions to the person drawing the graph.
HDG-2026-P2-SER-029,v0.2-research-seed,frq,short,canonical_answer,continuous_measured_series_supplied_uncertainty,,HDG-2026-P2-SER-029__response-01.jpg,"Researchers measured cell survival at several values of UV exposure time. Use the data table to construct a graph with UV exposure time on the x-axis and mean surviving cells on the y-axis. Plot each mean at its measured x-value, connect adjacent measured values, and include symmetric error bars showing plus or minus one SEM.

Write the item ID HDG-2026-P2-SER-029 at the top of your page.

| UV exposure time (s) | Mean surviving cells (%) | SEM (%) |
| --- | --- | --- |
| 0 | 23.0 | 0.3 |
| 10 | 30.0 | 0.8 |
| 20 | 37.0 | 0.7 |
| 30 | 45.0 | 0.7 |
| 45 | 50.0 | 1.5 |
| 60 | 40.0 | 1.3 |
| 120 | 11.0 | 0.3 |","Expected graph: continuous measured series with connected adjacent points; x-axis UV exposure time (s); y-axis mean surviving cells (%). Required criteria: REPRESENTATION_TYPE, X_UNIT, Y_UNIT, X_SCALE, Y_SCALE, PLOT_VALUES, POINT_CONNECTION, UNCERTAINTY_MARKS.",AP Biology|data analysis|quantitative graphing|response curves,cell survival|continuous measured series|SEM error bars,"[{""Mean surviving cells (%)"": 23.0, ""SEM (%)"": 0.3, ""UV exposure time (s)"": 0}, {""Mean surviving cells (%)"": 30.0, ""SEM (%)"": 0.8, ""UV exposure time (s)"": 10}, {""Mean surviving cells (%)"": 37.0, ""SEM (%)"": 0.7, ""UV exposure time (s)"": 20}, {""Mean surviving cells (%)"": 45.0, ""SEM (%)"": 0.7, ""UV exposure time (s)"": 30}, {""Mean surviving cells (%)"": 50.0, ""SEM (%)"": 1.5, ""UV exposure time (s)"": 45}, {""Mean surviving cells (%)"": 40.0, ""SEM (%)"": 1.3, ""UV exposure time (s)"": 60}, {""Mean surviving cells (%)"": 11.0, ""SEM (%)"": 0.3, ""UV exposure time (s)"": 120}]","{""accepted_variants"": [""points connected by line segments""], ""representation"": ""continuous measured series with connected adjacent points"", ""required_uncertainty"": ""symmetric plus/minus one SEM bars"", ""x_axis"": ""UV exposure time (s)"", ""y_axis"": ""mean surviving cells (%)""}","[{""criterion_id"": ""REPRESENTATION_TYPE"", ""met_rule"": ""Uses a continuous x-axis graph with plotted points.""}, {""criterion_id"": ""X_UNIT"", ""met_rule"": ""X-axis includes the required variable and unit.""}, {""criterion_id"": ""Y_UNIT"", ""met_rule"": ""Y-axis includes the required variable and unit.""}, {""criterion_id"": ""X_SCALE"", ""met_rule"": ""Numeric x positions are proportional and interpretable.""}, {""criterion_id"": ""Y_SCALE"", ""met_rule"": ""Y-scale is interpretable and can represent all means and SEM bars.""}, {""criterion_id"": ""PLOT_VALUES"", ""met_rule"": ""All measured means are plotted at recoverable coordinates.""}, {""criterion_id"": ""POINT_CONNECTION"", ""met_rule"": ""Adjacent measured values are connected without replacing points.""}, {""criterion_id"": ""UNCERTAINTY_MARKS"", ""met_rule"": ""Each mean has centered symmetric plus/minus SEM bars.""}]","{""item_seed"": 2028, ""method"": ""seeded_replicate_v2"", ""model"": ""peak(center=42.07,spread=33.61,amp=35.79,base=9.31)"", ""points"": [{""displayed_mean"": 23.0, ""displayed_sem"": 0.3, ""raw_replicate_mean"": 23.66, ""raw_replicate_sem"": 0.209, ""replicates"": [23.2, 24.4, 23.4, 23.8, 23.5], ""true_model_value"": 25.664, ""x"": 0}, {""displayed_mean"": 30.0, ""displayed_sem"": 0.8, ""raw_replicate_mean"": 30.22, ""raw_replicate_sem"": 0.771, ""replicates"": [30.5, 32.4, 31.2, 28.2, 28.8], ""true_model_value"": 32.015, ""x"": 10}, {""displayed_mean"": 37.0, ""displayed_sem"": 0.7, ""raw_replicate_mean"": 37.8, ""raw_replicate_sem"": 0.685, ""replicates"": [39.2, 36.5, 39.2, 38.2, 35.9], ""true_model_value"": 38.162, ""x"": 20}, {""displayed_mean"": 45.0, ""displayed_sem"": 0.7, ""raw_replicate_mean"": 45.2, ""raw_replicate_sem"": 0.705, ""replicates"": [46.7, 44.1, 43.0, 46.0, 46.2], ""true_model_value"": 42.868, ""x"": 30}, {""displayed_mean"": 50.0, ""displayed_sem"": 1.5, ""raw_replicate_mean"": 49.3, ""raw_replicate_sem"": 1.457, ""replicates"": [49.3, 44.4, 48.3, 52.4, 52.1], ""true_model_value"": 44.967, ""x"": 45}, {""displayed_mean"": 40.0, ""displayed_sem"": 1.3, ""raw_replicate_mean"": 40.12, ""raw_replicate_sem"": 1.349, ""replicates"": [38.1, 41.6, 41.8, 35.9, 43.2], ""true_model_value"": 40.357, ""x"": 60}, {""displayed_mean"": 11.0, ""displayed_sem"": 0.3, ""raw_replicate_mean"": 10.82, ""raw_replicate_sem"": 0.34, ""replicates"": [11.1, 10.8, 10.7, 11.8, 9.7], ""true_model_value"": 11.746, ""x"": 120}], ""replicate_n"": 5}",independently_authored_synthetic_research_seed_unverified,Research seed for hand-drawn graph capture and reviewer evaluation. Do not expose criterion definitions to the person drawing the graph.
HDG-2026-P2-SER-030,v0.2-research-seed,frq,short,canonical_answer,continuous_measured_series_supplied_uncertainty,,HDG-2026-P2-SER-030__response-01.jpg,"Researchers measured enzyme activity at several values of pH. Use the data table to construct a graph with pH on the x-axis and mean relative activity on the y-axis. Plot each mean at its measured x-value, connect adjacent measured values, and include symmetric error bars showing plus or minus one SEM.

Write the item ID HDG-2026-P2-SER-030 at the top of your page.

| pH (pH units) | Mean relative activity (%) | SEM (%) |
| --- | --- | --- |
| 4 | 1.0 | 0.4 |
| 5 | 22.0 | 0.3 |
| 6 | 33.0 | 0.6 |
| 7 | 42.0 | 0.9 |
| 8 | 46.0 | 0.8 |
| 9 | 56.0 | 1.0 |
| 10 | 54.0 | 0.5 |","Expected graph: continuous measured series with connected adjacent points; x-axis pH (pH units); y-axis mean relative activity (%). Required criteria: REPRESENTATION_TYPE, X_UNIT, Y_UNIT, X_SCALE, Y_SCALE, PLOT_VALUES, POINT_CONNECTION, UNCERTAINTY_MARKS.",AP Biology|data analysis|quantitative graphing|response curves,enzyme activity|continuous measured series|SEM error bars,"[{""Mean relative activity (%)"": 1.0, ""SEM (%)"": 0.4, ""pH (pH units)"": 4}, {""Mean relative activity (%)"": 22.0, ""SEM (%)"": 0.3, ""pH (pH units)"": 5}, {""Mean relative activity (%)"": 33.0, ""SEM (%)"": 0.6, ""pH (pH units)"": 6}, {""Mean relative activity (%)"": 42.0, ""SEM (%)"": 0.9, ""pH (pH units)"": 7}, {""Mean relative activity (%)"": 46.0, ""SEM (%)"": 0.8, ""pH (pH units)"": 8}, {""Mean relative activity (%)"": 56.0, ""SEM (%)"": 1.0, ""pH (pH units)"": 9}, {""Mean relative activity (%)"": 54.0, ""SEM (%)"": 0.5, ""pH (pH units)"": 10}]","{""accepted_variants"": [""points connected by line segments""], ""representation"": ""continuous measured series with connected adjacent points"", ""required_uncertainty"": ""symmetric plus/minus one SEM bars"", ""x_axis"": ""pH (pH units)"", ""y_axis"": ""mean relative activity (%)""}","[{""criterion_id"": ""REPRESENTATION_TYPE"", ""met_rule"": ""Uses a continuous x-axis graph with plotted points.""}, {""criterion_id"": ""X_UNIT"", ""met_rule"": ""X-axis includes the required variable and unit.""}, {""criterion_id"": ""Y_UNIT"", ""met_rule"": ""Y-axis includes the required variable and unit.""}, {""criterion_id"": ""X_SCALE"", ""met_rule"": ""Numeric x positions are proportional and interpretable.""}, {""criterion_id"": ""Y_SCALE"", ""met_rule"": ""Y-scale is interpretable and can represent all means and SEM bars.""}, {""criterion_id"": ""PLOT_VALUES"", ""met_rule"": ""All measured means are plotted at recoverable coordinates.""}, {""criterion_id"": ""POINT_CONNECTION"", ""met_rule"": ""Adjacent measured values are connected without replacing points.""}, {""criterion_id"": ""UNCERTAINTY_MARKS"", ""met_rule"": ""Each mean has centered symmetric plus/minus SEM bars.""}]","{""item_seed"": 2029, ""method"": ""seeded_replicate_v2"", ""model"": ""saturating(ymax=54.99,scale=2.12)"", ""points"": [{""displayed_mean"": 1.0, ""displayed_sem"": 0.4, ""raw_replicate_mean"": 0.84, ""raw_replicate_sem"": 0.363, ""replicates"": [0.1, 1.9, 0.2, 1.5, 0.5], ""true_model_value"": 0.0, ""x"": 4}, {""displayed_mean"": 22.0, ""displayed_sem"": 0.3, ""raw_replicate_mean"": 22.12, ""raw_replicate_sem"": 0.32, ""replicates"": [21.2, 21.6, 22.2, 22.8, 22.8], ""true_model_value"": 20.653, ""x"": 5}, {""displayed_mean"": 33.0, ""displayed_sem"": 0.6, ""raw_replicate_mean"": 34.16, ""raw_replicate_sem"": 0.553, ""replicates"": [35.3, 35.7, 33.1, 33.3, 33.4], ""true_model_value"": 33.549, ""x"": 6}, {""displayed_mean"": 42.0, ""displayed_sem"": 0.9, ""raw_replicate_mean"": 42.04, ""raw_replicate_sem"": 0.869, ""replicates"": [41.4, 45.2, 40.4, 40.7, 42.5], ""true_model_value"": 41.602, ""x"": 7}, {""displayed_mean"": 46.0, ""displayed_sem"": 0.8, ""raw_replicate_mean"": 45.46, ""raw_replicate_sem"": 0.813, ""replicates"": [47.1, 42.4, 46.4, 46.0, 45.4], ""true_model_value"": 46.63, ""x"": 8}, {""displayed_mean"": 56.0, ""displayed_sem"": 1.0, ""raw_replicate_mean"": 56.4, ""raw_replicate_sem"": 0.971, ""replicates"": [54.9, 53.7, 57.6, 56.6, 59.2], ""true_model_value"": 49.77, ""x"": 9}, {""displayed_mean"": 54.0, ""displayed_sem"": 0.5, ""raw_replicate_mean"": 53.48, ""raw_replicate_sem"": 0.459, ""replicates"": [52.6, 52.2, 54.4, 53.8, 54.4], ""true_model_value"": 51.731, ""x"": 10}], ""replicate_n"": 5}",independently_authored_synthetic_research_seed_unverified,Research seed for hand-drawn graph capture and reviewer evaluation. Do not expose criterion definitions to the person drawing the graph.
HDG-2026-P2-SER-031,v0.2-research-seed,frq,short,canonical_answer,continuous_measured_series_supplied_uncertainty,,HDG-2026-P2-SER-031__response-01.jpg,"Researchers measured enzyme reaction rate at several values of temperature. Use the data table to construct a graph with temperature on the x-axis and mean reaction rate on the y-axis. Plot each mean at its measured x-value, connect adjacent measured values, and include symmetric error bars showing plus or minus one SEM.

Write the item ID HDG-2026-P2-SER-031 at the top of your page.

| temperature (deg C) | Mean reaction rate (umol/min) | SEM (umol/min) |
| --- | --- | --- |
| 5 | 70.0 | 1.0 |
| 10 | 62.0 | 1.3 |
| 15 | 41.0 | 1.5 |
| 28 | 30.0 | 0.9 |
| 35 | 19.0 | 0.7 |
| 50 | 13.0 | 0.4 |
| 55 | 12.0 | 0.3 |","Expected graph: continuous measured series with connected adjacent points; x-axis temperature (deg C); y-axis mean reaction rate (umol/min). Required criteria: REPRESENTATION_TYPE, X_UNIT, Y_UNIT, X_SCALE, Y_SCALE, PLOT_VALUES, POINT_CONNECTION, UNCERTAINTY_MARKS.",AP Biology|data analysis|quantitative graphing|response curves,enzyme reaction rate|continuous measured series|SEM error bars,"[{""Mean reaction rate (umol/min)"": 70.0, ""SEM (umol/min)"": 1.0, ""temperature (deg C)"": 5}, {""Mean reaction rate (umol/min)"": 62.0, ""SEM (umol/min)"": 1.3, ""temperature (deg C)"": 10}, {""Mean reaction rate (umol/min)"": 41.0, ""SEM (umol/min)"": 1.5, ""temperature (deg C)"": 15}, {""Mean reaction rate (umol/min)"": 30.0, ""SEM (umol/min)"": 0.9, ""temperature (deg C)"": 28}, {""Mean reaction rate (umol/min)"": 19.0, ""SEM (umol/min)"": 0.7, ""temperature (deg C)"": 35}, {""Mean reaction rate (umol/min)"": 13.0, ""SEM (umol/min)"": 0.4, ""temperature (deg C)"": 50}, {""Mean reaction rate (umol/min)"": 12.0, ""SEM (umol/min)"": 0.3, ""temperature (deg C)"": 55}]","{""accepted_variants"": [""points connected by line segments""], ""representation"": ""continuous measured series with connected adjacent points"", ""required_uncertainty"": ""symmetric plus/minus one SEM bars"", ""x_axis"": ""temperature (deg C)"", ""y_axis"": ""mean reaction rate (umol/min)""}","[{""criterion_id"": ""REPRESENTATION_TYPE"", ""met_rule"": ""Uses a continuous x-axis graph with plotted points.""}, {""criterion_id"": ""X_UNIT"", ""met_rule"": ""X-axis includes the required variable and unit.""}, {""criterion_id"": ""Y_UNIT"", ""met_rule"": ""Y-axis includes the required variable and unit.""}, {""criterion_id"": ""X_SCALE"", ""met_rule"": ""Numeric x positions are proportional and interpretable.""}, {""criterion_id"": ""Y_SCALE"", ""met_rule"": ""Y-scale is interpretable and can represent all means and SEM bars.""}, {""criterion_id"": ""PLOT_VALUES"", ""met_rule"": ""All measured means are plotted at recoverable coordinates.""}, {""criterion_id"": ""POINT_CONNECTION"", ""met_rule"": ""Adjacent measured values are connected without replacing points.""}, {""criterion_id"": ""UNCERTAINTY_MARKS"", ""met_rule"": ""Each mean has centered symmetric plus/minus SEM bars.""}]","{""item_seed"": 2030, ""method"": ""seeded_replicate_v2"", ""model"": ""decay(start=70.27,scale=19.59,floor=8.24)"", ""points"": [{""displayed_mean"": 70.0, ""displayed_sem"": 1.0, ""raw_replicate_mean"": 73.48, ""raw_replicate_sem"": 1.03, ""replicates"": [75.6, 76.0, 72.4, 70.5, 72.9], ""true_model_value"": 70.273, ""x"": 5}, {""displayed_mean"": 62.0, ""displayed_sem"": 1.3, ""raw_replicate_mean"": 62.88, ""raw_replicate_sem"": 1.321, ""replicates"": [67.1, 59.5, 60.7, 63.6, 63.5], ""true_model_value"": 56.297, ""x"": 10}, {""displayed_mean"": 41.0, ""displayed_sem"": 1.5, ""raw_replicate_mean"": 40.74, ""raw_replicate_sem"": 1.53, ""replicates"": [44.7, 42.5, 42.2, 36.9, 37.4], ""true_model_value"": 45.47, ""x"": 15}, {""displayed_mean"": 30.0, ""displayed_sem"": 0.9, ""raw_replicate_mean"": 30.0, ""raw_replicate_sem"": 0.877, ""replicates"": [29.2, 29.3, 27.5, 32.0, 32.0], ""true_model_value"": 27.411, ""x"": 28}, {""displayed_mean"": 19.0, ""displayed_sem"": 0.7, ""raw_replicate_mean"": 19.0, ""raw_replicate_sem"": 0.664, ""replicates"": [20.2, 16.6, 20.2, 18.7, 19.3], ""true_model_value"": 21.65, ""x"": 35}, {""displayed_mean"": 13.0, ""displayed_sem"": 0.4, ""raw_replicate_mean"": 13.44, ""raw_replicate_sem"": 0.357, ""replicates"": [13.5, 12.1, 14.0, 13.5, 14.1], ""true_model_value"": 14.474, ""x"": 50}, {""displayed_mean"": 12.0, ""displayed_sem"": 0.3, ""raw_replicate_mean"": 11.58, ""raw_replicate_sem"": 0.177, ""replicates"": [11.8, 11.7, 11.6, 11.9, 10.9], ""true_model_value"": 13.069, ""x"": 55}], ""replicate_n"": 5}",independently_authored_synthetic_research_seed_unverified,Research seed for hand-drawn graph capture and reviewer evaluation. Do not expose criterion definitions to the person drawing the graph.
HDG-2026-P2-SER-032,v0.2-research-seed,frq,short,canonical_answer,continuous_measured_series_supplied_uncertainty,,HDG-2026-P2-SER-032__response-01.jpg,"Researchers measured photosynthetic oxygen release at several values of light intensity. Use the data table to construct a graph with light intensity on the x-axis and mean oxygen release on the y-axis. Plot each mean at its measured x-value, connect adjacent measured values, and include symmetric error bars showing plus or minus one SEM.

Write the item ID HDG-2026-P2-SER-032 at the top of your page.

| light intensity (umol photons/m^2/s) | Mean oxygen release (umol O2/min) | SEM (umol O2/min) |
| --- | --- | --- |
| 0 | 17.0 | 0.5 |
| 100 | 21.0 | 0.5 |
| 350 | 28.0 | 0.7 |
| 500 | 30.0 | 0.6 |
| 700 | 35.0 | 0.9 |
| 1100 | 41.0 | 1.5 |
| 1400 | 53.0 | 1.1 |","Expected graph: continuous measured series with connected adjacent points; x-axis light intensity (umol photons/m^2/s); y-axis mean oxygen release (umol O2/min). Required criteria: REPRESENTATION_TYPE, X_UNIT, Y_UNIT, X_SCALE, Y_SCALE, PLOT_VALUES, POINT_CONNECTION, UNCERTAINTY_MARKS.",AP Biology|data analysis|quantitative graphing|response curves,photosynthetic oxygen release|continuous measured series|SEM error bars,"[{""Mean oxygen release (umol O2/min)"": 17.0, ""SEM (umol O2/min)"": 0.5, ""light intensity (umol photons/m^2/s)"": 0}, {""Mean oxygen release (umol O2/min)"": 21.0, ""SEM (umol O2/min)"": 0.5, ""light intensity (umol photons/m^2/s)"": 100}, {""Mean oxygen release (umol O2/min)"": 28.0, ""SEM (umol O2/min)"": 0.7, ""light intensity (umol photons/m^2/s)"": 350}, {""Mean oxygen release (umol O2/min)"": 30.0, ""SEM (umol O2/min)"": 0.6, ""light intensity (umol photons/m^2/s)"": 500}, {""Mean oxygen release (umol O2/min)"": 35.0, ""SEM (umol O2/min)"": 0.9, ""light intensity (umol photons/m^2/s)"": 700}, {""Mean oxygen release (umol O2/min)"": 41.0, ""SEM (umol O2/min)"": 1.5, ""light intensity (umol photons/m^2/s)"": 1100}, {""Mean oxygen release (umol O2/min)"": 53.0, ""SEM (umol O2/min)"": 1.1, ""light intensity (umol photons/m^2/s)"": 1400}]","{""accepted_variants"": [""points connected by line segments""], ""representation"": ""continuous measured series with connected adjacent points"", ""required_uncertainty"": ""symmetric plus/minus one SEM bars"", ""x_axis"": ""light intensity (umol photons/m^2/s)"", ""y_axis"": ""mean oxygen release (umol O2/min)""}","[{""criterion_id"": ""REPRESENTATION_TYPE"", ""met_rule"": ""Uses a continuous x-axis graph with plotted points.""}, {""criterion_id"": ""X_UNIT"", ""met_rule"": ""X-axis includes the required variable and unit.""}, {""criterion_id"": ""Y_UNIT"", ""met_rule"": ""Y-axis includes the required variable and unit.""}, {""criterion_id"": ""X_SCALE"", ""met_rule"": ""Numeric x positions are proportional and interpretable.""}, {""criterion_id"": ""Y_SCALE"", ""met_rule"": ""Y-scale is interpretable and can represent all means and SEM bars.""}, {""criterion_id"": ""PLOT_VALUES"", ""met_rule"": ""All measured means are plotted at recoverable coordinates.""}, {""criterion_id"": ""POINT_CONNECTION"", ""met_rule"": ""Adjacent measured values are connected without replacing points.""}, {""criterion_id"": ""UNCERTAINTY_MARKS"", ""met_rule"": ""Each mean has centered symmetric plus/minus SEM bars.""}]","{""item_seed"": 2031, ""method"": ""seeded_replicate_v2"", ""model"": ""linear(intercept=18.59,top=51.35)"", ""points"": [{""displayed_mean"": 17.0, ""displayed_sem"": 0.5, ""raw_replicate_mean"": 16.62, ""raw_replicate_sem"": 0.525, ""replicates"": [16.2, 18.0, 14.9, 16.7, 17.3], ""true_model_value"": 18.59, ""x"": 0}, {""displayed_mean"": 21.0, ""displayed_sem"": 0.5, ""raw_replicate_mean"": 20.8, ""raw_replicate_sem"": 0.451, ""replicates"": [20.1, 20.0, 22.5, 20.6, 20.8], ""true_model_value"": 20.93, ""x"": 100}, {""displayed_mean"": 28.0, ""displayed_sem"": 0.7, ""raw_replicate_mean"": 26.92, ""raw_replicate_sem"": 0.694, ""replicates"": [26.3, 28.8, 28.3, 25.2, 26.0], ""true_model_value"": 26.78, ""x"": 350}, {""displayed_mean"": 30.0, ""displayed_sem"": 0.6, ""raw_replicate_mean"": 30.08, ""raw_replicate_sem"": 0.612, ""replicates"": [28.7, 29.9, 32.3, 30.2, 29.3], ""true_model_value"": 30.289, ""x"": 500}, {""displayed_mean"": 35.0, ""displayed_sem"": 0.9, ""raw_replicate_mean"": 35.78, ""raw_replicate_sem"": 0.882, ""replicates"": [36.0, 33.6, 37.1, 38.2, 34.0], ""true_model_value"": 34.969, ""x"": 700}, {""displayed_mean"": 41.0, ""displayed_sem"": 1.5, ""raw_replicate_mean"": 38.76, ""raw_replicate_sem"": 1.483, ""replicates"": [35.5, 38.8, 37.6, 37.6, 44.3], ""true_model_value"": 44.328, ""x"": 1100}, {""displayed_mean"": 53.0, ""displayed_sem"": 1.1, ""raw_replicate_mean"": 52.62, ""raw_replicate_sem"": 1.084, ""replicates"": [53.4, 48.7, 54.3, 54.7, 52.0], ""true_model_value"": 51.348, ""x"": 1400}], ""replicate_n"": 5}",independently_authored_synthetic_research_seed_unverified,Research seed for hand-drawn graph capture and reviewer evaluation. Do not expose criterion definitions to the person drawing the graph.
HDG-2026-P2-SER-033,v0.2-research-seed,frq,short,canonical_answer,continuous_measured_series_supplied_uncertainty,,HDG-2026-P2-SER-033__response-01.jpg,"Researchers measured pigment absorbance at several values of wavelength. Use the data table to construct a graph with wavelength on the x-axis and mean absorbance on the y-axis. Plot each mean at its measured x-value, connect adjacent measured values, and include symmetric error bars showing plus or minus one SEM.

Write the item ID HDG-2026-P2-SER-033 at the top of your page.

| wavelength (nm) | Mean absorbance (a.u.) | SEM (a.u.) |
| --- | --- | --- |
| 400 | 30.0 | 0.6 |
| 430 | 42.0 | 1.1 |
| 490 | 53.0 | 1.4 |
| 520 | 55.0 | 0.5 |
| 550 | 52.0 | 0.9 |
| 580 | 45.0 | 1.3 |
| 660 | 20.0 | 0.6 |","Expected graph: continuous measured series with connected adjacent points; x-axis wavelength (nm); y-axis mean absorbance (a.u.). Required criteria: REPRESENTATION_TYPE, X_UNIT, Y_UNIT, X_SCALE, Y_SCALE, PLOT_VALUES, POINT_CONNECTION, UNCERTAINTY_MARKS.",AP Biology|data analysis|quantitative graphing|response curves,pigment absorbance|continuous measured series|SEM error bars,"[{""Mean absorbance (a.u.)"": 30.0, ""SEM (a.u.)"": 0.6, ""wavelength (nm)"": 400}, {""Mean absorbance (a.u.)"": 42.0, ""SEM (a.u.)"": 1.1, ""wavelength (nm)"": 430}, {""Mean absorbance (a.u.)"": 53.0, ""SEM (a.u.)"": 1.4, ""wavelength (nm)"": 490}, {""Mean absorbance (a.u.)"": 55.0, ""SEM (a.u.)"": 0.5, ""wavelength (nm)"": 520}, {""Mean absorbance (a.u.)"": 52.0, ""SEM (a.u.)"": 0.9, ""wavelength (nm)"": 550}, {""Mean absorbance (a.u.)"": 45.0, ""SEM (a.u.)"": 1.3, ""wavelength (nm)"": 580}, {""Mean absorbance (a.u.)"": 20.0, ""SEM (a.u.)"": 0.6, ""wavelength (nm)"": 660}]","{""accepted_variants"": [""points connected by line segments""], ""representation"": ""continuous measured series with connected adjacent points"", ""required_uncertainty"": ""symmetric plus/minus one SEM bars"", ""x_axis"": ""wavelength (nm)"", ""y_axis"": ""mean absorbance (a.u.)""}","[{""criterion_id"": ""REPRESENTATION_TYPE"", ""met_rule"": ""Uses a continuous x-axis graph with plotted points.""}, {""criterion_id"": ""X_UNIT"", ""met_rule"": ""X-axis includes the required variable and unit.""}, {""criterion_id"": ""Y_UNIT"", ""met_rule"": ""Y-axis includes the required variable and unit.""}, {""criterion_id"": ""X_SCALE"", ""met_rule"": ""Numeric x positions are proportional and interpretable.""}, {""criterion_id"": ""Y_SCALE"", ""met_rule"": ""Y-scale is interpretable and can represent all means and SEM bars.""}, {""criterion_id"": ""PLOT_VALUES"", ""met_rule"": ""All measured means are plotted at recoverable coordinates.""}, {""criterion_id"": ""POINT_CONNECTION"", ""met_rule"": ""Adjacent measured values are connected without replacing points.""}, {""criterion_id"": ""UNCERTAINTY_MARKS"", ""met_rule"": ""Each mean has centered symmetric plus/minus SEM bars.""}]","{""item_seed"": 2032, ""method"": ""seeded_replicate_v2"", ""model"": ""peak(center=515.62,spread=93.91,amp=49.15,base=6.46)"", ""points"": [{""displayed_mean"": 30.0, ""displayed_sem"": 0.6, ""raw_replicate_mean"": 30.84, ""raw_replicate_sem"": 0.645, ""replicates"": [29.9, 31.1, 33.0, 29.2, 31.0], ""true_model_value"": 29.498, ""x"": 400}, {""displayed_mean"": 42.0, ""displayed_sem"": 1.1, ""raw_replicate_mean"": 41.04, ""raw_replicate_sem"": 1.078, ""replicates"": [41.9, 39.8, 44.1, 37.7, 41.7], ""true_model_value"": 38.9, ""x"": 430}, {""displayed_mean"": 53.0, ""displayed_sem"": 1.4, ""raw_replicate_mean"": 51.62, ""raw_replicate_sem"": 1.431, ""replicates"": [48.4, 49.4, 56.1, 50.5, 53.7], ""true_model_value"": 53.821, ""x"": 490}, {""displayed_mean"": 55.0, ""displayed_sem"": 0.5, ""raw_replicate_mean"": 53.68, ""raw_replicate_sem"": 0.535, ""replicates"": [52.9, 55.5, 52.7, 54.3, 53.0], ""true_model_value"": 55.563, ""x"": 520}, {""displayed_mean"": 52.0, ""displayed_sem"": 0.9, ""raw_replicate_mean"": 51.34, ""raw_replicate_sem"": 0.891, ""replicates"": [51.8, 53.7, 50.8, 48.3, 52.1], ""true_model_value"": 52.429, ""x"": 550}, {""displayed_mean"": 45.0, ""displayed_sem"": 1.3, ""raw_replicate_mean"": 45.48, ""raw_replicate_sem"": 1.27, ""replicates"": [45.3, 49.4, 44.6, 41.6, 46.5], ""true_model_value"": 45.32, ""x"": 580}, {""displayed_mean"": 20.0, ""displayed_sem"": 0.6, ""raw_replicate_mean"": 20.08, ""raw_replicate_sem"": 0.589, ""replicates"": [19.4, 20.1, 22.3, 18.9, 19.7], ""true_model_value"": 21.536, ""x"": 660}], ""replicate_n"": 5}",independently_authored_synthetic_research_seed_unverified,Research seed for hand-drawn graph capture and reviewer evaluation. Do not expose criterion definitions to the person drawing the graph.
HDG-2026-P2-SER-034,v0.2-research-seed,frq,short,canonical_answer,continuous_measured_series_supplied_uncertainty,,HDG-2026-P2-SER-034__response-01.jpg,"Researchers measured seedling growth at several values of days after planting. Use the data table to construct a graph with days after planting on the x-axis and mean height on the y-axis. Plot each mean at its measured x-value, connect adjacent measured values, and include symmetric error bars showing plus or minus one SEM.

Write the item ID HDG-2026-P2-SER-034 at the top of your page.

| days after planting (days) | Mean height (cm) | SEM (cm) |
| --- | --- | --- |
| 0 | 1.0 | 0.3 |
| 3 | 22.0 | 0.5 |
| 5 | 27.0 | 0.4 |
| 7 | 34.0 | 0.5 |
| 9 | 33.0 | 0.6 |
| 11 | 41.0 | 0.8 |
| 12 | 42.0 | 0.3 |","Expected graph: continuous measured series with connected adjacent points; x-axis days after planting (days); y-axis mean height (cm). Required criteria: REPRESENTATION_TYPE, X_UNIT, Y_UNIT, X_SCALE, Y_SCALE, PLOT_VALUES, POINT_CONNECTION, UNCERTAINTY_MARKS.",AP Biology|data analysis|quantitative graphing|response curves,seedling growth|continuous measured series|SEM error bars,"[{""Mean height (cm)"": 1.0, ""SEM (cm)"": 0.3, ""days after planting (days)"": 0}, {""Mean height (cm)"": 22.0, ""SEM (cm)"": 0.5, ""days after planting (days)"": 3}, {""Mean height (cm)"": 27.0, ""SEM (cm)"": 0.4, ""days after planting (days)"": 5}, {""Mean height (cm)"": 34.0, ""SEM (cm)"": 0.5, ""days after planting (days)"": 7}, {""Mean height (cm)"": 33.0, ""SEM (cm)"": 0.6, ""days after planting (days)"": 9}, {""Mean height (cm)"": 41.0, ""SEM (cm)"": 0.8, ""days after planting (days)"": 11}, {""Mean height (cm)"": 42.0, ""SEM (cm)"": 0.3, ""days after planting (days)"": 12}]","{""accepted_variants"": [""points connected by line segments""], ""representation"": ""continuous measured series with connected adjacent points"", ""required_uncertainty"": ""symmetric plus/minus one SEM bars"", ""x_axis"": ""days after planting (days)"", ""y_axis"": ""mean height (cm)""}","[{""criterion_id"": ""REPRESENTATION_TYPE"", ""met_rule"": ""Uses a continuous x-axis graph with plotted points.""}, {""criterion_id"": ""X_UNIT"", ""met_rule"": ""X-axis includes the required variable and unit.""}, {""criterion_id"": ""Y_UNIT"", ""met_rule"": ""Y-axis includes the required variable and unit.""}, {""criterion_id"": ""X_SCALE"", ""met_rule"": ""Numeric x positions are proportional and interpretable.""}, {""criterion_id"": ""Y_SCALE"", ""met_rule"": ""Y-scale is interpretable and can represent all means and SEM bars.""}, {""criterion_id"": ""PLOT_VALUES"", ""met_rule"": ""All measured means are plotted at recoverable coordinates.""}, {""criterion_id"": ""POINT_CONNECTION"", ""met_rule"": ""Adjacent measured values are connected without replacing points.""}, {""criterion_id"": ""UNCERTAINTY_MARKS"", ""met_rule"": ""Each mean has centered symmetric plus/minus SEM bars.""}]","{""item_seed"": 2033, ""method"": ""seeded_replicate_v2"", ""model"": ""saturating(ymax=41.81,scale=4.04)"", ""points"": [{""displayed_mean"": 1.0, ""displayed_sem"": 0.3, ""raw_replicate_mean"": 1.26, ""raw_replicate_sem"": 0.081, ""replicates"": [1.2, 1.1, 1.5, 1.1, 1.4], ""true_model_value"": 0.0, ""x"": 0}, {""displayed_mean"": 22.0, ""displayed_sem"": 0.5, ""raw_replicate_mean"": 22.22, ""raw_replicate_sem"": 0.462, ""replicates"": [23.0, 20.9, 21.9, 23.5, 21.8], ""true_model_value"": 21.899, ""x"": 3}, {""displayed_mean"": 27.0, ""displayed_sem"": 0.4, ""raw_replicate_mean"": 27.24, ""raw_replicate_sem"": 0.378, ""replicates"": [26.4, 28.2, 26.8, 26.7, 28.1], ""true_model_value"": 29.668, ""x"": 5}, {""displayed_mean"": 34.0, ""displayed_sem"": 0.5, ""raw_replicate_mean"": 34.04, ""raw_replicate_sem"": 0.486, ""replicates"": [34.9, 35.2, 34.2, 32.6, 33.3], ""true_model_value"": 34.407, ""x"": 7}, {""displayed_mean"": 33.0, ""displayed_sem"": 0.6, ""raw_replicate_mean"": 34.36, ""raw_replicate_sem"": 0.594, ""replicates"": [34.3, 34.7, 36.4, 33.0, 33.4], ""true_model_value"": 37.297, ""x"": 9}, {""displayed_mean"": 41.0, ""displayed_sem"": 0.8, ""raw_replicate_mean"": 40.86, ""raw_replicate_sem"": 0.751, ""replicates"": [43.1, 40.4, 38.9, 39.9, 42.0], ""true_model_value"": 39.059, ""x"": 11}, {""displayed_mean"": 42.0, ""displayed_sem"": 0.3, ""raw_replicate_mean"": 41.58, ""raw_replicate_sem"": 0.34, ""replicates"": [41.9, 41.6, 42.3, 41.8, 40.3], ""true_model_value"": 39.663, ""x"": 12}], ""replicate_n"": 5}",independently_authored_synthetic_research_seed_unverified,Research seed for hand-drawn graph capture and reviewer evaluation. Do not expose criterion definitions to the person drawing the graph.
HDG-2026-P2-SER-035,v0.2-research-seed,frq,short,canonical_answer,continuous_measured_series_supplied_uncertainty,,HDG-2026-P2-SER-035__response-01.jpg,"Researchers measured heart cell contraction at several values of calcium concentration. Use the data table to construct a graph with calcium concentration on the x-axis and mean contractions per min on the y-axis. Plot each mean at its measured x-value, connect adjacent measured values, and include symmetric error bars showing plus or minus one SEM.

Write the item ID HDG-2026-P2-SER-035 at the top of your page.

| calcium concentration (mM) | Mean contractions per min (beats/min) | SEM (beats/min) |
| --- | --- | --- |
| 0.2 | 59.0 | 0.8 |
| 0.5 | 53.0 | 0.9 |
| 2 | 37.0 | 0.4 |
| 3 | 28.0 | 0.5 |
| 5 | 18.0 | 0.5 |
| 6 | 14.0 | 0.3 |
| 8 | 11.0 | 0.4 |","Expected graph: continuous measured series with connected adjacent points; x-axis calcium concentration (mM); y-axis mean contractions per min (beats/min). Required criteria: REPRESENTATION_TYPE, X_UNIT, Y_UNIT, X_SCALE, Y_SCALE, PLOT_VALUES, POINT_CONNECTION, UNCERTAINTY_MARKS.",AP Biology|data analysis|quantitative graphing|response curves,heart cell contraction|continuous measured series|SEM error bars,"[{""Mean contractions per min (beats/min)"": 59.0, ""SEM (beats/min)"": 0.8, ""calcium concentration (mM)"": 0.2}, {""Mean contractions per min (beats/min)"": 53.0, ""SEM (beats/min)"": 0.9, ""calcium concentration (mM)"": 0.5}, {""Mean contractions per min (beats/min)"": 37.0, ""SEM (beats/min)"": 0.4, ""calcium concentration (mM)"": 2}, {""Mean contractions per min (beats/min)"": 28.0, ""SEM (beats/min)"": 0.5, ""calcium concentration (mM)"": 3}, {""Mean contractions per min (beats/min)"": 18.0, ""SEM (beats/min)"": 0.5, ""calcium concentration (mM)"": 5}, {""Mean contractions per min (beats/min)"": 14.0, ""SEM (beats/min)"": 0.3, ""calcium concentration (mM)"": 6}, {""Mean contractions per min (beats/min)"": 11.0, ""SEM (beats/min)"": 0.4, ""calcium concentration (mM)"": 8}]","{""accepted_variants"": [""points connected by line segments""], ""representation"": ""continuous measured series with connected adjacent points"", ""required_uncertainty"": ""symmetric plus/minus one SEM bars"", ""x_axis"": ""calcium concentration (mM)"", ""y_axis"": ""mean contractions per min (beats/min)""}","[{""criterion_id"": ""REPRESENTATION_TYPE"", ""met_rule"": ""Uses a continuous x-axis graph with plotted points.""}, {""criterion_id"": ""X_UNIT"", ""met_rule"": ""X-axis includes the required variable and unit.""}, {""criterion_id"": ""Y_UNIT"", ""met_rule"": ""Y-axis includes the required variable and unit.""}, {""criterion_id"": ""X_SCALE"", ""met_rule"": ""Numeric x positions are proportional and interpretable.""}, {""criterion_id"": ""Y_SCALE"", ""met_rule"": ""Y-scale is interpretable and can represent all means and SEM bars.""}, {""criterion_id"": ""PLOT_VALUES"", ""met_rule"": ""All measured means are plotted at recoverable coordinates.""}, {""criterion_id"": ""POINT_CONNECTION"", ""met_rule"": ""Adjacent measured values are connected without replacing points.""}, {""criterion_id"": ""UNCERTAINTY_MARKS"", ""met_rule"": ""Each mean has centered symmetric plus/minus SEM bars.""}]","{""item_seed"": 2034, ""method"": ""seeded_replicate_v2"", ""model"": ""decay(start=60.36,scale=2.99,floor=7.02)"", ""points"": [{""displayed_mean"": 59.0, ""displayed_sem"": 0.8, ""raw_replicate_mean"": 59.18, ""raw_replicate_sem"": 0.83, ""replicates"": [59.5, 56.3, 58.9, 61.4, 59.8], ""true_model_value"": 60.364, ""x"": 0.2}, {""displayed_mean"": 53.0, ""displayed_sem"": 0.9, ""raw_replicate_mean"": 53.9, ""raw_replicate_sem"": 0.938, ""replicates"": [50.9, 56.7, 53.9, 54.6, 53.4], ""true_model_value"": 55.263, ""x"": 0.5}, {""displayed_mean"": 37.0, ""displayed_sem"": 0.4, ""raw_replicate_mean"": 35.38, ""raw_replicate_sem"": 0.415, ""replicates"": [35.0, 34.5, 36.8, 35.8, 34.8], ""true_model_value"": 36.207, ""x"": 2}, {""displayed_mean"": 28.0, ""displayed_sem"": 0.5, ""raw_replicate_mean"": 27.44, ""raw_replicate_sem"": 0.537, ""replicates"": [26.7, 28.7, 26.6, 26.4, 28.8], ""true_model_value"": 27.898, ""x"": 3}, {""displayed_mean"": 18.0, ""displayed_sem"": 0.5, ""raw_replicate_mean"": 17.68, ""raw_replicate_sem"": 0.455, ""replicates"": [18.2, 17.7, 18.7, 16.0, 17.8], ""true_model_value"": 17.701, ""x"": 5}, {""displayed_mean"": 14.0, ""displayed_sem"": 0.3, ""raw_replicate_mean"": 14.12, ""raw_replicate_sem"": 0.306, ""replicates"": [14.7, 14.4, 13.6, 13.2, 14.7], ""true_model_value"": 14.66, ""x"": 6}, {""displayed_mean"": 11.0, ""displayed_sem"": 0.4, ""raw_replicate_mean"": 10.94, ""raw_replicate_sem"": 0.439, ""replicates"": [12.1, 11.0, 10.6, 9.5, 11.5], ""true_model_value"": 10.927, ""x"": 8}], ""replicate_n"": 5}",independently_authored_synthetic_research_seed_unverified,Research seed for hand-drawn graph capture and reviewer evaluation. Do not expose criterion definitions to the person drawing the graph.
HDG-2026-P2-SER-036,v0.2-research-seed,frq,short,canonical_answer,continuous_measured_series_supplied_uncertainty,,HDG-2026-P2-SER-036__response-01.jpg,"Researchers measured fermentation rate at several values of incubation time. Use the data table to construct a graph with incubation time on the x-axis and mean CO2 production rate on the y-axis. Plot each mean at its measured x-value, connect adjacent measured values, and include symmetric error bars showing plus or minus one SEM.

Write the item ID HDG-2026-P2-SER-036 at the top of your page.

| incubation time (min) | Mean CO2 production rate (mL/min) | SEM (mL/min) |
| --- | --- | --- |
| 0 | 19.0 | 0.3 |
| 2 | 19.0 | 0.3 |
| 5 | 26.0 | 0.7 |
| 12 | 34.0 | 0.4 |
| 20 | 36.0 | 1.0 |
| 30 | 46.0 | 1.1 |
| 40 | 63.0 | 0.6 |","Expected graph: continuous measured series with connected adjacent points; x-axis incubation time (min); y-axis mean CO2 production rate (mL/min). Required criteria: REPRESENTATION_TYPE, X_UNIT, Y_UNIT, X_SCALE, Y_SCALE, PLOT_VALUES, POINT_CONNECTION, UNCERTAINTY_MARKS.",AP Biology|data analysis|quantitative graphing|response curves,fermentation rate|continuous measured series|SEM error bars,"[{""Mean CO2 production rate (mL/min)"": 19.0, ""SEM (mL/min)"": 0.3, ""incubation time (min)"": 0}, {""Mean CO2 production rate (mL/min)"": 19.0, ""SEM (mL/min)"": 0.3, ""incubation time (min)"": 2}, {""Mean CO2 production rate (mL/min)"": 26.0, ""SEM (mL/min)"": 0.7, ""incubation time (min)"": 5}, {""Mean CO2 production rate (mL/min)"": 34.0, ""SEM (mL/min)"": 0.4, ""incubation time (min)"": 12}, {""Mean CO2 production rate (mL/min)"": 36.0, ""SEM (mL/min)"": 1.0, ""incubation time (min)"": 20}, {""Mean CO2 production rate (mL/min)"": 46.0, ""SEM (mL/min)"": 1.1, ""incubation time (min)"": 30}, {""Mean CO2 production rate (mL/min)"": 63.0, ""SEM (mL/min)"": 0.6, ""incubation time (min)"": 40}]","{""accepted_variants"": [""points connected by line segments""], ""representation"": ""continuous measured series with connected adjacent points"", ""required_uncertainty"": ""symmetric plus/minus one SEM bars"", ""x_axis"": ""incubation time (min)"", ""y_axis"": ""mean CO2 production rate (mL/min)""}","[{""criterion_id"": ""REPRESENTATION_TYPE"", ""met_rule"": ""Uses a continuous x-axis graph with plotted points.""}, {""criterion_id"": ""X_UNIT"", ""met_rule"": ""X-axis includes the required variable and unit.""}, {""criterion_id"": ""Y_UNIT"", ""met_rule"": ""Y-axis includes the required variable and unit.""}, {""criterion_id"": ""X_SCALE"", ""met_rule"": ""Numeric x positions are proportional and interpretable.""}, {""criterion_id"": ""Y_SCALE"", ""met_rule"": ""Y-scale is interpretable and can represent all means and SEM bars.""}, {""criterion_id"": ""PLOT_VALUES"", ""met_rule"": ""All measured means are plotted at recoverable coordinates.""}, {""criterion_id"": ""POINT_CONNECTION"", ""met_rule"": ""Adjacent measured values are connected without replacing points.""}, {""criterion_id"": ""UNCERTAINTY_MARKS"", ""met_rule"": ""Each mean has centered symmetric plus/minus SEM bars.""}]","{""item_seed"": 2035, ""method"": ""seeded_replicate_v2"", ""model"": ""linear(intercept=19.27,top=59.27)"", ""points"": [{""displayed_mean"": 19.0, ""displayed_sem"": 0.3, ""raw_replicate_mean"": 18.7, ""raw_replicate_sem"": 0.349, ""replicates"": [18.8, 19.8, 17.6, 18.6, 18.7], ""true_model_value"": 19.272, ""x"": 0}, {""displayed_mean"": 19.0, ""displayed_sem"": 0.3, ""raw_replicate_mean"": 18.74, ""raw_replicate_sem"": 0.206, ""replicates"": [19.2, 19.1, 18.3, 18.9, 18.2], ""true_model_value"": 21.271, ""x"": 2}, {""displayed_mean"": 26.0, ""displayed_sem"": 0.7, ""raw_replicate_mean"": 25.9, ""raw_replicate_sem"": 0.663, ""replicates"": [25.2, 26.0, 28.4, 24.6, 25.3], ""true_model_value"": 24.271, ""x"": 5}, {""displayed_mean"": 34.0, ""displayed_sem"": 0.4, ""raw_replicate_mean"": 33.46, ""raw_replicate_sem"": 0.404, ""replicates"": [32.8, 33.4, 33.3, 35.0, 32.8], ""true_model_value"": 31.271, ""x"": 12}, {""displayed_mean"": 36.0, ""displayed_sem"": 1.0, ""raw_replicate_mean"": 35.56, ""raw_replicate_sem"": 0.955, ""replicates"": [36.2, 36.3, 31.9, 37.5, 35.9], ""true_model_value"": 39.27, ""x"": 20}, {""displayed_mean"": 46.0, ""displayed_sem"": 1.1, ""raw_replicate_mean"": 47.0, ""raw_replicate_sem"": 1.146, ""replicates"": [47.7, 47.4, 49.6, 47.6, 42.7], ""true_model_value"": 49.269, ""x"": 30}, {""displayed_mean"": 63.0, ""displayed_sem"": 0.6, ""raw_replicate_mean"": 64.18, ""raw_replicate_sem"": 0.599, ""replicates"": [62.7, 65.5, 65.7, 63.6, 63.4], ""true_model_value"": 59.268, ""x"": 40}], ""replicate_n"": 5}",independently_authored_synthetic_research_seed_unverified,Research seed for hand-drawn graph capture and reviewer evaluation. Do not expose criterion definitions to the person drawing the graph.
HDG-2026-P2-SER-037,v0.2-research-seed,frq,short,canonical_answer,continuous_measured_series_supplied_uncertainty,,HDG-2026-P2-SER-037__response-01.jpg,"Researchers measured aquatic plant growth at several values of nitrate concentration. Use the data table to construct a graph with nitrate concentration on the x-axis and mean growth rate on the y-axis. Plot each mean at its measured x-value, connect adjacent measured values, and include symmetric error bars showing plus or minus one SEM.

Write the item ID HDG-2026-P2-SER-037 at the top of your page.

| nitrate concentration (mg/L) | Mean growth rate (mg/day) | SEM (mg/day) |
| --- | --- | --- |
| 0 | 10.0 | 0.3 |
| 5 | 11.0 | 0.3 |
| 10 | 13.0 | 0.6 |
| 25 | 23.0 | 0.5 |
| 40 | 34.0 | 0.7 |
| 60 | 41.0 | 0.8 |
| 100 | 16.0 | 0.4 |","Expected graph: continuous measured series with connected adjacent points; x-axis nitrate concentration (mg/L); y-axis mean growth rate (mg/day). Required criteria: REPRESENTATION_TYPE, X_UNIT, Y_UNIT, X_SCALE, Y_SCALE, PLOT_VALUES, POINT_CONNECTION, UNCERTAINTY_MARKS.",AP Biology|data analysis|quantitative graphing|response curves,aquatic plant growth|continuous measured series|SEM error bars,"[{""Mean growth rate (mg/day)"": 10.0, ""SEM (mg/day)"": 0.3, ""nitrate concentration (mg/L)"": 0}, {""Mean growth rate (mg/day)"": 11.0, ""SEM (mg/day)"": 0.3, ""nitrate concentration (mg/L)"": 5}, {""Mean growth rate (mg/day)"": 13.0, ""SEM (mg/day)"": 0.6, ""nitrate concentration (mg/L)"": 10}, {""Mean growth rate (mg/day)"": 23.0, ""SEM (mg/day)"": 0.5, ""nitrate concentration (mg/L)"": 25}, {""Mean growth rate (mg/day)"": 34.0, ""SEM (mg/day)"": 0.7, ""nitrate concentration (mg/L)"": 40}, {""Mean growth rate (mg/day)"": 41.0, ""SEM (mg/day)"": 0.8, ""nitrate concentration (mg/L)"": 60}, {""Mean growth rate (mg/day)"": 16.0, ""SEM (mg/day)"": 0.4, ""nitrate concentration (mg/L)"": 100}]","{""accepted_variants"": [""points connected by line segments""], ""representation"": ""continuous measured series with connected adjacent points"", ""required_uncertainty"": ""symmetric plus/minus one SEM bars"", ""x_axis"": ""nitrate concentration (mg/L)"", ""y_axis"": ""mean growth rate (mg/day)""}","[{""criterion_id"": ""REPRESENTATION_TYPE"", ""met_rule"": ""Uses a continuous x-axis graph with plotted points.""}, {""criterion_id"": ""X_UNIT"", ""met_rule"": ""X-axis includes the required variable and unit.""}, {""criterion_id"": ""Y_UNIT"", ""met_rule"": ""Y-axis includes the required variable and unit.""}, {""criterion_id"": ""X_SCALE"", ""met_rule"": ""Numeric x positions are proportional and interpretable.""}, {""criterion_id"": ""Y_SCALE"", ""met_rule"": ""Y-scale is interpretable and can represent all means and SEM bars.""}, {""criterion_id"": ""PLOT_VALUES"", ""met_rule"": ""All measured means are plotted at recoverable coordinates.""}, {""criterion_id"": ""POINT_CONNECTION"", ""met_rule"": ""Adjacent measured values are connected without replacing points.""}, {""criterion_id"": ""UNCERTAINTY_MARKS"", ""met_rule"": ""Each mean has centered symmetric plus/minus SEM bars.""}]","{""item_seed"": 2036, ""method"": ""seeded_replicate_v2"", ""model"": ""peak(center=57.37,spread=27.88,amp=35.03,base=5.59)"", ""points"": [{""displayed_mean"": 10.0, ""displayed_sem"": 0.3, ""raw_replicate_mean"": 9.8, ""raw_replicate_sem"": 0.224, ""replicates"": [9.5, 9.9, 10.3, 10.2, 9.1], ""true_model_value"": 9.804, ""x"": 0}, {""displayed_mean"": 11.0, ""displayed_sem"": 0.3, ""raw_replicate_mean"": 10.88, ""raw_replicate_sem"": 0.287, ""replicates"": [11.1, 9.8, 11.5, 11.1, 10.9], ""true_model_value"": 11.587, ""x"": 5}, {""displayed_mean"": 13.0, ""displayed_sem"": 0.6, ""raw_replicate_mean"": 12.94, ""raw_replicate_sem"": 0.562, ""replicates"": [11.2, 14.2, 12.2, 13.1, 14.0], ""true_model_value"": 13.856, ""x"": 10}, {""displayed_mean"": 23.0, ""displayed_sem"": 0.5, ""raw_replicate_mean"": 23.32, ""raw_replicate_sem"": 0.547, ""replicates"": [21.6, 24.9, 23.5, 23.8, 22.8], ""true_model_value"": 23.436, ""x"": 25}, {""displayed_mean"": 34.0, ""displayed_sem"": 0.7, ""raw_replicate_mean"": 34.94, ""raw_replicate_sem"": 0.683, ""replicates"": [34.5, 36.7, 32.8, 36.1, 34.6], ""true_model_value"": 34.434, ""x"": 40}, {""displayed_mean"": 41.0, ""displayed_sem"": 0.8, ""raw_replicate_mean"": 41.1, ""raw_replicate_sem"": 0.795, ""replicates"": [41.8, 39.2, 43.8, 40.6, 40.1], ""true_model_value"": 40.463, ""x"": 60}, {""displayed_mean"": 16.0, ""displayed_sem"": 0.4, ""raw_replicate_mean"": 15.92, ""raw_replicate_sem"": 0.416, ""replicates"": [15.0, 16.2, 16.5, 14.9, 17.0], ""true_model_value"": 16.472, ""x"": 100}], ""replicate_n"": 5}",independently_authored_synthetic_research_seed_unverified,Research seed for hand-drawn graph capture and reviewer evaluation. Do not expose criterion definitions to the person drawing the graph.
HDG-2026-P2-SER-038,v0.2-research-seed,frq,short,canonical_answer,continuous_measured_series_supplied_uncertainty,,HDG-2026-P2-SER-038__response-01.jpg,"Researchers measured membrane transport at several values of external glucose. Use the data table to construct a graph with external glucose on the x-axis and mean uptake rate on the y-axis. Plot each mean at its measured x-value, connect adjacent measured values, and include symmetric error bars showing plus or minus one SEM.

Write the item ID HDG-2026-P2-SER-038 at the top of your page.

| external glucose (mM) | Mean uptake rate (pmol/min) | SEM (pmol/min) |
| --- | --- | --- |
| 0 | 1.0 | 0.3 |
| 1 | 5.0 | 0.3 |
| 2 | 9.0 | 0.3 |
| 8 | 28.0 | 0.5 |
| 12 | 35.0 | 0.7 |
| 20 | 38.0 | 1.0 |
| 25 | 46.0 | 0.5 |","Expected graph: continuous measured series with connected adjacent points; x-axis external glucose (mM); y-axis mean uptake rate (pmol/min). Required criteria: REPRESENTATION_TYPE, X_UNIT, Y_UNIT, X_SCALE, Y_SCALE, PLOT_VALUES, POINT_CONNECTION, UNCERTAINTY_MARKS.",AP Biology|data analysis|quantitative graphing|response curves,membrane transport|continuous measured series|SEM error bars,"[{""Mean uptake rate (pmol/min)"": 1.0, ""SEM (pmol/min)"": 0.3, ""external glucose (mM)"": 0}, {""Mean uptake rate (pmol/min)"": 5.0, ""SEM (pmol/min)"": 0.3, ""external glucose (mM)"": 1}, {""Mean uptake rate (pmol/min)"": 9.0, ""SEM (pmol/min)"": 0.3, ""external glucose (mM)"": 2}, {""Mean uptake rate (pmol/min)"": 28.0, ""SEM (pmol/min)"": 0.5, ""external glucose (mM)"": 8}, {""Mean uptake rate (pmol/min)"": 35.0, ""SEM (pmol/min)"": 0.7, ""external glucose (mM)"": 12}, {""Mean uptake rate (pmol/min)"": 38.0, ""SEM (pmol/min)"": 1.0, ""external glucose (mM)"": 20}, {""Mean uptake rate (pmol/min)"": 46.0, ""SEM (pmol/min)"": 0.5, ""external glucose (mM)"": 25}]","{""accepted_variants"": [""points connected by line segments""], ""representation"": ""continuous measured series with connected adjacent points"", ""required_uncertainty"": ""symmetric plus/minus one SEM bars"", ""x_axis"": ""external glucose (mM)"", ""y_axis"": ""mean uptake rate (pmol/min)""}","[{""criterion_id"": ""REPRESENTATION_TYPE"", ""met_rule"": ""Uses a continuous x-axis graph with plotted points.""}, {""criterion_id"": ""X_UNIT"", ""met_rule"": ""X-axis includes the required variable and unit.""}, {""criterion_id"": ""Y_UNIT"", ""met_rule"": ""Y-axis includes the required variable and unit.""}, {""criterion_id"": ""X_SCALE"", ""met_rule"": ""Numeric x positions are proportional and interpretable.""}, {""criterion_id"": ""Y_SCALE"", ""met_rule"": ""Y-scale is interpretable and can represent all means and SEM bars.""}, {""criterion_id"": ""PLOT_VALUES"", ""met_rule"": ""All measured means are plotted at recoverable coordinates.""}, {""criterion_id"": ""POINT_CONNECTION"", ""met_rule"": ""Adjacent measured values are connected without replacing points.""}, {""criterion_id"": ""UNCERTAINTY_MARKS"", ""met_rule"": ""Each mean has centered symmetric plus/minus SEM bars.""}]","{""item_seed"": 2037, ""method"": ""seeded_replicate_v2"", ""model"": ""saturating(ymax=53.44,scale=11.36)"", ""points"": [{""displayed_mean"": 1.0, ""displayed_sem"": 0.3, ""raw_replicate_mean"": 0.74, ""raw_replicate_sem"": 0.306, ""replicates"": [-0.0, 0.3, 0.8, 1.8, 0.8], ""true_model_value"": 0.0, ""x"": 0}, {""displayed_mean"": 5.0, ""displayed_sem"": 0.3, ""raw_replicate_mean"": 5.5, ""raw_replicate_sem"": 0.255, ""replicates"": [4.9, 6.2, 5.1, 6.0, 5.3], ""true_model_value"": 4.501, ""x"": 1}, {""displayed_mean"": 9.0, ""displayed_sem"": 0.3, ""raw_replicate_mean"": 9.18, ""raw_replicate_sem"": 0.307, ""replicates"": [10.1, 8.7, 9.7, 8.5, 8.9], ""true_model_value"": 8.623, ""x"": 2}, {""displayed_mean"": 28.0, ""displayed_sem"": 0.5, ""raw_replicate_mean"": 28.44, ""raw_replicate_sem"": 0.45, ""replicates"": [28.7, 28.8, 29.7, 27.0, 28.0], ""true_model_value"": 27.005, ""x"": 8}, {""displayed_mean"": 35.0, ""displayed_sem"": 0.7, ""raw_replicate_mean"": 34.32, ""raw_replicate_sem"": 0.691, ""replicates"": [34.8, 33.4, 36.5, 34.5, 32.4], ""true_model_value"": 34.847, ""x"": 12}, {""displayed_mean"": 38.0, ""displayed_sem"": 1.0, ""raw_replicate_mean"": 40.3, ""raw_replicate_sem"": 1.016, ""replicates"": [44.3, 38.9, 38.9, 39.6, 39.8], ""true_model_value"": 44.241, ""x"": 20}, {""displayed_mean"": 46.0, ""displayed_sem"": 0.5, ""raw_replicate_mean"": 45.92, ""raw_replicate_sem"": 0.544, ""replicates"": [46.8, 46.9, 44.4, 44.8, 46.7], ""true_model_value"": 47.514, ""x"": 25}], ""replicate_n"": 5}",independently_authored_synthetic_research_seed_unverified,Research seed for hand-drawn graph capture and reviewer evaluation. Do not expose criterion definitions to the person drawing the graph.
HDG-2026-P2-SER-039,v0.2-research-seed,frq,short,canonical_answer,continuous_measured_series_supplied_uncertainty,,HDG-2026-P2-SER-039__response-01.jpg,"Researchers measured cell survival at several values of UV exposure time. Use the data table to construct a graph with UV exposure time on the x-axis and mean surviving cells on the y-axis. Plot each mean at its measured x-value, connect adjacent measured values, and include symmetric error bars showing plus or minus one SEM.

Write the item ID HDG-2026-P2-SER-039 at the top of your page.

| UV exposure time (s) | Mean surviving cells (%) | SEM (%) |
| --- | --- | --- |
| 10 | 76.0 | 2.6 |
| 20 | 67.0 | 1.6 |
| 30 | 57.0 | 1.2 |
| 45 | 38.0 | 1.3 |
| 60 | 33.0 | 0.6 |
| 120 | 14.0 | 0.4 |
| 150 | 10.0 | 0.3 |","Expected graph: continuous measured series with connected adjacent points; x-axis UV exposure time (s); y-axis mean surviving cells (%). Required criteria: REPRESENTATION_TYPE, X_UNIT, Y_UNIT, X_SCALE, Y_SCALE, PLOT_VALUES, POINT_CONNECTION, UNCERTAINTY_MARKS.",AP Biology|data analysis|quantitative graphing|response curves,cell survival|continuous measured series|SEM error bars,"[{""Mean surviving cells (%)"": 76.0, ""SEM (%)"": 2.6, ""UV exposure time (s)"": 10}, {""Mean surviving cells (%)"": 67.0, ""SEM (%)"": 1.6, ""UV exposure time (s)"": 20}, {""Mean surviving cells (%)"": 57.0, ""SEM (%)"": 1.2, ""UV exposure time (s)"": 30}, {""Mean surviving cells (%)"": 38.0, ""SEM (%)"": 1.3, ""UV exposure time (s)"": 45}, {""Mean surviving cells (%)"": 33.0, ""SEM (%)"": 0.6, ""UV exposure time (s)"": 60}, {""Mean surviving cells (%)"": 14.0, ""SEM (%)"": 0.4, ""UV exposure time (s)"": 120}, {""Mean surviving cells (%)"": 10.0, ""SEM (%)"": 0.3, ""UV exposure time (s)"": 150}]","{""accepted_variants"": [""points connected by line segments""], ""representation"": ""continuous measured series with connected adjacent points"", ""required_uncertainty"": ""symmetric plus/minus one SEM bars"", ""x_axis"": ""UV exposure time (s)"", ""y_axis"": ""mean surviving cells (%)""}","[{""criterion_id"": ""REPRESENTATION_TYPE"", ""met_rule"": ""Uses a continuous x-axis graph with plotted points.""}, {""criterion_id"": ""X_UNIT"", ""met_rule"": ""X-axis includes the required variable and unit.""}, {""criterion_id"": ""Y_UNIT"", ""met_rule"": ""Y-axis includes the required variable and unit.""}, {""criterion_id"": ""X_SCALE"", ""met_rule"": ""Numeric x positions are proportional and interpretable.""}, {""criterion_id"": ""Y_SCALE"", ""met_rule"": ""Y-scale is interpretable and can represent all means and SEM bars.""}, {""criterion_id"": ""PLOT_VALUES"", ""met_rule"": ""All measured means are plotted at recoverable coordinates.""}, {""criterion_id"": ""POINT_CONNECTION"", ""met_rule"": ""Adjacent measured values are connected without replacing points.""}, {""criterion_id"": ""UNCERTAINTY_MARKS"", ""met_rule"": ""Each mean has centered symmetric plus/minus SEM bars.""}]","{""item_seed"": 2038, ""method"": ""seeded_replicate_v2"", ""model"": ""decay(start=74.62,scale=52.97,floor=5.45)"", ""points"": [{""displayed_mean"": 76.0, ""displayed_sem"": 2.6, ""raw_replicate_mean"": 75.72, ""raw_replicate_sem"": 2.593, ""replicates"": [77.3, 76.9, 82.9, 66.9, 74.6], ""true_model_value"": 74.622, ""x"": 10}, {""displayed_mean"": 67.0, ""displayed_sem"": 1.6, ""raw_replicate_mean"": 67.12, ""raw_replicate_sem"": 1.607, ""replicates"": [66.4, 62.0, 66.4, 71.6, 69.2], ""true_model_value"": 62.722, ""x"": 20}, {""displayed_mean"": 57.0, ""displayed_sem"": 1.2, ""raw_replicate_mean"": 55.6, ""raw_replicate_sem"": 1.215, ""replicates"": [54.6, 54.6, 55.2, 60.3, 53.3], ""true_model_value"": 52.869, ""x"": 30}, {""displayed_mean"": 38.0, ""displayed_sem"": 1.3, ""raw_replicate_mean"": 37.2, ""raw_replicate_sem"": 1.317, ""replicates"": [35.0, 39.4, 41.1, 34.2, 36.3], ""true_model_value"": 41.174, ""x"": 45}, {""displayed_mean"": 33.0, ""displayed_sem"": 0.6, ""raw_replicate_mean"": 33.46, ""raw_replicate_sem"": 0.561, ""replicates"": [34.4, 34.2, 32.3, 31.9, 34.5], ""true_model_value"": 32.363, ""x"": 60}, {""displayed_mean"": 14.0, ""displayed_sem"": 0.4, ""raw_replicate_mean"": 13.9, ""raw_replicate_sem"": 0.355, ""replicates"": [14.2, 13.4, 14.3, 12.8, 14.8], ""true_model_value"": 14.119, ""x"": 120}, {""displayed_mean"": 10.0, ""displayed_sem"": 0.3, ""raw_replicate_mean"": 10.5, ""raw_replicate_sem"": 0.292, ""replicates"": [9.9, 10.8, 11.0, 11.1, 9.7], ""true_model_value"": 10.37, ""x"": 150}], ""replicate_n"": 5}",independently_authored_synthetic_research_seed_unverified,Research seed for hand-drawn graph capture and reviewer evaluation. Do not expose criterion definitions to the person drawing the graph.
HDG-2026-P2-SER-040,v0.2-research-seed,frq,short,canonical_answer,continuous_measured_series_supplied_uncertainty,,HDG-2026-P2-SER-040__response-01.jpg,"Researchers measured enzyme activity at several values of pH. Use the data table to construct a graph with pH on the x-axis and mean relative activity on the y-axis. Plot each mean at its measured x-value, connect adjacent measured values, and include symmetric error bars showing plus or minus one SEM.

Write the item ID HDG-2026-P2-SER-040 at the top of your page.

| pH (pH units) | Mean relative activity (%) | SEM (%) |
| --- | --- | --- |
| 4 | 14.0 | 0.3 |
| 5 | 19.0 | 0.5 |
| 6 | 26.0 | 0.3 |
| 7 | 33.0 | 0.9 |
| 8 | 33.0 | 0.5 |
| 10 | 48.0 | 0.8 |
| 11 | 53.0 | 1.4 |","Expected graph: continuous measured series with connected adjacent points; x-axis pH (pH units); y-axis mean relative activity (%). Required criteria: REPRESENTATION_TYPE, X_UNIT, Y_UNIT, X_SCALE, Y_SCALE, PLOT_VALUES, POINT_CONNECTION, UNCERTAINTY_MARKS.",AP Biology|data analysis|quantitative graphing|response curves,enzyme activity|continuous measured series|SEM error bars,"[{""Mean relative activity (%)"": 14.0, ""SEM (%)"": 0.3, ""pH (pH units)"": 4}, {""Mean relative activity (%)"": 19.0, ""SEM (%)"": 0.5, ""pH (pH units)"": 5}, {""Mean relative activity (%)"": 26.0, ""SEM (%)"": 0.3, ""pH (pH units)"": 6}, {""Mean relative activity (%)"": 33.0, ""SEM (%)"": 0.9, ""pH (pH units)"": 7}, {""Mean relative activity (%)"": 33.0, ""SEM (%)"": 0.5, ""pH (pH units)"": 8}, {""Mean relative activity (%)"": 48.0, ""SEM (%)"": 0.8, ""pH (pH units)"": 10}, {""Mean relative activity (%)"": 53.0, ""SEM (%)"": 1.4, ""pH (pH units)"": 11}]","{""accepted_variants"": [""points connected by line segments""], ""representation"": ""continuous measured series with connected adjacent points"", ""required_uncertainty"": ""symmetric plus/minus one SEM bars"", ""x_axis"": ""pH (pH units)"", ""y_axis"": ""mean relative activity (%)""}","[{""criterion_id"": ""REPRESENTATION_TYPE"", ""met_rule"": ""Uses a continuous x-axis graph with plotted points.""}, {""criterion_id"": ""X_UNIT"", ""met_rule"": ""X-axis includes the required variable and unit.""}, {""criterion_id"": ""Y_UNIT"", ""met_rule"": ""Y-axis includes the required variable and unit.""}, {""criterion_id"": ""X_SCALE"", ""met_rule"": ""Numeric x positions are proportional and interpretable.""}, {""criterion_id"": ""Y_SCALE"", ""met_rule"": ""Y-scale is interpretable and can represent all means and SEM bars.""}, {""criterion_id"": ""PLOT_VALUES"", ""met_rule"": ""All measured means are plotted at recoverable coordinates.""}, {""criterion_id"": ""POINT_CONNECTION"", ""met_rule"": ""Adjacent measured values are connected without replacing points.""}, {""criterion_id"": ""UNCERTAINTY_MARKS"", ""met_rule"": ""Each mean has centered symmetric plus/minus SEM bars.""}]","{""item_seed"": 2039, ""method"": ""seeded_replicate_v2"", ""model"": ""linear(intercept=13.6,top=53.47)"", ""points"": [{""displayed_mean"": 14.0, ""displayed_sem"": 0.3, ""raw_replicate_mean"": 13.94, ""raw_replicate_sem"": 0.252, ""replicates"": [14.8, 14.0, 13.6, 13.3, 14.0], ""true_model_value"": 13.598, ""x"": 4}, {""displayed_mean"": 19.0, ""displayed_sem"": 0.5, ""raw_replicate_mean"": 18.62, ""raw_replicate_sem"": 0.494, ""replicates"": [17.6, 18.7, 17.8, 20.4, 18.6], ""true_model_value"": 19.294, ""x"": 5}, {""displayed_mean"": 26.0, ""displayed_sem"": 0.3, ""raw_replicate_mean"": 25.1, ""raw_replicate_sem"": 0.316, ""replicates"": [25.3, 25.5, 24.7, 24.1, 25.9], ""true_model_value"": 24.991, ""x"": 6}, {""displayed_mean"": 33.0, ""displayed_sem"": 0.9, ""raw_replicate_mean"": 33.16, ""raw_replicate_sem"": 0.921, ""replicates"": [34.8, 31.4, 34.9, 30.5, 34.2], ""true_model_value"": 30.687, ""x"": 7}, {""displayed_mean"": 33.0, ""displayed_sem"": 0.5, ""raw_replicate_mean"": 32.98, ""raw_replicate_sem"": 0.511, ""replicates"": [31.3, 34.3, 32.5, 33.6, 33.2], ""true_model_value"": 36.383, ""x"": 8}, {""displayed_mean"": 48.0, ""displayed_sem"": 0.8, ""raw_replicate_mean"": 47.38, ""raw_replicate_sem"": 0.756, ""replicates"": [48.0, 47.3, 48.6, 48.5, 44.5], ""true_model_value"": 47.775, ""x"": 10}, {""displayed_mean"": 53.0, ""displayed_sem"": 1.4, ""raw_replicate_mean"": 51.96, ""raw_replicate_sem"": 1.407, ""replicates"": [53.3, 56.6, 51.1, 48.3, 50.5], ""true_model_value"": 53.471, ""x"": 11}], ""replicate_n"": 5}",independently_authored_synthetic_research_seed_unverified,Research seed for hand-drawn graph capture and reviewer evaluation. Do not expose criterion definitions to the person drawing the graph.
HDG-2026-P2-SER-041,v0.2-research-seed,frq,short,canonical_answer,continuous_measured_series_supplied_uncertainty,,HDG-2026-P2-SER-041__response-01.jpg,"Researchers measured enzyme reaction rate at several values of temperature. Use the data table to construct a graph with temperature on the x-axis and mean reaction rate on the y-axis. Plot each mean at its measured x-value, connect adjacent measured values, and include symmetric error bars showing plus or minus one SEM.

Write the item ID HDG-2026-P2-SER-041 at the top of your page.

| temperature (deg C) | Mean reaction rate (umol/min) | SEM (umol/min) |
| --- | --- | --- |
| 10 | 22.0 | 0.3 |
| 15 | 28.0 | 0.8 |
| 20 | 40.0 | 1.3 |
| 28 | 52.0 | 1.2 |
| 42 | 39.0 | 0.8 |
| 55 | 18.0 | 0.3 |
| 60 | 11.0 | 0.3 |","Expected graph: continuous measured series with connected adjacent points; x-axis temperature (deg C); y-axis mean reaction rate (umol/min). Required criteria: REPRESENTATION_TYPE, X_UNIT, Y_UNIT, X_SCALE, Y_SCALE, PLOT_VALUES, POINT_CONNECTION, UNCERTAINTY_MARKS.",AP Biology|data analysis|quantitative graphing|response curves,enzyme reaction rate|continuous measured series|SEM error bars,"[{""Mean reaction rate (umol/min)"": 22.0, ""SEM (umol/min)"": 0.3, ""temperature (deg C)"": 10}, {""Mean reaction rate (umol/min)"": 28.0, ""SEM (umol/min)"": 0.8, ""temperature (deg C)"": 15}, {""Mean reaction rate (umol/min)"": 40.0, ""SEM (umol/min)"": 1.3, ""temperature (deg C)"": 20}, {""Mean reaction rate (umol/min)"": 52.0, ""SEM (umol/min)"": 1.2, ""temperature (deg C)"": 28}, {""Mean reaction rate (umol/min)"": 39.0, ""SEM (umol/min)"": 0.8, ""temperature (deg C)"": 42}, {""Mean reaction rate (umol/min)"": 18.0, ""SEM (umol/min)"": 0.3, ""temperature (deg C)"": 55}, {""Mean reaction rate (umol/min)"": 11.0, ""SEM (umol/min)"": 0.3, ""temperature (deg C)"": 60}]","{""accepted_variants"": [""points connected by line segments""], ""representation"": ""continuous measured series with connected adjacent points"", ""required_uncertainty"": ""symmetric plus/minus one SEM bars"", ""x_axis"": ""temperature (deg C)"", ""y_axis"": ""mean reaction rate (umol/min)""}","[{""criterion_id"": ""REPRESENTATION_TYPE"", ""met_rule"": ""Uses a continuous x-axis graph with plotted points.""}, {""criterion_id"": ""X_UNIT"", ""met_rule"": ""X-axis includes the required variable and unit.""}, {""criterion_id"": ""Y_UNIT"", ""met_rule"": ""Y-axis includes the required variable and unit.""}, {""criterion_id"": ""X_SCALE"", ""met_rule"": ""Numeric x positions are proportional and interpretable.""}, {""criterion_id"": ""Y_SCALE"", ""met_rule"": ""Y-scale is interpretable and can represent all means and SEM bars.""}, {""criterion_id"": ""PLOT_VALUES"", ""met_rule"": ""All measured means are plotted at recoverable coordinates.""}, {""criterion_id"": ""POINT_CONNECTION"", ""met_rule"": ""Adjacent measured values are connected without replacing points.""}, {""criterion_id"": ""UNCERTAINTY_MARKS"", ""met_rule"": ""Each mean has centered symmetric plus/minus SEM bars.""}]","{""item_seed"": 2040, ""method"": ""seeded_replicate_v2"", ""model"": ""peak(center=31.58,spread=13.89,amp=45.35,base=6.12)"", ""points"": [{""displayed_mean"": 22.0, ""displayed_sem"": 0.3, ""raw_replicate_mean"": 22.12, ""raw_replicate_sem"": 0.328, ""replicates"": [21.9, 22.2, 22.9, 22.6, 21.0], ""true_model_value"": 19.697, ""x"": 10}, {""displayed_mean"": 28.0, ""displayed_sem"": 0.8, ""raw_replicate_mean"": 28.52, ""raw_replicate_sem"": 0.763, ""replicates"": [28.1, 29.2, 26.7, 27.5, 31.1], ""true_model_value"": 28.373, ""x"": 15}, {""displayed_mean"": 40.0, ""displayed_sem"": 1.3, ""raw_replicate_mean"": 39.54, ""raw_replicate_sem"": 1.337, ""replicates"": [40.1, 42.1, 34.5, 39.6, 41.4], ""true_model_value"": 38.165, ""x"": 20}, {""displayed_mean"": 52.0, ""displayed_sem"": 1.2, ""raw_replicate_mean"": 53.34, ""raw_replicate_sem"": 1.249, ""replicates"": [57.3, 51.6, 50.0, 53.3, 54.5], ""true_model_value"": 49.995, ""x"": 28}, {""displayed_mean"": 39.0, ""displayed_sem"": 0.8, ""raw_replicate_mean"": 38.34, ""raw_replicate_sem"": 0.792, ""replicates"": [39.1, 35.6, 40.2, 37.7, 39.1], ""true_model_value"": 40.366, ""x"": 42}, {""displayed_mean"": 18.0, ""displayed_sem"": 0.3, ""raw_replicate_mean"": 17.54, ""raw_replicate_sem"": 0.349, ""replicates"": [18.6, 16.4, 17.6, 17.6, 17.5], ""true_model_value"": 17.084, ""x"": 55}, {""displayed_mean"": 11.0, ""displayed_sem"": 0.3, ""raw_replicate_mean"": 10.92, ""raw_replicate_sem"": 0.34, ""replicates"": [9.7, 11.1, 11.0, 11.0, 11.8], ""true_model_value"": 11.726, ""x"": 60}], ""replicate_n"": 5}",independently_authored_synthetic_research_seed_unverified,Research seed for hand-drawn graph capture and reviewer evaluation. Do not expose criterion definitions to the person drawing the graph.
HDG-2026-P2-SER-042,v0.2-research-seed,frq,short,canonical_answer,continuous_measured_series_supplied_uncertainty,,HDG-2026-P2-SER-042__response-01.jpg,"Researchers measured photosynthetic oxygen release at several values of light intensity. Use the data table to construct a graph with light intensity on the x-axis and mean oxygen release on the y-axis. Plot each mean at its measured x-value, connect adjacent measured values, and include symmetric error bars showing plus or minus one SEM.

Write the item ID HDG-2026-P2-SER-042 at the top of your page.

| light intensity (umol photons/m^2/s) | Mean oxygen release (umol O2/min) | SEM (umol O2/min) |
| --- | --- | --- |
| 0 | 1.0 | 0.3 |
| 100 | 9.0 | 0.4 |
| 350 | 26.0 | 0.7 |
| 500 | 29.0 | 0.4 |
| 700 | 41.0 | 0.7 |
| 900 | 40.0 | 1.1 |
| 1400 | 51.0 | 0.5 |","Expected graph: continuous measured series with connected adjacent points; x-axis light intensity (umol photons/m^2/s); y-axis mean oxygen release (umol O2/min). Required criteria: REPRESENTATION_TYPE, X_UNIT, Y_UNIT, X_SCALE, Y_SCALE, PLOT_VALUES, POINT_CONNECTION, UNCERTAINTY_MARKS.",AP Biology|data analysis|quantitative graphing|response curves,photosynthetic oxygen release|continuous measured series|SEM error bars,"[{""Mean oxygen release (umol O2/min)"": 1.0, ""SEM (umol O2/min)"": 0.3, ""light intensity (umol photons/m^2/s)"": 0}, {""Mean oxygen release (umol O2/min)"": 9.0, ""SEM (umol O2/min)"": 0.4, ""light intensity (umol photons/m^2/s)"": 100}, {""Mean oxygen release (umol O2/min)"": 26.0, ""SEM (umol O2/min)"": 0.7, ""light intensity (umol photons/m^2/s)"": 350}, {""Mean oxygen release (umol O2/min)"": 29.0, ""SEM (umol O2/min)"": 0.4, ""light intensity (umol photons/m^2/s)"": 500}, {""Mean oxygen release (umol O2/min)"": 41.0, ""SEM (umol O2/min)"": 0.7, ""light intensity (umol photons/m^2/s)"": 700}, {""Mean oxygen release (umol O2/min)"": 40.0, ""SEM (umol O2/min)"": 1.1, ""light intensity (umol photons/m^2/s)"": 900}, {""Mean oxygen release (umol O2/min)"": 51.0, ""SEM (umol O2/min)"": 0.5, ""light intensity (umol photons/m^2/s)"": 1400}]","{""accepted_variants"": [""points connected by line segments""], ""representation"": ""continuous measured series with connected adjacent points"", ""required_uncertainty"": ""symmetric plus/minus one SEM bars"", ""x_axis"": ""light intensity (umol photons/m^2/s)"", ""y_axis"": ""mean oxygen release (umol O2/min)""}","[{""criterion_id"": ""REPRESENTATION_TYPE"", ""met_rule"": ""Uses a continuous x-axis graph with plotted points.""}, {""criterion_id"": ""X_UNIT"", ""met_rule"": ""X-axis includes the required variable and unit.""}, {""criterion_id"": ""Y_UNIT"", ""met_rule"": ""Y-axis includes the required variable and unit.""}, {""criterion_id"": ""X_SCALE"", ""met_rule"": ""Numeric x positions are proportional and interpretable.""}, {""criterion_id"": ""Y_SCALE"", ""met_rule"": ""Y-scale is interpretable and can represent all means and SEM bars.""}, {""criterion_id"": ""PLOT_VALUES"", ""met_rule"": ""All measured means are plotted at recoverable coordinates.""}, {""criterion_id"": ""POINT_CONNECTION"", ""met_rule"": ""Adjacent measured values are connected without replacing points.""}, {""criterion_id"": ""UNCERTAINTY_MARKS"", ""met_rule"": ""Each mean has centered symmetric plus/minus SEM bars.""}]","{""item_seed"": 2041, ""method"": ""seeded_replicate_v2"", ""model"": ""saturating(ymax=50.68,scale=484.08)"", ""points"": [{""displayed_mean"": 1.0, ""displayed_sem"": 0.3, ""raw_replicate_mean"": 0.64, ""raw_replicate_sem"": 0.181, ""replicates"": [0.6, 0.8, 1.2, 0.1, 0.5], ""true_model_value"": 0.0, ""x"": 0}, {""displayed_mean"": 9.0, ""displayed_sem"": 0.4, ""raw_replicate_mean"": 9.7, ""raw_replicate_sem"": 0.4, ""replicates"": [10.1, 10.9, 9.7, 9.3, 8.5], ""true_model_value"": 9.46, ""x"": 100}, {""displayed_mean"": 26.0, ""displayed_sem"": 0.7, ""raw_replicate_mean"": 25.18, ""raw_replicate_sem"": 0.684, ""replicates"": [24.8, 27.2, 24.0, 23.6, 26.3], ""true_model_value"": 26.088, ""x"": 350}, {""displayed_mean"": 29.0, ""displayed_sem"": 0.4, ""raw_replicate_mean"": 28.58, ""raw_replicate_sem"": 0.387, ""replicates"": [28.4, 29.6, 29.3, 27.5, 28.1], ""true_model_value"": 32.642, ""x"": 500}, {""displayed_mean"": 41.0, ""displayed_sem"": 0.7, ""raw_replicate_mean"": 40.48, ""raw_replicate_sem"": 0.676, ""replicates"": [38.3, 40.0, 40.3, 41.7, 42.1], ""true_model_value"": 38.748, ""x"": 700}, {""displayed_mean"": 40.0, ""displayed_sem"": 1.1, ""raw_replicate_mean"": 41.48, ""raw_replicate_sem"": 1.063, ""replicates"": [41.6, 44.2, 43.0, 40.6, 38.0], ""true_model_value"": 42.788, ""x"": 900}, {""displayed_mean"": 51.0, ""displayed_sem"": 0.5, ""raw_replicate_mean"": 54.92, ""raw_replicate_sem"": 0.544, ""replicates"": [56.5, 54.6, 54.8, 53.2, 55.5], ""true_model_value"": 47.873, ""x"": 1400}], ""replicate_n"": 5}",independently_authored_synthetic_research_seed_unverified,Research seed for hand-drawn graph capture and reviewer evaluation. Do not expose criterion definitions to the person drawing the graph.
HDG-2026-P2-SER-043,v0.2-research-seed,frq,short,canonical_answer,continuous_measured_series_supplied_uncertainty,,HDG-2026-P2-SER-043__response-01.jpg,"Researchers measured pigment absorbance at several values of wavelength. Use the data table to construct a graph with wavelength on the x-axis and mean absorbance on the y-axis. Plot each mean at its measured x-value, connect adjacent measured values, and include symmetric error bars showing plus or minus one SEM.

Write the item ID HDG-2026-P2-SER-043 at the top of your page.

| wavelength (nm) | Mean absorbance (a.u.) | SEM (a.u.) |
| --- | --- | --- |
| 400 | 70.0 | 1.0 |
| 430 | 50.0 | 1.4 |
| 460 | 40.0 | 1.0 |
| 490 | 32.0 | 0.5 |
| 580 | 18.0 | 0.3 |
| 610 | 12.0 | 0.3 |
| 640 | 12.0 | 0.5 |","Expected graph: continuous measured series with connected adjacent points; x-axis wavelength (nm); y-axis mean absorbance (a.u.). Required criteria: REPRESENTATION_TYPE, X_UNIT, Y_UNIT, X_SCALE, Y_SCALE, PLOT_VALUES, POINT_CONNECTION, UNCERTAINTY_MARKS.",AP Biology|data analysis|quantitative graphing|response curves,pigment absorbance|continuous measured series|SEM error bars,"[{""Mean absorbance (a.u.)"": 70.0, ""SEM (a.u.)"": 1.0, ""wavelength (nm)"": 400}, {""Mean absorbance (a.u.)"": 50.0, ""SEM (a.u.)"": 1.4, ""wavelength (nm)"": 430}, {""Mean absorbance (a.u.)"": 40.0, ""SEM (a.u.)"": 1.0, ""wavelength (nm)"": 460}, {""Mean absorbance (a.u.)"": 32.0, ""SEM (a.u.)"": 0.5, ""wavelength (nm)"": 490}, {""Mean absorbance (a.u.)"": 18.0, ""SEM (a.u.)"": 0.3, ""wavelength (nm)"": 580}, {""Mean absorbance (a.u.)"": 12.0, ""SEM (a.u.)"": 0.3, ""wavelength (nm)"": 610}, {""Mean absorbance (a.u.)"": 12.0, ""SEM (a.u.)"": 0.5, ""wavelength (nm)"": 640}]","{""accepted_variants"": [""points connected by line segments""], ""representation"": ""continuous measured series with connected adjacent points"", ""required_uncertainty"": ""symmetric plus/minus one SEM bars"", ""x_axis"": ""wavelength (nm)"", ""y_axis"": ""mean absorbance (a.u.)""}","[{""criterion_id"": ""REPRESENTATION_TYPE"", ""met_rule"": ""Uses a continuous x-axis graph with plotted points.""}, {""criterion_id"": ""X_UNIT"", ""met_rule"": ""X-axis includes the required variable and unit.""}, {""criterion_id"": ""Y_UNIT"", ""met_rule"": ""Y-axis includes the required variable and unit.""}, {""criterion_id"": ""X_SCALE"", ""met_rule"": ""Numeric x positions are proportional and interpretable.""}, {""criterion_id"": ""Y_SCALE"", ""met_rule"": ""Y-scale is interpretable and can represent all means and SEM bars.""}, {""criterion_id"": ""PLOT_VALUES"", ""met_rule"": ""All measured means are plotted at recoverable coordinates.""}, {""criterion_id"": ""POINT_CONNECTION"", ""met_rule"": ""Adjacent measured values are connected without replacing points.""}, {""criterion_id"": ""UNCERTAINTY_MARKS"", ""met_rule"": ""Each mean has centered symmetric plus/minus SEM bars.""}]","{""item_seed"": 2042, ""method"": ""seeded_replicate_v2"", ""model"": ""decay(start=67.57,scale=106.81,floor=5.43)"", ""points"": [{""displayed_mean"": 70.0, ""displayed_sem"": 1.0, ""raw_replicate_mean"": 70.32, ""raw_replicate_sem"": 0.966, ""replicates"": [72.1, 68.8, 70.9, 67.4, 72.4], ""true_model_value"": 67.566, ""x"": 400}, {""displayed_mean"": 50.0, ""displayed_sem"": 1.4, ""raw_replicate_mean"": 50.28, ""raw_replicate_sem"": 1.393, ""replicates"": [50.2, 50.6, 55.1, 48.9, 46.6], ""true_model_value"": 52.35, ""x"": 430}, {""displayed_mean"": 40.0, ""displayed_sem"": 1.0, ""raw_replicate_mean"": 40.06, ""raw_replicate_sem"": 0.982, ""replicates"": [40.2, 39.1, 43.8, 38.4, 38.8], ""true_model_value"": 40.86, ""x"": 460}, {""displayed_mean"": 32.0, ""displayed_sem"": 0.5, ""raw_replicate_mean"": 31.62, ""raw_replicate_sem"": 0.46, ""replicates"": [31.6, 29.9, 32.1, 31.9, 32.6], ""true_model_value"": 32.184, ""x"": 490}, {""displayed_mean"": 18.0, ""displayed_sem"": 0.3, ""raw_replicate_mean"": 17.82, ""raw_replicate_sem"": 0.265, ""replicates"": [18.4, 17.7, 18.4, 17.6, 17.0], ""true_model_value"": 16.949, ""x"": 580}, {""displayed_mean"": 12.0, ""displayed_sem"": 0.3, ""raw_replicate_mean"": 11.94, ""raw_replicate_sem"": 0.211, ""replicates"": [12.6, 11.8, 12.1, 11.9, 11.3], ""true_model_value"": 14.128, ""x"": 610}, {""displayed_mean"": 12.0, ""displayed_sem"": 0.5, ""raw_replicate_mean"": 12.04, ""raw_replicate_sem"": 0.491, ""replicates"": [10.6, 12.8, 11.3, 12.2, 13.3], ""true_model_value"": 11.998, ""x"": 640}], ""replicate_n"": 5}",independently_authored_synthetic_research_seed_unverified,Research seed for hand-drawn graph capture and reviewer evaluation. Do not expose criterion definitions to the person drawing the graph.
HDG-2026-P2-SER-044,v0.2-research-seed,frq,short,canonical_answer,continuous_measured_series_supplied_uncertainty,,HDG-2026-P2-SER-044__response-01.jpg,"Researchers measured seedling growth at several values of days after planting. Use the data table to construct a graph with days after planting on the x-axis and mean height on the y-axis. Plot each mean at its measured x-value, connect adjacent measured values, and include symmetric error bars showing plus or minus one SEM.

Write the item ID HDG-2026-P2-SER-044 at the top of your page.

| days after planting (days) | Mean height (cm) | SEM (cm) |
| --- | --- | --- |
| 1 | 15.0 | 0.5 |
| 2 | 17.0 | 0.3 |
| 3 | 21.0 | 0.4 |
| 5 | 26.0 | 0.5 |
| 7 | 34.0 | 0.6 |
| 9 | 36.0 | 0.5 |
| 14 | 51.0 | 1.0 |","Expected graph: continuous measured series with connected adjacent points; x-axis days after planting (days); y-axis mean height (cm). Required criteria: REPRESENTATION_TYPE, X_UNIT, Y_UNIT, X_SCALE, Y_SCALE, PLOT_VALUES, POINT_CONNECTION, UNCERTAINTY_MARKS.",AP Biology|data analysis|quantitative graphing|response curves,seedling growth|continuous measured series|SEM error bars,"[{""Mean height (cm)"": 15.0, ""SEM (cm)"": 0.5, ""days after planting (days)"": 1}, {""Mean height (cm)"": 17.0, ""SEM (cm)"": 0.3, ""days after planting (days)"": 2}, {""Mean height (cm)"": 21.0, ""SEM (cm)"": 0.4, ""days after planting (days)"": 3}, {""Mean height (cm)"": 26.0, ""SEM (cm)"": 0.5, ""days after planting (days)"": 5}, {""Mean height (cm)"": 34.0, ""SEM (cm)"": 0.6, ""days after planting (days)"": 7}, {""Mean height (cm)"": 36.0, ""SEM (cm)"": 0.5, ""days after planting (days)"": 9}, {""Mean height (cm)"": 51.0, ""SEM (cm)"": 1.0, ""days after planting (days)"": 14}]","{""accepted_variants"": [""points connected by line segments""], ""representation"": ""continuous measured series with connected adjacent points"", ""required_uncertainty"": ""symmetric plus/minus one SEM bars"", ""x_axis"": ""days after planting (days)"", ""y_axis"": ""mean height (cm)""}","[{""criterion_id"": ""REPRESENTATION_TYPE"", ""met_rule"": ""Uses a continuous x-axis graph with plotted points.""}, {""criterion_id"": ""X_UNIT"", ""met_rule"": ""X-axis includes the required variable and unit.""}, {""criterion_id"": ""Y_UNIT"", ""met_rule"": ""Y-axis includes the required variable and unit.""}, {""criterion_id"": ""X_SCALE"", ""met_rule"": ""Numeric x positions are proportional and interpretable.""}, {""criterion_id"": ""Y_SCALE"", ""met_rule"": ""Y-scale is interpretable and can represent all means and SEM bars.""}, {""criterion_id"": ""PLOT_VALUES"", ""met_rule"": ""All measured means are plotted at recoverable coordinates.""}, {""criterion_id"": ""POINT_CONNECTION"", ""met_rule"": ""Adjacent measured values are connected without replacing points.""}, {""criterion_id"": ""UNCERTAINTY_MARKS"", ""met_rule"": ""Each mean has centered symmetric plus/minus SEM bars.""}]","{""item_seed"": 2043, ""method"": ""seeded_replicate_v2"", ""model"": ""linear(intercept=16.46,top=51.64)"", ""points"": [{""displayed_mean"": 15.0, ""displayed_sem"": 0.5, ""raw_replicate_mean"": 15.1, ""raw_replicate_sem"": 0.532, ""replicates"": [17.1, 14.1, 14.4, 14.7, 15.2], ""true_model_value"": 16.456, ""x"": 1}, {""displayed_mean"": 17.0, ""displayed_sem"": 0.3, ""raw_replicate_mean"": 17.14, ""raw_replicate_sem"": 0.308, ""replicates"": [18.2, 17.1, 16.7, 16.4, 17.3], ""true_model_value"": 19.163, ""x"": 2}, {""displayed_mean"": 21.0, ""displayed_sem"": 0.4, ""raw_replicate_mean"": 20.08, ""raw_replicate_sem"": 0.356, ""replicates"": [20.5, 20.5, 19.0, 20.9, 19.5], ""true_model_value"": 21.87, ""x"": 3}, {""displayed_mean"": 26.0, ""displayed_sem"": 0.5, ""raw_replicate_mean"": 25.9, ""raw_replicate_sem"": 0.528, ""replicates"": [25.9, 24.1, 25.6, 27.1, 26.8], ""true_model_value"": 27.283, ""x"": 5}, {""displayed_mean"": 34.0, ""displayed_sem"": 0.6, ""raw_replicate_mean"": 33.38, ""raw_replicate_sem"": 0.591, ""replicates"": [35.7, 32.5, 32.8, 32.7, 33.2], ""true_model_value"": 32.697, ""x"": 7}, {""displayed_mean"": 36.0, ""displayed_sem"": 0.5, ""raw_replicate_mean"": 36.36, ""raw_replicate_sem"": 0.546, ""replicates"": [35.1, 38.3, 36.5, 36.3, 35.6], ""true_model_value"": 38.111, ""x"": 9}, {""displayed_mean"": 51.0, ""displayed_sem"": 1.0, ""raw_replicate_mean"": 50.92, ""raw_replicate_sem"": 1.013, ""replicates"": [49.2, 48.3, 52.0, 54.0, 51.1], ""true_model_value"": 51.645, ""x"": 14}], ""replicate_n"": 5}",independently_authored_synthetic_research_seed_unverified,Research seed for hand-drawn graph capture and reviewer evaluation. Do not expose criterion definitions to the person drawing the graph.
HDG-2026-P2-SER-045,v0.2-research-seed,frq,short,canonical_answer,continuous_measured_series_supplied_uncertainty,,HDG-2026-P2-SER-045__response-01.jpg,"Researchers measured heart cell contraction at several values of calcium concentration. Use the data table to construct a graph with calcium concentration on the x-axis and mean contractions per min on the y-axis. Plot each mean at its measured x-value, connect adjacent measured values, and include symmetric error bars showing plus or minus one SEM.

Write the item ID HDG-2026-P2-SER-045 at the top of your page.

| calcium concentration (mM) | Mean contractions per min (beats/min) | SEM (beats/min) |
| --- | --- | --- |
| 0.2 | 26.0 | 0.6 |
| 0.5 | 33.0 | 0.8 |
| 1.5 | 42.0 | 1.0 |
| 2 | 41.0 | 1.0 |
| 5 | 55.0 | 1.3 |
| 6 | 43.0 | 0.4 |
| 8 | 18.0 | 0.4 |","Expected graph: continuous measured series with connected adjacent points; x-axis calcium concentration (mM); y-axis mean contractions per min (beats/min). Required criteria: REPRESENTATION_TYPE, X_UNIT, Y_UNIT, X_SCALE, Y_SCALE, PLOT_VALUES, POINT_CONNECTION, UNCERTAINTY_MARKS.",AP Biology|data analysis|quantitative graphing|response curves,heart cell contraction|continuous measured series|SEM error bars,"[{""Mean contractions per min (beats/min)"": 26.0, ""SEM (beats/min)"": 0.6, ""calcium concentration (mM)"": 0.2}, {""Mean contractions per min (beats/min)"": 33.0, ""SEM (beats/min)"": 0.8, ""calcium concentration (mM)"": 0.5}, {""Mean contractions per min (beats/min)"": 42.0, ""SEM (beats/min)"": 1.0, ""calcium concentration (mM)"": 1.5}, {""Mean contractions per min (beats/min)"": 41.0, ""SEM (beats/min)"": 1.0, ""calcium concentration (mM)"": 2}, {""Mean contractions per min (beats/min)"": 55.0, ""SEM (beats/min)"": 1.3, ""calcium concentration (mM)"": 5}, {""Mean contractions per min (beats/min)"": 43.0, ""SEM (beats/min)"": 0.4, ""calcium concentration (mM)"": 6}, {""Mean contractions per min (beats/min)"": 18.0, ""SEM (beats/min)"": 0.4, ""calcium concentration (mM)"": 8}]","{""accepted_variants"": [""points connected by line segments""], ""representation"": ""continuous measured series with connected adjacent points"", ""required_uncertainty"": ""symmetric plus/minus one SEM bars"", ""x_axis"": ""calcium concentration (mM)"", ""y_axis"": ""mean contractions per min (beats/min)""}","[{""criterion_id"": ""REPRESENTATION_TYPE"", ""met_rule"": ""Uses a continuous x-axis graph with plotted points.""}, {""criterion_id"": ""X_UNIT"", ""met_rule"": ""X-axis includes the required variable and unit.""}, {""criterion_id"": ""Y_UNIT"", ""met_rule"": ""Y-axis includes the required variable and unit.""}, {""criterion_id"": ""X_SCALE"", ""met_rule"": ""Numeric x positions are proportional and interpretable.""}, {""criterion_id"": ""Y_SCALE"", ""met_rule"": ""Y-scale is interpretable and can represent all means and SEM bars.""}, {""criterion_id"": ""PLOT_VALUES"", ""met_rule"": ""All measured means are plotted at recoverable coordinates.""}, {""criterion_id"": ""POINT_CONNECTION"", ""met_rule"": ""Adjacent measured values are connected without replacing points.""}, {""criterion_id"": ""UNCERTAINTY_MARKS"", ""met_rule"": ""Each mean has centered symmetric plus/minus SEM bars.""}]","{""item_seed"": 2044, ""method"": ""seeded_replicate_v2"", ""model"": ""peak(center=3.55,spread=2.61,amp=50.32,base=6.07)"", ""points"": [{""displayed_mean"": 26.0, ""displayed_sem"": 0.6, ""raw_replicate_mean"": 26.04, ""raw_replicate_sem"": 0.605, ""replicates"": [26.3, 24.5, 27.0, 27.6, 24.8], ""true_model_value"": 28.155, ""x"": 0.2}, {""displayed_mean"": 33.0, ""displayed_sem"": 0.8, ""raw_replicate_mean"": 32.86, ""raw_replicate_sem"": 0.809, ""replicates"": [30.2, 34.7, 32.5, 34.4, 32.5], ""true_model_value"": 31.498, ""x"": 0.5}, {""displayed_mean"": 42.0, ""displayed_sem"": 1.0, ""raw_replicate_mean"": 41.14, ""raw_replicate_sem"": 1.042, ""replicates"": [43.3, 39.7, 41.3, 38.0, 43.4], ""true_model_value"": 43.047, ""x"": 1.5}, {""displayed_mean"": 41.0, ""displayed_sem"": 1.0, ""raw_replicate_mean"": 42.06, ""raw_replicate_sem"": 0.975, ""replicates"": [44.1, 38.5, 41.6, 43.0, 43.1], ""true_model_value"": 48.269, ""x"": 2}, {""displayed_mean"": 55.0, ""displayed_sem"": 1.3, ""raw_replicate_mean"": 55.56, ""raw_replicate_sem"": 1.254, ""replicates"": [56.5, 57.1, 58.9, 52.4, 52.9], ""true_model_value"": 49.167, ""x"": 5}, {""displayed_mean"": 43.0, ""displayed_sem"": 0.4, ""raw_replicate_mean"": 41.96, ""raw_replicate_sem"": 0.383, ""replicates"": [43.3, 41.4, 42.3, 41.6, 41.2], ""true_model_value"": 38.417, ""x"": 6}, {""displayed_mean"": 18.0, ""displayed_sem"": 0.4, ""raw_replicate_mean"": 18.0, ""raw_replicate_sem"": 0.412, ""replicates"": [19.2, 18.1, 17.3, 16.9, 18.5], ""true_model_value"": 17.795, ""x"": 8}], ""replicate_n"": 5}",independently_authored_synthetic_research_seed_unverified,Research seed for hand-drawn graph capture and reviewer evaluation. Do not expose criterion definitions to the person drawing the graph.
HDG-2026-P2-SER-046,v0.2-research-seed,frq,short,canonical_answer,continuous_measured_series_supplied_uncertainty,,HDG-2026-P2-SER-046__response-01.jpg,"Researchers measured fermentation rate at several values of incubation time. Use the data table to construct a graph with incubation time on the x-axis and mean CO2 production rate on the y-axis. Plot each mean at its measured x-value, connect adjacent measured values, and include symmetric error bars showing plus or minus one SEM.

Write the item ID HDG-2026-P2-SER-046 at the top of your page.

| incubation time (min) | Mean CO2 production rate (mL/min) | SEM (mL/min) |
| --- | --- | --- |
| 0 | 2.0 | 0.5 |
| 2 | 4.0 | 0.3 |
| 5 | 15.0 | 0.5 |
| 16 | 35.0 | 1.0 |
| 20 | 36.0 | 0.7 |
| 30 | 46.0 | 0.8 |
| 40 | 45.0 | 1.6 |","Expected graph: continuous measured series with connected adjacent points; x-axis incubation time (min); y-axis mean CO2 production rate (mL/min). Required criteria: REPRESENTATION_TYPE, X_UNIT, Y_UNIT, X_SCALE, Y_SCALE, PLOT_VALUES, POINT_CONNECTION, UNCERTAINTY_MARKS.",AP Biology|data analysis|quantitative graphing|response curves,fermentation rate|continuous measured series|SEM error bars,"[{""Mean CO2 production rate (mL/min)"": 2.0, ""SEM (mL/min)"": 0.5, ""incubation time (min)"": 0}, {""Mean CO2 production rate (mL/min)"": 4.0, ""SEM (mL/min)"": 0.3, ""incubation time (min)"": 2}, {""Mean CO2 production rate (mL/min)"": 15.0, ""SEM (mL/min)"": 0.5, ""incubation time (min)"": 5}, {""Mean CO2 production rate (mL/min)"": 35.0, ""SEM (mL/min)"": 1.0, ""incubation time (min)"": 16}, {""Mean CO2 production rate (mL/min)"": 36.0, ""SEM (mL/min)"": 0.7, ""incubation time (min)"": 20}, {""Mean CO2 production rate (mL/min)"": 46.0, ""SEM (mL/min)"": 0.8, ""incubation time (min)"": 30}, {""Mean CO2 production rate (mL/min)"": 45.0, ""SEM (mL/min)"": 1.6, ""incubation time (min)"": 40}]","{""accepted_variants"": [""points connected by line segments""], ""representation"": ""continuous measured series with connected adjacent points"", ""required_uncertainty"": ""symmetric plus/minus one SEM bars"", ""x_axis"": ""incubation time (min)"", ""y_axis"": ""mean CO2 production rate (mL/min)""}","[{""criterion_id"": ""REPRESENTATION_TYPE"", ""met_rule"": ""Uses a continuous x-axis graph with plotted points.""}, {""criterion_id"": ""X_UNIT"", ""met_rule"": ""X-axis includes the required variable and unit.""}, {""criterion_id"": ""Y_UNIT"", ""met_rule"": ""Y-axis includes the required variable and unit.""}, {""criterion_id"": ""X_SCALE"", ""met_rule"": ""Numeric x positions are proportional and interpretable.""}, {""criterion_id"": ""Y_SCALE"", ""met_rule"": ""Y-scale is interpretable and can represent all means and SEM bars.""}, {""criterion_id"": ""PLOT_VALUES"", ""met_rule"": ""All measured means are plotted at recoverable coordinates.""}, {""criterion_id"": ""POINT_CONNECTION"", ""met_rule"": ""Adjacent measured values are connected without replacing points.""}, {""criterion_id"": ""UNCERTAINTY_MARKS"", ""met_rule"": ""Each mean has centered symmetric plus/minus SEM bars.""}]","{""item_seed"": 2045, ""method"": ""seeded_replicate_v2"", ""model"": ""saturating(ymax=54.16,scale=16.48)"", ""points"": [{""displayed_mean"": 2.0, ""displayed_sem"": 0.5, ""raw_replicate_mean"": 1.52, ""raw_replicate_sem"": 0.471, ""replicates"": [1.0, 2.0, 0.4, 3.1, 1.1], ""true_model_value"": 0.0, ""x"": 0}, {""displayed_mean"": 4.0, ""displayed_sem"": 0.3, ""raw_replicate_mean"": 3.86, ""raw_replicate_sem"": 0.336, ""replicates"": [3.8, 4.1, 2.6, 4.5, 4.3], ""true_model_value"": 6.191, ""x"": 2}, {""displayed_mean"": 15.0, ""displayed_sem"": 0.5, ""raw_replicate_mean"": 15.02, ""raw_replicate_sem"": 0.451, ""replicates"": [14.0, 14.1, 14.9, 16.2, 15.9], ""true_model_value"": 14.176, ""x"": 5}, {""displayed_mean"": 35.0, ""displayed_sem"": 1.0, ""raw_replicate_mean"": 34.48, ""raw_replicate_sem"": 0.973, ""replicates"": [32.8, 34.8, 32.4, 37.9, 34.5], ""true_model_value"": 33.653, ""x"": 16}, {""displayed_mean"": 36.0, ""displayed_sem"": 0.7, ""raw_replicate_mean"": 34.6, ""raw_replicate_sem"": 0.727, ""replicates"": [34.2, 36.6, 34.6, 35.4, 32.2], ""true_model_value"": 38.074, ""x"": 20}, {""displayed_mean"": 46.0, ""displayed_sem"": 0.8, ""raw_replicate_mean"": 46.54, ""raw_replicate_sem"": 0.762, ""replicates"": [44.3, 47.8, 45.7, 48.6, 46.3], ""true_model_value"": 45.394, ""x"": 30}, {""displayed_mean"": 45.0, ""displayed_sem"": 1.6, ""raw_replicate_mean"": 45.68, ""raw_replicate_sem"": 1.582, ""replicates"": [42.7, 50.6, 44.9, 42.3, 47.9], ""true_model_value"": 49.384, ""x"": 40}], ""replicate_n"": 5}",independently_authored_synthetic_research_seed_unverified,Research seed for hand-drawn graph capture and reviewer evaluation. Do not expose criterion definitions to the person drawing the graph.
HDG-2026-P2-SER-047,v0.2-research-seed,frq,short,canonical_answer,continuous_measured_series_supplied_uncertainty,,HDG-2026-P2-SER-047__response-01.jpg,"Researchers measured aquatic plant growth at several values of nitrate concentration. Use the data table to construct a graph with nitrate concentration on the x-axis and mean growth rate on the y-axis. Plot each mean at its measured x-value, connect adjacent measured values, and include symmetric error bars showing plus or minus one SEM.

Write the item ID HDG-2026-P2-SER-047 at the top of your page.

| nitrate concentration (mg/L) | Mean growth rate (mg/day) | SEM (mg/day) |
| --- | --- | --- |
| 2 | 68.0 | 2.3 |
| 5 | 63.0 | 1.6 |
| 10 | 58.0 | 1.4 |
| 40 | 34.0 | 1.0 |
| 60 | 24.0 | 0.5 |
| 80 | 16.0 | 0.3 |
| 100 | 12.0 | 0.5 |","Expected graph: continuous measured series with connected adjacent points; x-axis nitrate concentration (mg/L); y-axis mean growth rate (mg/day). Required criteria: REPRESENTATION_TYPE, X_UNIT, Y_UNIT, X_SCALE, Y_SCALE, PLOT_VALUES, POINT_CONNECTION, UNCERTAINTY_MARKS.",AP Biology|data analysis|quantitative graphing|response curves,aquatic plant growth|continuous measured series|SEM error bars,"[{""Mean growth rate (mg/day)"": 68.0, ""SEM (mg/day)"": 2.3, ""nitrate concentration (mg/L)"": 2}, {""Mean growth rate (mg/day)"": 63.0, ""SEM (mg/day)"": 1.6, ""nitrate concentration (mg/L)"": 5}, {""Mean growth rate (mg/day)"": 58.0, ""SEM (mg/day)"": 1.4, ""nitrate concentration (mg/L)"": 10}, {""Mean growth rate (mg/day)"": 34.0, ""SEM (mg/day)"": 1.0, ""nitrate concentration (mg/L)"": 40}, {""Mean growth rate (mg/day)"": 24.0, ""SEM (mg/day)"": 0.5, ""nitrate concentration (mg/L)"": 60}, {""Mean growth rate (mg/day)"": 16.0, ""SEM (mg/day)"": 0.3, ""nitrate concentration (mg/L)"": 80}, {""Mean growth rate (mg/day)"": 12.0, ""SEM (mg/day)"": 0.5, ""nitrate concentration (mg/L)"": 100}]","{""accepted_variants"": [""points connected by line segments""], ""representation"": ""continuous measured series with connected adjacent points"", ""required_uncertainty"": ""symmetric plus/minus one SEM bars"", ""x_axis"": ""nitrate concentration (mg/L)"", ""y_axis"": ""mean growth rate (mg/day)""}","[{""criterion_id"": ""REPRESENTATION_TYPE"", ""met_rule"": ""Uses a continuous x-axis graph with plotted points.""}, {""criterion_id"": ""X_UNIT"", ""met_rule"": ""X-axis includes the required variable and unit.""}, {""criterion_id"": ""Y_UNIT"", ""met_rule"": ""Y-axis includes the required variable and unit.""}, {""criterion_id"": ""X_SCALE"", ""met_rule"": ""Numeric x positions are proportional and interpretable.""}, {""criterion_id"": ""Y_SCALE"", ""met_rule"": ""Y-scale is interpretable and can represent all means and SEM bars.""}, {""criterion_id"": ""PLOT_VALUES"", ""met_rule"": ""All measured means are plotted at recoverable coordinates.""}, {""criterion_id"": ""POINT_CONNECTION"", ""met_rule"": ""Adjacent measured values are connected without replacing points.""}, {""criterion_id"": ""UNCERTAINTY_MARKS"", ""met_rule"": ""Each mean has centered symmetric plus/minus SEM bars.""}]","{""item_seed"": 2046, ""method"": ""seeded_replicate_v2"", ""model"": ""decay(start=67.13,scale=46.54,floor=3.97)"", ""points"": [{""displayed_mean"": 68.0, ""displayed_sem"": 2.3, ""raw_replicate_mean"": 67.14, ""raw_replicate_sem"": 2.292, ""replicates"": [61.1, 66.1, 67.0, 66.2, 75.3], ""true_model_value"": 67.127, ""x"": 2}, {""displayed_mean"": 63.0, ""displayed_sem"": 1.6, ""raw_replicate_mean"": 60.0, ""raw_replicate_sem"": 1.611, ""replicates"": [65.6, 58.2, 57.6, 61.6, 57.0], ""true_model_value"": 63.184, ""x"": 5}, {""displayed_mean"": 58.0, ""displayed_sem"": 1.4, ""raw_replicate_mean"": 60.2, ""raw_replicate_sem"": 1.402, ""replicates"": [59.3, 65.2, 61.1, 57.4, 58.0], ""true_model_value"": 57.152, ""x"": 10}, {""displayed_mean"": 34.0, ""displayed_sem"": 1.0, ""raw_replicate_mean"": 34.7, ""raw_replicate_sem"": 1.003, ""replicates"": [38.1, 35.4, 32.5, 32.9, 34.6], ""true_model_value"": 31.882, ""x"": 40}, {""displayed_mean"": 24.0, ""displayed_sem"": 0.5, ""raw_replicate_mean"": 24.02, ""raw_replicate_sem"": 0.479, ""replicates"": [23.0, 25.0, 23.1, 25.3, 23.7], ""true_model_value"": 22.131, ""x"": 60}, {""displayed_mean"": 16.0, ""displayed_sem"": 0.3, ""raw_replicate_mean"": 16.36, ""raw_replicate_sem"": 0.328, ""replicates"": [16.7, 16.2, 15.3, 16.3, 17.3], ""true_model_value"": 15.786, ""x"": 80}, {""displayed_mean"": 12.0, ""displayed_sem"": 0.5, ""raw_replicate_mean"": 11.94, ""raw_replicate_sem"": 0.505, ""replicates"": [12.1, 12.9, 12.2, 12.5, 10.0], ""true_model_value"": 11.658, ""x"": 100}], ""replicate_n"": 5}",independently_authored_synthetic_research_seed_unverified,Research seed for hand-drawn graph capture and reviewer evaluation. Do not expose criterion definitions to the person drawing the graph.
HDG-2026-P2-SER-048,v0.2-research-seed,frq,short,canonical_answer,continuous_measured_series_supplied_uncertainty,,HDG-2026-P2-SER-048__response-01.jpg,"Researchers measured membrane transport at several values of external glucose. Use the data table to construct a graph with external glucose on the x-axis and mean uptake rate on the y-axis. Plot each mean at its measured x-value, connect adjacent measured values, and include symmetric error bars showing plus or minus one SEM.

Write the item ID HDG-2026-P2-SER-048 at the top of your page.

| external glucose (mM) | Mean uptake rate (pmol/min) | SEM (pmol/min) |
| --- | --- | --- |
| 0 | 13.0 | 0.4 |
| 1 | 12.0 | 0.6 |
| 3 | 17.0 | 0.3 |
| 8 | 28.0 | 0.6 |
| 12 | 31.0 | 0.8 |
| 16 | 41.0 | 0.8 |
| 20 | 41.0 | 1.0 |","Expected graph: continuous measured series with connected adjacent points; x-axis external glucose (mM); y-axis mean uptake rate (pmol/min). Required criteria: REPRESENTATION_TYPE, X_UNIT, Y_UNIT, X_SCALE, Y_SCALE, PLOT_VALUES, POINT_CONNECTION, UNCERTAINTY_MARKS.",AP Biology|data analysis|quantitative graphing|response curves,membrane transport|continuous measured series|SEM error bars,"[{""Mean uptake rate (pmol/min)"": 13.0, ""SEM (pmol/min)"": 0.4, ""external glucose (mM)"": 0}, {""Mean uptake rate (pmol/min)"": 12.0, ""SEM (pmol/min)"": 0.6, ""external glucose (mM)"": 1}, {""Mean uptake rate (pmol/min)"": 17.0, ""SEM (pmol/min)"": 0.3, ""external glucose (mM)"": 3}, {""Mean uptake rate (pmol/min)"": 28.0, ""SEM (pmol/min)"": 0.6, ""external glucose (mM)"": 8}, {""Mean uptake rate (pmol/min)"": 31.0, ""SEM (pmol/min)"": 0.8, ""external glucose (mM)"": 12}, {""Mean uptake rate (pmol/min)"": 41.0, ""SEM (pmol/min)"": 0.8, ""external glucose (mM)"": 16}, {""Mean uptake rate (pmol/min)"": 41.0, ""SEM (pmol/min)"": 1.0, ""external glucose (mM)"": 20}]","{""accepted_variants"": [""points connected by line segments""], ""representation"": ""continuous measured series with connected adjacent points"", ""required_uncertainty"": ""symmetric plus/minus one SEM bars"", ""x_axis"": ""external glucose (mM)"", ""y_axis"": ""mean uptake rate (pmol/min)""}","[{""criterion_id"": ""REPRESENTATION_TYPE"", ""met_rule"": ""Uses a continuous x-axis graph with plotted points.""}, {""criterion_id"": ""X_UNIT"", ""met_rule"": ""X-axis includes the required variable and unit.""}, {""criterion_id"": ""Y_UNIT"", ""met_rule"": ""Y-axis includes the required variable and unit.""}, {""criterion_id"": ""X_SCALE"", ""met_rule"": ""Numeric x positions are proportional and interpretable.""}, {""criterion_id"": ""Y_SCALE"", ""met_rule"": ""Y-scale is interpretable and can represent all means and SEM bars.""}, {""criterion_id"": ""PLOT_VALUES"", ""met_rule"": ""All measured means are plotted at recoverable coordinates.""}, {""criterion_id"": ""POINT_CONNECTION"", ""met_rule"": ""Adjacent measured values are connected without replacing points.""}, {""criterion_id"": ""UNCERTAINTY_MARKS"", ""met_rule"": ""Each mean has centered symmetric plus/minus SEM bars.""}]","{""item_seed"": 2047, ""method"": ""seeded_replicate_v2"", ""model"": ""linear(intercept=12.51,top=47.26)"", ""points"": [{""displayed_mean"": 13.0, ""displayed_sem"": 0.4, ""raw_replicate_mean"": 12.32, ""raw_replicate_sem"": 0.376, ""replicates"": [13.2, 13.2, 12.1, 11.4, 11.7], ""true_model_value"": 12.506, ""x"": 0}, {""displayed_mean"": 12.0, ""displayed_sem"": 0.6, ""raw_replicate_mean"": 11.96, ""raw_replicate_sem"": 0.606, ""replicates"": [13.1, 11.7, 9.8, 12.1, 13.1], ""true_model_value"": 14.244, ""x"": 1}, {""displayed_mean"": 17.0, ""displayed_sem"": 0.3, ""raw_replicate_mean"": 17.24, ""raw_replicate_sem"": 0.214, ""replicates"": [17.7, 17.3, 17.1, 16.5, 17.6], ""true_model_value"": 17.719, ""x"": 3}, {""displayed_mean"": 28.0, ""displayed_sem"": 0.6, ""raw_replicate_mean"": 27.66, ""raw_replicate_sem"": 0.61, ""replicates"": [26.1, 29.1, 26.4, 27.9, 28.8], ""true_model_value"": 26.408, ""x"": 8}, {""displayed_mean"": 31.0, ""displayed_sem"": 0.8, ""raw_replicate_mean"": 31.8, ""raw_replicate_sem"": 0.793, ""replicates"": [32.2, 33.5, 29.0, 31.3, 33.0], ""true_model_value"": 33.359, ""x"": 12}, {""displayed_mean"": 41.0, ""displayed_sem"": 0.8, ""raw_replicate_mean"": 40.2, ""raw_replicate_sem"": 0.835, ""replicates"": [39.3, 39.1, 40.3, 43.4, 38.9], ""true_model_value"": 40.309, ""x"": 16}, {""displayed_mean"": 41.0, ""displayed_sem"": 1.0, ""raw_replicate_mean"": 41.16, ""raw_replicate_sem"": 0.975, ""replicates"": [37.5, 41.3, 43.1, 41.4, 42.5], ""true_model_value"": 47.26, ""x"": 20}], ""replicate_n"": 5}",independently_authored_synthetic_research_seed_unverified,Research seed for hand-drawn graph capture and reviewer evaluation. Do not expose criterion definitions to the person drawing the graph.
HDG-2026-P2-SER-049,v0.2-research-seed,frq,short,canonical_answer,continuous_measured_series_supplied_uncertainty,,HDG-2026-P2-SER-049__response-01.jpg,"Researchers measured cell survival at several values of UV exposure time. Use the data table to construct a graph with UV exposure time on the x-axis and mean surviving cells on the y-axis. Plot each mean at its measured x-value, connect adjacent measured values, and include symmetric error bars showing plus or minus one SEM.

Write the item ID HDG-2026-P2-SER-049 at the top of your page.

| UV exposure time (s) | Mean surviving cells (%) | SEM (%) |
| --- | --- | --- |
| 0 | 24.0 | 0.3 |
| 30 | 37.0 | 0.6 |
| 45 | 47.0 | 0.7 |
| 60 | 49.0 | 1.4 |
| 80 | 46.0 | 1.1 |
| 100 | 38.0 | 1.1 |
| 150 | 16.0 | 0.3 |","Expected graph: continuous measured series with connected adjacent points; x-axis UV exposure time (s); y-axis mean surviving cells (%). Required criteria: REPRESENTATION_TYPE, X_UNIT, Y_UNIT, X_SCALE, Y_SCALE, PLOT_VALUES, POINT_CONNECTION, UNCERTAINTY_MARKS.",AP Biology|data analysis|quantitative graphing|response curves,cell survival|continuous measured series|SEM error bars,"[{""Mean surviving cells (%)"": 24.0, ""SEM (%)"": 0.3, ""UV exposure time (s)"": 0}, {""Mean surviving cells (%)"": 37.0, ""SEM (%)"": 0.6, ""UV exposure time (s)"": 30}, {""Mean surviving cells (%)"": 47.0, ""SEM (%)"": 0.7, ""UV exposure time (s)"": 45}, {""Mean surviving cells (%)"": 49.0, ""SEM (%)"": 1.4, ""UV exposure time (s)"": 60}, {""Mean surviving cells (%)"": 46.0, ""SEM (%)"": 1.1, ""UV exposure time (s)"": 80}, {""Mean surviving cells (%)"": 38.0, ""SEM (%)"": 1.1, ""UV exposure time (s)"": 100}, {""Mean surviving cells (%)"": 16.0, ""SEM (%)"": 0.3, ""UV exposure time (s)"": 150}]","{""accepted_variants"": [""points connected by line segments""], ""representation"": ""continuous measured series with connected adjacent points"", ""required_uncertainty"": ""symmetric plus/minus one SEM bars"", ""x_axis"": ""UV exposure time (s)"", ""y_axis"": ""mean surviving cells (%)""}","[{""criterion_id"": ""REPRESENTATION_TYPE"", ""met_rule"": ""Uses a continuous x-axis graph with plotted points.""}, {""criterion_id"": ""X_UNIT"", ""met_rule"": ""X-axis includes the required variable and unit.""}, {""criterion_id"": ""Y_UNIT"", ""met_rule"": ""Y-axis includes the required variable and unit.""}, {""criterion_id"": ""X_SCALE"", ""met_rule"": ""Numeric x positions are proportional and interpretable.""}, {""criterion_id"": ""Y_SCALE"", ""met_rule"": ""Y-scale is interpretable and can represent all means and SEM bars.""}, {""criterion_id"": ""PLOT_VALUES"", ""met_rule"": ""All measured means are plotted at recoverable coordinates.""}, {""criterion_id"": ""POINT_CONNECTION"", ""met_rule"": ""Adjacent measured values are connected without replacing points.""}, {""criterion_id"": ""UNCERTAINTY_MARKS"", ""met_rule"": ""Each mean has centered symmetric plus/minus SEM bars.""}]","{""item_seed"": 2048, ""method"": ""seeded_replicate_v2"", ""model"": ""peak(center=63.7,spread=42.77,amp=39.55,base=11.5)"", ""points"": [{""displayed_mean"": 24.0, ""displayed_sem"": 0.3, ""raw_replicate_mean"": 24.26, ""raw_replicate_sem"": 0.15, ""replicates"": [24.8, 23.9, 24.1, 24.3, 24.2], ""true_model_value"": 24.549, ""x"": 0}, {""displayed_mean"": 37.0, ""displayed_sem"": 0.6, ""raw_replicate_mean"": 37.92, ""raw_replicate_sem"": 0.648, ""replicates"": [36.8, 37.2, 38.7, 36.8, 40.1], ""true_model_value"": 40.497, ""x"": 30}, {""displayed_mean"": 47.0, ""displayed_sem"": 0.7, ""raw_replicate_mean"": 48.92, ""raw_replicate_sem"": 0.684, ""replicates"": [46.6, 50.5, 49.3, 48.3, 49.9], ""true_model_value"": 47.446, ""x"": 45}, {""displayed_mean"": 49.0, ""displayed_sem"": 1.4, ""raw_replicate_mean"": 46.86, ""raw_replicate_sem"": 1.431, ""replicates"": [46.1, 47.8, 43.3, 51.8, 45.3], ""true_model_value"": 50.903, ""x"": 60}, {""displayed_mean"": 46.0, ""displayed_sem"": 1.1, ""raw_replicate_mean"": 47.12, ""raw_replicate_sem"": 1.068, ""replicates"": [44.7, 45.3, 46.5, 48.7, 50.4], ""true_model_value"": 48.282, ""x"": 80}, {""displayed_mean"": 38.0, ""displayed_sem"": 1.1, ""raw_replicate_mean"": 37.8, ""raw_replicate_sem"": 1.065, ""replicates"": [34.5, 39.0, 36.3, 38.7, 40.5], ""true_model_value"": 39.092, ""x"": 100}, {""displayed_mean"": 16.0, ""displayed_sem"": 0.3, ""raw_replicate_mean"": 15.48, ""raw_replicate_sem"": 0.248, ""replicates"": [15.4, 15.7, 15.6, 14.6, 16.1], ""true_model_value"": 16.669, ""x"": 150}], ""replicate_n"": 5}",independently_authored_synthetic_research_seed_unverified,Research seed for hand-drawn graph capture and reviewer evaluation. Do not expose criterion definitions to the person drawing the graph.
HDG-2026-P2-SER-050,v0.2-research-seed,frq,short,canonical_answer,continuous_measured_series_supplied_uncertainty,,HDG-2026-P2-SER-050__response-01.jpg,"Researchers measured enzyme activity at several values of pH. Use the data table to construct a graph with pH on the x-axis and mean relative activity on the y-axis. Plot each mean at its measured x-value, connect adjacent measured values, and include symmetric error bars showing plus or minus one SEM.

Write the item ID HDG-2026-P2-SER-050 at the top of your page.

| pH (pH units) | Mean relative activity (%) | SEM (%) |
| --- | --- | --- |
| 4 | 1.0 | 0.3 |
| 5 | 16.0 | 0.3 |
| 6 | 27.0 | 0.6 |
| 7 | 30.0 | 0.8 |
| 8 | 35.0 | 0.6 |
| 9 | 40.0 | 0.8 |
| 11 | 48.0 | 0.9 |","Expected graph: continuous measured series with connected adjacent points; x-axis pH (pH units); y-axis mean relative activity (%). Required criteria: REPRESENTATION_TYPE, X_UNIT, Y_UNIT, X_SCALE, Y_SCALE, PLOT_VALUES, POINT_CONNECTION, UNCERTAINTY_MARKS.",AP Biology|data analysis|quantitative graphing|response curves,enzyme activity|continuous measured series|SEM error bars,"[{""Mean relative activity (%)"": 1.0, ""SEM (%)"": 0.3, ""pH (pH units)"": 4}, {""Mean relative activity (%)"": 16.0, ""SEM (%)"": 0.3, ""pH (pH units)"": 5}, {""Mean relative activity (%)"": 27.0, ""SEM (%)"": 0.6, ""pH (pH units)"": 6}, {""Mean relative activity (%)"": 30.0, ""SEM (%)"": 0.8, ""pH (pH units)"": 7}, {""Mean relative activity (%)"": 35.0, ""SEM (%)"": 0.6, ""pH (pH units)"": 8}, {""Mean relative activity (%)"": 40.0, ""SEM (%)"": 0.8, ""pH (pH units)"": 9}, {""Mean relative activity (%)"": 48.0, ""SEM (%)"": 0.9, ""pH (pH units)"": 11}]","{""accepted_variants"": [""points connected by line segments""], ""representation"": ""continuous measured series with connected adjacent points"", ""required_uncertainty"": ""symmetric plus/minus one SEM bars"", ""x_axis"": ""pH (pH units)"", ""y_axis"": ""mean relative activity (%)""}","[{""criterion_id"": ""REPRESENTATION_TYPE"", ""met_rule"": ""Uses a continuous x-axis graph with plotted points.""}, {""criterion_id"": ""X_UNIT"", ""met_rule"": ""X-axis includes the required variable and unit.""}, {""criterion_id"": ""Y_UNIT"", ""met_rule"": ""Y-axis includes the required variable and unit.""}, {""criterion_id"": ""X_SCALE"", ""met_rule"": ""Numeric x positions are proportional and interpretable.""}, {""criterion_id"": ""Y_SCALE"", ""met_rule"": ""Y-scale is interpretable and can represent all means and SEM bars.""}, {""criterion_id"": ""PLOT_VALUES"", ""met_rule"": ""All measured means are plotted at recoverable coordinates.""}, {""criterion_id"": ""POINT_CONNECTION"", ""met_rule"": ""Adjacent measured values are connected without replacing points.""}, {""criterion_id"": ""UNCERTAINTY_MARKS"", ""met_rule"": ""Each mean has centered symmetric plus/minus SEM bars.""}]","{""item_seed"": 2049, ""method"": ""seeded_replicate_v2"", ""model"": ""saturating(ymax=46.37,scale=2.41)"", ""points"": [{""displayed_mean"": 1.0, ""displayed_sem"": 0.3, ""raw_replicate_mean"": 0.84, ""raw_replicate_sem"": 0.344, ""replicates"": [0.8, 1.0, -0.1, 0.5, 2.0], ""true_model_value"": 0.0, ""x"": 4}, {""displayed_mean"": 16.0, ""displayed_sem"": 0.3, ""raw_replicate_mean"": 15.78, ""raw_replicate_sem"": 0.34, ""replicates"": [15.7, 16.0, 14.6, 15.9, 16.7], ""true_model_value"": 15.766, ""x"": 5}, {""displayed_mean"": 27.0, ""displayed_sem"": 0.6, ""raw_replicate_mean"": 27.44, ""raw_replicate_sem"": 0.599, ""replicates"": [27.3, 28.8, 27.0, 28.6, 25.5], ""true_model_value"": 26.171, ""x"": 6}, {""displayed_mean"": 30.0, ""displayed_sem"": 0.8, ""raw_replicate_mean"": 28.94, ""raw_replicate_sem"": 0.843, ""replicates"": [28.8, 29.3, 27.7, 27.0, 31.9], ""true_model_value"": 33.038, ""x"": 7}, {""displayed_mean"": 35.0, ""displayed_sem"": 0.6, ""raw_replicate_mean"": 34.46, ""raw_replicate_sem"": 0.561, ""replicates"": [32.8, 33.5, 34.9, 35.4, 35.7], ""true_model_value"": 37.57, ""x"": 8}, {""displayed_mean"": 40.0, ""displayed_sem"": 0.8, ""raw_replicate_mean"": 41.06, ""raw_replicate_sem"": 0.841, ""replicates"": [42.7, 40.4, 39.3, 39.5, 43.4], ""true_model_value"": 40.561, ""x"": 9}, {""displayed_mean"": 48.0, ""displayed_sem"": 0.9, ""raw_replicate_mean"": 48.68, ""raw_replicate_sem"": 0.897, ""replicates"": [47.4, 48.9, 50.9, 46.0, 50.2], ""true_model_value"": 43.837, ""x"": 11}], ""replicate_n"": 5}",independently_authored_synthetic_research_seed_unverified,Research seed for hand-drawn graph capture and reviewer evaluation. Do not expose criterion definitions to the person drawing the graph.
HDG-2026-P2-EST-001,v0.2-research-seed,frq,short,canonical_answer,continuous_relationship_graph_derived_estimate,zero_intercept_estimate,HDG-2026-P2-EST-001__response-01.jpg,"Researchers measured water movement in model cells across a range of external solute concentration. Construct a graph with external solute concentration on the x-axis and percent mass change on the y-axis. Plot the paired observations, draw one best-fit relationship, mark where the relationship crosses zero change, and report the estimated external solute concentration at zero change with units.

Write the item ID HDG-2026-P2-EST-001 at the top of your page.

| external solute concentration (M) | percent mass change (%) |
| --- | --- |
| 0.0 | 18.0 |
| 0.1 | 14.0 |
| 0.2 | 9.0 |
| 0.3 | 3.0 |
| 0.4 | -1.0 |
| 0.6 | -13.0 |
| 0.8 | -20.0 |","Expected graph: paired-data graph with one best-fit relationship and zero-intercept annotation; x-axis external solute concentration (M); y-axis percent mass change (%). Required criteria: REPRESENTATION_TYPE, X_UNIT, Y_UNIT, X_SCALE, Y_SCALE, PLOT_VALUES, BEST_FIT_RELATIONSHIP, ZERO_INTERCEPT_ANNOTATION, ESTIMATE_VALUE.",AP Biology|data analysis|graph-derived estimates|model interpretation,water movement in model cells|zero-intercept estimate|paired data,"[{""external solute concentration (M)"": 0.0, ""percent mass change (%)"": 18.0}, {""external solute concentration (M)"": 0.1, ""percent mass change (%)"": 14.0}, {""external solute concentration (M)"": 0.2, ""percent mass change (%)"": 9.0}, {""external solute concentration (M)"": 0.3, ""percent mass change (%)"": 3.0}, {""external solute concentration (M)"": 0.4, ""percent mass change (%)"": -1.0}, {""external solute concentration (M)"": 0.6, ""percent mass change (%)"": -13.0}, {""external solute concentration (M)"": 0.8, ""percent mass change (%)"": -20.0}]","{""expected_estimate_approx"": 0.37, ""representation"": ""paired-data graph with one best-fit relationship and zero-intercept annotation"", ""required_estimate"": ""x-value where percent mass change equals zero"", ""x_axis"": ""external solute concentration (M)"", ""y_axis"": ""percent mass change (%)""}","[{""criterion_id"": ""REPRESENTATION_TYPE"", ""met_rule"": ""Uses a continuous paired-data graph.""}, {""criterion_id"": ""X_UNIT"", ""met_rule"": ""X-axis includes required variable and unit.""}, {""criterion_id"": ""Y_UNIT"", ""met_rule"": ""Y-axis includes required variable and unit.""}, {""criterion_id"": ""X_SCALE"", ""met_rule"": ""Numeric x positions are proportional and interpretable.""}, {""criterion_id"": ""Y_SCALE"", ""met_rule"": ""Y-axis includes zero and all observations.""}, {""criterion_id"": ""PLOT_VALUES"", ""met_rule"": ""All paired observations are plotted at recoverable coordinates.""}, {""criterion_id"": ""BEST_FIT_RELATIONSHIP"", ""met_rule"": ""One best-fit relationship summarizes the observations.""}, {""criterion_id"": ""ZERO_INTERCEPT_ANNOTATION"", ""met_rule"": ""Annotation visibly links the zero crossing to the x-axis.""}, {""criterion_id"": ""ESTIMATE_VALUE"", ""met_rule"": ""Reported estimate has value and unit consistent with graph annotation.""}]","{""item_seed"": 3000, ""method"": ""seeded_replicate_v2"", ""model"": ""linear(intercept=0.37,slope=-47.239)"", ""points"": [{""displayed_mean"": 18.0, ""displayed_sem"": 0.5, ""raw_replicate_mean"": 18.82, ""raw_replicate_sem"": 0.528, ""replicates"": [17.5, 18.9, 20.7, 18.3, 18.7], ""true_model_value"": 17.478, ""x"": 0.0}, {""displayed_mean"": 14.0, ""displayed_sem"": 0.3, ""raw_replicate_mean"": 14.92, ""raw_replicate_sem"": 0.28, ""replicates"": [15.2, 14.6, 15.6, 15.2, 14.0], ""true_model_value"": 12.755, ""x"": 0.1}, {""displayed_mean"": 9.0, ""displayed_sem"": 0.4, ""raw_replicate_mean"": 8.66, ""raw_replicate_sem"": 0.375, ""replicates"": [8.8, 7.3, 8.7, 9.6, 8.9], ""true_model_value"": 8.031, ""x"": 0.2}, {""displayed_mean"": 3.0, ""displayed_sem"": 0.3, ""raw_replicate_mean"": 3.12, ""raw_replicate_sem"": 0.215, ""replicates"": [2.6, 3.0, 3.8, 2.8, 3.4], ""true_model_value"": 3.307, ""x"": 0.3}, {""displayed_mean"": -1.0, ""displayed_sem"": 0.3, ""raw_replicate_mean"": -1.4, ""raw_replicate_sem"": 0.329, ""replicates"": [-0.2, -1.8, -1.2, -1.8, -2.0], ""true_model_value"": -1.417, ""x"": 0.4}, {""displayed_mean"": -13.0, ""displayed_sem"": 0.6, ""raw_replicate_mean"": -13.22, ""raw_replicate_sem"": 0.576, ""replicates"": [-11.6, -14.1, -13.8, -14.5, -12.1], ""true_model_value"": -10.865, ""x"": 0.6}, {""displayed_mean"": -20.0, ""displayed_sem"": 0.3, ""raw_replicate_mean"": -20.22, ""raw_replicate_sem"": 0.32, ""replicates"": [-19.7, -21.0, -19.8, -21.0, -19.6], ""true_model_value"": -20.313, ""x"": 0.8}], ""replicate_n"": 5, ""true_intercept"": 0.37}",independently_authored_synthetic_research_seed_unverified,Research seed for hand-drawn graph capture and reviewer evaluation. Do not expose criterion definitions to the person drawing the graph.
HDG-2026-P2-EST-002,v0.2-research-seed,frq,short,canonical_answer,continuous_relationship_graph_derived_estimate,zero_intercept_estimate,HDG-2026-P2-EST-002__response-01.jpg,"Researchers measured dialysis bag mass change across a range of sucrose concentration. Construct a graph with sucrose concentration on the x-axis and percent mass change on the y-axis. Plot the paired observations, draw one best-fit relationship, mark where the relationship crosses zero change, and report the estimated sucrose concentration at zero change with units.

Write the item ID HDG-2026-P2-EST-002 at the top of your page.

| sucrose concentration (M) | percent mass change (%) |
| --- | --- |
| 0.0 | 24.0 |
| 0.1 | 19.0 |
| 0.2 | 11.0 |
| 0.35 | 4.0 |
| 0.5 | -4.0 |
| 0.7 | -14.0 |
| 0.9 | -25.0 |","Expected graph: paired-data graph with one best-fit relationship and zero-intercept annotation; x-axis sucrose concentration (M); y-axis percent mass change (%). Required criteria: REPRESENTATION_TYPE, X_UNIT, Y_UNIT, X_SCALE, Y_SCALE, PLOT_VALUES, BEST_FIT_RELATIONSHIP, ZERO_INTERCEPT_ANNOTATION, ESTIMATE_VALUE.",AP Biology|data analysis|graph-derived estimates|model interpretation,dialysis bag mass change|zero-intercept estimate|paired data,"[{""percent mass change (%)"": 24.0, ""sucrose concentration (M)"": 0.0}, {""percent mass change (%)"": 19.0, ""sucrose concentration (M)"": 0.1}, {""percent mass change (%)"": 11.0, ""sucrose concentration (M)"": 0.2}, {""percent mass change (%)"": 4.0, ""sucrose concentration (M)"": 0.35}, {""percent mass change (%)"": -4.0, ""sucrose concentration (M)"": 0.5}, {""percent mass change (%)"": -14.0, ""sucrose concentration (M)"": 0.7}, {""percent mass change (%)"": -25.0, ""sucrose concentration (M)"": 0.9}]","{""expected_estimate_approx"": 0.41, ""representation"": ""paired-data graph with one best-fit relationship and zero-intercept annotation"", ""required_estimate"": ""x-value where percent mass change equals zero"", ""x_axis"": ""sucrose concentration (M)"", ""y_axis"": ""percent mass change (%)""}","[{""criterion_id"": ""REPRESENTATION_TYPE"", ""met_rule"": ""Uses a continuous paired-data graph.""}, {""criterion_id"": ""X_UNIT"", ""met_rule"": ""X-axis includes required variable and unit.""}, {""criterion_id"": ""Y_UNIT"", ""met_rule"": ""Y-axis includes required variable and unit.""}, {""criterion_id"": ""X_SCALE"", ""met_rule"": ""Numeric x positions are proportional and interpretable.""}, {""criterion_id"": ""Y_SCALE"", ""met_rule"": ""Y-axis includes zero and all observations.""}, {""criterion_id"": ""PLOT_VALUES"", ""met_rule"": ""All paired observations are plotted at recoverable coordinates.""}, {""criterion_id"": ""BEST_FIT_RELATIONSHIP"", ""met_rule"": ""One best-fit relationship summarizes the observations.""}, {""criterion_id"": ""ZERO_INTERCEPT_ANNOTATION"", ""met_rule"": ""Annotation visibly links the zero crossing to the x-axis.""}, {""criterion_id"": ""ESTIMATE_VALUE"", ""met_rule"": ""Reported estimate has value and unit consistent with graph annotation.""}]","{""item_seed"": 3001, ""method"": ""seeded_replicate_v2"", ""model"": ""linear(intercept=0.41,slope=-51.763)"", ""points"": [{""displayed_mean"": 24.0, ""displayed_sem"": 0.5, ""raw_replicate_mean"": 24.02, ""raw_replicate_sem"": 0.522, ""replicates"": [24.4, 22.4, 24.1, 25.6, 23.6], ""true_model_value"": 21.223, ""x"": 0.0}, {""displayed_mean"": 19.0, ""displayed_sem"": 0.8, ""raw_replicate_mean"": 19.32, ""raw_replicate_sem"": 0.793, ""replicates"": [22.2, 17.7, 19.0, 18.1, 19.6], ""true_model_value"": 16.047, ""x"": 0.1}, {""displayed_mean"": 11.0, ""displayed_sem"": 0.3, ""raw_replicate_mean"": 10.82, ""raw_replicate_sem"": 0.315, ""replicates"": [11.1, 11.5, 10.6, 9.7, 11.2], ""true_model_value"": 10.87, ""x"": 0.2}, {""displayed_mean"": 4.0, ""displayed_sem"": 0.4, ""raw_replicate_mean"": 4.22, ""raw_replicate_sem"": 0.436, ""replicates"": [4.5, 2.5, 4.5, 4.9, 4.7], ""true_model_value"": 3.106, ""x"": 0.35}, {""displayed_mean"": -4.0, ""displayed_sem"": 0.3, ""raw_replicate_mean"": -3.98, ""raw_replicate_sem"": 0.242, ""replicates"": [-4.5, -3.6, -4.6, -3.8, -3.4], ""true_model_value"": -4.659, ""x"": 0.5}, {""displayed_mean"": -14.0, ""displayed_sem"": 0.8, ""raw_replicate_mean"": -14.2, ""raw_replicate_sem"": 0.849, ""replicates"": [-15.5, -12.7, -13.1, -12.8, -16.9], ""true_model_value"": -15.011, ""x"": 0.7}, {""displayed_mean"": -25.0, ""displayed_sem"": 1.3, ""raw_replicate_mean"": -25.4, ""raw_replicate_sem"": 1.271, ""replicates"": [-28.9, -25.2, -24.0, -21.6, -27.3], ""true_model_value"": -25.364, ""x"": 0.9}], ""replicate_n"": 5, ""true_intercept"": 0.41}",independently_authored_synthetic_research_seed_unverified,Research seed for hand-drawn graph capture and reviewer evaluation. Do not expose criterion definitions to the person drawing the graph.
HDG-2026-P2-EST-003,v0.2-research-seed,frq,short,canonical_answer,continuous_relationship_graph_derived_estimate,zero_intercept_estimate,HDG-2026-P2-EST-003__response-01.jpg,"Researchers measured plant tissue osmosis across a range of external salt concentration. Construct a graph with external salt concentration on the x-axis and percent mass change on the y-axis. Plot the paired observations, draw one best-fit relationship, mark where the relationship crosses zero change, and report the estimated external salt concentration at zero change with units.

Write the item ID HDG-2026-P2-EST-003 at the top of your page.

| external salt concentration (%) | percent mass change (%) |
| --- | --- |
| 0.0 | 20.0 |
| 0.5 | 15.0 |
| 1.0 | 6.0 |
| 1.5 | 0.0 |
| 2.0 | -6.0 |
| 3.0 | -18.0 |
| 4.0 | -28.0 |","Expected graph: paired-data graph with one best-fit relationship and zero-intercept annotation; x-axis external salt concentration (%); y-axis percent mass change (%). Required criteria: REPRESENTATION_TYPE, X_UNIT, Y_UNIT, X_SCALE, Y_SCALE, PLOT_VALUES, BEST_FIT_RELATIONSHIP, ZERO_INTERCEPT_ANNOTATION, ESTIMATE_VALUE.",AP Biology|data analysis|graph-derived estimates|model interpretation,plant tissue osmosis|zero-intercept estimate|paired data,"[{""external salt concentration (%)"": 0.0, ""percent mass change (%)"": 20.0}, {""external salt concentration (%)"": 0.5, ""percent mass change (%)"": 15.0}, {""external salt concentration (%)"": 1.0, ""percent mass change (%)"": 6.0}, {""external salt concentration (%)"": 1.5, ""percent mass change (%)"": 0.0}, {""external salt concentration (%)"": 2.0, ""percent mass change (%)"": -6.0}, {""external salt concentration (%)"": 3.0, ""percent mass change (%)"": -18.0}, {""external salt concentration (%)"": 4.0, ""percent mass change (%)"": -28.0}]","{""expected_estimate_approx"": 1.56, ""representation"": ""paired-data graph with one best-fit relationship and zero-intercept annotation"", ""required_estimate"": ""x-value where percent mass change equals zero"", ""x_axis"": ""external salt concentration (%)"", ""y_axis"": ""percent mass change (%)""}","[{""criterion_id"": ""REPRESENTATION_TYPE"", ""met_rule"": ""Uses a continuous paired-data graph.""}, {""criterion_id"": ""X_UNIT"", ""met_rule"": ""X-axis includes required variable and unit.""}, {""criterion_id"": ""Y_UNIT"", ""met_rule"": ""Y-axis includes required variable and unit.""}, {""criterion_id"": ""X_SCALE"", ""met_rule"": ""Numeric x positions are proportional and interpretable.""}, {""criterion_id"": ""Y_SCALE"", ""met_rule"": ""Y-axis includes zero and all observations.""}, {""criterion_id"": ""PLOT_VALUES"", ""met_rule"": ""All paired observations are plotted at recoverable coordinates.""}, {""criterion_id"": ""BEST_FIT_RELATIONSHIP"", ""met_rule"": ""One best-fit relationship summarizes the observations.""}, {""criterion_id"": ""ZERO_INTERCEPT_ANNOTATION"", ""met_rule"": ""Annotation visibly links the zero crossing to the x-axis.""}, {""criterion_id"": ""ESTIMATE_VALUE"", ""met_rule"": ""Reported estimate has value and unit consistent with graph annotation.""}]","{""item_seed"": 3002, ""method"": ""seeded_replicate_v2"", ""model"": ""linear(intercept=1.56,slope=-13.237)"", ""points"": [{""displayed_mean"": 20.0, ""displayed_sem"": 0.3, ""raw_replicate_mean"": 20.2, ""raw_replicate_sem"": 0.251, ""replicates"": [21.0, 19.8, 20.5, 20.1, 19.6], ""true_model_value"": 20.65, ""x"": 0.0}, {""displayed_mean"": 15.0, ""displayed_sem"": 0.6, ""raw_replicate_mean"": 14.2, ""raw_replicate_sem"": 0.551, ""replicates"": [13.3, 14.3, 13.5, 13.6, 16.3], ""true_model_value"": 14.031, ""x"": 0.5}, {""displayed_mean"": 6.0, ""displayed_sem"": 0.3, ""raw_replicate_mean"": 6.28, ""raw_replicate_sem"": 0.26, ""replicates"": [6.9, 6.7, 6.2, 6.2, 5.4], ""true_model_value"": 7.413, ""x"": 1.0}, {""displayed_mean"": 0.0, ""displayed_sem"": 0.3, ""raw_replicate_mean"": -0.06, ""raw_replicate_sem"": 0.328, ""replicates"": [-1.0, -0.6, 0.8, 0.1, 0.4], ""true_model_value"": 0.794, ""x"": 1.5}, {""displayed_mean"": -6.0, ""displayed_sem"": 0.4, ""raw_replicate_mean"": -5.6, ""raw_replicate_sem"": 0.406, ""replicates"": [-5.9, -7.0, -5.3, -5.2, -4.6], ""true_model_value"": -5.824, ""x"": 2.0}, {""displayed_mean"": -18.0, ""displayed_sem"": 0.3, ""raw_replicate_mean"": -17.32, ""raw_replicate_sem"": 0.328, ""replicates"": [-17.5, -16.8, -18.4, -16.5, -17.4], ""true_model_value"": -19.062, ""x"": 3.0}, {""displayed_mean"": -28.0, ""displayed_sem"": 0.7, ""raw_replicate_mean"": -27.06, ""raw_replicate_sem"": 0.703, ""replicates"": [-27.8, -27.4, -25.2, -25.8, -29.1], ""true_model_value"": -32.299, ""x"": 4.0}], ""replicate_n"": 5, ""true_intercept"": 1.56}",independently_authored_synthetic_research_seed_unverified,Research seed for hand-drawn graph capture and reviewer evaluation. Do not expose criterion definitions to the person drawing the graph.
HDG-2026-P2-EST-004,v0.2-research-seed,frq,short,canonical_answer,continuous_relationship_graph_derived_estimate,zero_intercept_estimate,HDG-2026-P2-EST-004__response-01.jpg,"Researchers measured enzyme inhibitor response across a range of inhibitor concentration. Construct a graph with inhibitor concentration on the x-axis and change from control on the y-axis. Plot the paired observations, draw one best-fit relationship, mark where the relationship crosses zero change, and report the estimated inhibitor concentration at zero change with units.

Write the item ID HDG-2026-P2-EST-004 at the top of your page.

| inhibitor concentration (mM) | change from control (%) |
| --- | --- |
| 0 | 37.0 |
| 2 | 31.0 |
| 5 | 23.0 |
| 8 | 14.0 |
| 12 | 2.0 |
| 18 | -16.0 |
| 25 | -41.0 |","Expected graph: paired-data graph with one best-fit relationship and zero-intercept annotation; x-axis inhibitor concentration (mM); y-axis change from control (%). Required criteria: REPRESENTATION_TYPE, X_UNIT, Y_UNIT, X_SCALE, Y_SCALE, PLOT_VALUES, BEST_FIT_RELATIONSHIP, ZERO_INTERCEPT_ANNOTATION, ESTIMATE_VALUE.",AP Biology|data analysis|graph-derived estimates|model interpretation,enzyme inhibitor response|zero-intercept estimate|paired data,"[{""change from control (%)"": 37.0, ""inhibitor concentration (mM)"": 0}, {""change from control (%)"": 31.0, ""inhibitor concentration (mM)"": 2}, {""change from control (%)"": 23.0, ""inhibitor concentration (mM)"": 5}, {""change from control (%)"": 14.0, ""inhibitor concentration (mM)"": 8}, {""change from control (%)"": 2.0, ""inhibitor concentration (mM)"": 12}, {""change from control (%)"": -16.0, ""inhibitor concentration (mM)"": 18}, {""change from control (%)"": -41.0, ""inhibitor concentration (mM)"": 25}]","{""expected_estimate_approx"": 12.53, ""representation"": ""paired-data graph with one best-fit relationship and zero-intercept annotation"", ""required_estimate"": ""x-value where change from control equals zero"", ""x_axis"": ""inhibitor concentration (mM)"", ""y_axis"": ""change from control (%)""}","[{""criterion_id"": ""REPRESENTATION_TYPE"", ""met_rule"": ""Uses a continuous paired-data graph.""}, {""criterion_id"": ""X_UNIT"", ""met_rule"": ""X-axis includes required variable and unit.""}, {""criterion_id"": ""Y_UNIT"", ""met_rule"": ""Y-axis includes required variable and unit.""}, {""criterion_id"": ""X_SCALE"", ""met_rule"": ""Numeric x positions are proportional and interpretable.""}, {""criterion_id"": ""Y_SCALE"", ""met_rule"": ""Y-axis includes zero and all observations.""}, {""criterion_id"": ""PLOT_VALUES"", ""met_rule"": ""All paired observations are plotted at recoverable coordinates.""}, {""criterion_id"": ""BEST_FIT_RELATIONSHIP"", ""met_rule"": ""One best-fit relationship summarizes the observations.""}, {""criterion_id"": ""ZERO_INTERCEPT_ANNOTATION"", ""met_rule"": ""Annotation visibly links the zero crossing to the x-axis.""}, {""criterion_id"": ""ESTIMATE_VALUE"", ""met_rule"": ""Reported estimate has value and unit consistent with graph annotation.""}]","{""item_seed"": 3003, ""method"": ""seeded_replicate_v2"", ""model"": ""linear(intercept=12.53,slope=-3.015)"", ""points"": [{""displayed_mean"": 37.0, ""displayed_sem"": 1.0, ""raw_replicate_mean"": 34.82, ""raw_replicate_sem"": 1.044, ""replicates"": [33.1, 36.4, 31.6, 36.1, 36.9], ""true_model_value"": 37.783, ""x"": 0}, {""displayed_mean"": 31.0, ""displayed_sem"": 0.8, ""raw_replicate_mean"": 31.6, ""raw_replicate_sem"": 0.815, ""replicates"": [33.0, 30.2, 29.8, 34.0, 31.0], ""true_model_value"": 31.752, ""x"": 2}, {""displayed_mean"": 23.0, ""displayed_sem"": 0.9, ""raw_replicate_mean"": 21.62, ""raw_replicate_sem"": 0.853, ""replicates"": [20.0, 24.1, 20.0, 23.2, 20.8], ""true_model_value"": 22.706, ""x"": 5}, {""displayed_mean"": 14.0, ""displayed_sem"": 0.4, ""raw_replicate_mean"": 13.58, ""raw_replicate_sem"": 0.431, ""replicates"": [13.6, 15.2, 12.7, 13.3, 13.1], ""true_model_value"": 13.66, ""x"": 8}, {""displayed_mean"": 2.0, ""displayed_sem"": 0.3, ""raw_replicate_mean"": 2.66, ""raw_replicate_sem"": 0.238, ""replicates"": [2.9, 2.1, 3.4, 2.7, 2.2], ""true_model_value"": 1.598, ""x"": 12}, {""displayed_mean"": -16.0, ""displayed_sem"": 0.4, ""raw_replicate_mean"": -16.28, ""raw_replicate_sem"": 0.44, ""replicates"": [-16.7, -15.6, -16.6, -17.5, -15.0], ""true_model_value"": -16.494, ""x"": 18}, {""displayed_mean"": -41.0, ""displayed_sem"": 0.7, ""raw_replicate_mean"": -40.1, ""raw_replicate_sem"": 0.663, ""replicates"": [-42.0, -38.8, -40.6, -40.7, -38.4], ""true_model_value"": -37.602, ""x"": 25}], ""replicate_n"": 5, ""true_intercept"": 12.53}",independently_authored_synthetic_research_seed_unverified,Research seed for hand-drawn graph capture and reviewer evaluation. Do not expose criterion definitions to the person drawing the graph.
HDG-2026-P2-EST-005,v0.2-research-seed,frq,short,canonical_answer,continuous_relationship_graph_derived_estimate,zero_intercept_estimate,HDG-2026-P2-EST-005__response-01.jpg,"Researchers measured microbial growth balance across a range of antibiotic concentration. Construct a graph with antibiotic concentration on the x-axis and net growth change on the y-axis. Plot the paired observations, draw one best-fit relationship, mark where the relationship crosses zero change, and report the estimated antibiotic concentration at zero change with units.

Write the item ID HDG-2026-P2-EST-005 at the top of your page.

| antibiotic concentration (ug/mL) | net growth change (%) |
| --- | --- |
| 0 | 32.0 |
| 1 | 24.0 |
| 2 | 19.0 |
| 4 | 11.0 |
| 8 | -9.0 |
| 12 | -30.0 |
| 16 | -45.0 |","Expected graph: paired-data graph with one best-fit relationship and zero-intercept annotation; x-axis antibiotic concentration (ug/mL); y-axis net growth change (%). Required criteria: REPRESENTATION_TYPE, X_UNIT, Y_UNIT, X_SCALE, Y_SCALE, PLOT_VALUES, BEST_FIT_RELATIONSHIP, ZERO_INTERCEPT_ANNOTATION, ESTIMATE_VALUE.",AP Biology|data analysis|graph-derived estimates|model interpretation,microbial growth balance|zero-intercept estimate|paired data,"[{""antibiotic concentration (ug/mL)"": 0, ""net growth change (%)"": 32.0}, {""antibiotic concentration (ug/mL)"": 1, ""net growth change (%)"": 24.0}, {""antibiotic concentration (ug/mL)"": 2, ""net growth change (%)"": 19.0}, {""antibiotic concentration (ug/mL)"": 4, ""net growth change (%)"": 11.0}, {""antibiotic concentration (ug/mL)"": 8, ""net growth change (%)"": -9.0}, {""antibiotic concentration (ug/mL)"": 12, ""net growth change (%)"": -30.0}, {""antibiotic concentration (ug/mL)"": 16, ""net growth change (%)"": -45.0}]","{""expected_estimate_approx"": 6.31, ""representation"": ""paired-data graph with one best-fit relationship and zero-intercept annotation"", ""required_estimate"": ""x-value where net growth change equals zero"", ""x_axis"": ""antibiotic concentration (ug/mL)"", ""y_axis"": ""net growth change (%)""}","[{""criterion_id"": ""REPRESENTATION_TYPE"", ""met_rule"": ""Uses a continuous paired-data graph.""}, {""criterion_id"": ""X_UNIT"", ""met_rule"": ""X-axis includes required variable and unit.""}, {""criterion_id"": ""Y_UNIT"", ""met_rule"": ""Y-axis includes required variable and unit.""}, {""criterion_id"": ""X_SCALE"", ""met_rule"": ""Numeric x positions are proportional and interpretable.""}, {""criterion_id"": ""Y_SCALE"", ""met_rule"": ""Y-axis includes zero and all observations.""}, {""criterion_id"": ""PLOT_VALUES"", ""met_rule"": ""All paired observations are plotted at recoverable coordinates.""}, {""criterion_id"": ""BEST_FIT_RELATIONSHIP"", ""met_rule"": ""One best-fit relationship summarizes the observations.""}, {""criterion_id"": ""ZERO_INTERCEPT_ANNOTATION"", ""met_rule"": ""Annotation visibly links the zero crossing to the x-axis.""}, {""criterion_id"": ""ESTIMATE_VALUE"", ""met_rule"": ""Reported estimate has value and unit consistent with graph annotation.""}]","{""item_seed"": 3004, ""method"": ""seeded_replicate_v2"", ""model"": ""linear(intercept=6.31,slope=-4.704)"", ""points"": [{""displayed_mean"": 32.0, ""displayed_sem"": 0.7, ""raw_replicate_mean"": 31.4, ""raw_replicate_sem"": 0.695, ""replicates"": [32.0, 30.0, 32.1, 29.6, 33.3], ""true_model_value"": 29.681, ""x"": 0}, {""displayed_mean"": 24.0, ""displayed_sem"": 0.6, ""raw_replicate_mean"": 24.08, ""raw_replicate_sem"": 0.625, ""replicates"": [23.5, 25.4, 22.5, 25.7, 23.3], ""true_model_value"": 24.977, ""x"": 1}, {""displayed_mean"": 19.0, ""displayed_sem"": 0.7, ""raw_replicate_mean"": 19.0, ""raw_replicate_sem"": 0.704, ""replicates"": [19.1, 17.0, 17.9, 20.2, 20.8], ""true_model_value"": 20.274, ""x"": 2}, {""displayed_mean"": 11.0, ""displayed_sem"": 0.3, ""raw_replicate_mean"": 10.86, ""raw_replicate_sem"": 0.121, ""replicates"": [11.0, 10.9, 10.7, 10.5, 11.2], ""true_model_value"": 10.866, ""x"": 4}, {""displayed_mean"": -9.0, ""displayed_sem"": 0.3, ""raw_replicate_mean"": -8.94, ""raw_replicate_sem"": 0.268, ""replicates"": [-8.2, -9.8, -9.0, -9.1, -8.6], ""true_model_value"": -7.949, ""x"": 8}, {""displayed_mean"": -30.0, ""displayed_sem"": 0.4, ""raw_replicate_mean"": -30.14, ""raw_replicate_sem"": 0.393, ""replicates"": [-30.2, -31.1, -30.7, -29.9, -28.8], ""true_model_value"": -26.765, ""x"": 12}, {""displayed_mean"": -45.0, ""displayed_sem"": 1.0, ""raw_replicate_mean"": -45.48, ""raw_replicate_sem"": 0.999, ""replicates"": [-47.0, -47.8, -43.3, -42.9, -46.4], ""true_model_value"": -45.58, ""x"": 16}], ""replicate_n"": 5, ""true_intercept"": 6.31}",independently_authored_synthetic_research_seed_unverified,Research seed for hand-drawn graph capture and reviewer evaluation. Do not expose criterion definitions to the person drawing the graph.
HDG-2026-P2-EST-006,v0.2-research-seed,frq,short,canonical_answer,continuous_relationship_graph_derived_estimate,zero_intercept_estimate,HDG-2026-P2-EST-006__response-01.jpg,"Researchers measured water movement in model cells across a range of external solute concentration. Construct a graph with external solute concentration on the x-axis and percent mass change on the y-axis. Plot the paired observations, draw one best-fit relationship, mark where the relationship crosses zero change, and report the estimated external solute concentration at zero change with units.

Write the item ID HDG-2026-P2-EST-006 at the top of your page.

| external solute concentration (M) | percent mass change (%) |
| --- | --- |
| 0.0 | 25.0 |
| 0.1 | 18.0 |
| 0.2 | 15.0 |
| 0.3 | 7.0 |
| 0.4 | 6.0 |
| 0.6 | -6.0 |
| 0.8 | -13.0 |","Expected graph: paired-data graph with one best-fit relationship and zero-intercept annotation; x-axis external solute concentration (M); y-axis percent mass change (%). Required criteria: REPRESENTATION_TYPE, X_UNIT, Y_UNIT, X_SCALE, Y_SCALE, PLOT_VALUES, BEST_FIT_RELATIONSHIP, ZERO_INTERCEPT_ANNOTATION, ESTIMATE_VALUE.",AP Biology|data analysis|graph-derived estimates|model interpretation,water movement in model cells|zero-intercept estimate|paired data,"[{""external solute concentration (M)"": 0.0, ""percent mass change (%)"": 25.0}, {""external solute concentration (M)"": 0.1, ""percent mass change (%)"": 18.0}, {""external solute concentration (M)"": 0.2, ""percent mass change (%)"": 15.0}, {""external solute concentration (M)"": 0.3, ""percent mass change (%)"": 7.0}, {""external solute concentration (M)"": 0.4, ""percent mass change (%)"": 6.0}, {""external solute concentration (M)"": 0.6, ""percent mass change (%)"": -6.0}, {""external solute concentration (M)"": 0.8, ""percent mass change (%)"": -13.0}]","{""expected_estimate_approx"": 0.5, ""representation"": ""paired-data graph with one best-fit relationship and zero-intercept annotation"", ""required_estimate"": ""x-value where percent mass change equals zero"", ""x_axis"": ""external solute concentration (M)"", ""y_axis"": ""percent mass change (%)""}","[{""criterion_id"": ""REPRESENTATION_TYPE"", ""met_rule"": ""Uses a continuous paired-data graph.""}, {""criterion_id"": ""X_UNIT"", ""met_rule"": ""X-axis includes required variable and unit.""}, {""criterion_id"": ""Y_UNIT"", ""met_rule"": ""Y-axis includes required variable and unit.""}, {""criterion_id"": ""X_SCALE"", ""met_rule"": ""Numeric x positions are proportional and interpretable.""}, {""criterion_id"": ""Y_SCALE"", ""met_rule"": ""Y-axis includes zero and all observations.""}, {""criterion_id"": ""PLOT_VALUES"", ""met_rule"": ""All paired observations are plotted at recoverable coordinates.""}, {""criterion_id"": ""BEST_FIT_RELATIONSHIP"", ""met_rule"": ""One best-fit relationship summarizes the observations.""}, {""criterion_id"": ""ZERO_INTERCEPT_ANNOTATION"", ""met_rule"": ""Annotation visibly links the zero crossing to the x-axis.""}, {""criterion_id"": ""ESTIMATE_VALUE"", ""met_rule"": ""Reported estimate has value and unit consistent with graph annotation.""}]","{""item_seed"": 3005, ""method"": ""seeded_replicate_v2"", ""model"": ""linear(intercept=0.5,slope=-47.859)"", ""points"": [{""displayed_mean"": 25.0, ""displayed_sem"": 1.0, ""raw_replicate_mean"": 24.2, ""raw_replicate_sem"": 0.954, ""replicates"": [27.4, 22.5, 22.0, 24.6, 24.5], ""true_model_value"": 23.93, ""x"": 0.0}, {""displayed_mean"": 18.0, ""displayed_sem"": 0.5, ""raw_replicate_mean"": 18.7, ""raw_replicate_sem"": 0.469, ""replicates"": [18.0, 17.4, 19.7, 18.6, 19.8], ""true_model_value"": 19.144, ""x"": 0.1}, {""displayed_mean"": 15.0, ""displayed_sem"": 0.7, ""raw_replicate_mean"": 15.34, ""raw_replicate_sem"": 0.695, ""replicates"": [16.5, 16.1, 14.2, 13.2, 16.7], ""true_model_value"": 14.358, ""x"": 0.2}, {""displayed_mean"": 7.0, ""displayed_sem"": 0.4, ""raw_replicate_mean"": 6.7, ""raw_replicate_sem"": 0.427, ""replicates"": [6.6, 6.2, 6.6, 5.8, 8.3], ""true_model_value"": 9.572, ""x"": 0.3}, {""displayed_mean"": 6.0, ""displayed_sem"": 0.4, ""raw_replicate_mean"": 6.34, ""raw_replicate_sem"": 0.418, ""replicates"": [7.5, 6.6, 6.3, 6.4, 4.9], ""true_model_value"": 4.786, ""x"": 0.4}, {""displayed_mean"": -6.0, ""displayed_sem"": 0.3, ""raw_replicate_mean"": -5.76, ""raw_replicate_sem"": 0.258, ""replicates"": [-5.8, -5.4, -6.7, -5.2, -5.7], ""true_model_value"": -4.786, ""x"": 0.6}, {""displayed_mean"": -13.0, ""displayed_sem"": 0.5, ""raw_replicate_mean"": -13.02, ""raw_replicate_sem"": 0.485, ""replicates"": [-14.3, -13.2, -11.3, -13.3, -13.0], ""true_model_value"": -14.358, ""x"": 0.8}], ""replicate_n"": 5, ""true_intercept"": 0.5}",independently_authored_synthetic_research_seed_unverified,Research seed for hand-drawn graph capture and reviewer evaluation. Do not expose criterion definitions to the person drawing the graph.
HDG-2026-P2-EST-007,v0.2-research-seed,frq,short,canonical_answer,continuous_relationship_graph_derived_estimate,zero_intercept_estimate,HDG-2026-P2-EST-007__response-01.jpg,"Researchers measured dialysis bag mass change across a range of sucrose concentration. Construct a graph with sucrose concentration on the x-axis and percent mass change on the y-axis. Plot the paired observations, draw one best-fit relationship, mark where the relationship crosses zero change, and report the estimated sucrose concentration at zero change with units.

Write the item ID HDG-2026-P2-EST-007 at the top of your page.

| sucrose concentration (M) | percent mass change (%) |
| --- | --- |
| 0.0 | 16.0 |
| 0.1 | 16.0 |
| 0.2 | 10.0 |
| 0.35 | 4.0 |
| 0.5 | -2.0 |
| 0.7 | -9.0 |
| 0.9 | -12.0 |","Expected graph: paired-data graph with one best-fit relationship and zero-intercept annotation; x-axis sucrose concentration (M); y-axis percent mass change (%). Required criteria: REPRESENTATION_TYPE, X_UNIT, Y_UNIT, X_SCALE, Y_SCALE, PLOT_VALUES, BEST_FIT_RELATIONSHIP, ZERO_INTERCEPT_ANNOTATION, ESTIMATE_VALUE.",AP Biology|data analysis|graph-derived estimates|model interpretation,dialysis bag mass change|zero-intercept estimate|paired data,"[{""percent mass change (%)"": 16.0, ""sucrose concentration (M)"": 0.0}, {""percent mass change (%)"": 16.0, ""sucrose concentration (M)"": 0.1}, {""percent mass change (%)"": 10.0, ""sucrose concentration (M)"": 0.2}, {""percent mass change (%)"": 4.0, ""sucrose concentration (M)"": 0.35}, {""percent mass change (%)"": -2.0, ""sucrose concentration (M)"": 0.5}, {""percent mass change (%)"": -9.0, ""sucrose concentration (M)"": 0.7}, {""percent mass change (%)"": -12.0, ""sucrose concentration (M)"": 0.9}]","{""expected_estimate_approx"": 0.48, ""representation"": ""paired-data graph with one best-fit relationship and zero-intercept annotation"", ""required_estimate"": ""x-value where percent mass change equals zero"", ""x_axis"": ""sucrose concentration (M)"", ""y_axis"": ""percent mass change (%)""}","[{""criterion_id"": ""REPRESENTATION_TYPE"", ""met_rule"": ""Uses a continuous paired-data graph.""}, {""criterion_id"": ""X_UNIT"", ""met_rule"": ""X-axis includes required variable and unit.""}, {""criterion_id"": ""Y_UNIT"", ""met_rule"": ""Y-axis includes required variable and unit.""}, {""criterion_id"": ""X_SCALE"", ""met_rule"": ""Numeric x positions are proportional and interpretable.""}, {""criterion_id"": ""Y_SCALE"", ""met_rule"": ""Y-axis includes zero and all observations.""}, {""criterion_id"": ""PLOT_VALUES"", ""met_rule"": ""All paired observations are plotted at recoverable coordinates.""}, {""criterion_id"": ""BEST_FIT_RELATIONSHIP"", ""met_rule"": ""One best-fit relationship summarizes the observations.""}, {""criterion_id"": ""ZERO_INTERCEPT_ANNOTATION"", ""met_rule"": ""Annotation visibly links the zero crossing to the x-axis.""}, {""criterion_id"": ""ESTIMATE_VALUE"", ""met_rule"": ""Reported estimate has value and unit consistent with graph annotation.""}]","{""item_seed"": 3006, ""method"": ""seeded_replicate_v2"", ""model"": ""linear(intercept=0.48,slope=-39.581)"", ""points"": [{""displayed_mean"": 16.0, ""displayed_sem"": 0.6, ""raw_replicate_mean"": 16.1, ""raw_replicate_sem"": 0.569, ""replicates"": [16.4, 17.2, 17.2, 15.5, 14.2], ""true_model_value"": 18.999, ""x"": 0.0}, {""displayed_mean"": 16.0, ""displayed_sem"": 0.6, ""raw_replicate_mean"": 16.02, ""raw_replicate_sem"": 0.551, ""replicates"": [15.7, 14.2, 16.7, 17.5, 16.0], ""true_model_value"": 15.041, ""x"": 0.1}, {""displayed_mean"": 10.0, ""displayed_sem"": 0.4, ""raw_replicate_mean"": 9.36, ""raw_replicate_sem"": 0.403, ""replicates"": [7.8, 9.5, 9.6, 10.1, 9.8], ""true_model_value"": 11.083, ""x"": 0.2}, {""displayed_mean"": 4.0, ""displayed_sem"": 0.3, ""raw_replicate_mean"": 3.78, ""raw_replicate_sem"": 0.271, ""replicates"": [4.0, 4.1, 2.7, 4.0, 4.1], ""true_model_value"": 5.145, ""x"": 0.35}, {""displayed_mean"": -2.0, ""displayed_sem"": 0.4, ""raw_replicate_mean"": -2.48, ""raw_replicate_sem"": 0.44, ""replicates"": [-1.8, -4.1, -2.5, -1.6, -2.4], ""true_model_value"": -0.792, ""x"": 0.5}, {""displayed_mean"": -9.0, ""displayed_sem"": 0.6, ""raw_replicate_mean"": -9.34, ""raw_replicate_sem"": 0.575, ""replicates"": [-10.1, -7.6, -8.6, -9.5, -10.9], ""true_model_value"": -8.708, ""x"": 0.7}, {""displayed_mean"": -12.0, ""displayed_sem"": 0.7, ""raw_replicate_mean"": -12.84, ""raw_replicate_sem"": 0.717, ""replicates"": [-11.2, -13.0, -15.2, -13.3, -11.5], ""true_model_value"": -16.624, ""x"": 0.9}], ""replicate_n"": 5, ""true_intercept"": 0.48}",independently_authored_synthetic_research_seed_unverified,Research seed for hand-drawn graph capture and reviewer evaluation. Do not expose criterion definitions to the person drawing the graph.
HDG-2026-P2-EST-008,v0.2-research-seed,frq,short,canonical_answer,continuous_relationship_graph_derived_estimate,zero_intercept_estimate,HDG-2026-P2-EST-008__response-01.jpg,"Researchers measured plant tissue osmosis across a range of external salt concentration. Construct a graph with external salt concentration on the x-axis and percent mass change on the y-axis. Plot the paired observations, draw one best-fit relationship, mark where the relationship crosses zero change, and report the estimated external salt concentration at zero change with units.

Write the item ID HDG-2026-P2-EST-008 at the top of your page.

| external salt concentration (%) | percent mass change (%) |
| --- | --- |
| 0.0 | 18.0 |
| 0.5 | 12.0 |
| 1.0 | 8.0 |
| 1.5 | 3.0 |
| 2.0 | 1.0 |
| 3.0 | -8.0 |
| 4.0 | -17.0 |","Expected graph: paired-data graph with one best-fit relationship and zero-intercept annotation; x-axis external salt concentration (%); y-axis percent mass change (%). Required criteria: REPRESENTATION_TYPE, X_UNIT, Y_UNIT, X_SCALE, Y_SCALE, PLOT_VALUES, BEST_FIT_RELATIONSHIP, ZERO_INTERCEPT_ANNOTATION, ESTIMATE_VALUE.",AP Biology|data analysis|graph-derived estimates|model interpretation,plant tissue osmosis|zero-intercept estimate|paired data,"[{""external salt concentration (%)"": 0.0, ""percent mass change (%)"": 18.0}, {""external salt concentration (%)"": 0.5, ""percent mass change (%)"": 12.0}, {""external salt concentration (%)"": 1.0, ""percent mass change (%)"": 8.0}, {""external salt concentration (%)"": 1.5, ""percent mass change (%)"": 3.0}, {""external salt concentration (%)"": 2.0, ""percent mass change (%)"": 1.0}, {""external salt concentration (%)"": 3.0, ""percent mass change (%)"": -8.0}, {""external salt concentration (%)"": 4.0, ""percent mass change (%)"": -17.0}]","{""expected_estimate_approx"": 1.98, ""representation"": ""paired-data graph with one best-fit relationship and zero-intercept annotation"", ""required_estimate"": ""x-value where percent mass change equals zero"", ""x_axis"": ""external salt concentration (%)"", ""y_axis"": ""percent mass change (%)""}","[{""criterion_id"": ""REPRESENTATION_TYPE"", ""met_rule"": ""Uses a continuous paired-data graph.""}, {""criterion_id"": ""X_UNIT"", ""met_rule"": ""X-axis includes required variable and unit.""}, {""criterion_id"": ""Y_UNIT"", ""met_rule"": ""Y-axis includes required variable and unit.""}, {""criterion_id"": ""X_SCALE"", ""met_rule"": ""Numeric x positions are proportional and interpretable.""}, {""criterion_id"": ""Y_SCALE"", ""met_rule"": ""Y-axis includes zero and all observations.""}, {""criterion_id"": ""PLOT_VALUES"", ""met_rule"": ""All paired observations are plotted at recoverable coordinates.""}, {""criterion_id"": ""BEST_FIT_RELATIONSHIP"", ""met_rule"": ""One best-fit relationship summarizes the observations.""}, {""criterion_id"": ""ZERO_INTERCEPT_ANNOTATION"", ""met_rule"": ""Annotation visibly links the zero crossing to the x-axis.""}, {""criterion_id"": ""ESTIMATE_VALUE"", ""met_rule"": ""Reported estimate has value and unit consistent with graph annotation.""}]","{""item_seed"": 3007, ""method"": ""seeded_replicate_v2"", ""model"": ""linear(intercept=1.98,slope=-9.055)"", ""points"": [{""displayed_mean"": 18.0, ""displayed_sem"": 0.6, ""raw_replicate_mean"": 17.48, ""raw_replicate_sem"": 0.566, ""replicates"": [16.5, 18.5, 16.2, 17.1, 19.1], ""true_model_value"": 17.928, ""x"": 0.0}, {""displayed_mean"": 12.0, ""displayed_sem"": 0.3, ""raw_replicate_mean"": 11.5, ""raw_replicate_sem"": 0.321, ""replicates"": [11.2, 12.7, 11.1, 10.9, 11.6], ""true_model_value"": 13.401, ""x"": 0.5}, {""displayed_mean"": 8.0, ""displayed_sem"": 0.4, ""raw_replicate_mean"": 8.18, ""raw_replicate_sem"": 0.365, ""replicates"": [7.7, 7.0, 8.7, 8.5, 9.0], ""true_model_value"": 8.874, ""x"": 1.0}, {""displayed_mean"": 3.0, ""displayed_sem"": 0.3, ""raw_replicate_mean"": 2.96, ""raw_replicate_sem"": 0.24, ""replicates"": [3.2, 3.6, 2.4, 3.2, 2.4], ""true_model_value"": 4.346, ""x"": 1.5}, {""displayed_mean"": 1.0, ""displayed_sem"": 0.5, ""raw_replicate_mean"": 1.94, ""raw_replicate_sem"": 0.459, ""replicates"": [1.7, 2.4, 0.5, 1.8, 3.3], ""true_model_value"": -0.181, ""x"": 2.0}, {""displayed_mean"": -8.0, ""displayed_sem"": 0.7, ""raw_replicate_mean"": -7.64, ""raw_replicate_sem"": 0.675, ""replicates"": [-6.6, -5.9, -9.3, -9.1, -7.3], ""true_model_value"": -9.236, ""x"": 3.0}, {""displayed_mean"": -17.0, ""displayed_sem"": 0.4, ""raw_replicate_mean"": -17.68, ""raw_replicate_sem"": 0.444, ""replicates"": [-18.7, -17.0, -16.3, -18.2, -18.2], ""true_model_value"": -18.291, ""x"": 4.0}], ""replicate_n"": 5, ""true_intercept"": 1.98}",independently_authored_synthetic_research_seed_unverified,Research seed for hand-drawn graph capture and reviewer evaluation. Do not expose criterion definitions to the person drawing the graph.
HDG-2026-P2-EST-009,v0.2-research-seed,frq,short,canonical_answer,continuous_relationship_graph_derived_estimate,zero_intercept_estimate,HDG-2026-P2-EST-009__response-01.jpg,"Researchers measured enzyme inhibitor response across a range of inhibitor concentration. Construct a graph with inhibitor concentration on the x-axis and change from control on the y-axis. Plot the paired observations, draw one best-fit relationship, mark where the relationship crosses zero change, and report the estimated inhibitor concentration at zero change with units.

Write the item ID HDG-2026-P2-EST-009 at the top of your page.

| inhibitor concentration (mM) | change from control (%) |
| --- | --- |
| 0 | 27.0 |
| 2 | 17.0 |
| 5 | 10.0 |
| 8 | 1.0 |
| 12 | -14.0 |
| 18 | -30.0 |
| 25 | -56.0 |","Expected graph: paired-data graph with one best-fit relationship and zero-intercept annotation; x-axis inhibitor concentration (mM); y-axis change from control (%). Required criteria: REPRESENTATION_TYPE, X_UNIT, Y_UNIT, X_SCALE, Y_SCALE, PLOT_VALUES, BEST_FIT_RELATIONSHIP, ZERO_INTERCEPT_ANNOTATION, ESTIMATE_VALUE.",AP Biology|data analysis|graph-derived estimates|model interpretation,enzyme inhibitor response|zero-intercept estimate|paired data,"[{""change from control (%)"": 27.0, ""inhibitor concentration (mM)"": 0}, {""change from control (%)"": 17.0, ""inhibitor concentration (mM)"": 2}, {""change from control (%)"": 10.0, ""inhibitor concentration (mM)"": 5}, {""change from control (%)"": 1.0, ""inhibitor concentration (mM)"": 8}, {""change from control (%)"": -14.0, ""inhibitor concentration (mM)"": 12}, {""change from control (%)"": -30.0, ""inhibitor concentration (mM)"": 18}, {""change from control (%)"": -56.0, ""inhibitor concentration (mM)"": 25}]","{""expected_estimate_approx"": 8.05, ""representation"": ""paired-data graph with one best-fit relationship and zero-intercept annotation"", ""required_estimate"": ""x-value where change from control equals zero"", ""x_axis"": ""inhibitor concentration (mM)"", ""y_axis"": ""change from control (%)""}","[{""criterion_id"": ""REPRESENTATION_TYPE"", ""met_rule"": ""Uses a continuous paired-data graph.""}, {""criterion_id"": ""X_UNIT"", ""met_rule"": ""X-axis includes required variable and unit.""}, {""criterion_id"": ""Y_UNIT"", ""met_rule"": ""Y-axis includes required variable and unit.""}, {""criterion_id"": ""X_SCALE"", ""met_rule"": ""Numeric x positions are proportional and interpretable.""}, {""criterion_id"": ""Y_SCALE"", ""met_rule"": ""Y-axis includes zero and all observations.""}, {""criterion_id"": ""PLOT_VALUES"", ""met_rule"": ""All paired observations are plotted at recoverable coordinates.""}, {""criterion_id"": ""BEST_FIT_RELATIONSHIP"", ""met_rule"": ""One best-fit relationship summarizes the observations.""}, {""criterion_id"": ""ZERO_INTERCEPT_ANNOTATION"", ""met_rule"": ""Annotation visibly links the zero crossing to the x-axis.""}, {""criterion_id"": ""ESTIMATE_VALUE"", ""met_rule"": ""Reported estimate has value and unit consistent with graph annotation.""}]","{""item_seed"": 3008, ""method"": ""seeded_replicate_v2"", ""model"": ""linear(intercept=8.05,slope=-3.179)"", ""points"": [{""displayed_mean"": 27.0, ""displayed_sem"": 0.8, ""raw_replicate_mean"": 28.0, ""raw_replicate_sem"": 0.846, ""replicates"": [27.7, 28.6, 30.9, 26.8, 26.0], ""true_model_value"": 25.591, ""x"": 0}, {""displayed_mean"": 17.0, ""displayed_sem"": 0.7, ""raw_replicate_mean"": 16.3, ""raw_replicate_sem"": 0.675, ""replicates"": [15.6, 16.6, 16.2, 14.5, 18.6], ""true_model_value"": 19.233, ""x"": 2}, {""displayed_mean"": 10.0, ""displayed_sem"": 0.3, ""raw_replicate_mean"": 10.2, ""raw_replicate_sem"": 0.158, ""replicates"": [10.1, 10.2, 10.8, 10.0, 9.9], ""true_model_value"": 9.696, ""x"": 5}, {""displayed_mean"": 1.0, ""displayed_sem"": 0.3, ""raw_replicate_mean"": 0.54, ""raw_replicate_sem"": 0.271, ""replicates"": [0.4, 0.9, -0.4, 1.2, 0.6], ""true_model_value"": 0.159, ""x"": 8}, {""displayed_mean"": -14.0, ""displayed_sem"": 0.5, ""raw_replicate_mean"": -13.94, ""raw_replicate_sem"": 0.498, ""replicates"": [-14.8, -14.0, -13.7, -12.2, -15.0], ""true_model_value"": -12.557, ""x"": 12}, {""displayed_mean"": -30.0, ""displayed_sem"": 1.0, ""raw_replicate_mean"": -29.32, ""raw_replicate_sem"": 0.967, ""replicates"": [-28.8, -31.0, -31.6, -26.1, -29.1], ""true_model_value"": -31.631, ""x"": 18}, {""displayed_mean"": -56.0, ""displayed_sem"": 1.5, ""raw_replicate_mean"": -56.88, ""raw_replicate_sem"": 1.478, ""replicates"": [-56.1, -59.7, -59.5, -57.5, -51.6], ""true_model_value"": -53.884, ""x"": 25}], ""replicate_n"": 5, ""true_intercept"": 8.05}",independently_authored_synthetic_research_seed_unverified,Research seed for hand-drawn graph capture and reviewer evaluation. Do not expose criterion definitions to the person drawing the graph.
HDG-2026-P2-EST-010,v0.2-research-seed,frq,short,canonical_answer,continuous_relationship_graph_derived_estimate,zero_intercept_estimate,HDG-2026-P2-EST-010__response-01.jpg,"Researchers measured microbial growth balance across a range of antibiotic concentration. Construct a graph with antibiotic concentration on the x-axis and net growth change on the y-axis. Plot the paired observations, draw one best-fit relationship, mark where the relationship crosses zero change, and report the estimated antibiotic concentration at zero change with units.

Write the item ID HDG-2026-P2-EST-010 at the top of your page.

| antibiotic concentration (ug/mL) | net growth change (%) |
| --- | --- |
| 0 | 50.0 |
| 1 | 43.0 |
| 2 | 36.0 |
| 4 | 22.0 |
| 8 | -4.0 |
| 12 | -31.0 |
| 16 | -57.0 |","Expected graph: paired-data graph with one best-fit relationship and zero-intercept annotation; x-axis antibiotic concentration (ug/mL); y-axis net growth change (%). Required criteria: REPRESENTATION_TYPE, X_UNIT, Y_UNIT, X_SCALE, Y_SCALE, PLOT_VALUES, BEST_FIT_RELATIONSHIP, ZERO_INTERCEPT_ANNOTATION, ESTIMATE_VALUE.",AP Biology|data analysis|graph-derived estimates|model interpretation,microbial growth balance|zero-intercept estimate|paired data,"[{""antibiotic concentration (ug/mL)"": 0, ""net growth change (%)"": 50.0}, {""antibiotic concentration (ug/mL)"": 1, ""net growth change (%)"": 43.0}, {""antibiotic concentration (ug/mL)"": 2, ""net growth change (%)"": 36.0}, {""antibiotic concentration (ug/mL)"": 4, ""net growth change (%)"": 22.0}, {""antibiotic concentration (ug/mL)"": 8, ""net growth change (%)"": -4.0}, {""antibiotic concentration (ug/mL)"": 12, ""net growth change (%)"": -31.0}, {""antibiotic concentration (ug/mL)"": 16, ""net growth change (%)"": -57.0}]","{""expected_estimate_approx"": 7.47, ""representation"": ""paired-data graph with one best-fit relationship and zero-intercept annotation"", ""required_estimate"": ""x-value where net growth change equals zero"", ""x_axis"": ""antibiotic concentration (ug/mL)"", ""y_axis"": ""net growth change (%)""}","[{""criterion_id"": ""REPRESENTATION_TYPE"", ""met_rule"": ""Uses a continuous paired-data graph.""}, {""criterion_id"": ""X_UNIT"", ""met_rule"": ""X-axis includes required variable and unit.""}, {""criterion_id"": ""Y_UNIT"", ""met_rule"": ""Y-axis includes required variable and unit.""}, {""criterion_id"": ""X_SCALE"", ""met_rule"": ""Numeric x positions are proportional and interpretable.""}, {""criterion_id"": ""Y_SCALE"", ""met_rule"": ""Y-axis includes zero and all observations.""}, {""criterion_id"": ""PLOT_VALUES"", ""met_rule"": ""All paired observations are plotted at recoverable coordinates.""}, {""criterion_id"": ""BEST_FIT_RELATIONSHIP"", ""met_rule"": ""One best-fit relationship summarizes the observations.""}, {""criterion_id"": ""ZERO_INTERCEPT_ANNOTATION"", ""met_rule"": ""Annotation visibly links the zero crossing to the x-axis.""}, {""criterion_id"": ""ESTIMATE_VALUE"", ""met_rule"": ""Reported estimate has value and unit consistent with graph annotation.""}]","{""item_seed"": 3009, ""method"": ""seeded_replicate_v2"", ""model"": ""linear(intercept=7.47,slope=-6.482)"", ""points"": [{""displayed_mean"": 50.0, ""displayed_sem"": 1.2, ""raw_replicate_mean"": 50.02, ""raw_replicate_sem"": 1.23, ""replicates"": [46.2, 48.3, 50.6, 52.3, 52.7], ""true_model_value"": 48.418, ""x"": 0}, {""displayed_mean"": 43.0, ""displayed_sem"": 1.1, ""raw_replicate_mean"": 44.68, ""raw_replicate_sem"": 1.111, ""replicates"": [45.2, 40.3, 46.4, 45.8, 45.7], ""true_model_value"": 41.936, ""x"": 1}, {""displayed_mean"": 36.0, ""displayed_sem"": 1.4, ""raw_replicate_mean"": 34.68, ""raw_replicate_sem"": 1.389, ""replicates"": [39.7, 32.4, 33.0, 35.7, 32.6], ""true_model_value"": 35.454, ""x"": 2}, {""displayed_mean"": 22.0, ""displayed_sem"": 0.5, ""raw_replicate_mean"": 22.38, ""raw_replicate_sem"": 0.483, ""replicates"": [22.9, 22.8, 23.5, 22.0, 20.7], ""true_model_value"": 22.491, ""x"": 4}, {""displayed_mean"": -4.0, ""displayed_sem"": 0.3, ""raw_replicate_mean"": -4.22, ""raw_replicate_sem"": 0.183, ""replicates"": [-4.1, -3.9, -4.6, -3.8, -4.7], ""true_model_value"": -3.435, ""x"": 8}, {""displayed_mean"": -31.0, ""displayed_sem"": 0.8, ""raw_replicate_mean"": -29.88, ""raw_replicate_sem"": 0.768, ""replicates"": [-29.9, -30.6, -29.8, -27.2, -31.9], ""true_model_value"": -29.362, ""x"": 12}, {""displayed_mean"": -57.0, ""displayed_sem"": 1.1, ""raw_replicate_mean"": -57.82, ""raw_replicate_sem"": 1.072, ""replicates"": [-55.3, -60.5, -59.4, -55.3, -58.6], ""true_model_value"": -55.288, ""x"": 16}], ""replicate_n"": 5, ""true_intercept"": 7.47}",independently_authored_synthetic_research_seed_unverified,Research seed for hand-drawn graph capture and reviewer evaluation. Do not expose criterion definitions to the person drawing the graph.
HDG-2026-P2-EST-011,v0.2-research-seed,frq,short,canonical_answer,continuous_relationship_graph_derived_estimate,zero_intercept_estimate,HDG-2026-P2-EST-011__response-01.jpg,"Researchers measured water movement in model cells across a range of external solute concentration. Construct a graph with external solute concentration on the x-axis and percent mass change on the y-axis. Plot the paired observations, draw one best-fit relationship, mark where the relationship crosses zero change, and report the estimated external solute concentration at zero change with units.

Write the item ID HDG-2026-P2-EST-011 at the top of your page.

| external solute concentration (M) | percent mass change (%) |
| --- | --- |
| 0.0 | 21.0 |
| 0.1 | 13.0 |
| 0.2 | 9.0 |
| 0.3 | 2.0 |
| 0.4 | -3.0 |
| 0.6 | -15.0 |
| 0.8 | -27.0 |","Expected graph: paired-data graph with one best-fit relationship and zero-intercept annotation; x-axis external solute concentration (M); y-axis percent mass change (%). Required criteria: REPRESENTATION_TYPE, X_UNIT, Y_UNIT, X_SCALE, Y_SCALE, PLOT_VALUES, BEST_FIT_RELATIONSHIP, ZERO_INTERCEPT_ANNOTATION, ESTIMATE_VALUE.",AP Biology|data analysis|graph-derived estimates|model interpretation,water movement in model cells|zero-intercept estimate|paired data,"[{""external solute concentration (M)"": 0.0, ""percent mass change (%)"": 21.0}, {""external solute concentration (M)"": 0.1, ""percent mass change (%)"": 13.0}, {""external solute concentration (M)"": 0.2, ""percent mass change (%)"": 9.0}, {""external solute concentration (M)"": 0.3, ""percent mass change (%)"": 2.0}, {""external solute concentration (M)"": 0.4, ""percent mass change (%)"": -3.0}, {""external solute concentration (M)"": 0.6, ""percent mass change (%)"": -15.0}, {""external solute concentration (M)"": 0.8, ""percent mass change (%)"": -27.0}]","{""expected_estimate_approx"": 0.34, ""representation"": ""paired-data graph with one best-fit relationship and zero-intercept annotation"", ""required_estimate"": ""x-value where percent mass change equals zero"", ""x_axis"": ""external solute concentration (M)"", ""y_axis"": ""percent mass change (%)""}","[{""criterion_id"": ""REPRESENTATION_TYPE"", ""met_rule"": ""Uses a continuous paired-data graph.""}, {""criterion_id"": ""X_UNIT"", ""met_rule"": ""X-axis includes required variable and unit.""}, {""criterion_id"": ""Y_UNIT"", ""met_rule"": ""Y-axis includes required variable and unit.""}, {""criterion_id"": ""X_SCALE"", ""met_rule"": ""Numeric x positions are proportional and interpretable.""}, {""criterion_id"": ""Y_SCALE"", ""met_rule"": ""Y-axis includes zero and all observations.""}, {""criterion_id"": ""PLOT_VALUES"", ""met_rule"": ""All paired observations are plotted at recoverable coordinates.""}, {""criterion_id"": ""BEST_FIT_RELATIONSHIP"", ""met_rule"": ""One best-fit relationship summarizes the observations.""}, {""criterion_id"": ""ZERO_INTERCEPT_ANNOTATION"", ""met_rule"": ""Annotation visibly links the zero crossing to the x-axis.""}, {""criterion_id"": ""ESTIMATE_VALUE"", ""met_rule"": ""Reported estimate has value and unit consistent with graph annotation.""}]","{""item_seed"": 3010, ""method"": ""seeded_replicate_v2"", ""model"": ""linear(intercept=0.34,slope=-59.954)"", ""points"": [{""displayed_mean"": 21.0, ""displayed_sem"": 0.6, ""raw_replicate_mean"": 20.44, ""raw_replicate_sem"": 0.582, ""replicates"": [22.5, 20.7, 20.0, 19.0, 20.0], ""true_model_value"": 20.384, ""x"": 0.0}, {""displayed_mean"": 13.0, ""displayed_sem"": 0.4, ""raw_replicate_mean"": 14.36, ""raw_replicate_sem"": 0.428, ""replicates"": [14.5, 14.9, 14.6, 12.7, 15.1], ""true_model_value"": 14.389, ""x"": 0.1}, {""displayed_mean"": 9.0, ""displayed_sem"": 0.4, ""raw_replicate_mean"": 9.32, ""raw_replicate_sem"": 0.388, ""replicates"": [10.5, 8.7, 8.4, 9.1, 9.9], ""true_model_value"": 8.394, ""x"": 0.2}, {""displayed_mean"": 2.0, ""displayed_sem"": 0.3, ""raw_replicate_mean"": 2.06, ""raw_replicate_sem"": 0.25, ""replicates"": [2.4, 1.7, 2.7, 1.3, 2.2], ""true_model_value"": 2.398, ""x"": 0.3}, {""displayed_mean"": -3.0, ""displayed_sem"": 0.4, ""raw_replicate_mean"": -2.7, ""raw_replicate_sem"": 0.406, ""replicates"": [-2.1, -2.2, -1.9, -4.0, -3.3], ""true_model_value"": -3.597, ""x"": 0.4}, {""displayed_mean"": -15.0, ""displayed_sem"": 0.4, ""raw_replicate_mean"": -15.2, ""raw_replicate_sem"": 0.437, ""replicates"": [-14.0, -14.4, -15.9, -16.3, -15.4], ""true_model_value"": -15.588, ""x"": 0.6}, {""displayed_mean"": -27.0, ""displayed_sem"": 0.4, ""raw_replicate_mean"": -26.02, ""raw_replicate_sem"": 0.371, ""replicates"": [-25.3, -26.6, -25.0, -26.3, -26.9], ""true_model_value"": -27.579, ""x"": 0.8}], ""replicate_n"": 5, ""true_intercept"": 0.34}",independently_authored_synthetic_research_seed_unverified,Research seed for hand-drawn graph capture and reviewer evaluation. Do not expose criterion definitions to the person drawing the graph.
HDG-2026-P2-EST-012,v0.2-research-seed,frq,short,canonical_answer,continuous_relationship_graph_derived_estimate,zero_intercept_estimate,HDG-2026-P2-EST-012__response-01.jpg,"Researchers measured dialysis bag mass change across a range of sucrose concentration. Construct a graph with sucrose concentration on the x-axis and percent mass change on the y-axis. Plot the paired observations, draw one best-fit relationship, mark where the relationship crosses zero change, and report the estimated sucrose concentration at zero change with units.

Write the item ID HDG-2026-P2-EST-012 at the top of your page.

| sucrose concentration (M) | percent mass change (%) |
| --- | --- |
| 0.0 | 13.0 |
| 0.1 | 13.0 |
| 0.2 | 4.0 |
| 0.35 | 2.0 |
| 0.5 | -4.0 |
| 0.7 | -11.0 |
| 0.9 | -20.0 |","Expected graph: paired-data graph with one best-fit relationship and zero-intercept annotation; x-axis sucrose concentration (M); y-axis percent mass change (%). Required criteria: REPRESENTATION_TYPE, X_UNIT, Y_UNIT, X_SCALE, Y_SCALE, PLOT_VALUES, BEST_FIT_RELATIONSHIP, ZERO_INTERCEPT_ANNOTATION, ESTIMATE_VALUE.",AP Biology|data analysis|graph-derived estimates|model interpretation,dialysis bag mass change|zero-intercept estimate|paired data,"[{""percent mass change (%)"": 13.0, ""sucrose concentration (M)"": 0.0}, {""percent mass change (%)"": 13.0, ""sucrose concentration (M)"": 0.1}, {""percent mass change (%)"": 4.0, ""sucrose concentration (M)"": 0.2}, {""percent mass change (%)"": 2.0, ""sucrose concentration (M)"": 0.35}, {""percent mass change (%)"": -4.0, ""sucrose concentration (M)"": 0.5}, {""percent mass change (%)"": -11.0, ""sucrose concentration (M)"": 0.7}, {""percent mass change (%)"": -20.0, ""sucrose concentration (M)"": 0.9}]","{""expected_estimate_approx"": 0.38, ""representation"": ""paired-data graph with one best-fit relationship and zero-intercept annotation"", ""required_estimate"": ""x-value where percent mass change equals zero"", ""x_axis"": ""sucrose concentration (M)"", ""y_axis"": ""percent mass change (%)""}","[{""criterion_id"": ""REPRESENTATION_TYPE"", ""met_rule"": ""Uses a continuous paired-data graph.""}, {""criterion_id"": ""X_UNIT"", ""met_rule"": ""X-axis includes required variable and unit.""}, {""criterion_id"": ""Y_UNIT"", ""met_rule"": ""Y-axis includes required variable and unit.""}, {""criterion_id"": ""X_SCALE"", ""met_rule"": ""Numeric x positions are proportional and interpretable.""}, {""criterion_id"": ""Y_SCALE"", ""met_rule"": ""Y-axis includes zero and all observations.""}, {""criterion_id"": ""PLOT_VALUES"", ""met_rule"": ""All paired observations are plotted at recoverable coordinates.""}, {""criterion_id"": ""BEST_FIT_RELATIONSHIP"", ""met_rule"": ""One best-fit relationship summarizes the observations.""}, {""criterion_id"": ""ZERO_INTERCEPT_ANNOTATION"", ""met_rule"": ""Annotation visibly links the zero crossing to the x-axis.""}, {""criterion_id"": ""ESTIMATE_VALUE"", ""met_rule"": ""Reported estimate has value and unit consistent with graph annotation.""}]","{""item_seed"": 3011, ""method"": ""seeded_replicate_v2"", ""model"": ""linear(intercept=0.38,slope=-37.459)"", ""points"": [{""displayed_mean"": 13.0, ""displayed_sem"": 0.5, ""raw_replicate_mean"": 12.92, ""raw_replicate_sem"": 0.48, ""replicates"": [12.8, 11.9, 14.3, 13.7, 11.9], ""true_model_value"": 14.234, ""x"": 0.0}, {""displayed_mean"": 13.0, ""displayed_sem"": 0.7, ""raw_replicate_mean"": 12.82, ""raw_replicate_sem"": 0.727, ""replicates"": [14.0, 10.0, 13.6, 12.9, 13.6], ""true_model_value"": 10.488, ""x"": 0.1}, {""displayed_mean"": 4.0, ""displayed_sem"": 0.3, ""raw_replicate_mean"": 4.26, ""raw_replicate_sem"": 0.246, ""replicates"": [3.9, 4.8, 4.4, 4.7, 3.5], ""true_model_value"": 6.743, ""x"": 0.2}, {""displayed_mean"": 2.0, ""displayed_sem"": 0.3, ""raw_replicate_mean"": 1.82, ""raw_replicate_sem"": 0.282, ""replicates"": [1.6, 2.6, 1.9, 0.9, 2.1], ""true_model_value"": 1.124, ""x"": 0.35}, {""displayed_mean"": -4.0, ""displayed_sem"": 0.4, ""raw_replicate_mean"": -4.3, ""raw_replicate_sem"": 0.355, ""replicates"": [-5.5, -4.2, -3.6, -4.6, -3.6], ""true_model_value"": -4.495, ""x"": 0.5}, {""displayed_mean"": -11.0, ""displayed_sem"": 0.4, ""raw_replicate_mean"": -11.34, ""raw_replicate_sem"": 0.353, ""replicates"": [-12.2, -12.2, -10.9, -10.7, -10.7], ""true_model_value"": -11.987, ""x"": 0.7}, {""displayed_mean"": -20.0, ""displayed_sem"": 0.6, ""raw_replicate_mean"": -20.08, ""raw_replicate_sem"": 0.609, ""replicates"": [-17.8, -20.9, -19.9, -20.6, -21.2], ""true_model_value"": -19.478, ""x"": 0.9}], ""replicate_n"": 5, ""true_intercept"": 0.38}",independently_authored_synthetic_research_seed_unverified,Research seed for hand-drawn graph capture and reviewer evaluation. Do not expose criterion definitions to the person drawing the graph.
HDG-2026-P2-EST-013,v0.2-research-seed,frq,short,canonical_answer,continuous_relationship_graph_derived_estimate,zero_intercept_estimate,HDG-2026-P2-EST-013__response-01.jpg,"Researchers measured plant tissue osmosis across a range of external salt concentration. Construct a graph with external salt concentration on the x-axis and percent mass change on the y-axis. Plot the paired observations, draw one best-fit relationship, mark where the relationship crosses zero change, and report the estimated external salt concentration at zero change with units.

Write the item ID HDG-2026-P2-EST-013 at the top of your page.

| external salt concentration (%) | percent mass change (%) |
| --- | --- |
| 0.0 | 31.0 |
| 0.5 | 24.0 |
| 1.0 | 17.0 |
| 1.5 | 12.0 |
| 2.0 | 3.0 |
| 3.0 | -12.0 |
| 4.0 | -25.0 |","Expected graph: paired-data graph with one best-fit relationship and zero-intercept annotation; x-axis external salt concentration (%); y-axis percent mass change (%). Required criteria: REPRESENTATION_TYPE, X_UNIT, Y_UNIT, X_SCALE, Y_SCALE, PLOT_VALUES, BEST_FIT_RELATIONSHIP, ZERO_INTERCEPT_ANNOTATION, ESTIMATE_VALUE.",AP Biology|data analysis|graph-derived estimates|model interpretation,plant tissue osmosis|zero-intercept estimate|paired data,"[{""external salt concentration (%)"": 0.0, ""percent mass change (%)"": 31.0}, {""external salt concentration (%)"": 0.5, ""percent mass change (%)"": 24.0}, {""external salt concentration (%)"": 1.0, ""percent mass change (%)"": 17.0}, {""external salt concentration (%)"": 1.5, ""percent mass change (%)"": 12.0}, {""external salt concentration (%)"": 2.0, ""percent mass change (%)"": 3.0}, {""external salt concentration (%)"": 3.0, ""percent mass change (%)"": -12.0}, {""external salt concentration (%)"": 4.0, ""percent mass change (%)"": -25.0}]","{""expected_estimate_approx"": 2.22, ""representation"": ""paired-data graph with one best-fit relationship and zero-intercept annotation"", ""required_estimate"": ""x-value where percent mass change equals zero"", ""x_axis"": ""external salt concentration (%)"", ""y_axis"": ""percent mass change (%)""}","[{""criterion_id"": ""REPRESENTATION_TYPE"", ""met_rule"": ""Uses a continuous paired-data graph.""}, {""criterion_id"": ""X_UNIT"", ""met_rule"": ""X-axis includes required variable and unit.""}, {""criterion_id"": ""Y_UNIT"", ""met_rule"": ""Y-axis includes required variable and unit.""}, {""criterion_id"": ""X_SCALE"", ""met_rule"": ""Numeric x positions are proportional and interpretable.""}, {""criterion_id"": ""Y_SCALE"", ""met_rule"": ""Y-axis includes zero and all observations.""}, {""criterion_id"": ""PLOT_VALUES"", ""met_rule"": ""All paired observations are plotted at recoverable coordinates.""}, {""criterion_id"": ""BEST_FIT_RELATIONSHIP"", ""met_rule"": ""One best-fit relationship summarizes the observations.""}, {""criterion_id"": ""ZERO_INTERCEPT_ANNOTATION"", ""met_rule"": ""Annotation visibly links the zero crossing to the x-axis.""}, {""criterion_id"": ""ESTIMATE_VALUE"", ""met_rule"": ""Reported estimate has value and unit consistent with graph annotation.""}]","{""item_seed"": 3012, ""method"": ""seeded_replicate_v2"", ""model"": ""linear(intercept=2.22,slope=-13.696)"", ""points"": [{""displayed_mean"": 31.0, ""displayed_sem"": 0.3, ""raw_replicate_mean"": 30.8, ""raw_replicate_sem"": 0.336, ""replicates"": [30.4, 31.1, 29.7, 31.6, 31.2], ""true_model_value"": 30.405, ""x"": 0.0}, {""displayed_mean"": 24.0, ""displayed_sem"": 0.8, ""raw_replicate_mean"": 22.28, ""raw_replicate_sem"": 0.751, ""replicates"": [22.9, 21.2, 23.8, 23.6, 19.9], ""true_model_value"": 23.557, ""x"": 0.5}, {""displayed_mean"": 17.0, ""displayed_sem"": 0.6, ""raw_replicate_mean"": 17.2, ""raw_replicate_sem"": 0.63, ""replicates"": [15.6, 17.1, 17.4, 19.4, 16.5], ""true_model_value"": 16.709, ""x"": 1.0}, {""displayed_mean"": 12.0, ""displayed_sem"": 0.6, ""raw_replicate_mean"": 13.26, ""raw_replicate_sem"": 0.559, ""replicates"": [14.5, 12.7, 12.0, 12.4, 14.7], ""true_model_value"": 9.861, ""x"": 1.5}, {""displayed_mean"": 3.0, ""displayed_sem"": 0.4, ""raw_replicate_mean"": 2.82, ""raw_replicate_sem"": 0.394, ""replicates"": [2.7, 1.8, 4.1, 3.2, 2.3], ""true_model_value"": 3.013, ""x"": 2.0}, {""displayed_mean"": -12.0, ""displayed_sem"": 0.3, ""raw_replicate_mean"": -11.72, ""raw_replicate_sem"": 0.285, ""replicates"": [-12.0, -12.4, -11.6, -10.7, -11.9], ""true_model_value"": -10.683, ""x"": 3.0}, {""displayed_mean"": -25.0, ""displayed_sem"": 0.5, ""raw_replicate_mean"": -25.44, ""raw_replicate_sem"": 0.453, ""replicates"": [-25.2, -27.2, -25.0, -25.2, -24.6], ""true_model_value"": -24.378, ""x"": 4.0}], ""replicate_n"": 5, ""true_intercept"": 2.22}",independently_authored_synthetic_research_seed_unverified,Research seed for hand-drawn graph capture and reviewer evaluation. Do not expose criterion definitions to the person drawing the graph.
HDG-2026-P2-EST-014,v0.2-research-seed,frq,short,canonical_answer,continuous_relationship_graph_derived_estimate,zero_intercept_estimate,HDG-2026-P2-EST-014__response-01.jpg,"Researchers measured enzyme inhibitor response across a range of inhibitor concentration. Construct a graph with inhibitor concentration on the x-axis and change from control on the y-axis. Plot the paired observations, draw one best-fit relationship, mark where the relationship crosses zero change, and report the estimated inhibitor concentration at zero change with units.

Write the item ID HDG-2026-P2-EST-014 at the top of your page.

| inhibitor concentration (mM) | change from control (%) |
| --- | --- |
| 0 | 26.0 |
| 2 | 24.0 |
| 5 | 17.0 |
| 8 | 6.0 |
| 12 | -3.0 |
| 18 | -18.0 |
| 25 | -34.0 |","Expected graph: paired-data graph with one best-fit relationship and zero-intercept annotation; x-axis inhibitor concentration (mM); y-axis change from control (%). Required criteria: REPRESENTATION_TYPE, X_UNIT, Y_UNIT, X_SCALE, Y_SCALE, PLOT_VALUES, BEST_FIT_RELATIONSHIP, ZERO_INTERCEPT_ANNOTATION, ESTIMATE_VALUE.",AP Biology|data analysis|graph-derived estimates|model interpretation,enzyme inhibitor response|zero-intercept estimate|paired data,"[{""change from control (%)"": 26.0, ""inhibitor concentration (mM)"": 0}, {""change from control (%)"": 24.0, ""inhibitor concentration (mM)"": 2}, {""change from control (%)"": 17.0, ""inhibitor concentration (mM)"": 5}, {""change from control (%)"": 6.0, ""inhibitor concentration (mM)"": 8}, {""change from control (%)"": -3.0, ""inhibitor concentration (mM)"": 12}, {""change from control (%)"": -18.0, ""inhibitor concentration (mM)"": 18}, {""change from control (%)"": -34.0, ""inhibitor concentration (mM)"": 25}]","{""expected_estimate_approx"": 10.75, ""representation"": ""paired-data graph with one best-fit relationship and zero-intercept annotation"", ""required_estimate"": ""x-value where change from control equals zero"", ""x_axis"": ""inhibitor concentration (mM)"", ""y_axis"": ""change from control (%)""}","[{""criterion_id"": ""REPRESENTATION_TYPE"", ""met_rule"": ""Uses a continuous paired-data graph.""}, {""criterion_id"": ""X_UNIT"", ""met_rule"": ""X-axis includes required variable and unit.""}, {""criterion_id"": ""Y_UNIT"", ""met_rule"": ""Y-axis includes required variable and unit.""}, {""criterion_id"": ""X_SCALE"", ""met_rule"": ""Numeric x positions are proportional and interpretable.""}, {""criterion_id"": ""Y_SCALE"", ""met_rule"": ""Y-axis includes zero and all observations.""}, {""criterion_id"": ""PLOT_VALUES"", ""met_rule"": ""All paired observations are plotted at recoverable coordinates.""}, {""criterion_id"": ""BEST_FIT_RELATIONSHIP"", ""met_rule"": ""One best-fit relationship summarizes the observations.""}, {""criterion_id"": ""ZERO_INTERCEPT_ANNOTATION"", ""met_rule"": ""Annotation visibly links the zero crossing to the x-axis.""}, {""criterion_id"": ""ESTIMATE_VALUE"", ""met_rule"": ""Reported estimate has value and unit consistent with graph annotation.""}]","{""item_seed"": 3013, ""method"": ""seeded_replicate_v2"", ""model"": ""linear(intercept=10.75,slope=-2.393)"", ""points"": [{""displayed_mean"": 26.0, ""displayed_sem"": 0.7, ""raw_replicate_mean"": 25.48, ""raw_replicate_sem"": 0.739, ""replicates"": [27.7, 23.6, 26.5, 25.3, 24.3], ""true_model_value"": 25.728, ""x"": 0}, {""displayed_mean"": 24.0, ""displayed_sem"": 0.4, ""raw_replicate_mean"": 23.26, ""raw_replicate_sem"": 0.388, ""replicates"": [22.3, 23.9, 22.4, 24.2, 23.5], ""true_model_value"": 20.942, ""x"": 2}, {""displayed_mean"": 17.0, ""displayed_sem"": 0.3, ""raw_replicate_mean"": 16.56, ""raw_replicate_sem"": 0.294, ""replicates"": [15.8, 17.6, 16.6, 16.5, 16.3], ""true_model_value"": 13.762, ""x"": 5}, {""displayed_mean"": 6.0, ""displayed_sem"": 0.4, ""raw_replicate_mean"": 6.32, ""raw_replicate_sem"": 0.369, ""replicates"": [6.5, 6.0, 7.3, 6.7, 5.1], ""true_model_value"": 6.582, ""x"": 8}, {""displayed_mean"": -3.0, ""displayed_sem"": 0.3, ""raw_replicate_mean"": -2.32, ""raw_replicate_sem"": 0.25, ""replicates"": [-3.3, -2.2, -2.1, -1.9, -2.1], ""true_model_value"": -2.992, ""x"": 12}, {""displayed_mean"": -18.0, ""displayed_sem"": 0.4, ""raw_replicate_mean"": -18.58, ""raw_replicate_sem"": 0.381, ""replicates"": [-18.3, -19.4, -19.3, -18.6, -17.3], ""true_model_value"": -17.352, ""x"": 18}, {""displayed_mean"": -34.0, ""displayed_sem"": 1.3, ""raw_replicate_mean"": -34.94, ""raw_replicate_sem"": 1.298, ""replicates"": [-30.8, -37.9, -36.9, -33.2, -35.9], ""true_model_value"": -34.105, ""x"": 25}], ""replicate_n"": 5, ""true_intercept"": 10.75}",independently_authored_synthetic_research_seed_unverified,Research seed for hand-drawn graph capture and reviewer evaluation. Do not expose criterion definitions to the person drawing the graph.
HDG-2026-P2-EST-015,v0.2-research-seed,frq,short,canonical_answer,continuous_relationship_graph_derived_estimate,zero_intercept_estimate,HDG-2026-P2-EST-015__response-01.jpg,"Researchers measured microbial growth balance across a range of antibiotic concentration. Construct a graph with antibiotic concentration on the x-axis and net growth change on the y-axis. Plot the paired observations, draw one best-fit relationship, mark where the relationship crosses zero change, and report the estimated antibiotic concentration at zero change with units.

Write the item ID HDG-2026-P2-EST-015 at the top of your page.

| antibiotic concentration (ug/mL) | net growth change (%) |
| --- | --- |
| 0 | 31.0 |
| 1 | 29.0 |
| 2 | 24.0 |
| 4 | 6.0 |
| 8 | -17.0 |
| 12 | -43.0 |
| 16 | -73.0 |","Expected graph: paired-data graph with one best-fit relationship and zero-intercept annotation; x-axis antibiotic concentration (ug/mL); y-axis net growth change (%). Required criteria: REPRESENTATION_TYPE, X_UNIT, Y_UNIT, X_SCALE, Y_SCALE, PLOT_VALUES, BEST_FIT_RELATIONSHIP, ZERO_INTERCEPT_ANNOTATION, ESTIMATE_VALUE.",AP Biology|data analysis|graph-derived estimates|model interpretation,microbial growth balance|zero-intercept estimate|paired data,"[{""antibiotic concentration (ug/mL)"": 0, ""net growth change (%)"": 31.0}, {""antibiotic concentration (ug/mL)"": 1, ""net growth change (%)"": 29.0}, {""antibiotic concentration (ug/mL)"": 2, ""net growth change (%)"": 24.0}, {""antibiotic concentration (ug/mL)"": 4, ""net growth change (%)"": 6.0}, {""antibiotic concentration (ug/mL)"": 8, ""net growth change (%)"": -17.0}, {""antibiotic concentration (ug/mL)"": 12, ""net growth change (%)"": -43.0}, {""antibiotic concentration (ug/mL)"": 16, ""net growth change (%)"": -73.0}]","{""expected_estimate_approx"": 5.28, ""representation"": ""paired-data graph with one best-fit relationship and zero-intercept annotation"", ""required_estimate"": ""x-value where net growth change equals zero"", ""x_axis"": ""antibiotic concentration (ug/mL)"", ""y_axis"": ""net growth change (%)""}","[{""criterion_id"": ""REPRESENTATION_TYPE"", ""met_rule"": ""Uses a continuous paired-data graph.""}, {""criterion_id"": ""X_UNIT"", ""met_rule"": ""X-axis includes required variable and unit.""}, {""criterion_id"": ""Y_UNIT"", ""met_rule"": ""Y-axis includes required variable and unit.""}, {""criterion_id"": ""X_SCALE"", ""met_rule"": ""Numeric x positions are proportional and interpretable.""}, {""criterion_id"": ""Y_SCALE"", ""met_rule"": ""Y-axis includes zero and all observations.""}, {""criterion_id"": ""PLOT_VALUES"", ""met_rule"": ""All paired observations are plotted at recoverable coordinates.""}, {""criterion_id"": ""BEST_FIT_RELATIONSHIP"", ""met_rule"": ""One best-fit relationship summarizes the observations.""}, {""criterion_id"": ""ZERO_INTERCEPT_ANNOTATION"", ""met_rule"": ""Annotation visibly links the zero crossing to the x-axis.""}, {""criterion_id"": ""ESTIMATE_VALUE"", ""met_rule"": ""Reported estimate has value and unit consistent with graph annotation.""}]","{""item_seed"": 3014, ""method"": ""seeded_replicate_v2"", ""model"": ""linear(intercept=5.28,slope=-6.483)"", ""points"": [{""displayed_mean"": 31.0, ""displayed_sem"": 1.2, ""raw_replicate_mean"": 30.82, ""raw_replicate_sem"": 1.156, ""replicates"": [28.9, 34.8, 28.4, 30.2, 31.8], ""true_model_value"": 34.231, ""x"": 0}, {""displayed_mean"": 29.0, ""displayed_sem"": 0.5, ""raw_replicate_mean"": 30.46, ""raw_replicate_sem"": 0.535, ""replicates"": [28.7, 30.2, 30.5, 30.9, 32.0], ""true_model_value"": 27.748, ""x"": 1}, {""displayed_mean"": 24.0, ""displayed_sem"": 0.5, ""raw_replicate_mean"": 24.52, ""raw_replicate_sem"": 0.466, ""replicates"": [24.9, 26.0, 23.3, 24.6, 23.8], ""true_model_value"": 21.265, ""x"": 2}, {""displayed_mean"": 6.0, ""displayed_sem"": 0.3, ""raw_replicate_mean"": 5.52, ""raw_replicate_sem"": 0.343, ""replicates"": [5.7, 6.2, 5.7, 5.8, 4.2], ""true_model_value"": 8.298, ""x"": 4}, {""displayed_mean"": -17.0, ""displayed_sem"": 0.8, ""raw_replicate_mean"": -17.04, ""raw_replicate_sem"": 0.793, ""replicates"": [-17.2, -17.4, -18.9, -17.6, -14.1], ""true_model_value"": -17.634, ""x"": 8}, {""displayed_mean"": -43.0, ""displayed_sem"": 0.6, ""raw_replicate_mean"": -41.7, ""raw_replicate_sem"": 0.57, ""replicates"": [-43.2, -41.5, -39.9, -42.6, -41.3], ""true_model_value"": -43.567, ""x"": 12}, {""displayed_mean"": -73.0, ""displayed_sem"": 2.9, ""raw_replicate_mean"": -73.9, ""raw_replicate_sem"": 2.948, ""replicates"": [-76.7, -63.5, -81.5, -74.1, -73.7], ""true_model_value"": -69.5, ""x"": 16}], ""replicate_n"": 5, ""true_intercept"": 5.28}",independently_authored_synthetic_research_seed_unverified,Research seed for hand-drawn graph capture and reviewer evaluation. Do not expose criterion definitions to the person drawing the graph.
HDG-2026-P2-EST-016,v0.2-research-seed,frq,short,canonical_answer,continuous_relationship_graph_derived_estimate,zero_intercept_estimate,HDG-2026-P2-EST-016__response-01.jpg,"Researchers measured water movement in model cells across a range of external solute concentration. Construct a graph with external solute concentration on the x-axis and percent mass change on the y-axis. Plot the paired observations, draw one best-fit relationship, mark where the relationship crosses zero change, and report the estimated external solute concentration at zero change with units.

Write the item ID HDG-2026-P2-EST-016 at the top of your page.

| external solute concentration (M) | percent mass change (%) |
| --- | --- |
| 0.0 | 21.0 |
| 0.1 | 13.0 |
| 0.2 | 11.0 |
| 0.3 | 8.0 |
| 0.4 | 3.0 |
| 0.6 | -6.0 |
| 0.8 | -13.0 |","Expected graph: paired-data graph with one best-fit relationship and zero-intercept annotation; x-axis external solute concentration (M); y-axis percent mass change (%). Required criteria: REPRESENTATION_TYPE, X_UNIT, Y_UNIT, X_SCALE, Y_SCALE, PLOT_VALUES, BEST_FIT_RELATIONSHIP, ZERO_INTERCEPT_ANNOTATION, ESTIMATE_VALUE.",AP Biology|data analysis|graph-derived estimates|model interpretation,water movement in model cells|zero-intercept estimate|paired data,"[{""external solute concentration (M)"": 0.0, ""percent mass change (%)"": 21.0}, {""external solute concentration (M)"": 0.1, ""percent mass change (%)"": 13.0}, {""external solute concentration (M)"": 0.2, ""percent mass change (%)"": 11.0}, {""external solute concentration (M)"": 0.3, ""percent mass change (%)"": 8.0}, {""external solute concentration (M)"": 0.4, ""percent mass change (%)"": 3.0}, {""external solute concentration (M)"": 0.6, ""percent mass change (%)"": -6.0}, {""external solute concentration (M)"": 0.8, ""percent mass change (%)"": -13.0}]","{""expected_estimate_approx"": 0.47, ""representation"": ""paired-data graph with one best-fit relationship and zero-intercept annotation"", ""required_estimate"": ""x-value where percent mass change equals zero"", ""x_axis"": ""external solute concentration (M)"", ""y_axis"": ""percent mass change (%)""}","[{""criterion_id"": ""REPRESENTATION_TYPE"", ""met_rule"": ""Uses a continuous paired-data graph.""}, {""criterion_id"": ""X_UNIT"", ""met_rule"": ""X-axis includes required variable and unit.""}, {""criterion_id"": ""Y_UNIT"", ""met_rule"": ""Y-axis includes required variable and unit.""}, {""criterion_id"": ""X_SCALE"", ""met_rule"": ""Numeric x positions are proportional and interpretable.""}, {""criterion_id"": ""Y_SCALE"", ""met_rule"": ""Y-axis includes zero and all observations.""}, {""criterion_id"": ""PLOT_VALUES"", ""met_rule"": ""All paired observations are plotted at recoverable coordinates.""}, {""criterion_id"": ""BEST_FIT_RELATIONSHIP"", ""met_rule"": ""One best-fit relationship summarizes the observations.""}, {""criterion_id"": ""ZERO_INTERCEPT_ANNOTATION"", ""met_rule"": ""Annotation visibly links the zero crossing to the x-axis.""}, {""criterion_id"": ""ESTIMATE_VALUE"", ""met_rule"": ""Reported estimate has value and unit consistent with graph annotation.""}]","{""item_seed"": 3015, ""method"": ""seeded_replicate_v2"", ""model"": ""linear(intercept=0.47,slope=-42.961)"", ""points"": [{""displayed_mean"": 21.0, ""displayed_sem"": 0.8, ""raw_replicate_mean"": 20.92, ""raw_replicate_sem"": 0.774, ""replicates"": [22.0, 18.8, 19.4, 22.8, 21.6], ""true_model_value"": 20.192, ""x"": 0.0}, {""displayed_mean"": 13.0, ""displayed_sem"": 0.8, ""raw_replicate_mean"": 13.02, ""raw_replicate_sem"": 0.778, ""replicates"": [12.7, 10.6, 13.9, 12.6, 15.3], ""true_model_value"": 15.895, ""x"": 0.1}, {""displayed_mean"": 11.0, ""displayed_sem"": 0.4, ""raw_replicate_mean"": 10.3, ""raw_replicate_sem"": 0.37, ""replicates"": [9.5, 10.9, 9.6, 10.1, 11.4], ""true_model_value"": 11.599, ""x"": 0.2}, {""displayed_mean"": 8.0, ""displayed_sem"": 0.4, ""raw_replicate_mean"": 7.48, ""raw_replicate_sem"": 0.381, ""replicates"": [7.6, 6.9, 7.2, 8.9, 6.8], ""true_model_value"": 7.303, ""x"": 0.3}, {""displayed_mean"": 3.0, ""displayed_sem"": 0.3, ""raw_replicate_mean"": 3.08, ""raw_replicate_sem"": 0.244, ""replicates"": [3.8, 2.5, 3.4, 2.6, 3.1], ""true_model_value"": 3.007, ""x"": 0.4}, {""displayed_mean"": -6.0, ""displayed_sem"": 0.4, ""raw_replicate_mean"": -6.64, ""raw_replicate_sem"": 0.372, ""replicates"": [-6.7, -6.2, -8.0, -6.5, -5.8], ""true_model_value"": -5.585, ""x"": 0.6}, {""displayed_mean"": -13.0, ""displayed_sem"": 0.5, ""raw_replicate_mean"": -14.28, ""raw_replicate_sem"": 0.517, ""replicates"": [-15.3, -14.3, -12.6, -13.8, -15.4], ""true_model_value"": -14.177, ""x"": 0.8}], ""replicate_n"": 5, ""true_intercept"": 0.47}",independently_authored_synthetic_research_seed_unverified,Research seed for hand-drawn graph capture and reviewer evaluation. Do not expose criterion definitions to the person drawing the graph.
HDG-2026-P2-EST-017,v0.2-research-seed,frq,short,canonical_answer,continuous_relationship_graph_derived_estimate,zero_intercept_estimate,HDG-2026-P2-EST-017__response-01.jpg,"Researchers measured dialysis bag mass change across a range of sucrose concentration. Construct a graph with sucrose concentration on the x-axis and percent mass change on the y-axis. Plot the paired observations, draw one best-fit relationship, mark where the relationship crosses zero change, and report the estimated sucrose concentration at zero change with units.

Write the item ID HDG-2026-P2-EST-017 at the top of your page.

| sucrose concentration (M) | percent mass change (%) |
| --- | --- |
| 0.0 | 17.0 |
| 0.1 | 15.0 |
| 0.2 | 8.0 |
| 0.35 | 4.0 |
| 0.5 | -3.0 |
| 0.7 | -13.0 |
| 0.9 | -19.0 |","Expected graph: paired-data graph with one best-fit relationship and zero-intercept annotation; x-axis sucrose concentration (M); y-axis percent mass change (%). Required criteria: REPRESENTATION_TYPE, X_UNIT, Y_UNIT, X_SCALE, Y_SCALE, PLOT_VALUES, BEST_FIT_RELATIONSHIP, ZERO_INTERCEPT_ANNOTATION, ESTIMATE_VALUE.",AP Biology|data analysis|graph-derived estimates|model interpretation,dialysis bag mass change|zero-intercept estimate|paired data,"[{""percent mass change (%)"": 17.0, ""sucrose concentration (M)"": 0.0}, {""percent mass change (%)"": 15.0, ""sucrose concentration (M)"": 0.1}, {""percent mass change (%)"": 8.0, ""sucrose concentration (M)"": 0.2}, {""percent mass change (%)"": 4.0, ""sucrose concentration (M)"": 0.35}, {""percent mass change (%)"": -3.0, ""sucrose concentration (M)"": 0.5}, {""percent mass change (%)"": -13.0, ""sucrose concentration (M)"": 0.7}, {""percent mass change (%)"": -19.0, ""sucrose concentration (M)"": 0.9}]","{""expected_estimate_approx"": 0.43, ""representation"": ""paired-data graph with one best-fit relationship and zero-intercept annotation"", ""required_estimate"": ""x-value where percent mass change equals zero"", ""x_axis"": ""sucrose concentration (M)"", ""y_axis"": ""percent mass change (%)""}","[{""criterion_id"": ""REPRESENTATION_TYPE"", ""met_rule"": ""Uses a continuous paired-data graph.""}, {""criterion_id"": ""X_UNIT"", ""met_rule"": ""X-axis includes required variable and unit.""}, {""criterion_id"": ""Y_UNIT"", ""met_rule"": ""Y-axis includes required variable and unit.""}, {""criterion_id"": ""X_SCALE"", ""met_rule"": ""Numeric x positions are proportional and interpretable.""}, {""criterion_id"": ""Y_SCALE"", ""met_rule"": ""Y-axis includes zero and all observations.""}, {""criterion_id"": ""PLOT_VALUES"", ""met_rule"": ""All paired observations are plotted at recoverable coordinates.""}, {""criterion_id"": ""BEST_FIT_RELATIONSHIP"", ""met_rule"": ""One best-fit relationship summarizes the observations.""}, {""criterion_id"": ""ZERO_INTERCEPT_ANNOTATION"", ""met_rule"": ""Annotation visibly links the zero crossing to the x-axis.""}, {""criterion_id"": ""ESTIMATE_VALUE"", ""met_rule"": ""Reported estimate has value and unit consistent with graph annotation.""}]","{""item_seed"": 3016, ""method"": ""seeded_replicate_v2"", ""model"": ""linear(intercept=0.43,slope=-43.633)"", ""points"": [{""displayed_mean"": 17.0, ""displayed_sem"": 0.8, ""raw_replicate_mean"": 17.16, ""raw_replicate_sem"": 0.779, ""replicates"": [18.6, 14.8, 16.0, 18.9, 17.5], ""true_model_value"": 18.762, ""x"": 0.0}, {""displayed_mean"": 15.0, ""displayed_sem"": 0.6, ""raw_replicate_mean"": 14.58, ""raw_replicate_sem"": 0.583, ""replicates"": [14.9, 16.3, 13.0, 13.6, 15.1], ""true_model_value"": 14.399, ""x"": 0.1}, {""displayed_mean"": 8.0, ""displayed_sem"": 0.5, ""raw_replicate_mean"": 8.62, ""raw_replicate_sem"": 0.466, ""replicates"": [7.9, 9.5, 7.2, 8.9, 9.6], ""true_model_value"": 10.036, ""x"": 0.2}, {""displayed_mean"": 4.0, ""displayed_sem"": 0.3, ""raw_replicate_mean"": 4.18, ""raw_replicate_sem"": 0.329, ""replicates"": [4.4, 4.4, 3.0, 4.1, 5.0], ""true_model_value"": 3.491, ""x"": 0.35}, {""displayed_mean"": -3.0, ""displayed_sem"": 0.3, ""raw_replicate_mean"": -3.06, ""raw_replicate_sem"": 0.317, ""replicates"": [-3.8, -3.3, -3.0, -3.3, -1.9], ""true_model_value"": -3.054, ""x"": 0.5}, {""displayed_mean"": -13.0, ""displayed_sem"": 0.4, ""raw_replicate_mean"": -13.66, ""raw_replicate_sem"": 0.357, ""replicates"": [-13.8, -12.7, -14.2, -13.0, -14.6], ""true_model_value"": -11.781, ""x"": 0.7}, {""displayed_mean"": -19.0, ""displayed_sem"": 0.6, ""raw_replicate_mean"": -18.12, ""raw_replicate_sem"": 0.625, ""replicates"": [-16.2, -19.8, -18.2, -19.0, -17.4], ""true_model_value"": -20.508, ""x"": 0.9}], ""replicate_n"": 5, ""true_intercept"": 0.43}",independently_authored_synthetic_research_seed_unverified,Research seed for hand-drawn graph capture and reviewer evaluation. Do not expose criterion definitions to the person drawing the graph.
HDG-2026-P2-EST-018,v0.2-research-seed,frq,short,canonical_answer,continuous_relationship_graph_derived_estimate,zero_intercept_estimate,HDG-2026-P2-EST-018__response-01.jpg,"Researchers measured plant tissue osmosis across a range of external salt concentration. Construct a graph with external salt concentration on the x-axis and percent mass change on the y-axis. Plot the paired observations, draw one best-fit relationship, mark where the relationship crosses zero change, and report the estimated external salt concentration at zero change with units.

Write the item ID HDG-2026-P2-EST-018 at the top of your page.

| external salt concentration (%) | percent mass change (%) |
| --- | --- |
| 0.0 | 21.0 |
| 0.5 | 16.0 |
| 1.0 | 12.0 |
| 1.5 | 5.0 |
| 2.0 | -2.0 |
| 3.0 | -8.0 |
| 4.0 | -24.0 |","Expected graph: paired-data graph with one best-fit relationship and zero-intercept annotation; x-axis external salt concentration (%); y-axis percent mass change (%). Required criteria: REPRESENTATION_TYPE, X_UNIT, Y_UNIT, X_SCALE, Y_SCALE, PLOT_VALUES, BEST_FIT_RELATIONSHIP, ZERO_INTERCEPT_ANNOTATION, ESTIMATE_VALUE.",AP Biology|data analysis|graph-derived estimates|model interpretation,plant tissue osmosis|zero-intercept estimate|paired data,"[{""external salt concentration (%)"": 0.0, ""percent mass change (%)"": 21.0}, {""external salt concentration (%)"": 0.5, ""percent mass change (%)"": 16.0}, {""external salt concentration (%)"": 1.0, ""percent mass change (%)"": 12.0}, {""external salt concentration (%)"": 1.5, ""percent mass change (%)"": 5.0}, {""external salt concentration (%)"": 2.0, ""percent mass change (%)"": -2.0}, {""external salt concentration (%)"": 3.0, ""percent mass change (%)"": -8.0}, {""external salt concentration (%)"": 4.0, ""percent mass change (%)"": -24.0}]","{""expected_estimate_approx"": 1.92, ""representation"": ""paired-data graph with one best-fit relationship and zero-intercept annotation"", ""required_estimate"": ""x-value where percent mass change equals zero"", ""x_axis"": ""external salt concentration (%)"", ""y_axis"": ""percent mass change (%)""}","[{""criterion_id"": ""REPRESENTATION_TYPE"", ""met_rule"": ""Uses a continuous paired-data graph.""}, {""criterion_id"": ""X_UNIT"", ""met_rule"": ""X-axis includes required variable and unit.""}, {""criterion_id"": ""Y_UNIT"", ""met_rule"": ""Y-axis includes required variable and unit.""}, {""criterion_id"": ""X_SCALE"", ""met_rule"": ""Numeric x positions are proportional and interpretable.""}, {""criterion_id"": ""Y_SCALE"", ""met_rule"": ""Y-axis includes zero and all observations.""}, {""criterion_id"": ""PLOT_VALUES"", ""met_rule"": ""All paired observations are plotted at recoverable coordinates.""}, {""criterion_id"": ""BEST_FIT_RELATIONSHIP"", ""met_rule"": ""One best-fit relationship summarizes the observations.""}, {""criterion_id"": ""ZERO_INTERCEPT_ANNOTATION"", ""met_rule"": ""Annotation visibly links the zero crossing to the x-axis.""}, {""criterion_id"": ""ESTIMATE_VALUE"", ""met_rule"": ""Reported estimate has value and unit consistent with graph annotation.""}]","{""item_seed"": 3017, ""method"": ""seeded_replicate_v2"", ""model"": ""linear(intercept=1.92,slope=-10.567)"", ""points"": [{""displayed_mean"": 21.0, ""displayed_sem"": 0.6, ""raw_replicate_mean"": 20.68, ""raw_replicate_sem"": 0.618, ""replicates"": [21.2, 22.8, 19.4, 20.4, 19.6], ""true_model_value"": 20.289, ""x"": 0.0}, {""displayed_mean"": 16.0, ""displayed_sem"": 0.3, ""raw_replicate_mean"": 17.18, ""raw_replicate_sem"": 0.338, ""replicates"": [17.1, 16.7, 18.5, 16.9, 16.7], ""true_model_value"": 15.005, ""x"": 0.5}, {""displayed_mean"": 12.0, ""displayed_sem"": 0.7, ""raw_replicate_mean"": 11.6, ""raw_replicate_sem"": 0.746, ""replicates"": [11.1, 10.6, 9.7, 12.8, 13.8], ""true_model_value"": 9.722, ""x"": 1.0}, {""displayed_mean"": 5.0, ""displayed_sem"": 0.7, ""raw_replicate_mean"": 4.94, ""raw_replicate_sem"": 0.661, ""replicates"": [2.9, 4.9, 6.5, 4.2, 6.2], ""true_model_value"": 4.438, ""x"": 1.5}, {""displayed_mean"": -2.0, ""displayed_sem"": 0.5, ""raw_replicate_mean"": -2.0, ""raw_replicate_sem"": 0.513, ""replicates"": [-1.8, -3.8, -0.6, -1.9, -1.9], ""true_model_value"": -0.845, ""x"": 2.0}, {""displayed_mean"": -8.0, ""displayed_sem"": 0.4, ""raw_replicate_mean"": -9.02, ""raw_replicate_sem"": 0.392, ""replicates"": [-10.1, -9.2, -7.7, -8.8, -9.3], ""true_model_value"": -11.412, ""x"": 3.0}, {""displayed_mean"": -24.0, ""displayed_sem"": 0.4, ""raw_replicate_mean"": -24.12, ""raw_replicate_sem"": 0.45, ""replicates"": [-23.6, -23.8, -25.6, -23.0, -24.6], ""true_model_value"": -21.98, ""x"": 4.0}], ""replicate_n"": 5, ""true_intercept"": 1.92}",independently_authored_synthetic_research_seed_unverified,Research seed for hand-drawn graph capture and reviewer evaluation. Do not expose criterion definitions to the person drawing the graph.
HDG-2026-P2-EST-019,v0.2-research-seed,frq,short,canonical_answer,continuous_relationship_graph_derived_estimate,zero_intercept_estimate,HDG-2026-P2-EST-019__response-01.jpg,"Researchers measured enzyme inhibitor response across a range of inhibitor concentration. Construct a graph with inhibitor concentration on the x-axis and change from control on the y-axis. Plot the paired observations, draw one best-fit relationship, mark where the relationship crosses zero change, and report the estimated inhibitor concentration at zero change with units.

Write the item ID HDG-2026-P2-EST-019 at the top of your page.

| inhibitor concentration (mM) | change from control (%) |
| --- | --- |
| 0 | 34.0 |
| 2 | 29.0 |
| 5 | 18.0 |
| 8 | 14.0 |
| 12 | 1.0 |
| 18 | -16.0 |
| 25 | -41.0 |","Expected graph: paired-data graph with one best-fit relationship and zero-intercept annotation; x-axis inhibitor concentration (mM); y-axis change from control (%). Required criteria: REPRESENTATION_TYPE, X_UNIT, Y_UNIT, X_SCALE, Y_SCALE, PLOT_VALUES, BEST_FIT_RELATIONSHIP, ZERO_INTERCEPT_ANNOTATION, ESTIMATE_VALUE.",AP Biology|data analysis|graph-derived estimates|model interpretation,enzyme inhibitor response|zero-intercept estimate|paired data,"[{""change from control (%)"": 34.0, ""inhibitor concentration (mM)"": 0}, {""change from control (%)"": 29.0, ""inhibitor concentration (mM)"": 2}, {""change from control (%)"": 18.0, ""inhibitor concentration (mM)"": 5}, {""change from control (%)"": 14.0, ""inhibitor concentration (mM)"": 8}, {""change from control (%)"": 1.0, ""inhibitor concentration (mM)"": 12}, {""change from control (%)"": -16.0, ""inhibitor concentration (mM)"": 18}, {""change from control (%)"": -41.0, ""inhibitor concentration (mM)"": 25}]","{""expected_estimate_approx"": 11.81, ""representation"": ""paired-data graph with one best-fit relationship and zero-intercept annotation"", ""required_estimate"": ""x-value where change from control equals zero"", ""x_axis"": ""inhibitor concentration (mM)"", ""y_axis"": ""change from control (%)""}","[{""criterion_id"": ""REPRESENTATION_TYPE"", ""met_rule"": ""Uses a continuous paired-data graph.""}, {""criterion_id"": ""X_UNIT"", ""met_rule"": ""X-axis includes required variable and unit.""}, {""criterion_id"": ""Y_UNIT"", ""met_rule"": ""Y-axis includes required variable and unit.""}, {""criterion_id"": ""X_SCALE"", ""met_rule"": ""Numeric x positions are proportional and interpretable.""}, {""criterion_id"": ""Y_SCALE"", ""met_rule"": ""Y-axis includes zero and all observations.""}, {""criterion_id"": ""PLOT_VALUES"", ""met_rule"": ""All paired observations are plotted at recoverable coordinates.""}, {""criterion_id"": ""BEST_FIT_RELATIONSHIP"", ""met_rule"": ""One best-fit relationship summarizes the observations.""}, {""criterion_id"": ""ZERO_INTERCEPT_ANNOTATION"", ""met_rule"": ""Annotation visibly links the zero crossing to the x-axis.""}, {""criterion_id"": ""ESTIMATE_VALUE"", ""met_rule"": ""Reported estimate has value and unit consistent with graph annotation.""}]","{""item_seed"": 3018, ""method"": ""seeded_replicate_v2"", ""model"": ""linear(intercept=11.81,slope=-2.913)"", ""points"": [{""displayed_mean"": 34.0, ""displayed_sem"": 1.3, ""raw_replicate_mean"": 33.38, ""raw_replicate_sem"": 1.331, ""replicates"": [34.9, 29.3, 33.0, 32.4, 37.3], ""true_model_value"": 34.402, ""x"": 0}, {""displayed_mean"": 29.0, ""displayed_sem"": 1.1, ""raw_replicate_mean"": 29.94, ""raw_replicate_sem"": 1.087, ""replicates"": [27.6, 32.5, 31.0, 31.5, 27.1], ""true_model_value"": 28.576, ""x"": 2}, {""displayed_mean"": 18.0, ""displayed_sem"": 0.3, ""raw_replicate_mean"": 18.14, ""raw_replicate_sem"": 0.326, ""replicates"": [19.3, 17.7, 17.4, 18.0, 18.3], ""true_model_value"": 19.837, ""x"": 5}, {""displayed_mean"": 14.0, ""displayed_sem"": 0.3, ""raw_replicate_mean"": 13.94, ""raw_replicate_sem"": 0.279, ""replicates"": [13.0, 13.6, 14.4, 14.4, 14.3], ""true_model_value"": 11.098, ""x"": 8}, {""displayed_mean"": 1.0, ""displayed_sem"": 0.3, ""raw_replicate_mean"": 0.82, ""raw_replicate_sem"": 0.344, ""replicates"": [-0.0, 1.8, 1.4, 0.2, 0.7], ""true_model_value"": -0.553, ""x"": 12}, {""displayed_mean"": -16.0, ""displayed_sem"": 0.7, ""raw_replicate_mean"": -16.94, ""raw_replicate_sem"": 0.655, ""replicates"": [-15.2, -18.5, -16.0, -18.4, -16.6], ""true_model_value"": -18.031, ""x"": 18}, {""displayed_mean"": -41.0, ""displayed_sem"": 0.4, ""raw_replicate_mean"": -41.12, ""raw_replicate_sem"": 0.419, ""replicates"": [-40.3, -41.4, -41.4, -40.1, -42.4], ""true_model_value"": -38.422, ""x"": 25}], ""replicate_n"": 5, ""true_intercept"": 11.81}",independently_authored_synthetic_research_seed_unverified,Research seed for hand-drawn graph capture and reviewer evaluation. Do not expose criterion definitions to the person drawing the graph.
HDG-2026-P2-EST-020,v0.2-research-seed,frq,short,canonical_answer,continuous_relationship_graph_derived_estimate,zero_intercept_estimate,HDG-2026-P2-EST-020__response-01.jpg,"Researchers measured microbial growth balance across a range of antibiotic concentration. Construct a graph with antibiotic concentration on the x-axis and net growth change on the y-axis. Plot the paired observations, draw one best-fit relationship, mark where the relationship crosses zero change, and report the estimated antibiotic concentration at zero change with units.

Write the item ID HDG-2026-P2-EST-020 at the top of your page.

| antibiotic concentration (ug/mL) | net growth change (%) |
| --- | --- |
| 0 | 21.0 |
| 1 | 20.0 |
| 2 | 15.0 |
| 4 | 4.0 |
| 8 | -11.0 |
| 12 | -26.0 |
| 16 | -46.0 |","Expected graph: paired-data graph with one best-fit relationship and zero-intercept annotation; x-axis antibiotic concentration (ug/mL); y-axis net growth change (%). Required criteria: REPRESENTATION_TYPE, X_UNIT, Y_UNIT, X_SCALE, Y_SCALE, PLOT_VALUES, BEST_FIT_RELATIONSHIP, ZERO_INTERCEPT_ANNOTATION, ESTIMATE_VALUE.",AP Biology|data analysis|graph-derived estimates|model interpretation,microbial growth balance|zero-intercept estimate|paired data,"[{""antibiotic concentration (ug/mL)"": 0, ""net growth change (%)"": 21.0}, {""antibiotic concentration (ug/mL)"": 1, ""net growth change (%)"": 20.0}, {""antibiotic concentration (ug/mL)"": 2, ""net growth change (%)"": 15.0}, {""antibiotic concentration (ug/mL)"": 4, ""net growth change (%)"": 4.0}, {""antibiotic concentration (ug/mL)"": 8, ""net growth change (%)"": -11.0}, {""antibiotic concentration (ug/mL)"": 12, ""net growth change (%)"": -26.0}, {""antibiotic concentration (ug/mL)"": 16, ""net growth change (%)"": -46.0}]","{""expected_estimate_approx"": 5.48, ""representation"": ""paired-data graph with one best-fit relationship and zero-intercept annotation"", ""required_estimate"": ""x-value where net growth change equals zero"", ""x_axis"": ""antibiotic concentration (ug/mL)"", ""y_axis"": ""net growth change (%)""}","[{""criterion_id"": ""REPRESENTATION_TYPE"", ""met_rule"": ""Uses a continuous paired-data graph.""}, {""criterion_id"": ""X_UNIT"", ""met_rule"": ""X-axis includes required variable and unit.""}, {""criterion_id"": ""Y_UNIT"", ""met_rule"": ""Y-axis includes required variable and unit.""}, {""criterion_id"": ""X_SCALE"", ""met_rule"": ""Numeric x positions are proportional and interpretable.""}, {""criterion_id"": ""Y_SCALE"", ""met_rule"": ""Y-axis includes zero and all observations.""}, {""criterion_id"": ""PLOT_VALUES"", ""met_rule"": ""All paired observations are plotted at recoverable coordinates.""}, {""criterion_id"": ""BEST_FIT_RELATIONSHIP"", ""met_rule"": ""One best-fit relationship summarizes the observations.""}, {""criterion_id"": ""ZERO_INTERCEPT_ANNOTATION"", ""met_rule"": ""Annotation visibly links the zero crossing to the x-axis.""}, {""criterion_id"": ""ESTIMATE_VALUE"", ""met_rule"": ""Reported estimate has value and unit consistent with graph annotation.""}]","{""item_seed"": 3019, ""method"": ""seeded_replicate_v2"", ""model"": ""linear(intercept=5.48,slope=-4.11)"", ""points"": [{""displayed_mean"": 21.0, ""displayed_sem"": 0.5, ""raw_replicate_mean"": 22.1, ""raw_replicate_sem"": 0.489, ""replicates"": [21.0, 21.7, 22.7, 21.4, 23.7], ""true_model_value"": 22.521, ""x"": 0}, {""displayed_mean"": 20.0, ""displayed_sem"": 0.3, ""raw_replicate_mean"": 20.4, ""raw_replicate_sem"": 0.268, ""replicates"": [20.5, 19.5, 20.2, 21.1, 20.7], ""true_model_value"": 18.411, ""x"": 1}, {""displayed_mean"": 15.0, ""displayed_sem"": 0.6, ""raw_replicate_mean"": 14.46, ""raw_replicate_sem"": 0.59, ""replicates"": [12.3, 15.7, 14.2, 15.0, 15.1], ""true_model_value"": 14.302, ""x"": 2}, {""displayed_mean"": 4.0, ""displayed_sem"": 0.3, ""raw_replicate_mean"": 4.08, ""raw_replicate_sem"": 0.276, ""replicates"": [4.0, 4.5, 4.1, 3.1, 4.7], ""true_model_value"": 6.082, ""x"": 4}, {""displayed_mean"": -11.0, ""displayed_sem"": 0.3, ""raw_replicate_mean"": -11.88, ""raw_replicate_sem"": 0.322, ""replicates"": [-11.3, -11.2, -13.0, -12.0, -11.9], ""true_model_value"": -10.356, ""x"": 8}, {""displayed_mean"": -26.0, ""displayed_sem"": 0.4, ""raw_replicate_mean"": -25.44, ""raw_replicate_sem"": 0.382, ""replicates"": [-24.5, -25.3, -25.8, -24.9, -26.7], ""true_model_value"": -26.795, ""x"": 12}, {""displayed_mean"": -46.0, ""displayed_sem"": 0.6, ""raw_replicate_mean"": -46.9, ""raw_replicate_sem"": 0.614, ""replicates"": [-46.9, -45.5, -47.9, -45.6, -48.6], ""true_model_value"": -43.234, ""x"": 16}], ""replicate_n"": 5, ""true_intercept"": 5.48}",independently_authored_synthetic_research_seed_unverified,Research seed for hand-drawn graph capture and reviewer evaluation. Do not expose criterion definitions to the person drawing the graph.
HDG-2026-P2-EST-021,v0.2-research-seed,frq,short,canonical_answer,continuous_relationship_graph_derived_estimate,zero_intercept_estimate,HDG-2026-P2-EST-021__response-01.jpg,"Researchers measured water movement in model cells across a range of external solute concentration. Construct a graph with external solute concentration on the x-axis and percent mass change on the y-axis. Plot the paired observations, draw one best-fit relationship, mark where the relationship crosses zero change, and report the estimated external solute concentration at zero change with units.

Write the item ID HDG-2026-P2-EST-021 at the top of your page.

| external solute concentration (M) | percent mass change (%) |
| --- | --- |
| 0.0 | 23.0 |
| 0.1 | 20.0 |
| 0.2 | 12.0 |
| 0.3 | 9.0 |
| 0.4 | 1.0 |
| 0.6 | -10.0 |
| 0.8 | -19.0 |","Expected graph: paired-data graph with one best-fit relationship and zero-intercept annotation; x-axis external solute concentration (M); y-axis percent mass change (%). Required criteria: REPRESENTATION_TYPE, X_UNIT, Y_UNIT, X_SCALE, Y_SCALE, PLOT_VALUES, BEST_FIT_RELATIONSHIP, ZERO_INTERCEPT_ANNOTATION, ESTIMATE_VALUE.",AP Biology|data analysis|graph-derived estimates|model interpretation,water movement in model cells|zero-intercept estimate|paired data,"[{""external solute concentration (M)"": 0.0, ""percent mass change (%)"": 23.0}, {""external solute concentration (M)"": 0.1, ""percent mass change (%)"": 20.0}, {""external solute concentration (M)"": 0.2, ""percent mass change (%)"": 12.0}, {""external solute concentration (M)"": 0.3, ""percent mass change (%)"": 9.0}, {""external solute concentration (M)"": 0.4, ""percent mass change (%)"": 1.0}, {""external solute concentration (M)"": 0.6, ""percent mass change (%)"": -10.0}, {""external solute concentration (M)"": 0.8, ""percent mass change (%)"": -19.0}]","{""expected_estimate_approx"": 0.43, ""representation"": ""paired-data graph with one best-fit relationship and zero-intercept annotation"", ""required_estimate"": ""x-value where percent mass change equals zero"", ""x_axis"": ""external solute concentration (M)"", ""y_axis"": ""percent mass change (%)""}","[{""criterion_id"": ""REPRESENTATION_TYPE"", ""met_rule"": ""Uses a continuous paired-data graph.""}, {""criterion_id"": ""X_UNIT"", ""met_rule"": ""X-axis includes required variable and unit.""}, {""criterion_id"": ""Y_UNIT"", ""met_rule"": ""Y-axis includes required variable and unit.""}, {""criterion_id"": ""X_SCALE"", ""met_rule"": ""Numeric x positions are proportional and interpretable.""}, {""criterion_id"": ""Y_SCALE"", ""met_rule"": ""Y-axis includes zero and all observations.""}, {""criterion_id"": ""PLOT_VALUES"", ""met_rule"": ""All paired observations are plotted at recoverable coordinates.""}, {""criterion_id"": ""BEST_FIT_RELATIONSHIP"", ""met_rule"": ""One best-fit relationship summarizes the observations.""}, {""criterion_id"": ""ZERO_INTERCEPT_ANNOTATION"", ""met_rule"": ""Annotation visibly links the zero crossing to the x-axis.""}, {""criterion_id"": ""ESTIMATE_VALUE"", ""met_rule"": ""Reported estimate has value and unit consistent with graph annotation.""}]","{""item_seed"": 3020, ""method"": ""seeded_replicate_v2"", ""model"": ""linear(intercept=0.43,slope=-56.602)"", ""points"": [{""displayed_mean"": 23.0, ""displayed_sem"": 0.8, ""raw_replicate_mean"": 22.14, ""raw_replicate_sem"": 0.793, ""replicates"": [22.1, 22.3, 19.5, 24.5, 22.3], ""true_model_value"": 24.339, ""x"": 0.0}, {""displayed_mean"": 20.0, ""displayed_sem"": 0.9, ""raw_replicate_mean"": 20.28, ""raw_replicate_sem"": 0.853, ""replicates"": [21.2, 22.2, 19.9, 20.9, 17.2], ""true_model_value"": 18.679, ""x"": 0.1}, {""displayed_mean"": 12.0, ""displayed_sem"": 0.7, ""raw_replicate_mean"": 11.82, ""raw_replicate_sem"": 0.661, ""replicates"": [12.8, 13.2, 11.9, 11.8, 9.4], ""true_model_value"": 13.018, ""x"": 0.2}, {""displayed_mean"": 9.0, ""displayed_sem"": 0.3, ""raw_replicate_mean"": 8.62, ""raw_replicate_sem"": 0.301, ""replicates"": [8.4, 8.9, 7.8, 8.4, 9.6], ""true_model_value"": 7.358, ""x"": 0.3}, {""displayed_mean"": 1.0, ""displayed_sem"": 0.3, ""raw_replicate_mean"": 1.22, ""raw_replicate_sem"": 0.299, ""replicates"": [1.6, 0.5, 1.9, 1.6, 0.5], ""true_model_value"": 1.698, ""x"": 0.4}, {""displayed_mean"": -10.0, ""displayed_sem"": 0.5, ""raw_replicate_mean"": -10.04, ""raw_replicate_sem"": 0.484, ""replicates"": [-10.2, -10.7, -9.0, -11.4, -8.9], ""true_model_value"": -9.622, ""x"": 0.6}, {""displayed_mean"": -19.0, ""displayed_sem"": 0.4, ""raw_replicate_mean"": -18.48, ""raw_replicate_sem"": 0.441, ""replicates"": [-18.6, -19.2, -16.8, -18.6, -19.2], ""true_model_value"": -20.943, ""x"": 0.8}], ""replicate_n"": 5, ""true_intercept"": 0.43}",independently_authored_synthetic_research_seed_unverified,Research seed for hand-drawn graph capture and reviewer evaluation. Do not expose criterion definitions to the person drawing the graph.
HDG-2026-P2-EST-022,v0.2-research-seed,frq,short,canonical_answer,continuous_relationship_graph_derived_estimate,zero_intercept_estimate,HDG-2026-P2-EST-022__response-01.jpg,"Researchers measured dialysis bag mass change across a range of sucrose concentration. Construct a graph with sucrose concentration on the x-axis and percent mass change on the y-axis. Plot the paired observations, draw one best-fit relationship, mark where the relationship crosses zero change, and report the estimated sucrose concentration at zero change with units.

Write the item ID HDG-2026-P2-EST-022 at the top of your page.

| sucrose concentration (M) | percent mass change (%) |
| --- | --- |
| 0.0 | 19.0 |
| 0.1 | 15.0 |
| 0.2 | 9.0 |
| 0.35 | 2.0 |
| 0.5 | -4.0 |
| 0.7 | -12.0 |
| 0.9 | -19.0 |","Expected graph: paired-data graph with one best-fit relationship and zero-intercept annotation; x-axis sucrose concentration (M); y-axis percent mass change (%). Required criteria: REPRESENTATION_TYPE, X_UNIT, Y_UNIT, X_SCALE, Y_SCALE, PLOT_VALUES, BEST_FIT_RELATIONSHIP, ZERO_INTERCEPT_ANNOTATION, ESTIMATE_VALUE.",AP Biology|data analysis|graph-derived estimates|model interpretation,dialysis bag mass change|zero-intercept estimate|paired data,"[{""percent mass change (%)"": 19.0, ""sucrose concentration (M)"": 0.0}, {""percent mass change (%)"": 15.0, ""sucrose concentration (M)"": 0.1}, {""percent mass change (%)"": 9.0, ""sucrose concentration (M)"": 0.2}, {""percent mass change (%)"": 2.0, ""sucrose concentration (M)"": 0.35}, {""percent mass change (%)"": -4.0, ""sucrose concentration (M)"": 0.5}, {""percent mass change (%)"": -12.0, ""sucrose concentration (M)"": 0.7}, {""percent mass change (%)"": -19.0, ""sucrose concentration (M)"": 0.9}]","{""expected_estimate_approx"": 0.44, ""representation"": ""paired-data graph with one best-fit relationship and zero-intercept annotation"", ""required_estimate"": ""x-value where percent mass change equals zero"", ""x_axis"": ""sucrose concentration (M)"", ""y_axis"": ""percent mass change (%)""}","[{""criterion_id"": ""REPRESENTATION_TYPE"", ""met_rule"": ""Uses a continuous paired-data graph.""}, {""criterion_id"": ""X_UNIT"", ""met_rule"": ""X-axis includes required variable and unit.""}, {""criterion_id"": ""Y_UNIT"", ""met_rule"": ""Y-axis includes required variable and unit.""}, {""criterion_id"": ""X_SCALE"", ""met_rule"": ""Numeric x positions are proportional and interpretable.""}, {""criterion_id"": ""Y_SCALE"", ""met_rule"": ""Y-axis includes zero and all observations.""}, {""criterion_id"": ""PLOT_VALUES"", ""met_rule"": ""All paired observations are plotted at recoverable coordinates.""}, {""criterion_id"": ""BEST_FIT_RELATIONSHIP"", ""met_rule"": ""One best-fit relationship summarizes the observations.""}, {""criterion_id"": ""ZERO_INTERCEPT_ANNOTATION"", ""met_rule"": ""Annotation visibly links the zero crossing to the x-axis.""}, {""criterion_id"": ""ESTIMATE_VALUE"", ""met_rule"": ""Reported estimate has value and unit consistent with graph annotation.""}]","{""item_seed"": 3021, ""method"": ""seeded_replicate_v2"", ""model"": ""linear(intercept=0.44,slope=-40.815)"", ""points"": [{""displayed_mean"": 19.0, ""displayed_sem"": 0.3, ""raw_replicate_mean"": 19.0, ""raw_replicate_sem"": 0.318, ""replicates"": [18.0, 19.0, 20.0, 18.9, 19.1], ""true_model_value"": 17.958, ""x"": 0.0}, {""displayed_mean"": 15.0, ""displayed_sem"": 0.4, ""raw_replicate_mean"": 15.24, ""raw_replicate_sem"": 0.383, ""replicates"": [15.1, 14.0, 15.3, 16.4, 15.4], ""true_model_value"": 13.877, ""x"": 0.1}, {""displayed_mean"": 9.0, ""displayed_sem"": 0.3, ""raw_replicate_mean"": 8.84, ""raw_replicate_sem"": 0.298, ""replicates"": [9.1, 7.8, 8.7, 9.0, 9.6], ""true_model_value"": 9.796, ""x"": 0.2}, {""displayed_mean"": 2.0, ""displayed_sem"": 0.3, ""raw_replicate_mean"": 1.58, ""raw_replicate_sem"": 0.285, ""replicates"": [1.5, 0.6, 1.5, 2.1, 2.2], ""true_model_value"": 3.673, ""x"": 0.35}, {""displayed_mean"": -4.0, ""displayed_sem"": 0.3, ""raw_replicate_mean"": -4.48, ""raw_replicate_sem"": 0.171, ""replicates"": [-4.5, -4.0, -4.2, -4.9, -4.8], ""true_model_value"": -2.449, ""x"": 0.5}, {""displayed_mean"": -12.0, ""displayed_sem"": 0.6, ""raw_replicate_mean"": -11.3, ""raw_replicate_sem"": 0.602, ""replicates"": [-11.7, -12.9, -9.2, -11.1, -11.6], ""true_model_value"": -10.612, ""x"": 0.7}, {""displayed_mean"": -19.0, ""displayed_sem"": 0.7, ""raw_replicate_mean"": -19.3, ""raw_replicate_sem"": 0.65, ""replicates"": [-18.2, -20.2, -20.5, -20.3, -17.3], ""true_model_value"": -18.775, ""x"": 0.9}], ""replicate_n"": 5, ""true_intercept"": 0.44}",independently_authored_synthetic_research_seed_unverified,Research seed for hand-drawn graph capture and reviewer evaluation. Do not expose criterion definitions to the person drawing the graph.
HDG-2026-P2-EST-023,v0.2-research-seed,frq,short,canonical_answer,continuous_relationship_graph_derived_estimate,zero_intercept_estimate,HDG-2026-P2-EST-023__response-01.jpg,"Researchers measured plant tissue osmosis across a range of external salt concentration. Construct a graph with external salt concentration on the x-axis and percent mass change on the y-axis. Plot the paired observations, draw one best-fit relationship, mark where the relationship crosses zero change, and report the estimated external salt concentration at zero change with units.

Write the item ID HDG-2026-P2-EST-023 at the top of your page.

| external salt concentration (%) | percent mass change (%) |
| --- | --- |
| 0.0 | 36.0 |
| 0.5 | 22.0 |
| 1.0 | 20.0 |
| 1.5 | 15.0 |
| 2.0 | 6.0 |
| 3.0 | -8.0 |
| 4.0 | -24.0 |","Expected graph: paired-data graph with one best-fit relationship and zero-intercept annotation; x-axis external salt concentration (%); y-axis percent mass change (%). Required criteria: REPRESENTATION_TYPE, X_UNIT, Y_UNIT, X_SCALE, Y_SCALE, PLOT_VALUES, BEST_FIT_RELATIONSHIP, ZERO_INTERCEPT_ANNOTATION, ESTIMATE_VALUE.",AP Biology|data analysis|graph-derived estimates|model interpretation,plant tissue osmosis|zero-intercept estimate|paired data,"[{""external salt concentration (%)"": 0.0, ""percent mass change (%)"": 36.0}, {""external salt concentration (%)"": 0.5, ""percent mass change (%)"": 22.0}, {""external salt concentration (%)"": 1.0, ""percent mass change (%)"": 20.0}, {""external salt concentration (%)"": 1.5, ""percent mass change (%)"": 15.0}, {""external salt concentration (%)"": 2.0, ""percent mass change (%)"": 6.0}, {""external salt concentration (%)"": 3.0, ""percent mass change (%)"": -8.0}, {""external salt concentration (%)"": 4.0, ""percent mass change (%)"": -24.0}]","{""expected_estimate_approx"": 2.36, ""representation"": ""paired-data graph with one best-fit relationship and zero-intercept annotation"", ""required_estimate"": ""x-value where percent mass change equals zero"", ""x_axis"": ""external salt concentration (%)"", ""y_axis"": ""percent mass change (%)""}","[{""criterion_id"": ""REPRESENTATION_TYPE"", ""met_rule"": ""Uses a continuous paired-data graph.""}, {""criterion_id"": ""X_UNIT"", ""met_rule"": ""X-axis includes required variable and unit.""}, {""criterion_id"": ""Y_UNIT"", ""met_rule"": ""Y-axis includes required variable and unit.""}, {""criterion_id"": ""X_SCALE"", ""met_rule"": ""Numeric x positions are proportional and interpretable.""}, {""criterion_id"": ""Y_SCALE"", ""met_rule"": ""Y-axis includes zero and all observations.""}, {""criterion_id"": ""PLOT_VALUES"", ""met_rule"": ""All paired observations are plotted at recoverable coordinates.""}, {""criterion_id"": ""BEST_FIT_RELATIONSHIP"", ""met_rule"": ""One best-fit relationship summarizes the observations.""}, {""criterion_id"": ""ZERO_INTERCEPT_ANNOTATION"", ""met_rule"": ""Annotation visibly links the zero crossing to the x-axis.""}, {""criterion_id"": ""ESTIMATE_VALUE"", ""met_rule"": ""Reported estimate has value and unit consistent with graph annotation.""}]","{""item_seed"": 3022, ""method"": ""seeded_replicate_v2"", ""model"": ""linear(intercept=2.36,slope=-13.693)"", ""points"": [{""displayed_mean"": 36.0, ""displayed_sem"": 1.0, ""raw_replicate_mean"": 34.96, ""raw_replicate_sem"": 0.967, ""replicates"": [32.7, 36.3, 34.7, 33.2, 37.9], ""true_model_value"": 32.317, ""x"": 0.0}, {""displayed_mean"": 22.0, ""displayed_sem"": 0.7, ""raw_replicate_mean"": 22.16, ""raw_replicate_sem"": 0.685, ""replicates"": [23.2, 23.2, 23.2, 21.4, 19.8], ""true_model_value"": 25.47, ""x"": 0.5}, {""displayed_mean"": 20.0, ""displayed_sem"": 0.5, ""raw_replicate_mean"": 19.64, ""raw_replicate_sem"": 0.503, ""replicates"": [19.3, 20.0, 18.5, 21.4, 19.0], ""true_model_value"": 18.623, ""x"": 1.0}, {""displayed_mean"": 15.0, ""displayed_sem"": 0.4, ""raw_replicate_mean"": 14.9, ""raw_replicate_sem"": 0.389, ""replicates"": [16.1, 14.7, 14.8, 15.2, 13.7], ""true_model_value"": 11.776, ""x"": 1.5}, {""displayed_mean"": 6.0, ""displayed_sem"": 0.4, ""raw_replicate_mean"": 6.16, ""raw_replicate_sem"": 0.375, ""replicates"": [5.9, 6.0, 5.0, 7.2, 6.7], ""true_model_value"": 4.93, ""x"": 2.0}, {""displayed_mean"": -8.0, ""displayed_sem"": 0.3, ""raw_replicate_mean"": -8.14, ""raw_replicate_sem"": 0.311, ""replicates"": [-7.4, -7.9, -9.1, -7.7, -8.6], ""true_model_value"": -8.764, ""x"": 3.0}, {""displayed_mean"": -24.0, ""displayed_sem"": 1.0, ""raw_replicate_mean"": -24.4, ""raw_replicate_sem"": 1.01, ""replicates"": [-28.0, -25.0, -23.4, -22.1, -23.5], ""true_model_value"": -22.457, ""x"": 4.0}], ""replicate_n"": 5, ""true_intercept"": 2.36}",independently_authored_synthetic_research_seed_unverified,Research seed for hand-drawn graph capture and reviewer evaluation. Do not expose criterion definitions to the person drawing the graph.
HDG-2026-P2-EST-024,v0.2-research-seed,frq,short,canonical_answer,continuous_relationship_graph_derived_estimate,zero_intercept_estimate,HDG-2026-P2-EST-024__response-01.jpg,"Researchers measured enzyme inhibitor response across a range of inhibitor concentration. Construct a graph with inhibitor concentration on the x-axis and change from control on the y-axis. Plot the paired observations, draw one best-fit relationship, mark where the relationship crosses zero change, and report the estimated inhibitor concentration at zero change with units.

Write the item ID HDG-2026-P2-EST-024 at the top of your page.

| inhibitor concentration (mM) | change from control (%) |
| --- | --- |
| 0 | 23.0 |
| 2 | 18.0 |
| 5 | 5.0 |
| 8 | -1.0 |
| 12 | -9.0 |
| 18 | -26.0 |
| 25 | -43.0 |","Expected graph: paired-data graph with one best-fit relationship and zero-intercept annotation; x-axis inhibitor concentration (mM); y-axis change from control (%). Required criteria: REPRESENTATION_TYPE, X_UNIT, Y_UNIT, X_SCALE, Y_SCALE, PLOT_VALUES, BEST_FIT_RELATIONSHIP, ZERO_INTERCEPT_ANNOTATION, ESTIMATE_VALUE.",AP Biology|data analysis|graph-derived estimates|model interpretation,enzyme inhibitor response|zero-intercept estimate|paired data,"[{""change from control (%)"": 23.0, ""inhibitor concentration (mM)"": 0}, {""change from control (%)"": 18.0, ""inhibitor concentration (mM)"": 2}, {""change from control (%)"": 5.0, ""inhibitor concentration (mM)"": 5}, {""change from control (%)"": -1.0, ""inhibitor concentration (mM)"": 8}, {""change from control (%)"": -9.0, ""inhibitor concentration (mM)"": 12}, {""change from control (%)"": -26.0, ""inhibitor concentration (mM)"": 18}, {""change from control (%)"": -43.0, ""inhibitor concentration (mM)"": 25}]","{""expected_estimate_approx"": 8.03, ""representation"": ""paired-data graph with one best-fit relationship and zero-intercept annotation"", ""required_estimate"": ""x-value where change from control equals zero"", ""x_axis"": ""inhibitor concentration (mM)"", ""y_axis"": ""change from control (%)""}","[{""criterion_id"": ""REPRESENTATION_TYPE"", ""met_rule"": ""Uses a continuous paired-data graph.""}, {""criterion_id"": ""X_UNIT"", ""met_rule"": ""X-axis includes required variable and unit.""}, {""criterion_id"": ""Y_UNIT"", ""met_rule"": ""Y-axis includes required variable and unit.""}, {""criterion_id"": ""X_SCALE"", ""met_rule"": ""Numeric x positions are proportional and interpretable.""}, {""criterion_id"": ""Y_SCALE"", ""met_rule"": ""Y-axis includes zero and all observations.""}, {""criterion_id"": ""PLOT_VALUES"", ""met_rule"": ""All paired observations are plotted at recoverable coordinates.""}, {""criterion_id"": ""BEST_FIT_RELATIONSHIP"", ""met_rule"": ""One best-fit relationship summarizes the observations.""}, {""criterion_id"": ""ZERO_INTERCEPT_ANNOTATION"", ""met_rule"": ""Annotation visibly links the zero crossing to the x-axis.""}, {""criterion_id"": ""ESTIMATE_VALUE"", ""met_rule"": ""Reported estimate has value and unit consistent with graph annotation.""}]","{""item_seed"": 3023, ""method"": ""seeded_replicate_v2"", ""model"": ""linear(intercept=8.03,slope=-2.598)"", ""points"": [{""displayed_mean"": 23.0, ""displayed_sem"": 0.7, ""raw_replicate_mean"": 22.6, ""raw_replicate_sem"": 0.723, ""replicates"": [22.0, 23.8, 20.2, 22.7, 24.3], ""true_model_value"": 20.863, ""x"": 0}, {""displayed_mean"": 18.0, ""displayed_sem"": 0.3, ""raw_replicate_mean"": 18.06, ""raw_replicate_sem"": 0.331, ""replicates"": [19.1, 17.5, 17.3, 17.9, 18.5], ""true_model_value"": 15.666, ""x"": 2}, {""displayed_mean"": 5.0, ""displayed_sem"": 0.4, ""raw_replicate_mean"": 5.5, ""raw_replicate_sem"": 0.415, ""replicates"": [5.3, 6.4, 5.2, 6.4, 4.2], ""true_model_value"": 7.872, ""x"": 5}, {""displayed_mean"": -1.0, ""displayed_sem"": 0.4, ""raw_replicate_mean"": -1.42, ""raw_replicate_sem"": 0.384, ""replicates"": [-1.0, -0.7, -0.9, -1.7, -2.8], ""true_model_value"": 0.078, ""x"": 8}, {""displayed_mean"": -9.0, ""displayed_sem"": 0.3, ""raw_replicate_mean"": -9.42, ""raw_replicate_sem"": 0.183, ""replicates"": [-10.1, -9.3, -9.0, -9.3, -9.4], ""true_model_value"": -10.314, ""x"": 12}, {""displayed_mean"": -26.0, ""displayed_sem"": 0.7, ""raw_replicate_mean"": -26.72, ""raw_replicate_sem"": 0.71, ""replicates"": [-26.7, -24.3, -27.7, -28.5, -26.4], ""true_model_value"": -25.903, ""x"": 18}, {""displayed_mean"": -43.0, ""displayed_sem"": 0.9, ""raw_replicate_mean"": -42.88, ""raw_replicate_sem"": 0.894, ""replicates"": [-46.2, -40.8, -42.5, -42.7, -42.2], ""true_model_value"": -44.089, ""x"": 25}], ""replicate_n"": 5, ""true_intercept"": 8.03}",independently_authored_synthetic_research_seed_unverified,Research seed for hand-drawn graph capture and reviewer evaluation. Do not expose criterion definitions to the person drawing the graph.
HDG-2026-P2-EST-025,v0.2-research-seed,frq,short,canonical_answer,continuous_relationship_graph_derived_estimate,zero_intercept_estimate,HDG-2026-P2-EST-025__response-01.jpg,"Researchers measured microbial growth balance across a range of antibiotic concentration. Construct a graph with antibiotic concentration on the x-axis and net growth change on the y-axis. Plot the paired observations, draw one best-fit relationship, mark where the relationship crosses zero change, and report the estimated antibiotic concentration at zero change with units.

Write the item ID HDG-2026-P2-EST-025 at the top of your page.

| antibiotic concentration (ug/mL) | net growth change (%) |
| --- | --- |
| 0 | 36.0 |
| 1 | 28.0 |
| 2 | 22.0 |
| 4 | 8.0 |
| 8 | -14.0 |
| 12 | -49.0 |
| 16 | -68.0 |","Expected graph: paired-data graph with one best-fit relationship and zero-intercept annotation; x-axis antibiotic concentration (ug/mL); y-axis net growth change (%). Required criteria: REPRESENTATION_TYPE, X_UNIT, Y_UNIT, X_SCALE, Y_SCALE, PLOT_VALUES, BEST_FIT_RELATIONSHIP, ZERO_INTERCEPT_ANNOTATION, ESTIMATE_VALUE.",AP Biology|data analysis|graph-derived estimates|model interpretation,microbial growth balance|zero-intercept estimate|paired data,"[{""antibiotic concentration (ug/mL)"": 0, ""net growth change (%)"": 36.0}, {""antibiotic concentration (ug/mL)"": 1, ""net growth change (%)"": 28.0}, {""antibiotic concentration (ug/mL)"": 2, ""net growth change (%)"": 22.0}, {""antibiotic concentration (ug/mL)"": 4, ""net growth change (%)"": 8.0}, {""antibiotic concentration (ug/mL)"": 8, ""net growth change (%)"": -14.0}, {""antibiotic concentration (ug/mL)"": 12, ""net growth change (%)"": -49.0}, {""antibiotic concentration (ug/mL)"": 16, ""net growth change (%)"": -68.0}]","{""expected_estimate_approx"": 5.39, ""representation"": ""paired-data graph with one best-fit relationship and zero-intercept annotation"", ""required_estimate"": ""x-value where net growth change equals zero"", ""x_axis"": ""antibiotic concentration (ug/mL)"", ""y_axis"": ""net growth change (%)""}","[{""criterion_id"": ""REPRESENTATION_TYPE"", ""met_rule"": ""Uses a continuous paired-data graph.""}, {""criterion_id"": ""X_UNIT"", ""met_rule"": ""X-axis includes required variable and unit.""}, {""criterion_id"": ""Y_UNIT"", ""met_rule"": ""Y-axis includes required variable and unit.""}, {""criterion_id"": ""X_SCALE"", ""met_rule"": ""Numeric x positions are proportional and interpretable.""}, {""criterion_id"": ""Y_SCALE"", ""met_rule"": ""Y-axis includes zero and all observations.""}, {""criterion_id"": ""PLOT_VALUES"", ""met_rule"": ""All paired observations are plotted at recoverable coordinates.""}, {""criterion_id"": ""BEST_FIT_RELATIONSHIP"", ""met_rule"": ""One best-fit relationship summarizes the observations.""}, {""criterion_id"": ""ZERO_INTERCEPT_ANNOTATION"", ""met_rule"": ""Annotation visibly links the zero crossing to the x-axis.""}, {""criterion_id"": ""ESTIMATE_VALUE"", ""met_rule"": ""Reported estimate has value and unit consistent with graph annotation.""}]","{""item_seed"": 3024, ""method"": ""seeded_replicate_v2"", ""model"": ""linear(intercept=5.39,slope=-6.322)"", ""points"": [{""displayed_mean"": 36.0, ""displayed_sem"": 0.6, ""raw_replicate_mean"": 35.88, ""raw_replicate_sem"": 0.605, ""replicates"": [36.1, 34.4, 34.9, 37.9, 36.1], ""true_model_value"": 34.073, ""x"": 0}, {""displayed_mean"": 28.0, ""displayed_sem"": 0.5, ""raw_replicate_mean"": 28.84, ""raw_replicate_sem"": 0.536, ""replicates"": [28.3, 29.7, 30.5, 27.8, 27.9], ""true_model_value"": 27.752, ""x"": 1}, {""displayed_mean"": 22.0, ""displayed_sem"": 0.3, ""raw_replicate_mean"": 22.28, ""raw_replicate_sem"": 0.348, ""replicates"": [21.6, 22.3, 22.4, 23.5, 21.6], ""true_model_value"": 21.43, ""x"": 2}, {""displayed_mean"": 8.0, ""displayed_sem"": 0.5, ""raw_replicate_mean"": 7.68, ""raw_replicate_sem"": 0.539, ""replicates"": [7.0, 7.9, 6.9, 9.7, 6.9], ""true_model_value"": 8.787, ""x"": 4}, {""displayed_mean"": -14.0, ""displayed_sem"": 0.6, ""raw_replicate_mean"": -14.18, ""raw_replicate_sem"": 0.584, ""replicates"": [-14.5, -14.3, -16.0, -12.4, -13.7], ""true_model_value"": -16.499, ""x"": 8}, {""displayed_mean"": -49.0, ""displayed_sem"": 0.3, ""raw_replicate_mean"": -48.1, ""raw_replicate_sem"": 0.303, ""replicates"": [-48.2, -47.5, -47.6, -49.2, -48.0], ""true_model_value"": -41.786, ""x"": 12}, {""displayed_mean"": -68.0, ""displayed_sem"": 0.9, ""raw_replicate_mean"": -68.94, ""raw_replicate_sem"": 0.872, ""replicates"": [-71.4, -70.2, -69.0, -67.5, -66.6], ""true_model_value"": -67.072, ""x"": 16}], ""replicate_n"": 5, ""true_intercept"": 5.39}",independently_authored_synthetic_research_seed_unverified,Research seed for hand-drawn graph capture and reviewer evaluation. Do not expose criterion definitions to the person drawing the graph.
HDG-2026-P2-EST-026,v0.2-research-seed,frq,short,canonical_answer,continuous_relationship_graph_derived_estimate,plateau_estimate,HDG-2026-P2-EST-026__response-01.jpg,"Researchers measured microbial culture density over increasing time. Construct a graph with time on the x-axis and culture density on the y-axis. Plot the paired observations, draw a smooth trend that remains consistent with the data, mark the level-off region, and report the estimated level-off value with units.

Write the item ID HDG-2026-P2-EST-026 at the top of your page.

| time (hr) | culture density (10^5 cells/mL) |
| --- | --- |
| 0 | 0.0 |
| 1 | 14.0 |
| 2 | 21.0 |
| 4 | 29.0 |
| 6 | 34.0 |
| 9 | 37.0 |
| 12 | 38.0 |","Expected graph: paired-data graph with smooth trend and level-off annotation; x-axis time (hr); y-axis culture density (10^5 cells/mL). Required criteria: REPRESENTATION_TYPE, X_UNIT, Y_UNIT, X_SCALE, Y_SCALE, PLOT_VALUES, BEST_FIT_RELATIONSHIP, PLATEAU_ANNOTATION, ESTIMATE_VALUE.",AP Biology|data analysis|graph-derived estimates|model interpretation,microbial culture density|plateau estimate|paired data,"[{""culture density (10^5 cells/mL)"": 0.0, ""time (hr)"": 0}, {""culture density (10^5 cells/mL)"": 14.0, ""time (hr)"": 1}, {""culture density (10^5 cells/mL)"": 21.0, ""time (hr)"": 2}, {""culture density (10^5 cells/mL)"": 29.0, ""time (hr)"": 4}, {""culture density (10^5 cells/mL)"": 34.0, ""time (hr)"": 6}, {""culture density (10^5 cells/mL)"": 37.0, ""time (hr)"": 9}, {""culture density (10^5 cells/mL)"": 38.0, ""time (hr)"": 12}]","{""expected_estimate_approx"": 38.0, ""representation"": ""paired-data graph with smooth trend and level-off annotation"", ""required_estimate"": ""level-off value of culture density"", ""x_axis"": ""time (hr)"", ""y_axis"": ""culture density (10^5 cells/mL)""}","[{""criterion_id"": ""REPRESENTATION_TYPE"", ""met_rule"": ""Uses a continuous paired-data graph.""}, {""criterion_id"": ""X_UNIT"", ""met_rule"": ""X-axis includes required variable and unit.""}, {""criterion_id"": ""Y_UNIT"", ""met_rule"": ""Y-axis includes required variable and unit.""}, {""criterion_id"": ""X_SCALE"", ""met_rule"": ""Numeric x positions are proportional and interpretable.""}, {""criterion_id"": ""Y_SCALE"", ""met_rule"": ""Y-scale is interpretable and represents all observations.""}, {""criterion_id"": ""PLOT_VALUES"", ""met_rule"": ""All paired observations are plotted at recoverable coordinates.""}, {""criterion_id"": ""BEST_FIT_RELATIONSHIP"", ""met_rule"": ""Smooth trend remains consistent with plotted observations.""}, {""criterion_id"": ""PLATEAU_ANNOTATION"", ""met_rule"": ""Annotation visibly identifies the level-off region.""}, {""criterion_id"": ""ESTIMATE_VALUE"", ""met_rule"": ""Reported estimate has value and unit consistent with graph annotation.""}]","{""item_seed"": 3025, ""method"": ""seeded_replicate_v2"", ""model"": ""saturating(plateau=38,rate=0.407)"", ""points"": [{""displayed_mean"": 0.0, ""displayed_sem"": 0.4, ""raw_replicate_mean"": 0.44, ""raw_replicate_sem"": 0.37, ""replicates"": [1.5, 1.1, -0.2, -0.4, 0.2], ""true_model_value"": 0.0, ""x"": 0}, {""displayed_mean"": 14.0, ""displayed_sem"": 0.3, ""raw_replicate_mean"": 14.36, ""raw_replicate_sem"": 0.299, ""replicates"": [14.3, 14.4, 15.1, 14.7, 13.3], ""true_model_value"": 12.703, ""x"": 1}, {""displayed_mean"": 21.0, ""displayed_sem"": 0.3, ""raw_replicate_mean"": 20.24, ""raw_replicate_sem"": 0.232, ""replicates"": [21.1, 19.9, 19.8, 20.3, 20.1], ""true_model_value"": 21.16, ""x"": 2}, {""displayed_mean"": 29.0, ""displayed_sem"": 0.8, ""raw_replicate_mean"": 28.72, ""raw_replicate_sem"": 0.777, ""replicates"": [29.9, 28.0, 26.1, 29.1, 30.5], ""true_model_value"": 30.537, ""x"": 4}, {""displayed_mean"": 34.0, ""displayed_sem"": 0.3, ""raw_replicate_mean"": 33.04, ""raw_replicate_sem"": 0.254, ""replicates"": [32.5, 34.0, 32.9, 32.8, 33.0], ""true_model_value"": 34.693, ""x"": 6}, {""displayed_mean"": 37.0, ""displayed_sem"": 0.8, ""raw_replicate_mean"": 36.28, ""raw_replicate_sem"": 0.761, ""replicates"": [38.8, 37.2, 35.3, 35.5, 34.6], ""true_model_value"": 37.024, ""x"": 9}, {""displayed_mean"": 38.0, ""displayed_sem"": 0.8, ""raw_replicate_mean"": 37.96, ""raw_replicate_sem"": 0.798, ""replicates"": [38.2, 35.2, 38.1, 40.2, 38.1], ""true_model_value"": 37.712, ""x"": 12}], ""replicate_n"": 5, ""true_plateau"": 38.0}",independently_authored_synthetic_research_seed_unverified,Research seed for hand-drawn graph capture and reviewer evaluation. Do not expose criterion definitions to the person drawing the graph.
HDG-2026-P2-EST-027,v0.2-research-seed,frq,short,canonical_answer,continuous_relationship_graph_derived_estimate,plateau_estimate,HDG-2026-P2-EST-027__response-01.jpg,"Researchers measured transport protein uptake over increasing substrate concentration. Construct a graph with substrate concentration on the x-axis and uptake rate on the y-axis. Plot the paired observations, draw a smooth trend that remains consistent with the data, mark the level-off region, and report the estimated level-off value with units.

Write the item ID HDG-2026-P2-EST-027 at the top of your page.

| substrate concentration (mM) | uptake rate (pmol/min) |
| --- | --- |
| 0 | 0.0 |
| 1 | 16.0 |
| 2 | 27.0 |
| 4 | 37.0 |
| 7 | 45.0 |
| 10 | 45.0 |
| 14 | 46.0 |","Expected graph: paired-data graph with smooth trend and level-off annotation; x-axis substrate concentration (mM); y-axis uptake rate (pmol/min). Required criteria: REPRESENTATION_TYPE, X_UNIT, Y_UNIT, X_SCALE, Y_SCALE, PLOT_VALUES, BEST_FIT_RELATIONSHIP, PLATEAU_ANNOTATION, ESTIMATE_VALUE.",AP Biology|data analysis|graph-derived estimates|model interpretation,transport protein uptake|plateau estimate|paired data,"[{""substrate concentration (mM)"": 0, ""uptake rate (pmol/min)"": 0.0}, {""substrate concentration (mM)"": 1, ""uptake rate (pmol/min)"": 16.0}, {""substrate concentration (mM)"": 2, ""uptake rate (pmol/min)"": 27.0}, {""substrate concentration (mM)"": 4, ""uptake rate (pmol/min)"": 37.0}, {""substrate concentration (mM)"": 7, ""uptake rate (pmol/min)"": 45.0}, {""substrate concentration (mM)"": 10, ""uptake rate (pmol/min)"": 45.0}, {""substrate concentration (mM)"": 14, ""uptake rate (pmol/min)"": 46.0}]","{""expected_estimate_approx"": 47.0, ""representation"": ""paired-data graph with smooth trend and level-off annotation"", ""required_estimate"": ""level-off value of uptake rate"", ""x_axis"": ""substrate concentration (mM)"", ""y_axis"": ""uptake rate (pmol/min)""}","[{""criterion_id"": ""REPRESENTATION_TYPE"", ""met_rule"": ""Uses a continuous paired-data graph.""}, {""criterion_id"": ""X_UNIT"", ""met_rule"": ""X-axis includes required variable and unit.""}, {""criterion_id"": ""Y_UNIT"", ""met_rule"": ""Y-axis includes required variable and unit.""}, {""criterion_id"": ""X_SCALE"", ""met_rule"": ""Numeric x positions are proportional and interpretable.""}, {""criterion_id"": ""Y_SCALE"", ""met_rule"": ""Y-scale is interpretable and represents all observations.""}, {""criterion_id"": ""PLOT_VALUES"", ""met_rule"": ""All paired observations are plotted at recoverable coordinates.""}, {""criterion_id"": ""BEST_FIT_RELATIONSHIP"", ""met_rule"": ""Smooth trend remains consistent with plotted observations.""}, {""criterion_id"": ""PLATEAU_ANNOTATION"", ""met_rule"": ""Annotation visibly identifies the level-off region.""}, {""criterion_id"": ""ESTIMATE_VALUE"", ""met_rule"": ""Reported estimate has value and unit consistent with graph annotation.""}]","{""item_seed"": 3026, ""method"": ""seeded_replicate_v2"", ""model"": ""saturating(plateau=47,rate=0.407)"", ""points"": [{""displayed_mean"": 0.0, ""displayed_sem"": 0.3, ""raw_replicate_mean"": 0.22, ""raw_replicate_sem"": 0.269, ""replicates"": [0.4, 0.7, 0.8, -0.6, -0.2], ""true_model_value"": 0.0, ""x"": 0}, {""displayed_mean"": 16.0, ""displayed_sem"": 0.3, ""raw_replicate_mean"": 16.04, ""raw_replicate_sem"": 0.279, ""replicates"": [16.9, 16.3, 15.6, 16.1, 15.3], ""true_model_value"": 15.707, ""x"": 1}, {""displayed_mean"": 27.0, ""displayed_sem"": 0.6, ""raw_replicate_mean"": 27.6, ""raw_replicate_sem"": 0.593, ""replicates"": [25.3, 27.9, 28.2, 28.7, 27.9], ""true_model_value"": 26.164, ""x"": 2}, {""displayed_mean"": 37.0, ""displayed_sem"": 0.6, ""raw_replicate_mean"": 36.94, ""raw_replicate_sem"": 0.556, ""replicates"": [37.4, 37.3, 35.6, 35.8, 38.6], ""true_model_value"": 37.763, ""x"": 4}, {""displayed_mean"": 45.0, ""displayed_sem"": 0.5, ""raw_replicate_mean"": 45.32, ""raw_replicate_sem"": 0.499, ""replicates"": [44.2, 45.2, 46.7, 46.2, 44.3], ""true_model_value"": 44.274, ""x"": 7}, {""displayed_mean"": 45.0, ""displayed_sem"": 0.9, ""raw_replicate_mean"": 44.38, ""raw_replicate_sem"": 0.931, ""replicates"": [46.4, 42.8, 46.9, 43.0, 42.8], ""true_model_value"": 46.195, ""x"": 10}, {""displayed_mean"": 46.0, ""displayed_sem"": 1.5, ""raw_replicate_mean"": 46.36, ""raw_replicate_sem"": 1.517, ""replicates"": [41.0, 46.8, 48.4, 45.7, 49.9], ""true_model_value"": 46.842, ""x"": 14}], ""replicate_n"": 5, ""true_plateau"": 47.0}",independently_authored_synthetic_research_seed_unverified,Research seed for hand-drawn graph capture and reviewer evaluation. Do not expose criterion definitions to the person drawing the graph.
HDG-2026-P2-EST-028,v0.2-research-seed,frq,short,canonical_answer,continuous_relationship_graph_derived_estimate,plateau_estimate,HDG-2026-P2-EST-028__response-01.jpg,"Researchers measured photosynthetic rate over increasing light intensity. Construct a graph with light intensity on the x-axis and oxygen release on the y-axis. Plot the paired observations, draw a smooth trend that remains consistent with the data, mark the level-off region, and report the estimated level-off value with units.

Write the item ID HDG-2026-P2-EST-028 at the top of your page.

| light intensity (umol photons/m^2/s) | oxygen release (umol O2/min) |
| --- | --- |
| 0 | 0.0 |
| 50 | 7.0 |
| 120 | 15.0 |
| 250 | 24.0 |
| 450 | 31.0 |
| 700 | 30.0 |
| 1000 | 29.0 |","Expected graph: paired-data graph with smooth trend and level-off annotation; x-axis light intensity (umol photons/m^2/s); y-axis oxygen release (umol O2/min). Required criteria: REPRESENTATION_TYPE, X_UNIT, Y_UNIT, X_SCALE, Y_SCALE, PLOT_VALUES, BEST_FIT_RELATIONSHIP, PLATEAU_ANNOTATION, ESTIMATE_VALUE.",AP Biology|data analysis|graph-derived estimates|model interpretation,photosynthetic rate|plateau estimate|paired data,"[{""light intensity (umol photons/m^2/s)"": 0, ""oxygen release (umol O2/min)"": 0.0}, {""light intensity (umol photons/m^2/s)"": 50, ""oxygen release (umol O2/min)"": 7.0}, {""light intensity (umol photons/m^2/s)"": 120, ""oxygen release (umol O2/min)"": 15.0}, {""light intensity (umol photons/m^2/s)"": 250, ""oxygen release (umol O2/min)"": 24.0}, {""light intensity (umol photons/m^2/s)"": 450, ""oxygen release (umol O2/min)"": 31.0}, {""light intensity (umol photons/m^2/s)"": 700, ""oxygen release (umol O2/min)"": 30.0}, {""light intensity (umol photons/m^2/s)"": 1000, ""oxygen release (umol O2/min)"": 29.0}]","{""expected_estimate_approx"": 31.0, ""representation"": ""paired-data graph with smooth trend and level-off annotation"", ""required_estimate"": ""level-off value of oxygen release"", ""x_axis"": ""light intensity (umol photons/m^2/s)"", ""y_axis"": ""oxygen release (umol O2/min)""}","[{""criterion_id"": ""REPRESENTATION_TYPE"", ""met_rule"": ""Uses a continuous paired-data graph.""}, {""criterion_id"": ""X_UNIT"", ""met_rule"": ""X-axis includes required variable and unit.""}, {""criterion_id"": ""Y_UNIT"", ""met_rule"": ""Y-axis includes required variable and unit.""}, {""criterion_id"": ""X_SCALE"", ""met_rule"": ""Numeric x positions are proportional and interpretable.""}, {""criterion_id"": ""Y_SCALE"", ""met_rule"": ""Y-scale is interpretable and represents all observations.""}, {""criterion_id"": ""PLOT_VALUES"", ""met_rule"": ""All paired observations are plotted at recoverable coordinates.""}, {""criterion_id"": ""BEST_FIT_RELATIONSHIP"", ""met_rule"": ""Smooth trend remains consistent with plotted observations.""}, {""criterion_id"": ""PLATEAU_ANNOTATION"", ""met_rule"": ""Annotation visibly identifies the level-off region.""}, {""criterion_id"": ""ESTIMATE_VALUE"", ""met_rule"": ""Reported estimate has value and unit consistent with graph annotation.""}]","{""item_seed"": 3027, ""method"": ""seeded_replicate_v2"", ""model"": ""saturating(plateau=31,rate=0.006)"", ""points"": [{""displayed_mean"": 0.0, ""displayed_sem"": 0.3, ""raw_replicate_mean"": -0.04, ""raw_replicate_sem"": 0.117, ""replicates"": [0.4, -0.1, -0.1, -0.1, -0.3], ""true_model_value"": 0.0, ""x"": 0}, {""displayed_mean"": 7.0, ""displayed_sem"": 0.3, ""raw_replicate_mean"": 7.18, ""raw_replicate_sem"": 0.222, ""replicates"": [6.9, 7.2, 7.1, 6.7, 8.0], ""true_model_value"": 7.501, ""x"": 50}, {""displayed_mean"": 15.0, ""displayed_sem"": 0.3, ""raw_replicate_mean"": 14.5, ""raw_replicate_sem"": 0.235, ""replicates"": [14.7, 14.8, 14.9, 13.6, 14.5], ""true_model_value"": 15.056, ""x"": 120}, {""displayed_mean"": 24.0, ""displayed_sem"": 0.3, ""raw_replicate_mean"": 23.34, ""raw_replicate_sem"": 0.269, ""replicates"": [23.9, 23.1, 22.4, 23.7, 23.6], ""true_model_value"": 23.241, ""x"": 250}, {""displayed_mean"": 31.0, ""displayed_sem"": 0.3, ""raw_replicate_mean"": 31.3, ""raw_replicate_sem"": 0.288, ""replicates"": [32.1, 30.5, 31.8, 31.1, 31.0], ""true_model_value"": 28.438, ""x"": 450}, {""displayed_mean"": 30.0, ""displayed_sem"": 0.6, ""raw_replicate_mean"": 29.86, ""raw_replicate_sem"": 0.554, ""replicates"": [28.8, 28.6, 30.7, 29.7, 31.5], ""true_model_value"": 30.359, ""x"": 700}, {""displayed_mean"": 29.0, ""displayed_sem"": 0.3, ""raw_replicate_mean"": 29.0, ""raw_replicate_sem"": 0.298, ""replicates"": [29.1, 28.1, 29.8, 29.4, 28.6], ""true_model_value"": 30.878, ""x"": 1000}], ""replicate_n"": 5, ""true_plateau"": 31.0}",independently_authored_synthetic_research_seed_unverified,Research seed for hand-drawn graph capture and reviewer evaluation. Do not expose criterion definitions to the person drawing the graph.
HDG-2026-P2-EST-029,v0.2-research-seed,frq,short,canonical_answer,continuous_relationship_graph_derived_estimate,plateau_estimate,HDG-2026-P2-EST-029__response-01.jpg,"Researchers measured enzyme product formation over increasing time. Construct a graph with time on the x-axis and product concentration on the y-axis. Plot the paired observations, draw a smooth trend that remains consistent with the data, mark the level-off region, and report the estimated level-off value with units.

Write the item ID HDG-2026-P2-EST-029 at the top of your page.

| time (min) | product concentration (uM) |
| --- | --- |
| 0 | 0.0 |
| 2 | 5.0 |
| 5 | 13.0 |
| 9 | 20.0 |
| 14 | 25.0 |
| 20 | 25.0 |
| 28 | 25.0 |","Expected graph: paired-data graph with smooth trend and level-off annotation; x-axis time (min); y-axis product concentration (uM). Required criteria: REPRESENTATION_TYPE, X_UNIT, Y_UNIT, X_SCALE, Y_SCALE, PLOT_VALUES, BEST_FIT_RELATIONSHIP, PLATEAU_ANNOTATION, ESTIMATE_VALUE.",AP Biology|data analysis|graph-derived estimates|model interpretation,enzyme product formation|plateau estimate|paired data,"[{""product concentration (uM)"": 0.0, ""time (min)"": 0}, {""product concentration (uM)"": 5.0, ""time (min)"": 2}, {""product concentration (uM)"": 13.0, ""time (min)"": 5}, {""product concentration (uM)"": 20.0, ""time (min)"": 9}, {""product concentration (uM)"": 25.0, ""time (min)"": 14}, {""product concentration (uM)"": 25.0, ""time (min)"": 20}, {""product concentration (uM)"": 25.0, ""time (min)"": 28}]","{""expected_estimate_approx"": 27.0, ""representation"": ""paired-data graph with smooth trend and level-off annotation"", ""required_estimate"": ""level-off value of product concentration"", ""x_axis"": ""time (min)"", ""y_axis"": ""product concentration (uM)""}","[{""criterion_id"": ""REPRESENTATION_TYPE"", ""met_rule"": ""Uses a continuous paired-data graph.""}, {""criterion_id"": ""X_UNIT"", ""met_rule"": ""X-axis includes required variable and unit.""}, {""criterion_id"": ""Y_UNIT"", ""met_rule"": ""Y-axis includes required variable and unit.""}, {""criterion_id"": ""X_SCALE"", ""met_rule"": ""Numeric x positions are proportional and interpretable.""}, {""criterion_id"": ""Y_SCALE"", ""met_rule"": ""Y-scale is interpretable and represents all observations.""}, {""criterion_id"": ""PLOT_VALUES"", ""met_rule"": ""All paired observations are plotted at recoverable coordinates.""}, {""criterion_id"": ""BEST_FIT_RELATIONSHIP"", ""met_rule"": ""Smooth trend remains consistent with plotted observations.""}, {""criterion_id"": ""PLATEAU_ANNOTATION"", ""met_rule"": ""Annotation visibly identifies the level-off region.""}, {""criterion_id"": ""ESTIMATE_VALUE"", ""met_rule"": ""Reported estimate has value and unit consistent with graph annotation.""}]","{""item_seed"": 3028, ""method"": ""seeded_replicate_v2"", ""model"": ""saturating(plateau=27,rate=0.131)"", ""points"": [{""displayed_mean"": 0.0, ""displayed_sem"": 0.3, ""raw_replicate_mean"": 0.04, ""raw_replicate_sem"": 0.201, ""replicates"": [-0.3, -0.0, 0.8, -0.3, -0.0], ""true_model_value"": 0.0, ""x"": 0}, {""displayed_mean"": 5.0, ""displayed_sem"": 0.4, ""raw_replicate_mean"": 4.72, ""raw_replicate_sem"": 0.351, ""replicates"": [4.9, 5.2, 5.6, 4.3, 3.6], ""true_model_value"": 6.231, ""x"": 2}, {""displayed_mean"": 13.0, ""displayed_sem"": 0.4, ""raw_replicate_mean"": 12.7, ""raw_replicate_sem"": 0.39, ""replicates"": [12.2, 12.8, 14.1, 11.8, 12.6], ""true_model_value"": 12.988, ""x"": 5}, {""displayed_mean"": 20.0, ""displayed_sem"": 0.3, ""raw_replicate_mean"": 19.66, ""raw_replicate_sem"": 0.273, ""replicates"": [20.7, 19.1, 19.6, 19.4, 19.5], ""true_model_value"": 18.709, ""x"": 9}, {""displayed_mean"": 25.0, ""displayed_sem"": 0.4, ""raw_replicate_mean"": 25.02, ""raw_replicate_sem"": 0.449, ""replicates"": [23.5, 25.5, 24.6, 26.1, 25.4], ""true_model_value"": 22.697, ""x"": 14}, {""displayed_mean"": 25.0, ""displayed_sem"": 0.4, ""raw_replicate_mean"": 25.44, ""raw_replicate_sem"": 0.364, ""replicates"": [25.4, 26.6, 24.5, 24.9, 25.8], ""true_model_value"": 25.042, ""x"": 20}, {""displayed_mean"": 25.0, ""displayed_sem"": 0.6, ""raw_replicate_mean"": 24.44, ""raw_replicate_sem"": 0.642, ""replicates"": [24.4, 24.9, 25.3, 22.0, 25.6], ""true_model_value"": 26.314, ""x"": 28}], ""replicate_n"": 5, ""true_plateau"": 27.0}",independently_authored_synthetic_research_seed_unverified,Research seed for hand-drawn graph capture and reviewer evaluation. Do not expose criterion definitions to the person drawing the graph.
HDG-2026-P2-EST-030,v0.2-research-seed,frq,short,canonical_answer,continuous_relationship_graph_derived_estimate,plateau_estimate,HDG-2026-P2-EST-030__response-01.jpg,"Researchers measured population growth in a flask over increasing time. Construct a graph with time on the x-axis and population density on the y-axis. Plot the paired observations, draw a smooth trend that remains consistent with the data, mark the level-off region, and report the estimated level-off value with units.

Write the item ID HDG-2026-P2-EST-030 at the top of your page.

| time (hr) | population density (10^5 cells/mL) |
| --- | --- |
| 0 | 0.0 |
| 1 | 12.0 |
| 3 | 30.0 |
| 5 | 37.0 |
| 8 | 41.0 |
| 11 | 46.0 |
| 15 | 46.0 |","Expected graph: paired-data graph with smooth trend and level-off annotation; x-axis time (hr); y-axis population density (10^5 cells/mL). Required criteria: REPRESENTATION_TYPE, X_UNIT, Y_UNIT, X_SCALE, Y_SCALE, PLOT_VALUES, BEST_FIT_RELATIONSHIP, PLATEAU_ANNOTATION, ESTIMATE_VALUE.",AP Biology|data analysis|graph-derived estimates|model interpretation,population growth in a flask|plateau estimate|paired data,"[{""population density (10^5 cells/mL)"": 0.0, ""time (hr)"": 0}, {""population density (10^5 cells/mL)"": 12.0, ""time (hr)"": 1}, {""population density (10^5 cells/mL)"": 30.0, ""time (hr)"": 3}, {""population density (10^5 cells/mL)"": 37.0, ""time (hr)"": 5}, {""population density (10^5 cells/mL)"": 41.0, ""time (hr)"": 8}, {""population density (10^5 cells/mL)"": 46.0, ""time (hr)"": 11}, {""population density (10^5 cells/mL)"": 46.0, ""time (hr)"": 15}]","{""expected_estimate_approx"": 47.0, ""representation"": ""paired-data graph with smooth trend and level-off annotation"", ""required_estimate"": ""level-off value of population density"", ""x_axis"": ""time (hr)"", ""y_axis"": ""population density (10^5 cells/mL)""}","[{""criterion_id"": ""REPRESENTATION_TYPE"", ""met_rule"": ""Uses a continuous paired-data graph.""}, {""criterion_id"": ""X_UNIT"", ""met_rule"": ""X-axis includes required variable and unit.""}, {""criterion_id"": ""Y_UNIT"", ""met_rule"": ""Y-axis includes required variable and unit.""}, {""criterion_id"": ""X_SCALE"", ""met_rule"": ""Numeric x positions are proportional and interpretable.""}, {""criterion_id"": ""Y_SCALE"", ""met_rule"": ""Y-scale is interpretable and represents all observations.""}, {""criterion_id"": ""PLOT_VALUES"", ""met_rule"": ""All paired observations are plotted at recoverable coordinates.""}, {""criterion_id"": ""BEST_FIT_RELATIONSHIP"", ""met_rule"": ""Smooth trend remains consistent with plotted observations.""}, {""criterion_id"": ""PLATEAU_ANNOTATION"", ""met_rule"": ""Annotation visibly identifies the level-off region.""}, {""criterion_id"": ""ESTIMATE_VALUE"", ""met_rule"": ""Reported estimate has value and unit consistent with graph annotation.""}]","{""item_seed"": 3029, ""method"": ""seeded_replicate_v2"", ""model"": ""saturating(plateau=47,rate=0.287)"", ""points"": [{""displayed_mean"": 0.0, ""displayed_sem"": 0.3, ""raw_replicate_mean"": 0.14, ""raw_replicate_sem"": 0.098, ""replicates"": [0.1, 0.4, 0.2, 0.2, -0.2], ""true_model_value"": 0.0, ""x"": 0}, {""displayed_mean"": 12.0, ""displayed_sem"": 0.3, ""raw_replicate_mean"": 11.72, ""raw_replicate_sem"": 0.285, ""replicates"": [12.2, 11.0, 12.5, 11.7, 11.2], ""true_model_value"": 11.715, ""x"": 1}, {""displayed_mean"": 30.0, ""displayed_sem"": 0.3, ""raw_replicate_mean"": 29.9, ""raw_replicate_sem"": 0.197, ""replicates"": [29.9, 30.1, 29.2, 29.9, 30.4], ""true_model_value"": 27.113, ""x"": 3}, {""displayed_mean"": 37.0, ""displayed_sem"": 0.7, ""raw_replicate_mean"": 37.46, ""raw_replicate_sem"": 0.732, ""replicates"": [37.0, 37.2, 35.3, 39.8, 38.0], ""true_model_value"": 35.792, ""x"": 5}, {""displayed_mean"": 41.0, ""displayed_sem"": 1.0, ""raw_replicate_mean"": 41.42, ""raw_replicate_sem"": 1.045, ""replicates"": [43.5, 39.3, 41.4, 44.0, 38.9], ""true_model_value"": 42.257, ""x"": 8}, {""displayed_mean"": 46.0, ""displayed_sem"": 0.7, ""raw_replicate_mean"": 46.0, ""raw_replicate_sem"": 0.723, ""replicates"": [44.0, 44.7, 47.9, 47.0, 46.4], ""true_model_value"": 44.993, ""x"": 11}, {""displayed_mean"": 46.0, ""displayed_sem"": 1.0, ""raw_replicate_mean"": 45.88, ""raw_replicate_sem"": 1.0, ""replicates"": [43.6, 47.8, 48.4, 43.7, 45.9], ""true_model_value"": 46.363, ""x"": 15}], ""replicate_n"": 5, ""true_plateau"": 47.0}",independently_authored_synthetic_research_seed_unverified,Research seed for hand-drawn graph capture and reviewer evaluation. Do not expose criterion definitions to the person drawing the graph.
HDG-2026-P2-EST-031,v0.2-research-seed,frq,short,canonical_answer,continuous_relationship_graph_derived_estimate,plateau_estimate,HDG-2026-P2-EST-031__response-01.jpg,"Researchers measured microbial culture density over increasing time. Construct a graph with time on the x-axis and culture density on the y-axis. Plot the paired observations, draw a smooth trend that remains consistent with the data, mark the level-off region, and report the estimated level-off value with units.

Write the item ID HDG-2026-P2-EST-031 at the top of your page.

| time (hr) | culture density (10^5 cells/mL) |
| --- | --- |
| 0 | 0.0 |
| 1 | 18.0 |
| 2 | 26.0 |
| 4 | 35.0 |
| 6 | 39.0 |
| 9 | 42.0 |
| 12 | 44.0 |","Expected graph: paired-data graph with smooth trend and level-off annotation; x-axis time (hr); y-axis culture density (10^5 cells/mL). Required criteria: REPRESENTATION_TYPE, X_UNIT, Y_UNIT, X_SCALE, Y_SCALE, PLOT_VALUES, BEST_FIT_RELATIONSHIP, PLATEAU_ANNOTATION, ESTIMATE_VALUE.",AP Biology|data analysis|graph-derived estimates|model interpretation,microbial culture density|plateau estimate|paired data,"[{""culture density (10^5 cells/mL)"": 0.0, ""time (hr)"": 0}, {""culture density (10^5 cells/mL)"": 18.0, ""time (hr)"": 1}, {""culture density (10^5 cells/mL)"": 26.0, ""time (hr)"": 2}, {""culture density (10^5 cells/mL)"": 35.0, ""time (hr)"": 4}, {""culture density (10^5 cells/mL)"": 39.0, ""time (hr)"": 6}, {""culture density (10^5 cells/mL)"": 42.0, ""time (hr)"": 9}, {""culture density (10^5 cells/mL)"": 44.0, ""time (hr)"": 12}]","{""expected_estimate_approx"": 43.0, ""representation"": ""paired-data graph with smooth trend and level-off annotation"", ""required_estimate"": ""level-off value of culture density"", ""x_axis"": ""time (hr)"", ""y_axis"": ""culture density (10^5 cells/mL)""}","[{""criterion_id"": ""REPRESENTATION_TYPE"", ""met_rule"": ""Uses a continuous paired-data graph.""}, {""criterion_id"": ""X_UNIT"", ""met_rule"": ""X-axis includes required variable and unit.""}, {""criterion_id"": ""Y_UNIT"", ""met_rule"": ""Y-axis includes required variable and unit.""}, {""criterion_id"": ""X_SCALE"", ""met_rule"": ""Numeric x positions are proportional and interpretable.""}, {""criterion_id"": ""Y_SCALE"", ""met_rule"": ""Y-scale is interpretable and represents all observations.""}, {""criterion_id"": ""PLOT_VALUES"", ""met_rule"": ""All paired observations are plotted at recoverable coordinates.""}, {""criterion_id"": ""BEST_FIT_RELATIONSHIP"", ""met_rule"": ""Smooth trend remains consistent with plotted observations.""}, {""criterion_id"": ""PLATEAU_ANNOTATION"", ""met_rule"": ""Annotation visibly identifies the level-off region.""}, {""criterion_id"": ""ESTIMATE_VALUE"", ""met_rule"": ""Reported estimate has value and unit consistent with graph annotation.""}]","{""item_seed"": 3030, ""method"": ""seeded_replicate_v2"", ""model"": ""saturating(plateau=43,rate=0.507)"", ""points"": [{""displayed_mean"": 0.0, ""displayed_sem"": 0.3, ""raw_replicate_mean"": -0.54, ""raw_replicate_sem"": 0.287, ""replicates"": [0.1, -1.1, -0.8, -1.1, 0.2], ""true_model_value"": 0.0, ""x"": 0}, {""displayed_mean"": 18.0, ""displayed_sem"": 0.5, ""raw_replicate_mean"": 18.38, ""raw_replicate_sem"": 0.487, ""replicates"": [19.9, 18.2, 17.9, 18.9, 17.0], ""true_model_value"": 17.098, ""x"": 1}, {""displayed_mean"": 26.0, ""displayed_sem"": 0.3, ""raw_replicate_mean"": 26.6, ""raw_replicate_sem"": 0.315, ""replicates"": [26.0, 27.3, 26.6, 27.3, 25.8], ""true_model_value"": 27.397, ""x"": 2}, {""displayed_mean"": 35.0, ""displayed_sem"": 1.2, ""raw_replicate_mean"": 34.96, ""raw_replicate_sem"": 1.212, ""replicates"": [38.9, 34.8, 35.6, 34.1, 31.4], ""true_model_value"": 37.338, ""x"": 4}, {""displayed_mean"": 39.0, ""displayed_sem"": 0.5, ""raw_replicate_mean"": 39.74, ""raw_replicate_sem"": 0.469, ""replicates"": [39.6, 38.6, 39.9, 39.2, 41.4], ""true_model_value"": 40.946, ""x"": 6}, {""displayed_mean"": 42.0, ""displayed_sem"": 0.9, ""raw_replicate_mean"": 42.3, ""raw_replicate_sem"": 0.858, ""replicates"": [41.2, 39.8, 42.4, 43.3, 44.8], ""true_model_value"": 42.551, ""x"": 9}, {""displayed_mean"": 44.0, ""displayed_sem"": 0.9, ""raw_replicate_mean"": 44.46, ""raw_replicate_sem"": 0.87, ""replicates"": [45.1, 46.5, 41.4, 45.4, 43.9], ""true_model_value"": 42.902, ""x"": 12}], ""replicate_n"": 5, ""true_plateau"": 43.0}",independently_authored_synthetic_research_seed_unverified,Research seed for hand-drawn graph capture and reviewer evaluation. Do not expose criterion definitions to the person drawing the graph.
HDG-2026-P2-EST-032,v0.2-research-seed,frq,short,canonical_answer,continuous_relationship_graph_derived_estimate,plateau_estimate,HDG-2026-P2-EST-032__response-01.jpg,"Researchers measured transport protein uptake over increasing substrate concentration. Construct a graph with substrate concentration on the x-axis and uptake rate on the y-axis. Plot the paired observations, draw a smooth trend that remains consistent with the data, mark the level-off region, and report the estimated level-off value with units.

Write the item ID HDG-2026-P2-EST-032 at the top of your page.

| substrate concentration (mM) | uptake rate (pmol/min) |
| --- | --- |
| 0 | 0.0 |
| 1 | 14.0 |
| 2 | 24.0 |
| 4 | 33.0 |
| 7 | 42.0 |
| 10 | 43.0 |
| 14 | 45.0 |","Expected graph: paired-data graph with smooth trend and level-off annotation; x-axis substrate concentration (mM); y-axis uptake rate (pmol/min). Required criteria: REPRESENTATION_TYPE, X_UNIT, Y_UNIT, X_SCALE, Y_SCALE, PLOT_VALUES, BEST_FIT_RELATIONSHIP, PLATEAU_ANNOTATION, ESTIMATE_VALUE.",AP Biology|data analysis|graph-derived estimates|model interpretation,transport protein uptake|plateau estimate|paired data,"[{""substrate concentration (mM)"": 0, ""uptake rate (pmol/min)"": 0.0}, {""substrate concentration (mM)"": 1, ""uptake rate (pmol/min)"": 14.0}, {""substrate concentration (mM)"": 2, ""uptake rate (pmol/min)"": 24.0}, {""substrate concentration (mM)"": 4, ""uptake rate (pmol/min)"": 33.0}, {""substrate concentration (mM)"": 7, ""uptake rate (pmol/min)"": 42.0}, {""substrate concentration (mM)"": 10, ""uptake rate (pmol/min)"": 43.0}, {""substrate concentration (mM)"": 14, ""uptake rate (pmol/min)"": 45.0}]","{""expected_estimate_approx"": 42.0, ""representation"": ""paired-data graph with smooth trend and level-off annotation"", ""required_estimate"": ""level-off value of uptake rate"", ""x_axis"": ""substrate concentration (mM)"", ""y_axis"": ""uptake rate (pmol/min)""}","[{""criterion_id"": ""REPRESENTATION_TYPE"", ""met_rule"": ""Uses a continuous paired-data graph.""}, {""criterion_id"": ""X_UNIT"", ""met_rule"": ""X-axis includes required variable and unit.""}, {""criterion_id"": ""Y_UNIT"", ""met_rule"": ""Y-axis includes required variable and unit.""}, {""criterion_id"": ""X_SCALE"", ""met_rule"": ""Numeric x positions are proportional and interpretable.""}, {""criterion_id"": ""Y_SCALE"", ""met_rule"": ""Y-scale is interpretable and represents all observations.""}, {""criterion_id"": ""PLOT_VALUES"", ""met_rule"": ""All paired observations are plotted at recoverable coordinates.""}, {""criterion_id"": ""BEST_FIT_RELATIONSHIP"", ""met_rule"": ""Smooth trend remains consistent with plotted observations.""}, {""criterion_id"": ""PLATEAU_ANNOTATION"", ""met_rule"": ""Annotation visibly identifies the level-off region.""}, {""criterion_id"": ""ESTIMATE_VALUE"", ""met_rule"": ""Reported estimate has value and unit consistent with graph annotation.""}]","{""item_seed"": 3031, ""method"": ""seeded_replicate_v2"", ""model"": ""saturating(plateau=42,rate=0.416)"", ""points"": [{""displayed_mean"": 0.0, ""displayed_sem"": 0.3, ""raw_replicate_mean"": 0.22, ""raw_replicate_sem"": 0.246, ""replicates"": [1.0, 0.2, 0.0, -0.5, 0.4], ""true_model_value"": 0.0, ""x"": 0}, {""displayed_mean"": 14.0, ""displayed_sem"": 0.4, ""raw_replicate_mean"": 14.06, ""raw_replicate_sem"": 0.398, ""replicates"": [13.4, 12.9, 14.4, 15.1, 14.5], ""true_model_value"": 14.294, ""x"": 1}, {""displayed_mean"": 24.0, ""displayed_sem"": 0.8, ""raw_replicate_mean"": 23.8, ""raw_replicate_sem"": 0.785, ""replicates"": [25.8, 25.3, 21.6, 23.6, 22.7], ""true_model_value"": 23.723, ""x"": 2}, {""displayed_mean"": 33.0, ""displayed_sem"": 0.4, ""raw_replicate_mean"": 33.9, ""raw_replicate_sem"": 0.414, ""replicates"": [32.8, 34.8, 34.9, 33.7, 33.3], ""true_model_value"": 34.047, ""x"": 4}, {""displayed_mean"": 42.0, ""displayed_sem"": 1.2, ""raw_replicate_mean"": 42.12, ""raw_replicate_sem"": 1.18, ""replicates"": [41.8, 37.9, 44.4, 44.3, 42.2], ""true_model_value"": 39.717, ""x"": 7}, {""displayed_mean"": 43.0, ""displayed_sem"": 0.6, ""raw_replicate_mean"": 43.64, ""raw_replicate_sem"": 0.607, ""replicates"": [42.4, 43.6, 43.5, 45.9, 42.8], ""true_model_value"": 41.345, ""x"": 10}, {""displayed_mean"": 45.0, ""displayed_sem"": 0.6, ""raw_replicate_mean"": 44.24, ""raw_replicate_sem"": 0.55, ""replicates"": [43.8, 44.8, 46.1, 43.0, 43.5], ""true_model_value"": 41.876, ""x"": 14}], ""replicate_n"": 5, ""true_plateau"": 42.0}",independently_authored_synthetic_research_seed_unverified,Research seed for hand-drawn graph capture and reviewer evaluation. Do not expose criterion definitions to the person drawing the graph.
HDG-2026-P2-EST-033,v0.2-research-seed,frq,short,canonical_answer,continuous_relationship_graph_derived_estimate,plateau_estimate,HDG-2026-P2-EST-033__response-01.jpg,"Researchers measured photosynthetic rate over increasing light intensity. Construct a graph with light intensity on the x-axis and oxygen release on the y-axis. Plot the paired observations, draw a smooth trend that remains consistent with the data, mark the level-off region, and report the estimated level-off value with units.

Write the item ID HDG-2026-P2-EST-033 at the top of your page.

| light intensity (umol photons/m^2/s) | oxygen release (umol O2/min) |
| --- | --- |
| 0 | 0.0 |
| 50 | 4.0 |
| 120 | 10.0 |
| 250 | 18.0 |
| 450 | 23.0 |
| 700 | 25.0 |
| 1000 | 26.0 |","Expected graph: paired-data graph with smooth trend and level-off annotation; x-axis light intensity (umol photons/m^2/s); y-axis oxygen release (umol O2/min). Required criteria: REPRESENTATION_TYPE, X_UNIT, Y_UNIT, X_SCALE, Y_SCALE, PLOT_VALUES, BEST_FIT_RELATIONSHIP, PLATEAU_ANNOTATION, ESTIMATE_VALUE.",AP Biology|data analysis|graph-derived estimates|model interpretation,photosynthetic rate|plateau estimate|paired data,"[{""light intensity (umol photons/m^2/s)"": 0, ""oxygen release (umol O2/min)"": 0.0}, {""light intensity (umol photons/m^2/s)"": 50, ""oxygen release (umol O2/min)"": 4.0}, {""light intensity (umol photons/m^2/s)"": 120, ""oxygen release (umol O2/min)"": 10.0}, {""light intensity (umol photons/m^2/s)"": 250, ""oxygen release (umol O2/min)"": 18.0}, {""light intensity (umol photons/m^2/s)"": 450, ""oxygen release (umol O2/min)"": 23.0}, {""light intensity (umol photons/m^2/s)"": 700, ""oxygen release (umol O2/min)"": 25.0}, {""light intensity (umol photons/m^2/s)"": 1000, ""oxygen release (umol O2/min)"": 26.0}]","{""expected_estimate_approx"": 28.0, ""representation"": ""paired-data graph with smooth trend and level-off annotation"", ""required_estimate"": ""level-off value of oxygen release"", ""x_axis"": ""light intensity (umol photons/m^2/s)"", ""y_axis"": ""oxygen release (umol O2/min)""}","[{""criterion_id"": ""REPRESENTATION_TYPE"", ""met_rule"": ""Uses a continuous paired-data graph.""}, {""criterion_id"": ""X_UNIT"", ""met_rule"": ""X-axis includes required variable and unit.""}, {""criterion_id"": ""Y_UNIT"", ""met_rule"": ""Y-axis includes required variable and unit.""}, {""criterion_id"": ""X_SCALE"", ""met_rule"": ""Numeric x positions are proportional and interpretable.""}, {""criterion_id"": ""Y_SCALE"", ""met_rule"": ""Y-scale is interpretable and represents all observations.""}, {""criterion_id"": ""PLOT_VALUES"", ""met_rule"": ""All paired observations are plotted at recoverable coordinates.""}, {""criterion_id"": ""BEST_FIT_RELATIONSHIP"", ""met_rule"": ""Smooth trend remains consistent with plotted observations.""}, {""criterion_id"": ""PLATEAU_ANNOTATION"", ""met_rule"": ""Annotation visibly identifies the level-off region.""}, {""criterion_id"": ""ESTIMATE_VALUE"", ""met_rule"": ""Reported estimate has value and unit consistent with graph annotation.""}]","{""item_seed"": 3032, ""method"": ""seeded_replicate_v2"", ""model"": ""saturating(plateau=28,rate=0.004)"", ""points"": [{""displayed_mean"": 0.0, ""displayed_sem"": 0.3, ""raw_replicate_mean"": 0.04, ""raw_replicate_sem"": 0.304, ""replicates"": [-1.0, 0.5, 0.6, -0.3, 0.4], ""true_model_value"": 0.0, ""x"": 0}, {""displayed_mean"": 4.0, ""displayed_sem"": 0.3, ""raw_replicate_mean"": 3.94, ""raw_replicate_sem"": 0.242, ""replicates"": [4.7, 3.9, 4.2, 3.3, 3.6], ""true_model_value"": 5.348, ""x"": 50}, {""displayed_mean"": 10.0, ""displayed_sem"": 0.3, ""raw_replicate_mean"": 9.92, ""raw_replicate_sem"": 0.24, ""replicates"": [9.2, 9.6, 10.1, 10.1, 10.6], ""true_model_value"": 11.164, ""x"": 120}, {""displayed_mean"": 18.0, ""displayed_sem"": 0.3, ""raw_replicate_mean"": 17.9, ""raw_replicate_sem"": 0.192, ""replicates"": [17.3, 17.7, 18.2, 17.9, 18.4], ""true_model_value"": 18.297, ""x"": 250}, {""displayed_mean"": 23.0, ""displayed_sem"": 0.4, ""raw_replicate_mean"": 22.82, ""raw_replicate_sem"": 0.412, ""replicates"": [22.6, 23.1, 21.7, 22.5, 24.2], ""true_model_value"": 23.844, ""x"": 450}, {""displayed_mean"": 25.0, ""displayed_sem"": 0.5, ""raw_replicate_mean"": 24.14, ""raw_replicate_sem"": 0.505, ""replicates"": [23.7, 24.3, 25.7, 24.4, 22.6], ""true_model_value"": 26.56, ""x"": 700}, {""displayed_mean"": 26.0, ""displayed_sem"": 0.3, ""raw_replicate_mean"": 25.8, ""raw_replicate_sem"": 0.176, ""replicates"": [26.4, 25.9, 25.4, 25.8, 25.5], ""true_model_value"": 27.596, ""x"": 1000}], ""replicate_n"": 5, ""true_plateau"": 28.0}",independently_authored_synthetic_research_seed_unverified,Research seed for hand-drawn graph capture and reviewer evaluation. Do not expose criterion definitions to the person drawing the graph.
HDG-2026-P2-EST-034,v0.2-research-seed,frq,short,canonical_answer,continuous_relationship_graph_derived_estimate,plateau_estimate,HDG-2026-P2-EST-034__response-01.jpg,"Researchers measured enzyme product formation over increasing time. Construct a graph with time on the x-axis and product concentration on the y-axis. Plot the paired observations, draw a smooth trend that remains consistent with the data, mark the level-off region, and report the estimated level-off value with units.

Write the item ID HDG-2026-P2-EST-034 at the top of your page.

| time (min) | product concentration (uM) |
| --- | --- |
| 0 | 1.0 |
| 2 | 9.0 |
| 5 | 20.0 |
| 9 | 31.0 |
| 14 | 35.0 |
| 20 | 38.0 |
| 28 | 40.0 |","Expected graph: paired-data graph with smooth trend and level-off annotation; x-axis time (min); y-axis product concentration (uM). Required criteria: REPRESENTATION_TYPE, X_UNIT, Y_UNIT, X_SCALE, Y_SCALE, PLOT_VALUES, BEST_FIT_RELATIONSHIP, PLATEAU_ANNOTATION, ESTIMATE_VALUE.",AP Biology|data analysis|graph-derived estimates|model interpretation,enzyme product formation|plateau estimate|paired data,"[{""product concentration (uM)"": 1.0, ""time (min)"": 0}, {""product concentration (uM)"": 9.0, ""time (min)"": 2}, {""product concentration (uM)"": 20.0, ""time (min)"": 5}, {""product concentration (uM)"": 31.0, ""time (min)"": 9}, {""product concentration (uM)"": 35.0, ""time (min)"": 14}, {""product concentration (uM)"": 38.0, ""time (min)"": 20}, {""product concentration (uM)"": 40.0, ""time (min)"": 28}]","{""expected_estimate_approx"": 41.0, ""representation"": ""paired-data graph with smooth trend and level-off annotation"", ""required_estimate"": ""level-off value of product concentration"", ""x_axis"": ""time (min)"", ""y_axis"": ""product concentration (uM)""}","[{""criterion_id"": ""REPRESENTATION_TYPE"", ""met_rule"": ""Uses a continuous paired-data graph.""}, {""criterion_id"": ""X_UNIT"", ""met_rule"": ""X-axis includes required variable and unit.""}, {""criterion_id"": ""Y_UNIT"", ""met_rule"": ""Y-axis includes required variable and unit.""}, {""criterion_id"": ""X_SCALE"", ""met_rule"": ""Numeric x positions are proportional and interpretable.""}, {""criterion_id"": ""Y_SCALE"", ""met_rule"": ""Y-scale is interpretable and represents all observations.""}, {""criterion_id"": ""PLOT_VALUES"", ""met_rule"": ""All paired observations are plotted at recoverable coordinates.""}, {""criterion_id"": ""BEST_FIT_RELATIONSHIP"", ""met_rule"": ""Smooth trend remains consistent with plotted observations.""}, {""criterion_id"": ""PLATEAU_ANNOTATION"", ""met_rule"": ""Annotation visibly identifies the level-off region.""}, {""criterion_id"": ""ESTIMATE_VALUE"", ""met_rule"": ""Reported estimate has value and unit consistent with graph annotation.""}]","{""item_seed"": 3033, ""method"": ""seeded_replicate_v2"", ""model"": ""saturating(plateau=41,rate=0.133)"", ""points"": [{""displayed_mean"": 1.0, ""displayed_sem"": 0.3, ""raw_replicate_mean"": 0.82, ""raw_replicate_sem"": 0.296, ""replicates"": [-0.1, 0.5, 1.4, 0.8, 1.5], ""true_model_value"": 0.0, ""x"": 0}, {""displayed_mean"": 9.0, ""displayed_sem"": 0.3, ""raw_replicate_mean"": 9.18, ""raw_replicate_sem"": 0.058, ""replicates"": [9.3, 9.0, 9.1, 9.3, 9.2], ""true_model_value"": 9.577, ""x"": 2}, {""displayed_mean"": 20.0, ""displayed_sem"": 0.4, ""raw_replicate_mean"": 19.94, ""raw_replicate_sem"": 0.42, ""replicates"": [21.1, 20.7, 19.5, 18.8, 19.6], ""true_model_value"": 19.916, ""x"": 5}, {""displayed_mean"": 31.0, ""displayed_sem"": 0.3, ""raw_replicate_mean"": 31.28, ""raw_replicate_sem"": 0.136, ""replicates"": [31.1, 31.7, 30.9, 31.3, 31.4], ""true_model_value"": 28.615, ""x"": 9}, {""displayed_mean"": 35.0, ""displayed_sem"": 0.7, ""raw_replicate_mean"": 34.62, ""raw_replicate_sem"": 0.695, ""replicates"": [32.5, 34.0, 35.3, 36.7, 34.6], ""true_model_value"": 34.631, ""x"": 14}, {""displayed_mean"": 38.0, ""displayed_sem"": 0.6, ""raw_replicate_mean"": 37.24, ""raw_replicate_sem"": 0.571, ""replicates"": [35.0, 37.4, 38.0, 37.8, 38.0], ""true_model_value"": 38.133, ""x"": 20}, {""displayed_mean"": 40.0, ""displayed_sem"": 0.5, ""raw_replicate_mean"": 39.78, ""raw_replicate_sem"": 0.546, ""replicates"": [39.5, 41.5, 38.1, 39.7, 40.1], ""true_model_value"": 40.011, ""x"": 28}], ""replicate_n"": 5, ""true_plateau"": 41.0}",independently_authored_synthetic_research_seed_unverified,Research seed for hand-drawn graph capture and reviewer evaluation. Do not expose criterion definitions to the person drawing the graph.
HDG-2026-P2-EST-035,v0.2-research-seed,frq,short,canonical_answer,continuous_relationship_graph_derived_estimate,plateau_estimate,HDG-2026-P2-EST-035__response-01.jpg,"Researchers measured population growth in a flask over increasing time. Construct a graph with time on the x-axis and population density on the y-axis. Plot the paired observations, draw a smooth trend that remains consistent with the data, mark the level-off region, and report the estimated level-off value with units.

Write the item ID HDG-2026-P2-EST-035 at the top of your page.

| time (hr) | population density (10^5 cells/mL) |
| --- | --- |
| 0 | 0.0 |
| 1 | 16.0 |
| 3 | 33.0 |
| 5 | 44.0 |
| 8 | 43.0 |
| 11 | 45.0 |
| 15 | 53.0 |","Expected graph: paired-data graph with smooth trend and level-off annotation; x-axis time (hr); y-axis population density (10^5 cells/mL). Required criteria: REPRESENTATION_TYPE, X_UNIT, Y_UNIT, X_SCALE, Y_SCALE, PLOT_VALUES, BEST_FIT_RELATIONSHIP, PLATEAU_ANNOTATION, ESTIMATE_VALUE.",AP Biology|data analysis|graph-derived estimates|model interpretation,population growth in a flask|plateau estimate|paired data,"[{""population density (10^5 cells/mL)"": 0.0, ""time (hr)"": 0}, {""population density (10^5 cells/mL)"": 16.0, ""time (hr)"": 1}, {""population density (10^5 cells/mL)"": 33.0, ""time (hr)"": 3}, {""population density (10^5 cells/mL)"": 44.0, ""time (hr)"": 5}, {""population density (10^5 cells/mL)"": 43.0, ""time (hr)"": 8}, {""population density (10^5 cells/mL)"": 45.0, ""time (hr)"": 11}, {""population density (10^5 cells/mL)"": 53.0, ""time (hr)"": 15}]","{""expected_estimate_approx"": 49.0, ""representation"": ""paired-data graph with smooth trend and level-off annotation"", ""required_estimate"": ""level-off value of population density"", ""x_axis"": ""time (hr)"", ""y_axis"": ""population density (10^5 cells/mL)""}","[{""criterion_id"": ""REPRESENTATION_TYPE"", ""met_rule"": ""Uses a continuous paired-data graph.""}, {""criterion_id"": ""X_UNIT"", ""met_rule"": ""X-axis includes required variable and unit.""}, {""criterion_id"": ""Y_UNIT"", ""met_rule"": ""Y-axis includes required variable and unit.""}, {""criterion_id"": ""X_SCALE"", ""met_rule"": ""Numeric x positions are proportional and interpretable.""}, {""criterion_id"": ""Y_SCALE"", ""met_rule"": ""Y-scale is interpretable and represents all observations.""}, {""criterion_id"": ""PLOT_VALUES"", ""met_rule"": ""All paired observations are plotted at recoverable coordinates.""}, {""criterion_id"": ""BEST_FIT_RELATIONSHIP"", ""met_rule"": ""Smooth trend remains consistent with plotted observations.""}, {""criterion_id"": ""PLATEAU_ANNOTATION"", ""met_rule"": ""Annotation visibly identifies the level-off region.""}, {""criterion_id"": ""ESTIMATE_VALUE"", ""met_rule"": ""Reported estimate has value and unit consistent with graph annotation.""}]","{""item_seed"": 3034, ""method"": ""seeded_replicate_v2"", ""model"": ""saturating(plateau=49,rate=0.374)"", ""points"": [{""displayed_mean"": 0.0, ""displayed_sem"": 0.3, ""raw_replicate_mean"": 0.06, ""raw_replicate_sem"": 0.204, ""replicates"": [0.1, -0.7, 0.3, 0.5, 0.1], ""true_model_value"": 0.0, ""x"": 0}, {""displayed_mean"": 16.0, ""displayed_sem"": 0.3, ""raw_replicate_mean"": 16.16, ""raw_replicate_sem"": 0.32, ""replicates"": [15.6, 17.0, 16.7, 16.2, 15.3], ""true_model_value"": 15.299, ""x"": 1}, {""displayed_mean"": 33.0, ""displayed_sem"": 0.3, ""raw_replicate_mean"": 32.14, ""raw_replicate_sem"": 0.334, ""replicates"": [32.2, 31.0, 32.8, 32.8, 31.9], ""true_model_value"": 33.058, ""x"": 3}, {""displayed_mean"": 44.0, ""displayed_sem"": 0.6, ""raw_replicate_mean"": 44.42, ""raw_replicate_sem"": 0.645, ""replicates"": [42.6, 46.0, 44.3, 45.7, 43.5], ""true_model_value"": 41.459, ""x"": 5}, {""displayed_mean"": 43.0, ""displayed_sem"": 0.4, ""raw_replicate_mean"": 42.94, ""raw_replicate_sem"": 0.428, ""replicates"": [42.4, 42.7, 42.2, 42.8, 44.6], ""true_model_value"": 46.547, ""x"": 8}, {""displayed_mean"": 45.0, ""displayed_sem"": 0.7, ""raw_replicate_mean"": 43.18, ""raw_replicate_sem"": 0.687, ""replicates"": [42.4, 42.1, 45.3, 44.3, 41.8], ""true_model_value"": 48.202, ""x"": 11}, {""displayed_mean"": 53.0, ""displayed_sem"": 0.6, ""raw_replicate_mean"": 53.82, ""raw_replicate_sem"": 0.572, ""replicates"": [52.8, 54.3, 52.7, 55.8, 53.5], ""true_model_value"": 48.821, ""x"": 15}], ""replicate_n"": 5, ""true_plateau"": 49.0}",independently_authored_synthetic_research_seed_unverified,Research seed for hand-drawn graph capture and reviewer evaluation. Do not expose criterion definitions to the person drawing the graph.
HDG-2026-P2-EST-036,v0.2-research-seed,frq,short,canonical_answer,continuous_relationship_graph_derived_estimate,plateau_estimate,HDG-2026-P2-EST-036__response-01.jpg,"Researchers measured microbial culture density over increasing time. Construct a graph with time on the x-axis and culture density on the y-axis. Plot the paired observations, draw a smooth trend that remains consistent with the data, mark the level-off region, and report the estimated level-off value with units.

Write the item ID HDG-2026-P2-EST-036 at the top of your page.

| time (hr) | culture density (10^5 cells/mL) |
| --- | --- |
| 0 | 0.0 |
| 1 | 18.0 |
| 2 | 26.0 |
| 4 | 44.0 |
| 6 | 43.0 |
| 9 | 44.0 |
| 12 | 50.0 |","Expected graph: paired-data graph with smooth trend and level-off annotation; x-axis time (hr); y-axis culture density (10^5 cells/mL). Required criteria: REPRESENTATION_TYPE, X_UNIT, Y_UNIT, X_SCALE, Y_SCALE, PLOT_VALUES, BEST_FIT_RELATIONSHIP, PLATEAU_ANNOTATION, ESTIMATE_VALUE.",AP Biology|data analysis|graph-derived estimates|model interpretation,microbial culture density|plateau estimate|paired data,"[{""culture density (10^5 cells/mL)"": 0.0, ""time (hr)"": 0}, {""culture density (10^5 cells/mL)"": 18.0, ""time (hr)"": 1}, {""culture density (10^5 cells/mL)"": 26.0, ""time (hr)"": 2}, {""culture density (10^5 cells/mL)"": 44.0, ""time (hr)"": 4}, {""culture density (10^5 cells/mL)"": 43.0, ""time (hr)"": 6}, {""culture density (10^5 cells/mL)"": 44.0, ""time (hr)"": 9}, {""culture density (10^5 cells/mL)"": 50.0, ""time (hr)"": 12}]","{""expected_estimate_approx"": 46.0, ""representation"": ""paired-data graph with smooth trend and level-off annotation"", ""required_estimate"": ""level-off value of culture density"", ""x_axis"": ""time (hr)"", ""y_axis"": ""culture density (10^5 cells/mL)""}","[{""criterion_id"": ""REPRESENTATION_TYPE"", ""met_rule"": ""Uses a continuous paired-data graph.""}, {""criterion_id"": ""X_UNIT"", ""met_rule"": ""X-axis includes required variable and unit.""}, {""criterion_id"": ""Y_UNIT"", ""met_rule"": ""Y-axis includes required variable and unit.""}, {""criterion_id"": ""X_SCALE"", ""met_rule"": ""Numeric x positions are proportional and interpretable.""}, {""criterion_id"": ""Y_SCALE"", ""met_rule"": ""Y-scale is interpretable and represents all observations.""}, {""criterion_id"": ""PLOT_VALUES"", ""met_rule"": ""All paired observations are plotted at recoverable coordinates.""}, {""criterion_id"": ""BEST_FIT_RELATIONSHIP"", ""met_rule"": ""Smooth trend remains consistent with plotted observations.""}, {""criterion_id"": ""PLATEAU_ANNOTATION"", ""met_rule"": ""Annotation visibly identifies the level-off region.""}, {""criterion_id"": ""ESTIMATE_VALUE"", ""met_rule"": ""Reported estimate has value and unit consistent with graph annotation.""}]","{""item_seed"": 3035, ""method"": ""seeded_replicate_v2"", ""model"": ""saturating(plateau=46,rate=0.472)"", ""points"": [{""displayed_mean"": 0.0, ""displayed_sem"": 0.3, ""raw_replicate_mean"": 0.14, ""raw_replicate_sem"": 0.308, ""replicates"": [0.5, 0.5, -0.9, 0.8, -0.2], ""true_model_value"": 0.0, ""x"": 0}, {""displayed_mean"": 18.0, ""displayed_sem"": 0.3, ""raw_replicate_mean"": 17.72, ""raw_replicate_sem"": 0.097, ""replicates"": [17.6, 17.9, 17.4, 17.9, 17.8], ""true_model_value"": 17.31, ""x"": 1}, {""displayed_mean"": 26.0, ""displayed_sem"": 0.5, ""raw_replicate_mean"": 25.34, ""raw_replicate_sem"": 0.488, ""replicates"": [27.0, 25.9, 24.7, 24.7, 24.4], ""true_model_value"": 28.106, ""x"": 2}, {""displayed_mean"": 44.0, ""displayed_sem"": 0.6, ""raw_replicate_mean"": 43.26, ""raw_replicate_sem"": 0.604, ""replicates"": [41.9, 42.3, 45.3, 43.0, 43.8], ""true_model_value"": 39.039, ""x"": 4}, {""displayed_mean"": 43.0, ""displayed_sem"": 0.3, ""raw_replicate_mean"": 42.46, ""raw_replicate_sem"": 0.227, ""replicates"": [42.3, 42.4, 42.6, 41.8, 43.2], ""true_model_value"": 43.292, ""x"": 6}, {""displayed_mean"": 44.0, ""displayed_sem"": 0.4, ""raw_replicate_mean"": 44.38, ""raw_replicate_sem"": 0.389, ""replicates"": [45.6, 43.4, 44.9, 44.1, 43.9], ""true_model_value"": 45.343, ""x"": 9}, {""displayed_mean"": 50.0, ""displayed_sem"": 0.5, ""raw_replicate_mean"": 50.9, ""raw_replicate_sem"": 0.456, ""replicates"": [50.1, 52.5, 50.1, 50.5, 51.3], ""true_model_value"": 45.841, ""x"": 12}], ""replicate_n"": 5, ""true_plateau"": 46.0}",independently_authored_synthetic_research_seed_unverified,Research seed for hand-drawn graph capture and reviewer evaluation. Do not expose criterion definitions to the person drawing the graph.
HDG-2026-P2-EST-037,v0.2-research-seed,frq,short,canonical_answer,continuous_relationship_graph_derived_estimate,plateau_estimate,HDG-2026-P2-EST-037__response-01.jpg,"Researchers measured transport protein uptake over increasing substrate concentration. Construct a graph with substrate concentration on the x-axis and uptake rate on the y-axis. Plot the paired observations, draw a smooth trend that remains consistent with the data, mark the level-off region, and report the estimated level-off value with units.

Write the item ID HDG-2026-P2-EST-037 at the top of your page.

| substrate concentration (mM) | uptake rate (pmol/min) |
| --- | --- |
| 0 | 0.0 |
| 1 | 14.0 |
| 2 | 23.0 |
| 4 | 33.0 |
| 7 | 40.0 |
| 10 | 47.0 |
| 14 | 49.0 |","Expected graph: paired-data graph with smooth trend and level-off annotation; x-axis substrate concentration (mM); y-axis uptake rate (pmol/min). Required criteria: REPRESENTATION_TYPE, X_UNIT, Y_UNIT, X_SCALE, Y_SCALE, PLOT_VALUES, BEST_FIT_RELATIONSHIP, PLATEAU_ANNOTATION, ESTIMATE_VALUE.",AP Biology|data analysis|graph-derived estimates|model interpretation,transport protein uptake|plateau estimate|paired data,"[{""substrate concentration (mM)"": 0, ""uptake rate (pmol/min)"": 0.0}, {""substrate concentration (mM)"": 1, ""uptake rate (pmol/min)"": 14.0}, {""substrate concentration (mM)"": 2, ""uptake rate (pmol/min)"": 23.0}, {""substrate concentration (mM)"": 4, ""uptake rate (pmol/min)"": 33.0}, {""substrate concentration (mM)"": 7, ""uptake rate (pmol/min)"": 40.0}, {""substrate concentration (mM)"": 10, ""uptake rate (pmol/min)"": 47.0}, {""substrate concentration (mM)"": 14, ""uptake rate (pmol/min)"": 49.0}]","{""expected_estimate_approx"": 47.0, ""representation"": ""paired-data graph with smooth trend and level-off annotation"", ""required_estimate"": ""level-off value of uptake rate"", ""x_axis"": ""substrate concentration (mM)"", ""y_axis"": ""uptake rate (pmol/min)""}","[{""criterion_id"": ""REPRESENTATION_TYPE"", ""met_rule"": ""Uses a continuous paired-data graph.""}, {""criterion_id"": ""X_UNIT"", ""met_rule"": ""X-axis includes required variable and unit.""}, {""criterion_id"": ""Y_UNIT"", ""met_rule"": ""Y-axis includes required variable and unit.""}, {""criterion_id"": ""X_SCALE"", ""met_rule"": ""Numeric x positions are proportional and interpretable.""}, {""criterion_id"": ""Y_SCALE"", ""met_rule"": ""Y-scale is interpretable and represents all observations.""}, {""criterion_id"": ""PLOT_VALUES"", ""met_rule"": ""All paired observations are plotted at recoverable coordinates.""}, {""criterion_id"": ""BEST_FIT_RELATIONSHIP"", ""met_rule"": ""Smooth trend remains consistent with plotted observations.""}, {""criterion_id"": ""PLATEAU_ANNOTATION"", ""met_rule"": ""Annotation visibly identifies the level-off region.""}, {""criterion_id"": ""ESTIMATE_VALUE"", ""met_rule"": ""Reported estimate has value and unit consistent with graph annotation.""}]","{""item_seed"": 3036, ""method"": ""seeded_replicate_v2"", ""model"": ""saturating(plateau=47,rate=0.357)"", ""points"": [{""displayed_mean"": 0.0, ""displayed_sem"": 0.3, ""raw_replicate_mean"": -0.28, ""raw_replicate_sem"": 0.222, ""replicates"": [-0.8, -0.6, -0.3, 0.5, -0.2], ""true_model_value"": 0.0, ""x"": 0}, {""displayed_mean"": 14.0, ""displayed_sem"": 0.3, ""raw_replicate_mean"": 14.66, ""raw_replicate_sem"": 0.266, ""replicates"": [14.2, 14.7, 15.6, 14.1, 14.7], ""true_model_value"": 14.097, ""x"": 1}, {""displayed_mean"": 23.0, ""displayed_sem"": 0.3, ""raw_replicate_mean"": 23.0, ""raw_replicate_sem"": 0.259, ""replicates"": [22.4, 23.8, 23.0, 23.3, 22.5], ""true_model_value"": 23.966, ""x"": 2}, {""displayed_mean"": 33.0, ""displayed_sem"": 0.7, ""raw_replicate_mean"": 33.54, ""raw_replicate_sem"": 0.741, ""replicates"": [35.1, 34.9, 34.1, 31.4, 32.2], ""true_model_value"": 35.712, ""x"": 4}, {""displayed_mean"": 40.0, ""displayed_sem"": 0.6, ""raw_replicate_mean"": 40.52, ""raw_replicate_sem"": 0.558, ""replicates"": [42.4, 39.1, 39.8, 40.9, 40.4], ""true_model_value"": 43.127, ""x"": 7}, {""displayed_mean"": 47.0, ""displayed_sem"": 0.8, ""raw_replicate_mean"": 46.62, ""raw_replicate_sem"": 0.811, ""replicates"": [46.9, 46.7, 44.6, 49.4, 45.5], ""true_model_value"": 45.671, ""x"": 10}, {""displayed_mean"": 49.0, ""displayed_sem"": 1.1, ""raw_replicate_mean"": 49.8, ""raw_replicate_sem"": 1.136, ""replicates"": [53.2, 47.7, 51.8, 48.6, 47.7], ""true_model_value"": 46.681, ""x"": 14}], ""replicate_n"": 5, ""true_plateau"": 47.0}",independently_authored_synthetic_research_seed_unverified,Research seed for hand-drawn graph capture and reviewer evaluation. Do not expose criterion definitions to the person drawing the graph.
HDG-2026-P2-EST-038,v0.2-research-seed,frq,short,canonical_answer,continuous_relationship_graph_derived_estimate,plateau_estimate,HDG-2026-P2-EST-038__response-01.jpg,"Researchers measured photosynthetic rate over increasing light intensity. Construct a graph with light intensity on the x-axis and oxygen release on the y-axis. Plot the paired observations, draw a smooth trend that remains consistent with the data, mark the level-off region, and report the estimated level-off value with units.

Write the item ID HDG-2026-P2-EST-038 at the top of your page.

| light intensity (umol photons/m^2/s) | oxygen release (umol O2/min) |
| --- | --- |
| 0 | 1.0 |
| 50 | 14.0 |
| 120 | 28.0 |
| 250 | 42.0 |
| 450 | 43.0 |
| 700 | 43.0 |
| 1000 | 45.0 |","Expected graph: paired-data graph with smooth trend and level-off annotation; x-axis light intensity (umol photons/m^2/s); y-axis oxygen release (umol O2/min). Required criteria: REPRESENTATION_TYPE, X_UNIT, Y_UNIT, X_SCALE, Y_SCALE, PLOT_VALUES, BEST_FIT_RELATIONSHIP, PLATEAU_ANNOTATION, ESTIMATE_VALUE.",AP Biology|data analysis|graph-derived estimates|model interpretation,photosynthetic rate|plateau estimate|paired data,"[{""light intensity (umol photons/m^2/s)"": 0, ""oxygen release (umol O2/min)"": 1.0}, {""light intensity (umol photons/m^2/s)"": 50, ""oxygen release (umol O2/min)"": 14.0}, {""light intensity (umol photons/m^2/s)"": 120, ""oxygen release (umol O2/min)"": 28.0}, {""light intensity (umol photons/m^2/s)"": 250, ""oxygen release (umol O2/min)"": 42.0}, {""light intensity (umol photons/m^2/s)"": 450, ""oxygen release (umol O2/min)"": 43.0}, {""light intensity (umol photons/m^2/s)"": 700, ""oxygen release (umol O2/min)"": 43.0}, {""light intensity (umol photons/m^2/s)"": 1000, ""oxygen release (umol O2/min)"": 45.0}]","{""expected_estimate_approx"": 44.0, ""representation"": ""paired-data graph with smooth trend and level-off annotation"", ""required_estimate"": ""level-off value of oxygen release"", ""x_axis"": ""light intensity (umol photons/m^2/s)"", ""y_axis"": ""oxygen release (umol O2/min)""}","[{""criterion_id"": ""REPRESENTATION_TYPE"", ""met_rule"": ""Uses a continuous paired-data graph.""}, {""criterion_id"": ""X_UNIT"", ""met_rule"": ""X-axis includes required variable and unit.""}, {""criterion_id"": ""Y_UNIT"", ""met_rule"": ""Y-axis includes required variable and unit.""}, {""criterion_id"": ""X_SCALE"", ""met_rule"": ""Numeric x positions are proportional and interpretable.""}, {""criterion_id"": ""Y_SCALE"", ""met_rule"": ""Y-scale is interpretable and represents all observations.""}, {""criterion_id"": ""PLOT_VALUES"", ""met_rule"": ""All paired observations are plotted at recoverable coordinates.""}, {""criterion_id"": ""BEST_FIT_RELATIONSHIP"", ""met_rule"": ""Smooth trend remains consistent with plotted observations.""}, {""criterion_id"": ""PLATEAU_ANNOTATION"", ""met_rule"": ""Annotation visibly identifies the level-off region.""}, {""criterion_id"": ""ESTIMATE_VALUE"", ""met_rule"": ""Reported estimate has value and unit consistent with graph annotation.""}]","{""item_seed"": 3037, ""method"": ""seeded_replicate_v2"", ""model"": ""saturating(plateau=44,rate=0.008)"", ""points"": [{""displayed_mean"": 1.0, ""displayed_sem"": 0.4, ""raw_replicate_mean"": 1.28, ""raw_replicate_sem"": 0.418, ""replicates"": [-0.1, 1.4, 1.1, 1.5, 2.5], ""true_model_value"": 0.0, ""x"": 0}, {""displayed_mean"": 14.0, ""displayed_sem"": 0.3, ""raw_replicate_mean"": 13.98, ""raw_replicate_sem"": 0.193, ""replicates"": [13.4, 13.9, 14.6, 14.1, 13.9], ""true_model_value"": 14.512, ""x"": 50}, {""displayed_mean"": 28.0, ""displayed_sem"": 0.3, ""raw_replicate_mean"": 27.66, ""raw_replicate_sem"": 0.201, ""replicates"": [28.3, 27.7, 27.8, 27.1, 27.4], ""true_model_value"": 27.161, ""x"": 120}, {""displayed_mean"": 42.0, ""displayed_sem"": 0.6, ""raw_replicate_mean"": 41.08, ""raw_replicate_sem"": 0.628, ""replicates"": [41.7, 42.7, 39.2, 41.7, 40.1], ""true_model_value"": 38.051, ""x"": 250}, {""displayed_mean"": 43.0, ""displayed_sem"": 0.5, ""raw_replicate_mean"": 42.92, ""raw_replicate_sem"": 0.514, ""replicates"": [41.9, 42.5, 44.7, 43.4, 42.1], ""true_model_value"": 42.8, ""x"": 450}, {""displayed_mean"": 43.0, ""displayed_sem"": 0.9, ""raw_replicate_mean"": 41.62, ""raw_replicate_sem"": 0.869, ""replicates"": [42.7, 40.4, 44.5, 39.8, 40.7], ""true_model_value"": 43.838, ""x"": 700}, {""displayed_mean"": 45.0, ""displayed_sem"": 1.1, ""raw_replicate_mean"": 44.66, ""raw_replicate_sem"": 1.055, ""replicates"": [44.7, 47.6, 46.3, 42.0, 42.7], ""true_model_value"": 43.985, ""x"": 1000}], ""replicate_n"": 5, ""true_plateau"": 44.0}",independently_authored_synthetic_research_seed_unverified,Research seed for hand-drawn graph capture and reviewer evaluation. Do not expose criterion definitions to the person drawing the graph.
HDG-2026-P2-EST-039,v0.2-research-seed,frq,short,canonical_answer,continuous_relationship_graph_derived_estimate,plateau_estimate,HDG-2026-P2-EST-039__response-01.jpg,"Researchers measured enzyme product formation over increasing time. Construct a graph with time on the x-axis and product concentration on the y-axis. Plot the paired observations, draw a smooth trend that remains consistent with the data, mark the level-off region, and report the estimated level-off value with units.

Write the item ID HDG-2026-P2-EST-039 at the top of your page.

| time (min) | product concentration (uM) |
| --- | --- |
| 0 | 0.0 |
| 2 | 10.0 |
| 5 | 22.0 |
| 9 | 28.0 |
| 14 | 36.0 |
| 20 | 34.0 |
| 28 | 38.0 |","Expected graph: paired-data graph with smooth trend and level-off annotation; x-axis time (min); y-axis product concentration (uM). Required criteria: REPRESENTATION_TYPE, X_UNIT, Y_UNIT, X_SCALE, Y_SCALE, PLOT_VALUES, BEST_FIT_RELATIONSHIP, PLATEAU_ANNOTATION, ESTIMATE_VALUE.",AP Biology|data analysis|graph-derived estimates|model interpretation,enzyme product formation|plateau estimate|paired data,"[{""product concentration (uM)"": 0.0, ""time (min)"": 0}, {""product concentration (uM)"": 10.0, ""time (min)"": 2}, {""product concentration (uM)"": 22.0, ""time (min)"": 5}, {""product concentration (uM)"": 28.0, ""time (min)"": 9}, {""product concentration (uM)"": 36.0, ""time (min)"": 14}, {""product concentration (uM)"": 34.0, ""time (min)"": 20}, {""product concentration (uM)"": 38.0, ""time (min)"": 28}]","{""expected_estimate_approx"": 38.0, ""representation"": ""paired-data graph with smooth trend and level-off annotation"", ""required_estimate"": ""level-off value of product concentration"", ""x_axis"": ""time (min)"", ""y_axis"": ""product concentration (uM)""}","[{""criterion_id"": ""REPRESENTATION_TYPE"", ""met_rule"": ""Uses a continuous paired-data graph.""}, {""criterion_id"": ""X_UNIT"", ""met_rule"": ""X-axis includes required variable and unit.""}, {""criterion_id"": ""Y_UNIT"", ""met_rule"": ""Y-axis includes required variable and unit.""}, {""criterion_id"": ""X_SCALE"", ""met_rule"": ""Numeric x positions are proportional and interpretable.""}, {""criterion_id"": ""Y_SCALE"", ""met_rule"": ""Y-scale is interpretable and represents all observations.""}, {""criterion_id"": ""PLOT_VALUES"", ""met_rule"": ""All paired observations are plotted at recoverable coordinates.""}, {""criterion_id"": ""BEST_FIT_RELATIONSHIP"", ""met_rule"": ""Smooth trend remains consistent with plotted observations.""}, {""criterion_id"": ""PLATEAU_ANNOTATION"", ""met_rule"": ""Annotation visibly identifies the level-off region.""}, {""criterion_id"": ""ESTIMATE_VALUE"", ""met_rule"": ""Reported estimate has value and unit consistent with graph annotation.""}]","{""item_seed"": 3038, ""method"": ""seeded_replicate_v2"", ""model"": ""saturating(plateau=38,rate=0.165)"", ""points"": [{""displayed_mean"": 0.0, ""displayed_sem"": 0.3, ""raw_replicate_mean"": 0.22, ""raw_replicate_sem"": 0.128, ""replicates"": [0.6, 0.2, 0.3, 0.2, -0.2], ""true_model_value"": 0.0, ""x"": 0}, {""displayed_mean"": 10.0, ""displayed_sem"": 0.3, ""raw_replicate_mean"": 9.94, ""raw_replicate_sem"": 0.214, ""replicates"": [10.0, 10.7, 9.8, 9.8, 9.4], ""true_model_value"": 10.688, ""x"": 2}, {""displayed_mean"": 22.0, ""displayed_sem"": 0.5, ""raw_replicate_mean"": 22.22, ""raw_replicate_sem"": 0.506, ""replicates"": [23.6, 22.6, 22.8, 21.0, 21.1], ""true_model_value"": 21.358, ""x"": 5}, {""displayed_mean"": 28.0, ""displayed_sem"": 0.4, ""raw_replicate_mean"": 27.82, ""raw_replicate_sem"": 0.395, ""replicates"": [28.2, 27.4, 29.2, 27.2, 27.1], ""true_model_value"": 29.403, ""x"": 9}, {""displayed_mean"": 36.0, ""displayed_sem"": 0.4, ""raw_replicate_mean"": 36.16, ""raw_replicate_sem"": 0.359, ""replicates"": [35.5, 35.4, 37.4, 36.2, 36.3], ""true_model_value"": 34.235, ""x"": 14}, {""displayed_mean"": 34.0, ""displayed_sem"": 0.3, ""raw_replicate_mean"": 34.32, ""raw_replicate_sem"": 0.297, ""replicates"": [33.9, 33.5, 34.3, 34.7, 35.2], ""true_model_value"": 36.602, ""x"": 20}, {""displayed_mean"": 38.0, ""displayed_sem"": 0.4, ""raw_replicate_mean"": 38.04, ""raw_replicate_sem"": 0.449, ""replicates"": [38.7, 39.3, 36.7, 37.9, 37.6], ""true_model_value"": 37.627, ""x"": 28}], ""replicate_n"": 5, ""true_plateau"": 38.0}",independently_authored_synthetic_research_seed_unverified,Research seed for hand-drawn graph capture and reviewer evaluation. Do not expose criterion definitions to the person drawing the graph.
HDG-2026-P2-EST-040,v0.2-research-seed,frq,short,canonical_answer,continuous_relationship_graph_derived_estimate,plateau_estimate,HDG-2026-P2-EST-040__response-01.jpg,"Researchers measured population growth in a flask over increasing time. Construct a graph with time on the x-axis and population density on the y-axis. Plot the paired observations, draw a smooth trend that remains consistent with the data, mark the level-off region, and report the estimated level-off value with units.

Write the item ID HDG-2026-P2-EST-040 at the top of your page.

| time (hr) | population density (10^5 cells/mL) |
| --- | --- |
| 0 | 0.0 |
| 1 | 8.0 |
| 3 | 21.0 |
| 5 | 28.0 |
| 8 | 28.0 |
| 11 | 35.0 |
| 15 | 31.0 |","Expected graph: paired-data graph with smooth trend and level-off annotation; x-axis time (hr); y-axis population density (10^5 cells/mL). Required criteria: REPRESENTATION_TYPE, X_UNIT, Y_UNIT, X_SCALE, Y_SCALE, PLOT_VALUES, BEST_FIT_RELATIONSHIP, PLATEAU_ANNOTATION, ESTIMATE_VALUE.",AP Biology|data analysis|graph-derived estimates|model interpretation,population growth in a flask|plateau estimate|paired data,"[{""population density (10^5 cells/mL)"": 0.0, ""time (hr)"": 0}, {""population density (10^5 cells/mL)"": 8.0, ""time (hr)"": 1}, {""population density (10^5 cells/mL)"": 21.0, ""time (hr)"": 3}, {""population density (10^5 cells/mL)"": 28.0, ""time (hr)"": 5}, {""population density (10^5 cells/mL)"": 28.0, ""time (hr)"": 8}, {""population density (10^5 cells/mL)"": 35.0, ""time (hr)"": 11}, {""population density (10^5 cells/mL)"": 31.0, ""time (hr)"": 15}]","{""expected_estimate_approx"": 34.0, ""representation"": ""paired-data graph with smooth trend and level-off annotation"", ""required_estimate"": ""level-off value of population density"", ""x_axis"": ""time (hr)"", ""y_axis"": ""population density (10^5 cells/mL)""}","[{""criterion_id"": ""REPRESENTATION_TYPE"", ""met_rule"": ""Uses a continuous paired-data graph.""}, {""criterion_id"": ""X_UNIT"", ""met_rule"": ""X-axis includes required variable and unit.""}, {""criterion_id"": ""Y_UNIT"", ""met_rule"": ""Y-axis includes required variable and unit.""}, {""criterion_id"": ""X_SCALE"", ""met_rule"": ""Numeric x positions are proportional and interpretable.""}, {""criterion_id"": ""Y_SCALE"", ""met_rule"": ""Y-scale is interpretable and represents all observations.""}, {""criterion_id"": ""PLOT_VALUES"", ""met_rule"": ""All paired observations are plotted at recoverable coordinates.""}, {""criterion_id"": ""BEST_FIT_RELATIONSHIP"", ""met_rule"": ""Smooth trend remains consistent with plotted observations.""}, {""criterion_id"": ""PLATEAU_ANNOTATION"", ""met_rule"": ""Annotation visibly identifies the level-off region.""}, {""criterion_id"": ""ESTIMATE_VALUE"", ""met_rule"": ""Reported estimate has value and unit consistent with graph annotation.""}]","{""item_seed"": 3039, ""method"": ""seeded_replicate_v2"", ""model"": ""saturating(plateau=34,rate=0.309)"", ""points"": [{""displayed_mean"": 0.0, ""displayed_sem"": 0.3, ""raw_replicate_mean"": 0.02, ""raw_replicate_sem"": 0.12, ""replicates"": [0.4, -0.1, 0.2, -0.2, -0.2], ""true_model_value"": 0.0, ""x"": 0}, {""displayed_mean"": 8.0, ""displayed_sem"": 0.4, ""raw_replicate_mean"": 7.8, ""raw_replicate_sem"": 0.367, ""replicates"": [9.1, 7.8, 7.2, 7.0, 7.9], ""true_model_value"": 9.036, ""x"": 1}, {""displayed_mean"": 21.0, ""displayed_sem"": 0.4, ""raw_replicate_mean"": 21.08, ""raw_replicate_sem"": 0.443, ""replicates"": [22.5, 21.5, 20.5, 21.0, 19.9], ""true_model_value"": 20.543, ""x"": 3}, {""displayed_mean"": 28.0, ""displayed_sem"": 0.5, ""raw_replicate_mean"": 28.74, ""raw_replicate_sem"": 0.505, ""replicates"": [29.1, 27.5, 30.2, 27.7, 29.2], ""true_model_value"": 26.745, ""x"": 5}, {""displayed_mean"": 28.0, ""displayed_sem"": 0.5, ""raw_replicate_mean"": 27.88, ""raw_replicate_sem"": 0.54, ""replicates"": [26.5, 27.2, 29.2, 27.4, 29.1], ""true_model_value"": 31.129, ""x"": 8}, {""displayed_mean"": 35.0, ""displayed_sem"": 0.6, ""raw_replicate_mean"": 34.92, ""raw_replicate_sem"": 0.621, ""replicates"": [35.0, 36.2, 34.5, 36.1, 32.8], ""true_model_value"": 32.863, ""x"": 11}, {""displayed_mean"": 31.0, ""displayed_sem"": 0.6, ""raw_replicate_mean"": 31.36, ""raw_replicate_sem"": 0.568, ""replicates"": [32.8, 31.7, 32.2, 29.8, 30.3], ""true_model_value"": 33.67, ""x"": 15}], ""replicate_n"": 5, ""true_plateau"": 34.0}",independently_authored_synthetic_research_seed_unverified,Research seed for hand-drawn graph capture and reviewer evaluation. Do not expose criterion definitions to the person drawing the graph.
HDG-2026-P2-EST-041,v0.2-research-seed,frq,short,canonical_answer,continuous_relationship_graph_derived_estimate,plateau_estimate,HDG-2026-P2-EST-041__response-01.jpg,"Researchers measured microbial culture density over increasing time. Construct a graph with time on the x-axis and culture density on the y-axis. Plot the paired observations, draw a smooth trend that remains consistent with the data, mark the level-off region, and report the estimated level-off value with units.

Write the item ID HDG-2026-P2-EST-041 at the top of your page.

| time (hr) | culture density (10^5 cells/mL) |
| --- | --- |
| 0 | 0.0 |
| 1 | 18.0 |
| 2 | 30.0 |
| 4 | 44.0 |
| 6 | 47.0 |
| 9 | 49.0 |
| 12 | 48.0 |","Expected graph: paired-data graph with smooth trend and level-off annotation; x-axis time (hr); y-axis culture density (10^5 cells/mL). Required criteria: REPRESENTATION_TYPE, X_UNIT, Y_UNIT, X_SCALE, Y_SCALE, PLOT_VALUES, BEST_FIT_RELATIONSHIP, PLATEAU_ANNOTATION, ESTIMATE_VALUE.",AP Biology|data analysis|graph-derived estimates|model interpretation,microbial culture density|plateau estimate|paired data,"[{""culture density (10^5 cells/mL)"": 0.0, ""time (hr)"": 0}, {""culture density (10^5 cells/mL)"": 18.0, ""time (hr)"": 1}, {""culture density (10^5 cells/mL)"": 30.0, ""time (hr)"": 2}, {""culture density (10^5 cells/mL)"": 44.0, ""time (hr)"": 4}, {""culture density (10^5 cells/mL)"": 47.0, ""time (hr)"": 6}, {""culture density (10^5 cells/mL)"": 49.0, ""time (hr)"": 9}, {""culture density (10^5 cells/mL)"": 48.0, ""time (hr)"": 12}]","{""expected_estimate_approx"": 48.0, ""representation"": ""paired-data graph with smooth trend and level-off annotation"", ""required_estimate"": ""level-off value of culture density"", ""x_axis"": ""time (hr)"", ""y_axis"": ""culture density (10^5 cells/mL)""}","[{""criterion_id"": ""REPRESENTATION_TYPE"", ""met_rule"": ""Uses a continuous paired-data graph.""}, {""criterion_id"": ""X_UNIT"", ""met_rule"": ""X-axis includes required variable and unit.""}, {""criterion_id"": ""Y_UNIT"", ""met_rule"": ""Y-axis includes required variable and unit.""}, {""criterion_id"": ""X_SCALE"", ""met_rule"": ""Numeric x positions are proportional and interpretable.""}, {""criterion_id"": ""Y_SCALE"", ""met_rule"": ""Y-scale is interpretable and represents all observations.""}, {""criterion_id"": ""PLOT_VALUES"", ""met_rule"": ""All paired observations are plotted at recoverable coordinates.""}, {""criterion_id"": ""BEST_FIT_RELATIONSHIP"", ""met_rule"": ""Smooth trend remains consistent with plotted observations.""}, {""criterion_id"": ""PLATEAU_ANNOTATION"", ""met_rule"": ""Annotation visibly identifies the level-off region.""}, {""criterion_id"": ""ESTIMATE_VALUE"", ""met_rule"": ""Reported estimate has value and unit consistent with graph annotation.""}]","{""item_seed"": 3040, ""method"": ""seeded_replicate_v2"", ""model"": ""saturating(plateau=48,rate=0.444)"", ""points"": [{""displayed_mean"": 0.0, ""displayed_sem"": 0.3, ""raw_replicate_mean"": -0.32, ""raw_replicate_sem"": 0.273, ""replicates"": [-0.8, 0.6, 0.0, -0.8, -0.6], ""true_model_value"": 0.0, ""x"": 0}, {""displayed_mean"": 18.0, ""displayed_sem"": 0.3, ""raw_replicate_mean"": 17.78, ""raw_replicate_sem"": 0.343, ""replicates"": [17.3, 17.0, 17.7, 17.9, 19.0], ""true_model_value"": 17.206, ""x"": 1}, {""displayed_mean"": 30.0, ""displayed_sem"": 0.5, ""raw_replicate_mean"": 30.2, ""raw_replicate_sem"": 0.532, ""replicates"": [30.4, 28.6, 30.3, 31.9, 29.8], ""true_model_value"": 28.244, ""x"": 2}, {""displayed_mean"": 44.0, ""displayed_sem"": 0.4, ""raw_replicate_mean"": 44.62, ""raw_replicate_sem"": 0.419, ""replicates"": [43.8, 43.7, 46.0, 44.7, 44.9], ""true_model_value"": 39.869, ""x"": 4}, {""displayed_mean"": 47.0, ""displayed_sem"": 1.0, ""raw_replicate_mean"": 47.44, ""raw_replicate_sem"": 1.011, ""replicates"": [43.6, 48.3, 49.4, 47.4, 48.5], ""true_model_value"": 44.653, ""x"": 6}, {""displayed_mean"": 49.0, ""displayed_sem"": 0.6, ""raw_replicate_mean"": 47.84, ""raw_replicate_sem"": 0.62, ""replicates"": [48.5, 49.7, 47.2, 47.8, 46.0], ""true_model_value"": 47.116, ""x"": 9}, {""displayed_mean"": 48.0, ""displayed_sem"": 0.7, ""raw_replicate_mean"": 46.92, ""raw_replicate_sem"": 0.695, ""replicates"": [47.4, 44.4, 46.8, 47.4, 48.6], ""true_model_value"": 47.767, ""x"": 12}], ""replicate_n"": 5, ""true_plateau"": 48.0}",independently_authored_synthetic_research_seed_unverified,Research seed for hand-drawn graph capture and reviewer evaluation. Do not expose criterion definitions to the person drawing the graph.
HDG-2026-P2-EST-042,v0.2-research-seed,frq,short,canonical_answer,continuous_relationship_graph_derived_estimate,plateau_estimate,HDG-2026-P2-EST-042__response-01.jpg,"Researchers measured transport protein uptake over increasing substrate concentration. Construct a graph with substrate concentration on the x-axis and uptake rate on the y-axis. Plot the paired observations, draw a smooth trend that remains consistent with the data, mark the level-off region, and report the estimated level-off value with units.

Write the item ID HDG-2026-P2-EST-042 at the top of your page.

| substrate concentration (mM) | uptake rate (pmol/min) |
| --- | --- |
| 0 | 1.0 |
| 1 | 12.0 |
| 2 | 21.0 |
| 4 | 33.0 |
| 7 | 38.0 |
| 10 | 37.0 |
| 14 | 38.0 |","Expected graph: paired-data graph with smooth trend and level-off annotation; x-axis substrate concentration (mM); y-axis uptake rate (pmol/min). Required criteria: REPRESENTATION_TYPE, X_UNIT, Y_UNIT, X_SCALE, Y_SCALE, PLOT_VALUES, BEST_FIT_RELATIONSHIP, PLATEAU_ANNOTATION, ESTIMATE_VALUE.",AP Biology|data analysis|graph-derived estimates|model interpretation,transport protein uptake|plateau estimate|paired data,"[{""substrate concentration (mM)"": 0, ""uptake rate (pmol/min)"": 1.0}, {""substrate concentration (mM)"": 1, ""uptake rate (pmol/min)"": 12.0}, {""substrate concentration (mM)"": 2, ""uptake rate (pmol/min)"": 21.0}, {""substrate concentration (mM)"": 4, ""uptake rate (pmol/min)"": 33.0}, {""substrate concentration (mM)"": 7, ""uptake rate (pmol/min)"": 38.0}, {""substrate concentration (mM)"": 10, ""uptake rate (pmol/min)"": 37.0}, {""substrate concentration (mM)"": 14, ""uptake rate (pmol/min)"": 38.0}]","{""expected_estimate_approx"": 39.0, ""representation"": ""paired-data graph with smooth trend and level-off annotation"", ""required_estimate"": ""level-off value of uptake rate"", ""x_axis"": ""substrate concentration (mM)"", ""y_axis"": ""uptake rate (pmol/min)""}","[{""criterion_id"": ""REPRESENTATION_TYPE"", ""met_rule"": ""Uses a continuous paired-data graph.""}, {""criterion_id"": ""X_UNIT"", ""met_rule"": ""X-axis includes required variable and unit.""}, {""criterion_id"": ""Y_UNIT"", ""met_rule"": ""Y-axis includes required variable and unit.""}, {""criterion_id"": ""X_SCALE"", ""met_rule"": ""Numeric x positions are proportional and interpretable.""}, {""criterion_id"": ""Y_SCALE"", ""met_rule"": ""Y-scale is interpretable and represents all observations.""}, {""criterion_id"": ""PLOT_VALUES"", ""met_rule"": ""All paired observations are plotted at recoverable coordinates.""}, {""criterion_id"": ""BEST_FIT_RELATIONSHIP"", ""met_rule"": ""Smooth trend remains consistent with plotted observations.""}, {""criterion_id"": ""PLATEAU_ANNOTATION"", ""met_rule"": ""Annotation visibly identifies the level-off region.""}, {""criterion_id"": ""ESTIMATE_VALUE"", ""met_rule"": ""Reported estimate has value and unit consistent with graph annotation.""}]","{""item_seed"": 3041, ""method"": ""seeded_replicate_v2"", ""model"": ""saturating(plateau=39,rate=0.404)"", ""points"": [{""displayed_mean"": 1.0, ""displayed_sem"": 0.3, ""raw_replicate_mean"": 0.34, ""raw_replicate_sem"": 0.331, ""replicates"": [0.4, 1.0, 0.8, -0.9, 0.4], ""true_model_value"": 0.0, ""x"": 0}, {""displayed_mean"": 12.0, ""displayed_sem"": 0.3, ""raw_replicate_mean"": 11.48, ""raw_replicate_sem"": 0.302, ""replicates"": [12.6, 11.2, 11.3, 10.8, 11.5], ""true_model_value"": 12.967, ""x"": 1}, {""displayed_mean"": 21.0, ""displayed_sem"": 0.4, ""raw_replicate_mean"": 20.76, ""raw_replicate_sem"": 0.424, ""replicates"": [22.1, 19.7, 21.3, 20.2, 20.5], ""true_model_value"": 21.622, ""x"": 2}, {""displayed_mean"": 33.0, ""displayed_sem"": 0.6, ""raw_replicate_mean"": 32.22, ""raw_replicate_sem"": 0.56, ""replicates"": [30.1, 32.3, 32.4, 33.1, 33.2], ""true_model_value"": 31.257, ""x"": 4}, {""displayed_mean"": 38.0, ""displayed_sem"": 0.7, ""raw_replicate_mean"": 37.7, ""raw_replicate_sem"": 0.727, ""replicates"": [37.2, 37.5, 37.0, 36.3, 40.5], ""true_model_value"": 36.697, ""x"": 7}, {""displayed_mean"": 37.0, ""displayed_sem"": 0.4, ""raw_replicate_mean"": 37.68, ""raw_replicate_sem"": 0.351, ""replicates"": [38.0, 38.2, 37.8, 36.3, 38.1], ""true_model_value"": 38.315, ""x"": 10}, {""displayed_mean"": 38.0, ""displayed_sem"": 0.3, ""raw_replicate_mean"": 36.54, ""raw_replicate_sem"": 0.266, ""replicates"": [35.8, 37.2, 37.1, 36.3, 36.3], ""true_model_value"": 38.864, ""x"": 14}], ""replicate_n"": 5, ""true_plateau"": 39.0}",independently_authored_synthetic_research_seed_unverified,Research seed for hand-drawn graph capture and reviewer evaluation. Do not expose criterion definitions to the person drawing the graph.
HDG-2026-P2-EST-043,v0.2-research-seed,frq,short,canonical_answer,continuous_relationship_graph_derived_estimate,plateau_estimate,HDG-2026-P2-EST-043__response-01.jpg,"Researchers measured photosynthetic rate over increasing light intensity. Construct a graph with light intensity on the x-axis and oxygen release on the y-axis. Plot the paired observations, draw a smooth trend that remains consistent with the data, mark the level-off region, and report the estimated level-off value with units.

Write the item ID HDG-2026-P2-EST-043 at the top of your page.

| light intensity (umol photons/m^2/s) | oxygen release (umol O2/min) |
| --- | --- |
| 0 | 0.0 |
| 50 | 16.0 |
| 120 | 29.0 |
| 250 | 41.0 |
| 450 | 48.0 |
| 700 | 46.0 |
| 1000 | 46.0 |","Expected graph: paired-data graph with smooth trend and level-off annotation; x-axis light intensity (umol photons/m^2/s); y-axis oxygen release (umol O2/min). Required criteria: REPRESENTATION_TYPE, X_UNIT, Y_UNIT, X_SCALE, Y_SCALE, PLOT_VALUES, BEST_FIT_RELATIONSHIP, PLATEAU_ANNOTATION, ESTIMATE_VALUE.",AP Biology|data analysis|graph-derived estimates|model interpretation,photosynthetic rate|plateau estimate|paired data,"[{""light intensity (umol photons/m^2/s)"": 0, ""oxygen release (umol O2/min)"": 0.0}, {""light intensity (umol photons/m^2/s)"": 50, ""oxygen release (umol O2/min)"": 16.0}, {""light intensity (umol photons/m^2/s)"": 120, ""oxygen release (umol O2/min)"": 29.0}, {""light intensity (umol photons/m^2/s)"": 250, ""oxygen release (umol O2/min)"": 41.0}, {""light intensity (umol photons/m^2/s)"": 450, ""oxygen release (umol O2/min)"": 48.0}, {""light intensity (umol photons/m^2/s)"": 700, ""oxygen release (umol O2/min)"": 46.0}, {""light intensity (umol photons/m^2/s)"": 1000, ""oxygen release (umol O2/min)"": 46.0}]","{""expected_estimate_approx"": 47.0, ""representation"": ""paired-data graph with smooth trend and level-off annotation"", ""required_estimate"": ""level-off value of oxygen release"", ""x_axis"": ""light intensity (umol photons/m^2/s)"", ""y_axis"": ""oxygen release (umol O2/min)""}","[{""criterion_id"": ""REPRESENTATION_TYPE"", ""met_rule"": ""Uses a continuous paired-data graph.""}, {""criterion_id"": ""X_UNIT"", ""met_rule"": ""X-axis includes required variable and unit.""}, {""criterion_id"": ""Y_UNIT"", ""met_rule"": ""Y-axis includes required variable and unit.""}, {""criterion_id"": ""X_SCALE"", ""met_rule"": ""Numeric x positions are proportional and interpretable.""}, {""criterion_id"": ""Y_SCALE"", ""met_rule"": ""Y-scale is interpretable and represents all observations.""}, {""criterion_id"": ""PLOT_VALUES"", ""met_rule"": ""All paired observations are plotted at recoverable coordinates.""}, {""criterion_id"": ""BEST_FIT_RELATIONSHIP"", ""met_rule"": ""Smooth trend remains consistent with plotted observations.""}, {""criterion_id"": ""PLATEAU_ANNOTATION"", ""met_rule"": ""Annotation visibly identifies the level-off region.""}, {""criterion_id"": ""ESTIMATE_VALUE"", ""met_rule"": ""Reported estimate has value and unit consistent with graph annotation.""}]","{""item_seed"": 3042, ""method"": ""seeded_replicate_v2"", ""model"": ""saturating(plateau=47,rate=0.008)"", ""points"": [{""displayed_mean"": 0.0, ""displayed_sem"": 0.5, ""raw_replicate_mean"": -0.16, ""raw_replicate_sem"": 0.459, ""replicates"": [-1.6, 1.2, 0.3, -0.3, -0.4], ""true_model_value"": 0.0, ""x"": 0}, {""displayed_mean"": 16.0, ""displayed_sem"": 0.3, ""raw_replicate_mean"": 16.44, ""raw_replicate_sem"": 0.112, ""replicates"": [16.4, 16.8, 16.5, 16.1, 16.4], ""true_model_value"": 15.713, ""x"": 50}, {""displayed_mean"": 29.0, ""displayed_sem"": 0.3, ""raw_replicate_mean"": 29.86, ""raw_replicate_sem"": 0.284, ""replicates"": [29.8, 30.9, 29.3, 29.9, 29.4], ""true_model_value"": 29.302, ""x"": 120}, {""displayed_mean"": 41.0, ""displayed_sem"": 1.0, ""raw_replicate_mean"": 41.02, ""raw_replicate_sem"": 0.996, ""replicates"": [38.7, 42.8, 41.5, 38.7, 43.4], ""true_model_value"": 40.857, ""x"": 250}, {""displayed_mean"": 48.0, ""displayed_sem"": 1.1, ""raw_replicate_mean"": 47.2, ""raw_replicate_sem"": 1.145, ""replicates"": [44.4, 46.3, 49.7, 50.1, 45.5], ""true_model_value"": 45.794, ""x"": 450}, {""displayed_mean"": 46.0, ""displayed_sem"": 1.1, ""raw_replicate_mean"": 44.6, ""raw_replicate_sem"": 1.085, ""replicates"": [42.0, 42.1, 46.7, 47.0, 45.2], ""true_model_value"": 46.842, ""x"": 700}, {""displayed_mean"": 46.0, ""displayed_sem"": 0.4, ""raw_replicate_mean"": 45.84, ""raw_replicate_sem"": 0.425, ""replicates"": [45.3, 44.9, 47.4, 45.8, 45.8], ""true_model_value"": 46.986, ""x"": 1000}], ""replicate_n"": 5, ""true_plateau"": 47.0}",independently_authored_synthetic_research_seed_unverified,Research seed for hand-drawn graph capture and reviewer evaluation. Do not expose criterion definitions to the person drawing the graph.
HDG-2026-P2-EST-044,v0.2-research-seed,frq,short,canonical_answer,continuous_relationship_graph_derived_estimate,plateau_estimate,HDG-2026-P2-EST-044__response-01.jpg,"Researchers measured enzyme product formation over increasing time. Construct a graph with time on the x-axis and product concentration on the y-axis. Plot the paired observations, draw a smooth trend that remains consistent with the data, mark the level-off region, and report the estimated level-off value with units.

Write the item ID HDG-2026-P2-EST-044 at the top of your page.

| time (min) | product concentration (uM) |
| --- | --- |
| 0 | 1.0 |
| 2 | 13.0 |
| 5 | 25.0 |
| 9 | 34.0 |
| 14 | 39.0 |
| 20 | 41.0 |
| 28 | 42.0 |","Expected graph: paired-data graph with smooth trend and level-off annotation; x-axis time (min); y-axis product concentration (uM). Required criteria: REPRESENTATION_TYPE, X_UNIT, Y_UNIT, X_SCALE, Y_SCALE, PLOT_VALUES, BEST_FIT_RELATIONSHIP, PLATEAU_ANNOTATION, ESTIMATE_VALUE.",AP Biology|data analysis|graph-derived estimates|model interpretation,enzyme product formation|plateau estimate|paired data,"[{""product concentration (uM)"": 1.0, ""time (min)"": 0}, {""product concentration (uM)"": 13.0, ""time (min)"": 2}, {""product concentration (uM)"": 25.0, ""time (min)"": 5}, {""product concentration (uM)"": 34.0, ""time (min)"": 9}, {""product concentration (uM)"": 39.0, ""time (min)"": 14}, {""product concentration (uM)"": 41.0, ""time (min)"": 20}, {""product concentration (uM)"": 42.0, ""time (min)"": 28}]","{""expected_estimate_approx"": 41.0, ""representation"": ""paired-data graph with smooth trend and level-off annotation"", ""required_estimate"": ""level-off value of product concentration"", ""x_axis"": ""time (min)"", ""y_axis"": ""product concentration (uM)""}","[{""criterion_id"": ""REPRESENTATION_TYPE"", ""met_rule"": ""Uses a continuous paired-data graph.""}, {""criterion_id"": ""X_UNIT"", ""met_rule"": ""X-axis includes required variable and unit.""}, {""criterion_id"": ""Y_UNIT"", ""met_rule"": ""Y-axis includes required variable and unit.""}, {""criterion_id"": ""X_SCALE"", ""met_rule"": ""Numeric x positions are proportional and interpretable.""}, {""criterion_id"": ""Y_SCALE"", ""met_rule"": ""Y-scale is interpretable and represents all observations.""}, {""criterion_id"": ""PLOT_VALUES"", ""met_rule"": ""All paired observations are plotted at recoverable coordinates.""}, {""criterion_id"": ""BEST_FIT_RELATIONSHIP"", ""met_rule"": ""Smooth trend remains consistent with plotted observations.""}, {""criterion_id"": ""PLATEAU_ANNOTATION"", ""met_rule"": ""Annotation visibly identifies the level-off region.""}, {""criterion_id"": ""ESTIMATE_VALUE"", ""met_rule"": ""Reported estimate has value and unit consistent with graph annotation.""}]","{""item_seed"": 3043, ""method"": ""seeded_replicate_v2"", ""model"": ""saturating(plateau=41,rate=0.219)"", ""points"": [{""displayed_mean"": 1.0, ""displayed_sem"": 0.3, ""raw_replicate_mean"": 1.06, ""raw_replicate_sem"": 0.284, ""replicates"": [1.8, 0.6, 1.7, 0.5, 0.7], ""true_model_value"": 0.0, ""x"": 0}, {""displayed_mean"": 13.0, ""displayed_sem"": 0.3, ""raw_replicate_mean"": 13.0, ""raw_replicate_sem"": 0.311, ""replicates"": [13.3, 13.2, 12.4, 13.9, 12.2], ""true_model_value"": 14.544, ""x"": 2}, {""displayed_mean"": 25.0, ""displayed_sem"": 0.4, ""raw_replicate_mean"": 24.72, ""raw_replicate_sem"": 0.393, ""replicates"": [24.5, 24.7, 26.2, 24.3, 23.9], ""true_model_value"": 27.287, ""x"": 5}, {""displayed_mean"": 34.0, ""displayed_sem"": 0.9, ""raw_replicate_mean"": 34.48, ""raw_replicate_sem"": 0.944, ""replicates"": [33.4, 33.9, 32.5, 38.0, 34.6], ""true_model_value"": 35.291, ""x"": 9}, {""displayed_mean"": 39.0, ""displayed_sem"": 0.7, ""raw_replicate_mean"": 38.68, ""raw_replicate_sem"": 0.682, ""replicates"": [38.0, 36.8, 40.4, 40.1, 38.1], ""true_model_value"": 39.09, ""x"": 14}, {""displayed_mean"": 41.0, ""displayed_sem"": 0.8, ""raw_replicate_mean"": 40.4, ""raw_replicate_sem"": 0.757, ""replicates"": [40.9, 37.6, 40.6, 40.7, 42.2], ""true_model_value"": 40.487, ""x"": 20}, {""displayed_mean"": 42.0, ""displayed_sem"": 0.8, ""raw_replicate_mean"": 41.66, ""raw_replicate_sem"": 0.777, ""replicates"": [44.2, 39.8, 41.5, 40.4, 42.4], ""true_model_value"": 40.911, ""x"": 28}], ""replicate_n"": 5, ""true_plateau"": 41.0}",independently_authored_synthetic_research_seed_unverified,Research seed for hand-drawn graph capture and reviewer evaluation. Do not expose criterion definitions to the person drawing the graph.
HDG-2026-P2-EST-045,v0.2-research-seed,frq,short,canonical_answer,continuous_relationship_graph_derived_estimate,plateau_estimate,HDG-2026-P2-EST-045__response-01.jpg,"Researchers measured population growth in a flask over increasing time. Construct a graph with time on the x-axis and population density on the y-axis. Plot the paired observations, draw a smooth trend that remains consistent with the data, mark the level-off region, and report the estimated level-off value with units.

Write the item ID HDG-2026-P2-EST-045 at the top of your page.

| time (hr) | population density (10^5 cells/mL) |
| --- | --- |
| 0 | 0.0 |
| 1 | 8.0 |
| 3 | 20.0 |
| 5 | 26.0 |
| 8 | 29.0 |
| 11 | 30.0 |
| 15 | 31.0 |","Expected graph: paired-data graph with smooth trend and level-off annotation; x-axis time (hr); y-axis population density (10^5 cells/mL). Required criteria: REPRESENTATION_TYPE, X_UNIT, Y_UNIT, X_SCALE, Y_SCALE, PLOT_VALUES, BEST_FIT_RELATIONSHIP, PLATEAU_ANNOTATION, ESTIMATE_VALUE.",AP Biology|data analysis|graph-derived estimates|model interpretation,population growth in a flask|plateau estimate|paired data,"[{""population density (10^5 cells/mL)"": 0.0, ""time (hr)"": 0}, {""population density (10^5 cells/mL)"": 8.0, ""time (hr)"": 1}, {""population density (10^5 cells/mL)"": 20.0, ""time (hr)"": 3}, {""population density (10^5 cells/mL)"": 26.0, ""time (hr)"": 5}, {""population density (10^5 cells/mL)"": 29.0, ""time (hr)"": 8}, {""population density (10^5 cells/mL)"": 30.0, ""time (hr)"": 11}, {""population density (10^5 cells/mL)"": 31.0, ""time (hr)"": 15}]","{""expected_estimate_approx"": 32.0, ""representation"": ""paired-data graph with smooth trend and level-off annotation"", ""required_estimate"": ""level-off value of population density"", ""x_axis"": ""time (hr)"", ""y_axis"": ""population density (10^5 cells/mL)""}","[{""criterion_id"": ""REPRESENTATION_TYPE"", ""met_rule"": ""Uses a continuous paired-data graph.""}, {""criterion_id"": ""X_UNIT"", ""met_rule"": ""X-axis includes required variable and unit.""}, {""criterion_id"": ""Y_UNIT"", ""met_rule"": ""Y-axis includes required variable and unit.""}, {""criterion_id"": ""X_SCALE"", ""met_rule"": ""Numeric x positions are proportional and interpretable.""}, {""criterion_id"": ""Y_SCALE"", ""met_rule"": ""Y-scale is interpretable and represents all observations.""}, {""criterion_id"": ""PLOT_VALUES"", ""met_rule"": ""All paired observations are plotted at recoverable coordinates.""}, {""criterion_id"": ""BEST_FIT_RELATIONSHIP"", ""met_rule"": ""Smooth trend remains consistent with plotted observations.""}, {""criterion_id"": ""PLATEAU_ANNOTATION"", ""met_rule"": ""Annotation visibly identifies the level-off region.""}, {""criterion_id"": ""ESTIMATE_VALUE"", ""met_rule"": ""Reported estimate has value and unit consistent with graph annotation.""}]","{""item_seed"": 3044, ""method"": ""seeded_replicate_v2"", ""model"": ""saturating(plateau=32,rate=0.317)"", ""points"": [{""displayed_mean"": 0.0, ""displayed_sem"": 0.3, ""raw_replicate_mean"": -0.2, ""raw_replicate_sem"": 0.266, ""replicates"": [-0.4, 0.6, -0.3, -1.0, 0.1], ""true_model_value"": 0.0, ""x"": 0}, {""displayed_mean"": 8.0, ""displayed_sem"": 0.3, ""raw_replicate_mean"": 8.28, ""raw_replicate_sem"": 0.343, ""replicates"": [8.6, 7.8, 7.3, 8.4, 9.3], ""true_model_value"": 8.689, ""x"": 1}, {""displayed_mean"": 20.0, ""displayed_sem"": 0.3, ""raw_replicate_mean"": 19.84, ""raw_replicate_sem"": 0.273, ""replicates"": [20.3, 19.8, 20.2, 20.1, 18.8], ""true_model_value"": 19.629, ""x"": 3}, {""displayed_mean"": 26.0, ""displayed_sem"": 0.3, ""raw_replicate_mean"": 26.04, ""raw_replicate_sem"": 0.319, ""replicates"": [26.8, 25.0, 25.8, 26.0, 26.6], ""true_model_value"": 25.435, ""x"": 5}, {""displayed_mean"": 29.0, ""displayed_sem"": 0.4, ""raw_replicate_mean"": 27.98, ""raw_replicate_sem"": 0.384, ""replicates"": [26.9, 28.3, 28.4, 27.3, 29.0], ""true_model_value"": 29.462, ""x"": 8}, {""displayed_mean"": 30.0, ""displayed_sem"": 0.7, ""raw_replicate_mean"": 31.18, ""raw_replicate_sem"": 0.676, ""replicates"": [29.0, 30.6, 33.1, 31.5, 31.7], ""true_model_value"": 31.019, ""x"": 11}, {""displayed_mean"": 31.0, ""displayed_sem"": 0.4, ""raw_replicate_mean"": 31.06, ""raw_replicate_sem"": 0.415, ""replicates"": [31.2, 31.5, 30.9, 29.6, 32.1], ""true_model_value"": 31.724, ""x"": 15}], ""replicate_n"": 5, ""true_plateau"": 32.0}",independently_authored_synthetic_research_seed_unverified,Research seed for hand-drawn graph capture and reviewer evaluation. Do not expose criterion definitions to the person drawing the graph.
HDG-2026-P2-EST-046,v0.2-research-seed,frq,short,canonical_answer,continuous_relationship_graph_derived_estimate,plateau_estimate,HDG-2026-P2-EST-046__response-01.jpg,"Researchers measured microbial culture density over increasing time. Construct a graph with time on the x-axis and culture density on the y-axis. Plot the paired observations, draw a smooth trend that remains consistent with the data, mark the level-off region, and report the estimated level-off value with units.

Write the item ID HDG-2026-P2-EST-046 at the top of your page.

| time (hr) | culture density (10^5 cells/mL) |
| --- | --- |
| 0 | 2.0 |
| 1 | 13.0 |
| 2 | 24.0 |
| 4 | 32.0 |
| 6 | 43.0 |
| 9 | 51.0 |
| 12 | 46.0 |","Expected graph: paired-data graph with smooth trend and level-off annotation; x-axis time (hr); y-axis culture density (10^5 cells/mL). Required criteria: REPRESENTATION_TYPE, X_UNIT, Y_UNIT, X_SCALE, Y_SCALE, PLOT_VALUES, BEST_FIT_RELATIONSHIP, PLATEAU_ANNOTATION, ESTIMATE_VALUE.",AP Biology|data analysis|graph-derived estimates|model interpretation,microbial culture density|plateau estimate|paired data,"[{""culture density (10^5 cells/mL)"": 2.0, ""time (hr)"": 0}, {""culture density (10^5 cells/mL)"": 13.0, ""time (hr)"": 1}, {""culture density (10^5 cells/mL)"": 24.0, ""time (hr)"": 2}, {""culture density (10^5 cells/mL)"": 32.0, ""time (hr)"": 4}, {""culture density (10^5 cells/mL)"": 43.0, ""time (hr)"": 6}, {""culture density (10^5 cells/mL)"": 51.0, ""time (hr)"": 9}, {""culture density (10^5 cells/mL)"": 46.0, ""time (hr)"": 12}]","{""expected_estimate_approx"": 49.0, ""representation"": ""paired-data graph with smooth trend and level-off annotation"", ""required_estimate"": ""level-off value of culture density"", ""x_axis"": ""time (hr)"", ""y_axis"": ""culture density (10^5 cells/mL)""}","[{""criterion_id"": ""REPRESENTATION_TYPE"", ""met_rule"": ""Uses a continuous paired-data graph.""}, {""criterion_id"": ""X_UNIT"", ""met_rule"": ""X-axis includes required variable and unit.""}, {""criterion_id"": ""Y_UNIT"", ""met_rule"": ""Y-axis includes required variable and unit.""}, {""criterion_id"": ""X_SCALE"", ""met_rule"": ""Numeric x positions are proportional and interpretable.""}, {""criterion_id"": ""Y_SCALE"", ""met_rule"": ""Y-scale is interpretable and represents all observations.""}, {""criterion_id"": ""PLOT_VALUES"", ""met_rule"": ""All paired observations are plotted at recoverable coordinates.""}, {""criterion_id"": ""BEST_FIT_RELATIONSHIP"", ""met_rule"": ""Smooth trend remains consistent with plotted observations.""}, {""criterion_id"": ""PLATEAU_ANNOTATION"", ""met_rule"": ""Annotation visibly identifies the level-off region.""}, {""criterion_id"": ""ESTIMATE_VALUE"", ""met_rule"": ""Reported estimate has value and unit consistent with graph annotation.""}]","{""item_seed"": 3045, ""method"": ""seeded_replicate_v2"", ""model"": ""saturating(plateau=49,rate=0.308)"", ""points"": [{""displayed_mean"": 2.0, ""displayed_sem"": 0.3, ""raw_replicate_mean"": 2.34, ""raw_replicate_sem"": 0.271, ""replicates"": [2.7, 2.7, 1.3, 2.7, 2.3], ""true_model_value"": 0.0, ""x"": 0}, {""displayed_mean"": 13.0, ""displayed_sem"": 0.4, ""raw_replicate_mean"": 12.96, ""raw_replicate_sem"": 0.438, ""replicates"": [13.7, 13.5, 11.5, 13.7, 12.4], ""true_model_value"": 13.002, ""x"": 1}, {""displayed_mean"": 24.0, ""displayed_sem"": 0.3, ""raw_replicate_mean"": 23.92, ""raw_replicate_sem"": 0.183, ""replicates"": [23.4, 24.0, 24.0, 24.5, 23.7], ""true_model_value"": 22.554, ""x"": 2}, {""displayed_mean"": 32.0, ""displayed_sem"": 0.6, ""raw_replicate_mean"": 32.3, ""raw_replicate_sem"": 0.603, ""replicates"": [32.4, 31.3, 30.6, 33.6, 33.6], ""true_model_value"": 34.726, ""x"": 4}, {""displayed_mean"": 43.0, ""displayed_sem"": 0.5, ""raw_replicate_mean"": 43.1, ""raw_replicate_sem"": 0.539, ""replicates"": [43.4, 43.0, 44.2, 43.8, 41.1], ""true_model_value"": 41.296, ""x"": 6}, {""displayed_mean"": 51.0, ""displayed_sem"": 1.2, ""raw_replicate_mean"": 49.82, ""raw_replicate_sem"": 1.16, ""replicates"": [51.5, 46.1, 50.7, 48.3, 52.5], ""true_model_value"": 45.945, ""x"": 9}, {""displayed_mean"": 46.0, ""displayed_sem"": 0.9, ""raw_replicate_mean"": 45.92, ""raw_replicate_sem"": 0.851, ""replicates"": [48.6, 45.2, 43.7, 45.1, 47.0], ""true_model_value"": 47.789, ""x"": 12}], ""replicate_n"": 5, ""true_plateau"": 49.0}",independently_authored_synthetic_research_seed_unverified,Research seed for hand-drawn graph capture and reviewer evaluation. Do not expose criterion definitions to the person drawing the graph.
HDG-2026-P2-EST-047,v0.2-research-seed,frq,short,canonical_answer,continuous_relationship_graph_derived_estimate,plateau_estimate,HDG-2026-P2-EST-047__response-01.jpg,"Researchers measured transport protein uptake over increasing substrate concentration. Construct a graph with substrate concentration on the x-axis and uptake rate on the y-axis. Plot the paired observations, draw a smooth trend that remains consistent with the data, mark the level-off region, and report the estimated level-off value with units.

Write the item ID HDG-2026-P2-EST-047 at the top of your page.

| substrate concentration (mM) | uptake rate (pmol/min) |
| --- | --- |
| 0 | 0.0 |
| 1 | 12.0 |
| 2 | 22.0 |
| 4 | 27.0 |
| 7 | 32.0 |
| 10 | 36.0 |
| 14 | 40.0 |","Expected graph: paired-data graph with smooth trend and level-off annotation; x-axis substrate concentration (mM); y-axis uptake rate (pmol/min). Required criteria: REPRESENTATION_TYPE, X_UNIT, Y_UNIT, X_SCALE, Y_SCALE, PLOT_VALUES, BEST_FIT_RELATIONSHIP, PLATEAU_ANNOTATION, ESTIMATE_VALUE.",AP Biology|data analysis|graph-derived estimates|model interpretation,transport protein uptake|plateau estimate|paired data,"[{""substrate concentration (mM)"": 0, ""uptake rate (pmol/min)"": 0.0}, {""substrate concentration (mM)"": 1, ""uptake rate (pmol/min)"": 12.0}, {""substrate concentration (mM)"": 2, ""uptake rate (pmol/min)"": 22.0}, {""substrate concentration (mM)"": 4, ""uptake rate (pmol/min)"": 27.0}, {""substrate concentration (mM)"": 7, ""uptake rate (pmol/min)"": 32.0}, {""substrate concentration (mM)"": 10, ""uptake rate (pmol/min)"": 36.0}, {""substrate concentration (mM)"": 14, ""uptake rate (pmol/min)"": 40.0}]","{""expected_estimate_approx"": 39.0, ""representation"": ""paired-data graph with smooth trend and level-off annotation"", ""required_estimate"": ""level-off value of uptake rate"", ""x_axis"": ""substrate concentration (mM)"", ""y_axis"": ""uptake rate (pmol/min)""}","[{""criterion_id"": ""REPRESENTATION_TYPE"", ""met_rule"": ""Uses a continuous paired-data graph.""}, {""criterion_id"": ""X_UNIT"", ""met_rule"": ""X-axis includes required variable and unit.""}, {""criterion_id"": ""Y_UNIT"", ""met_rule"": ""Y-axis includes required variable and unit.""}, {""criterion_id"": ""X_SCALE"", ""met_rule"": ""Numeric x positions are proportional and interpretable.""}, {""criterion_id"": ""Y_SCALE"", ""met_rule"": ""Y-scale is interpretable and represents all observations.""}, {""criterion_id"": ""PLOT_VALUES"", ""met_rule"": ""All paired observations are plotted at recoverable coordinates.""}, {""criterion_id"": ""BEST_FIT_RELATIONSHIP"", ""met_rule"": ""Smooth trend remains consistent with plotted observations.""}, {""criterion_id"": ""PLATEAU_ANNOTATION"", ""met_rule"": ""Annotation visibly identifies the level-off region.""}, {""criterion_id"": ""ESTIMATE_VALUE"", ""met_rule"": ""Reported estimate has value and unit consistent with graph annotation.""}]","{""item_seed"": 3046, ""method"": ""seeded_replicate_v2"", ""model"": ""saturating(plateau=39,rate=0.353)"", ""points"": [{""displayed_mean"": 0.0, ""displayed_sem"": 0.3, ""raw_replicate_mean"": -0.48, ""raw_replicate_sem"": 0.177, ""replicates"": [-0.1, -1.1, -0.2, -0.4, -0.6], ""true_model_value"": 0.0, ""x"": 0}, {""displayed_mean"": 12.0, ""displayed_sem"": 0.4, ""raw_replicate_mean"": 12.26, ""raw_replicate_sem"": 0.388, ""replicates"": [13.0, 13.3, 11.9, 11.9, 11.2], ""true_model_value"": 11.608, ""x"": 1}, {""displayed_mean"": 22.0, ""displayed_sem"": 0.3, ""raw_replicate_mean"": 21.58, ""raw_replicate_sem"": 0.166, ""replicates"": [21.9, 21.6, 21.9, 21.0, 21.5], ""true_model_value"": 19.761, ""x"": 2}, {""displayed_mean"": 27.0, ""displayed_sem"": 0.4, ""raw_replicate_mean"": 27.68, ""raw_replicate_sem"": 0.381, ""replicates"": [27.9, 28.3, 26.2, 27.8, 28.2], ""true_model_value"": 29.509, ""x"": 4}, {""displayed_mean"": 32.0, ""displayed_sem"": 0.5, ""raw_replicate_mean"": 31.3, ""raw_replicate_sem"": 0.451, ""replicates"": [31.7, 32.2, 30.6, 32.1, 29.9], ""true_model_value"": 35.712, ""x"": 7}, {""displayed_mean"": 36.0, ""displayed_sem"": 0.4, ""raw_replicate_mean"": 37.06, ""raw_replicate_sem"": 0.361, ""replicates"": [36.7, 36.8, 36.1, 37.5, 38.2], ""true_model_value"": 37.861, ""x"": 10}, {""displayed_mean"": 40.0, ""displayed_sem"": 0.6, ""raw_replicate_mean"": 40.3, ""raw_replicate_sem"": 0.592, ""replicates"": [38.8, 40.8, 39.9, 42.3, 39.7], ""true_model_value"": 38.723, ""x"": 14}], ""replicate_n"": 5, ""true_plateau"": 39.0}",independently_authored_synthetic_research_seed_unverified,Research seed for hand-drawn graph capture and reviewer evaluation. Do not expose criterion definitions to the person drawing the graph.
HDG-2026-P2-EST-048,v0.2-research-seed,frq,short,canonical_answer,continuous_relationship_graph_derived_estimate,plateau_estimate,HDG-2026-P2-EST-048__response-01.jpg,"Researchers measured photosynthetic rate over increasing light intensity. Construct a graph with light intensity on the x-axis and oxygen release on the y-axis. Plot the paired observations, draw a smooth trend that remains consistent with the data, mark the level-off region, and report the estimated level-off value with units.

Write the item ID HDG-2026-P2-EST-048 at the top of your page.

| light intensity (umol photons/m^2/s) | oxygen release (umol O2/min) |
| --- | --- |
| 0 | 0.0 |
| 50 | 12.0 |
| 120 | 21.0 |
| 250 | 31.0 |
| 450 | 37.0 |
| 700 | 36.0 |
| 1000 | 32.0 |","Expected graph: paired-data graph with smooth trend and level-off annotation; x-axis light intensity (umol photons/m^2/s); y-axis oxygen release (umol O2/min). Required criteria: REPRESENTATION_TYPE, X_UNIT, Y_UNIT, X_SCALE, Y_SCALE, PLOT_VALUES, BEST_FIT_RELATIONSHIP, PLATEAU_ANNOTATION, ESTIMATE_VALUE.",AP Biology|data analysis|graph-derived estimates|model interpretation,photosynthetic rate|plateau estimate|paired data,"[{""light intensity (umol photons/m^2/s)"": 0, ""oxygen release (umol O2/min)"": 0.0}, {""light intensity (umol photons/m^2/s)"": 50, ""oxygen release (umol O2/min)"": 12.0}, {""light intensity (umol photons/m^2/s)"": 120, ""oxygen release (umol O2/min)"": 21.0}, {""light intensity (umol photons/m^2/s)"": 250, ""oxygen release (umol O2/min)"": 31.0}, {""light intensity (umol photons/m^2/s)"": 450, ""oxygen release (umol O2/min)"": 37.0}, {""light intensity (umol photons/m^2/s)"": 700, ""oxygen release (umol O2/min)"": 36.0}, {""light intensity (umol photons/m^2/s)"": 1000, ""oxygen release (umol O2/min)"": 32.0}]","{""expected_estimate_approx"": 36.0, ""representation"": ""paired-data graph with smooth trend and level-off annotation"", ""required_estimate"": ""level-off value of oxygen release"", ""x_axis"": ""light intensity (umol photons/m^2/s)"", ""y_axis"": ""oxygen release (umol O2/min)""}","[{""criterion_id"": ""REPRESENTATION_TYPE"", ""met_rule"": ""Uses a continuous paired-data graph.""}, {""criterion_id"": ""X_UNIT"", ""met_rule"": ""X-axis includes required variable and unit.""}, {""criterion_id"": ""Y_UNIT"", ""met_rule"": ""Y-axis includes required variable and unit.""}, {""criterion_id"": ""X_SCALE"", ""met_rule"": ""Numeric x positions are proportional and interpretable.""}, {""criterion_id"": ""Y_SCALE"", ""met_rule"": ""Y-scale is interpretable and represents all observations.""}, {""criterion_id"": ""PLOT_VALUES"", ""met_rule"": ""All paired observations are plotted at recoverable coordinates.""}, {""criterion_id"": ""BEST_FIT_RELATIONSHIP"", ""met_rule"": ""Smooth trend remains consistent with plotted observations.""}, {""criterion_id"": ""PLATEAU_ANNOTATION"", ""met_rule"": ""Annotation visibly identifies the level-off region.""}, {""criterion_id"": ""ESTIMATE_VALUE"", ""met_rule"": ""Reported estimate has value and unit consistent with graph annotation.""}]","{""item_seed"": 3047, ""method"": ""seeded_replicate_v2"", ""model"": ""saturating(plateau=36,rate=0.008)"", ""points"": [{""displayed_mean"": 0.0, ""displayed_sem"": 0.3, ""raw_replicate_mean"": 0.14, ""raw_replicate_sem"": 0.279, ""replicates"": [-0.4, -0.2, 1.2, 0.1, 0.0], ""true_model_value"": 0.0, ""x"": 0}, {""displayed_mean"": 12.0, ""displayed_sem"": 0.3, ""raw_replicate_mean"": 12.18, ""raw_replicate_sem"": 0.174, ""replicates"": [12.6, 12.0, 12.4, 12.3, 11.6], ""true_model_value"": 12.4, ""x"": 50}, {""displayed_mean"": 21.0, ""displayed_sem"": 0.3, ""raw_replicate_mean"": 21.32, ""raw_replicate_sem"": 0.218, ""replicates"": [21.3, 21.8, 21.8, 21.0, 20.7], ""true_model_value"": 22.934, ""x"": 120}, {""displayed_mean"": 31.0, ""displayed_sem"": 0.3, ""raw_replicate_mean"": 31.24, ""raw_replicate_sem"": 0.331, ""replicates"": [31.3, 30.4, 32.3, 31.5, 30.7], ""true_model_value"": 31.642, ""x"": 250}, {""displayed_mean"": 37.0, ""displayed_sem"": 0.8, ""raw_replicate_mean"": 36.68, ""raw_replicate_sem"": 0.771, ""replicates"": [35.9, 36.8, 38.9, 37.5, 34.3], ""true_model_value"": 35.195, ""x"": 450}, {""displayed_mean"": 36.0, ""displayed_sem"": 0.5, ""raw_replicate_mean"": 35.54, ""raw_replicate_sem"": 0.526, ""replicates"": [35.1, 35.7, 35.3, 34.2, 37.4], ""true_model_value"": 35.903, ""x"": 700}, {""displayed_mean"": 32.0, ""displayed_sem"": 0.4, ""raw_replicate_mean"": 31.62, ""raw_replicate_sem"": 0.371, ""replicates"": [32.4, 30.7, 30.9, 32.5, 31.6], ""true_model_value"": 35.992, ""x"": 1000}], ""replicate_n"": 5, ""true_plateau"": 36.0}",independently_authored_synthetic_research_seed_unverified,Research seed for hand-drawn graph capture and reviewer evaluation. Do not expose criterion definitions to the person drawing the graph.
HDG-2026-P2-EST-049,v0.2-research-seed,frq,short,canonical_answer,continuous_relationship_graph_derived_estimate,plateau_estimate,HDG-2026-P2-EST-049__response-01.jpg,"Researchers measured enzyme product formation over increasing time. Construct a graph with time on the x-axis and product concentration on the y-axis. Plot the paired observations, draw a smooth trend that remains consistent with the data, mark the level-off region, and report the estimated level-off value with units.

Write the item ID HDG-2026-P2-EST-049 at the top of your page.

| time (min) | product concentration (uM) |
| --- | --- |
| 0 | 1.0 |
| 2 | 13.0 |
| 5 | 25.0 |
| 9 | 35.0 |
| 14 | 41.0 |
| 20 | 39.0 |
| 28 | 40.0 |","Expected graph: paired-data graph with smooth trend and level-off annotation; x-axis time (min); y-axis product concentration (uM). Required criteria: REPRESENTATION_TYPE, X_UNIT, Y_UNIT, X_SCALE, Y_SCALE, PLOT_VALUES, BEST_FIT_RELATIONSHIP, PLATEAU_ANNOTATION, ESTIMATE_VALUE.",AP Biology|data analysis|graph-derived estimates|model interpretation,enzyme product formation|plateau estimate|paired data,"[{""product concentration (uM)"": 1.0, ""time (min)"": 0}, {""product concentration (uM)"": 13.0, ""time (min)"": 2}, {""product concentration (uM)"": 25.0, ""time (min)"": 5}, {""product concentration (uM)"": 35.0, ""time (min)"": 9}, {""product concentration (uM)"": 41.0, ""time (min)"": 14}, {""product concentration (uM)"": 39.0, ""time (min)"": 20}, {""product concentration (uM)"": 40.0, ""time (min)"": 28}]","{""expected_estimate_approx"": 40.0, ""representation"": ""paired-data graph with smooth trend and level-off annotation"", ""required_estimate"": ""level-off value of product concentration"", ""x_axis"": ""time (min)"", ""y_axis"": ""product concentration (uM)""}","[{""criterion_id"": ""REPRESENTATION_TYPE"", ""met_rule"": ""Uses a continuous paired-data graph.""}, {""criterion_id"": ""X_UNIT"", ""met_rule"": ""X-axis includes required variable and unit.""}, {""criterion_id"": ""Y_UNIT"", ""met_rule"": ""Y-axis includes required variable and unit.""}, {""criterion_id"": ""X_SCALE"", ""met_rule"": ""Numeric x positions are proportional and interpretable.""}, {""criterion_id"": ""Y_SCALE"", ""met_rule"": ""Y-scale is interpretable and represents all observations.""}, {""criterion_id"": ""PLOT_VALUES"", ""met_rule"": ""All paired observations are plotted at recoverable coordinates.""}, {""criterion_id"": ""BEST_FIT_RELATIONSHIP"", ""met_rule"": ""Smooth trend remains consistent with plotted observations.""}, {""criterion_id"": ""PLATEAU_ANNOTATION"", ""met_rule"": ""Annotation visibly identifies the level-off region.""}, {""criterion_id"": ""ESTIMATE_VALUE"", ""met_rule"": ""Reported estimate has value and unit consistent with graph annotation.""}]","{""item_seed"": 3048, ""method"": ""seeded_replicate_v2"", ""model"": ""saturating(plateau=40,rate=0.209)"", ""points"": [{""displayed_mean"": 1.0, ""displayed_sem"": 0.3, ""raw_replicate_mean"": 1.34, ""raw_replicate_sem"": 0.129, ""replicates"": [1.1, 1.8, 1.4, 1.1, 1.3], ""true_model_value"": 0.0, ""x"": 0}, {""displayed_mean"": 13.0, ""displayed_sem"": 0.3, ""raw_replicate_mean"": 12.86, ""raw_replicate_sem"": 0.254, ""replicates"": [12.7, 12.3, 13.8, 12.9, 12.6], ""true_model_value"": 13.644, ""x"": 2}, {""displayed_mean"": 25.0, ""displayed_sem"": 0.3, ""raw_replicate_mean"": 25.56, ""raw_replicate_sem"": 0.216, ""replicates"": [26.3, 25.2, 25.2, 25.3, 25.8], ""true_model_value"": 25.904, ""x"": 5}, {""displayed_mean"": 35.0, ""displayed_sem"": 0.3, ""raw_replicate_mean"": 35.44, ""raw_replicate_sem"": 0.299, ""replicates"": [36.3, 35.8, 35.3, 35.3, 34.5], ""true_model_value"": 33.88, ""x"": 9}, {""displayed_mean"": 41.0, ""displayed_sem"": 0.5, ""raw_replicate_mean"": 41.58, ""raw_replicate_sem"": 0.525, ""replicates"": [40.2, 41.2, 43.3, 41.1, 42.1], ""true_model_value"": 37.843, ""x"": 14}, {""displayed_mean"": 39.0, ""displayed_sem"": 0.4, ""raw_replicate_mean"": 39.56, ""raw_replicate_sem"": 0.449, ""replicates"": [39.1, 40.3, 40.3, 38.0, 40.1], ""true_model_value"": 39.383, ""x"": 20}, {""displayed_mean"": 40.0, ""displayed_sem"": 0.7, ""raw_replicate_mean"": 40.0, ""raw_replicate_sem"": 0.666, ""replicates"": [37.4, 40.1, 40.9, 40.9, 40.7], ""true_model_value"": 39.884, ""x"": 28}], ""replicate_n"": 5, ""true_plateau"": 40.0}",independently_authored_synthetic_research_seed_unverified,Research seed for hand-drawn graph capture and reviewer evaluation. Do not expose criterion definitions to the person drawing the graph.
HDG-2026-P2-EST-050,v0.2-research-seed,frq,short,canonical_answer,continuous_relationship_graph_derived_estimate,plateau_estimate,HDG-2026-P2-EST-050__response-01.jpg,"Researchers measured population growth in a flask over increasing time. Construct a graph with time on the x-axis and population density on the y-axis. Plot the paired observations, draw a smooth trend that remains consistent with the data, mark the level-off region, and report the estimated level-off value with units.

Write the item ID HDG-2026-P2-EST-050 at the top of your page.

| time (hr) | population density (10^5 cells/mL) |
| --- | --- |
| 0 | 0.0 |
| 1 | 13.0 |
| 3 | 29.0 |
| 5 | 38.0 |
| 8 | 47.0 |
| 11 | 47.0 |
| 15 | 42.0 |","Expected graph: paired-data graph with smooth trend and level-off annotation; x-axis time (hr); y-axis population density (10^5 cells/mL). Required criteria: REPRESENTATION_TYPE, X_UNIT, Y_UNIT, X_SCALE, Y_SCALE, PLOT_VALUES, BEST_FIT_RELATIONSHIP, PLATEAU_ANNOTATION, ESTIMATE_VALUE.",AP Biology|data analysis|graph-derived estimates|model interpretation,population growth in a flask|plateau estimate|paired data,"[{""population density (10^5 cells/mL)"": 0.0, ""time (hr)"": 0}, {""population density (10^5 cells/mL)"": 13.0, ""time (hr)"": 1}, {""population density (10^5 cells/mL)"": 29.0, ""time (hr)"": 3}, {""population density (10^5 cells/mL)"": 38.0, ""time (hr)"": 5}, {""population density (10^5 cells/mL)"": 47.0, ""time (hr)"": 8}, {""population density (10^5 cells/mL)"": 47.0, ""time (hr)"": 11}, {""population density (10^5 cells/mL)"": 42.0, ""time (hr)"": 15}]","{""expected_estimate_approx"": 45.0, ""representation"": ""paired-data graph with smooth trend and level-off annotation"", ""required_estimate"": ""level-off value of population density"", ""x_axis"": ""time (hr)"", ""y_axis"": ""population density (10^5 cells/mL)""}","[{""criterion_id"": ""REPRESENTATION_TYPE"", ""met_rule"": ""Uses a continuous paired-data graph.""}, {""criterion_id"": ""X_UNIT"", ""met_rule"": ""X-axis includes required variable and unit.""}, {""criterion_id"": ""Y_UNIT"", ""met_rule"": ""Y-axis includes required variable and unit.""}, {""criterion_id"": ""X_SCALE"", ""met_rule"": ""Numeric x positions are proportional and interpretable.""}, {""criterion_id"": ""Y_SCALE"", ""met_rule"": ""Y-scale is interpretable and represents all observations.""}, {""criterion_id"": ""PLOT_VALUES"", ""met_rule"": ""All paired observations are plotted at recoverable coordinates.""}, {""criterion_id"": ""BEST_FIT_RELATIONSHIP"", ""met_rule"": ""Smooth trend remains consistent with plotted observations.""}, {""criterion_id"": ""PLATEAU_ANNOTATION"", ""met_rule"": ""Annotation visibly identifies the level-off region.""}, {""criterion_id"": ""ESTIMATE_VALUE"", ""met_rule"": ""Reported estimate has value and unit consistent with graph annotation.""}]","{""item_seed"": 3049, ""method"": ""seeded_replicate_v2"", ""model"": ""saturating(plateau=45,rate=0.375)"", ""points"": [{""displayed_mean"": 0.0, ""displayed_sem"": 0.4, ""raw_replicate_mean"": -0.18, ""raw_replicate_sem"": 0.358, ""replicates"": [0.6, -0.4, -1.3, 0.6, -0.4], ""true_model_value"": 0.0, ""x"": 0}, {""displayed_mean"": 13.0, ""displayed_sem"": 0.3, ""raw_replicate_mean"": 13.24, ""raw_replicate_sem"": 0.211, ""replicates"": [13.2, 13.3, 14.0, 12.8, 12.9], ""true_model_value"": 14.061, ""x"": 1}, {""displayed_mean"": 29.0, ""displayed_sem"": 0.5, ""raw_replicate_mean"": 28.76, ""raw_replicate_sem"": 0.493, ""replicates"": [28.6, 30.3, 27.3, 28.4, 29.2], ""true_model_value"": 30.375, ""x"": 3}, {""displayed_mean"": 38.0, ""displayed_sem"": 0.5, ""raw_replicate_mean"": 38.24, ""raw_replicate_sem"": 0.51, ""replicates"": [38.9, 39.7, 38.3, 36.8, 37.5], ""true_model_value"": 38.086, ""x"": 5}, {""displayed_mean"": 47.0, ""displayed_sem"": 1.5, ""raw_replicate_mean"": 47.16, ""raw_replicate_sem"": 1.485, ""replicates"": [49.6, 47.6, 42.4, 50.7, 45.5], ""true_model_value"": 42.753, ""x"": 8}, {""displayed_mean"": 47.0, ""displayed_sem"": 0.6, ""raw_replicate_mean"": 46.88, ""raw_replicate_sem"": 0.594, ""replicates"": [45.1, 47.1, 48.8, 46.5, 46.9], ""true_model_value"": 44.27, ""x"": 11}, {""displayed_mean"": 42.0, ""displayed_sem"": 0.4, ""raw_replicate_mean"": 42.1, ""raw_replicate_sem"": 0.424, ""replicates"": [42.1, 40.9, 41.7, 42.3, 43.5], ""true_model_value"": 44.837, ""x"": 15}], ""replicate_n"": 5, ""true_plateau"": 45.0}",independently_authored_synthetic_research_seed_unverified,Research seed for hand-drawn graph capture and reviewer evaluation. Do not expose criterion definitions to the person drawing the graph.
